match_id,date,competition,club,opponent,player_id,player,role,position,minutes,started,result,goals,assists,xg,xa,shots,passes,completed_passes,progressive_passes,final_third_entries,pressures,recoveries,interceptions,tackles,carries,progressive_carries,risk_passes,reward_passes
3829413,2015-08-07,Ligue 1,Paris Saint-Germain,Lille,3026,Adrien Rabiot,MID,Center Defensive Midfield,26.97,1,W,0.0,0.0,0.0492,0,1.0,27.0,24.0,5.0,0.0,6.0,2.0,0,3.0,25.0,0.0,0.0,5.0
3829413,2015-08-07,Ligue 1,Paris Saint-Germain,Lille,3166,Marco Verratti,MID,Right Center Midfield,72.68,1,W,0,0.0,0,0,0,68.0,61.0,5.0,3.0,18.0,6.0,1.0,4.0,50.0,0.0,5.0,5.0
3829413,2015-08-07,Ligue 1,Paris Saint-Germain,Lille,3295,Thiago Emiliano da Silva,DEF,Right Center Back,95.12,1,W,0,0.0,0,0,0,44.0,41.0,7.0,5.0,2.0,2.0,2.0,1.0,29.0,0.0,1.0,7.0
3829413,2015-08-07,Ligue 1,Paris Saint-Germain,Lille,3481,Serge Aurier,DEF,Right Back,95.12,1,W,0,0.0,0,0,0,34.0,22.0,2.0,2.0,17.0,6.0,1.0,4.0,21.0,2.0,1.0,2.0
3829413,2015-08-07,Ligue 1,Paris Saint-Germain,Lille,3745,Lucas Rodrigues Moura da Silva,FWD,Left Wing,88.1,1,W,1.0,0.0,1.0378,0.0492,2.0,28.0,18.0,5.0,4.0,4.0,7.0,0,2.0,30.0,2.0,6.0,6.0
3829413,2015-08-07,Ligue 1,Paris Saint-Germain,Lille,3956,David Luiz Moreira Marinho,DEF,Left Center Back,95.12,1,W,0,0.0,0,0,0,42.0,39.0,5.0,4.0,10.0,2.0,3.0,2.0,38.0,1.0,1.0,5.0
3829413,2015-08-07,Ligue 1,Paris Saint-Germain,Lille,4319,Edinson Roberto Cavani Gómez,FWD,Center Forward,95.12,1,W,0.0,0.0,0.2646,0,2.0,29.0,24.0,2.0,1.0,12.0,3.0,0,1.0,21.0,1.0,0.0,2.0
3829413,2015-08-07,Ligue 1,Paris Saint-Germain,Lille,4325,Thiago Motta,FWD,Right Wing,50.12,0,W,0,0.0,0,0,0,34.0,31.0,5.0,2.0,11.0,1.0,0,1.0,25.0,0.0,4.0,5.0
3829413,2015-08-07,Ligue 1,Paris Saint-Germain,Lille,4370,Javier Matías Pastore,FWD,Right Wing,45.0,1,W,0.0,0.0,0.0636,0,1.0,28.0,17.0,3.0,1.0,6.0,2.0,0,2.0,23.0,1.0,4.0,3.0
3829413,2015-08-07,Ligue 1,Paris Saint-Germain,Lille,4375,Blaise Matuidi,MID,Left Center Midfield,95.12,1,W,0,1.0,0,1.0277,0,39.0,35.0,5.0,5.0,13.0,5.0,2.0,0,36.0,3.0,5.0,5.0
3829413,2015-08-07,Ligue 1,Paris Saint-Germain,Lille,4440,Kevin Trapp,GK,Goalkeeper,95.12,1,W,0,0.0,0,0,0,19.0,8.0,3.0,0.0,0,2.0,0,0,4.0,0.0,0.0,3.0
3829413,2015-08-07,Ligue 1,Paris Saint-Germain,Lille,8510,Jean-Kévin Augustin,FWD,Right Wing,7.02,0,W,0,0.0,0,0.1884,0,1.0,1.0,0.0,0.0,0,1.0,0,0,3.0,1.0,0.0,1.0
3829413,2015-08-07,Ligue 1,Paris Saint-Germain,Lille,8515,Benjamin Stambouli,MID,Right Defensive Midfield,22.43,0,W,0,0.0,0,0,0,9.0,7.0,1.0,0.0,1.0,4.0,2.0,0,6.0,0.0,1.0,1.0
3829413,2015-08-07,Ligue 1,Paris Saint-Germain,Lille,26613,Maxwell Scherrer Cabelino Andrade,DEF,Left Back,95.12,1,W,0,0.0,0,0,0,43.0,41.0,3.0,1.0,5.0,1.0,3.0,2.0,23.0,1.0,1.0,3.0
3754141,2015-08-09,Premier League,Arsenal,West Ham United,3385,Alexis Alejandro Sánchez Sánchez,DEF,Right Back,28.47,0,L,0.0,0.0,0.1588,0,3.0,22.0,16.0,4.0,3.0,5.0,4.0,0,0,33.0,0.0,2.0,4.0
3754141,2015-08-09,Premier League,Arsenal,West Ham United,3394,Laurent Koscielny,DEF,Left Center Back,95.03,1,L,0.0,0.0,0.0246,0,1.0,42.0,38.0,8.0,4.0,9.0,7.0,0,2.0,27.0,1.0,1.0,8.0
3754141,2015-08-09,Premier League,Arsenal,West Ham United,3437,Francis Joseph Coquelin,MID,Left Defensive Midfield,57.67,1,L,0,0.0,0,0.0804,0,41.0,37.0,5.0,3.0,8.0,5.0,1.0,0,36.0,1.0,2.0,6.0
3754141,2015-08-09,Premier League,Arsenal,West Ham United,3461,Petr Čech,GK,Goalkeeper,95.03,1,L,0,0.0,0,0,0,28.0,23.0,6.0,1.0,0,4.0,0,0,16.0,0.0,0.0,6.0
3754141,2015-08-09,Premier League,Arsenal,West Ham United,3475,Per Mertesacker,DEF,Right Center Back,95.03,1,L,0.0,0.0,0.0942,0,1.0,38.0,33.0,5.0,0.0,5.0,3.0,0,2.0,27.0,2.0,1.0,5.0
3754141,2015-08-09,Premier League,Arsenal,West Ham United,3496,Mesut Özil,MID,Center Attacking Midfield,95.03,1,L,0.0,0.0,0.1014,0.2968,2.0,78.0,67.0,10.0,8.0,13.0,6.0,1.0,2.0,77.0,2.0,7.0,12.0
3754141,2015-08-09,Premier League,Arsenal,West Ham United,3498,Ignacio Monreal Eraso,DEF,Left Back,95.03,1,L,0,0.0,0,0,0,80.0,66.0,7.0,6.0,10.0,3.0,0,1.0,60.0,4.0,5.0,7.0
3754141,2015-08-09,Premier League,Arsenal,West Ham United,3517,Aaron Ramsey,MID,Right Defensive Midfield,95.03,1,L,0.0,0.0,0.0515,0.1648,2.0,72.0,63.0,13.0,9.0,18.0,7.0,1.0,0,63.0,3.0,10.0,15.0
3754141,2015-08-09,Premier League,Arsenal,West Ham United,3525,Alex Oxlade-Chamberlain,FWD,Right Wing,95.03,1,L,0.0,0.0,0.0996,0.2761,3.0,45.0,40.0,9.0,4.0,17.0,11.0,0,2.0,54.0,8.0,2.0,12.0
3754141,2015-08-09,Premier League,Arsenal,West Ham United,3604,Olivier Giroud,FWD,Center Forward,95.03,1,L,0.0,0.0,0.5433,0,6.0,26.0,17.0,0.0,0.0,5.0,2.0,0,1.0,24.0,4.0,2.0,0.0
3754141,2015-08-09,Premier League,Arsenal,West Ham United,3668,Theo Walcott,MID,Left Defensive Midfield,37.37,0,L,0.0,0.0,0.1404,0,2.0,6.0,2.0,0.0,0.0,2.0,2.0,0,0,8.0,1.0,0.0,0.0
3754141,2015-08-09,Premier League,Arsenal,West Ham United,4428,Mathieu Debuchy,DEF,Right Back,66.57,1,L,0.0,0.0,0.0294,0.0246,1.0,44.0,31.0,10.0,8.0,6.0,5.0,1.0,0,29.0,1.0,4.0,10.0
3754141,2015-08-09,Premier League,Arsenal,West Ham United,11386,Santiago Cazorla González,FWD,Left Wing,95.03,1,L,0.0,0.0,0.0484,0.1373,2.0,84.0,73.0,16.0,8.0,9.0,8.0,0,1.0,73.0,2.0,8.0,19.0
3890260,2015-08-15,Bundesliga,Bayer Leverkusen,Hoffenheim,3083,Heung-Min Son,FWD,Left Wing,63.32,1,W,0.0,0.0,0.419,0,2.0,18.0,14.0,1.0,1.0,12.0,5.0,1.0,1.0,24.0,2.0,1.0,1.0
3890260,2015-08-15,Bundesliga,Bayer Leverkusen,Hoffenheim,5555,Julian Brandt,MID,Left Midfield,30.12,0,W,1.0,0.0,0.2145,0.1701,2.0,11.0,9.0,1.0,0.0,5.0,1.0,0,0,14.0,2.0,1.0,3.0
3890260,2015-08-15,Bundesliga,Bayer Leverkusen,Hoffenheim,7039,Hakan Çalhanoğlu,MID,Center Attacking Midfield,93.43,1,W,0.0,0.0,0.3136,0.6588,5.0,53.0,38.0,2.0,1.0,21.0,8.0,0,1.0,39.0,2.0,4.0,9.0
3890260,2015-08-15,Bundesliga,Bayer Leverkusen,Hoffenheim,8212,Wendell Nascimento Borges,DEF,Left Back,93.43,1,W,0.0,0.0,0.1235,0.0089,2.0,59.0,44.0,10.0,8.0,11.0,12.0,0,4.0,46.0,6.0,9.0,10.0
3890260,2015-08-15,Bundesliga,Bayer Leverkusen,Hoffenheim,8213,Karim Bellarabi,FWD,Right Wing,89.43,1,W,0,0.0,0,0.8316,0,22.0,14.0,2.0,1.0,24.0,6.0,2.0,4.0,30.0,8.0,1.0,5.0
3890260,2015-08-15,Bundesliga,Bayer Leverkusen,Hoffenheim,8219,Admir Mehmedi,MID,Right Defensive Midfield,33.77,0,W,0.0,1.0,0.3501,0.2145,2.0,16.0,12.0,0.0,0.0,7.0,2.0,0,0,21.0,5.0,1.0,2.0
3890260,2015-08-15,Bundesliga,Bayer Leverkusen,Hoffenheim,8221,Jonathan Tah,DEF,Right Center Back,93.43,1,W,0,0.0,0,0,0,36.0,30.0,6.0,7.0,10.0,5.0,1.0,1.0,16.0,0.0,3.0,6.0
3890260,2015-08-15,Bundesliga,Bayer Leverkusen,Hoffenheim,8313,Kyriakos Papadopoulos,DEF,Left Center Back,93.43,1,W,0.0,0.0,0.3585,0,4.0,19.0,9.0,1.0,0.0,11.0,2.0,1.0,3.0,6.0,0.0,0.0,1.0
3890260,2015-08-15,Bundesliga,Bayer Leverkusen,Hoffenheim,8805,Christoph Kramer,MID,Left Defensive Midfield,93.43,1,W,0,0.0,0,0,0,56.0,42.0,4.0,1.0,17.0,7.0,1.0,2.0,48.0,4.0,6.0,4.0
3890260,2015-08-15,Bundesliga,Bayer Leverkusen,Hoffenheim,8918,Roberto Hilbert,DEF,Right Back,93.43,1,W,0,0.0,0,0.5636,0,64.0,42.0,17.0,7.0,15.0,7.0,3.0,2.0,46.0,3.0,12.0,20.0
3890260,2015-08-15,Bundesliga,Bayer Leverkusen,Hoffenheim,8969,Lars Bender,MID,Right Defensive Midfield,59.67,1,W,0.0,0.0,0.0269,0.2433,1.0,36.0,22.0,2.0,3.0,10.0,3.0,1.0,4.0,26.0,2.0,4.0,3.0
3890260,2015-08-15,Bundesliga,Bayer Leverkusen,Hoffenheim,9363,André Ramalho Silva,MID,Right Midfield,4.0,0,W,0,0.0,0,0,0,1.0,1.0,0.0,0.0,0,0,0,0,1.0,0.0,0.0,0.0
3890260,2015-08-15,Bundesliga,Bayer Leverkusen,Hoffenheim,11394,Stefan Kießling,FWD,Center Forward,93.43,1,W,1.0,0.0,1.6331,0,7.0,39.0,24.0,0.0,3.0,14.0,3.0,0,0,25.0,0.0,1.0,0.0
3890260,2015-08-15,Bundesliga,Bayer Leverkusen,Hoffenheim,15581,Bernd Leno,GK,Goalkeeper,93.43,1,W,0,0.0,0,0,0,35.0,27.0,11.0,5.0,0,8.0,0,0,26.0,0.0,0.0,11.0
3754312,2015-08-16,Premier League,Arsenal,Crystal Palace,3385,Alexis Alejandro Sánchez Sánchez,FWD,Left Wing,74.67,1,W,0.0,0.0,0.8788,0,8.0,48.0,36.0,8.0,3.0,14.0,12.0,0,1.0,49.0,3.0,4.0,8.0
3754312,2015-08-16,Premier League,Arsenal,Crystal Palace,3394,Laurent Koscielny,DEF,Left Center Back,93.42,1,W,0.0,0.0,0.043,0,1.0,60.0,53.0,8.0,2.0,8.0,1.0,0,2.0,39.0,2.0,0.0,8.0
3754312,2015-08-16,Premier League,Arsenal,Crystal Palace,3437,Francis Joseph Coquelin,MID,Right Defensive Midfield,63.68,1,W,0,0.0,0,0,0,54.0,49.0,9.0,7.0,21.0,6.0,0,8.0,51.0,0.0,5.0,9.0
3754312,2015-08-16,Premier League,Arsenal,Crystal Palace,3461,Petr Čech,GK,Goalkeeper,93.42,1,W,0,0.0,0,0.0532,0,31.0,19.0,8.0,5.0,0,4.0,0,0,13.0,0.0,0.0,8.0
3754312,2015-08-16,Premier League,Arsenal,Crystal Palace,3475,Per Mertesacker,DEF,Right Center Back,93.42,1,W,0,0.0,0,0,0,49.0,45.0,4.0,1.0,4.0,0,0,0,34.0,0.0,1.0,4.0
3754312,2015-08-16,Premier League,Arsenal,Crystal Palace,3496,Mesut Özil,MID,Center Attacking Midfield,82.55,1,W,0.0,1.0,0.032,0.599,1.0,64.0,56.0,7.0,4.0,18.0,2.0,0,3.0,55.0,5.0,3.0,11.0
3754312,2015-08-16,Premier League,Arsenal,Crystal Palace,3498,Ignacio Monreal Eraso,DEF,Left Back,93.42,1,W,0,0.0,0,0.1132,0,58.0,48.0,6.0,7.0,15.0,7.0,3.0,2.0,50.0,2.0,4.0,7.0
3754312,2015-08-16,Premier League,Arsenal,Crystal Palace,3511,Héctor Bellerín Moruno,DEF,Right Back,93.42,1,W,0,0.0,0,0.0674,0,47.0,39.0,3.0,2.0,14.0,3.0,0,4.0,28.0,3.0,2.0,4.0
3754312,2015-08-16,Premier League,Arsenal,Crystal Palace,3517,Aaron Ramsey,FWD,Right Wing,93.42,1,W,0.0,0.0,0.2363,0.3508,3.0,80.0,61.0,5.0,5.0,28.0,9.0,0,7.0,76.0,3.0,2.0,9.0
3754312,2015-08-16,Premier League,Arsenal,Crystal Palace,3525,Alex Oxlade-Chamberlain,MID,Right Defensive Midfield,29.73,0,W,0.0,0.0,0.1783,0,2.0,9.0,7.0,1.0,0.0,7.0,4.0,0,0,10.0,3.0,0.0,1.0
3754312,2015-08-16,Premier League,Arsenal,Crystal Palace,3528,Kieran Gibbs,MID,Center Attacking Midfield,10.87,0,W,0,0.0,0,0,0,3.0,1.0,0.0,0.0,5.0,0,0,1.0,1.0,0.0,0.0,0.0
3754312,2015-08-16,Premier League,Arsenal,Crystal Palace,3604,Olivier Giroud,FWD,Center Forward,93.42,1,W,1.0,0.0,0.2969,0,3.0,24.0,13.0,2.0,0.0,8.0,0,0,0,16.0,0.0,3.0,2.0
3754312,2015-08-16,Premier League,Arsenal,Crystal Palace,11386,Santiago Cazorla González,MID,Left Defensive Midfield,93.42,1,W,0.0,0.0,0.1127,0.228,2.0,83.0,74.0,12.0,7.0,7.0,11.0,2.0,2.0,74.0,6.0,7.0,15.0
3754312,2015-08-16,Premier League,Arsenal,Crystal Palace,42703,Mikel Arteta Amatriain,FWD,Left Wing,18.75,0,W,0,0.0,0,0,0,5.0,4.0,0.0,0.0,6.0,0,0,4.0,3.0,0.0,1.0,0.0
3829432,2015-08-16,Ligue 1,Paris Saint-Germain,Gazélec Ajaccio,3166,Marco Verratti,MID,Right Center Midfield,94.03,1,W,0,0.0,0,0.087,0,142.0,128.0,21.0,11.0,10.0,5.0,0,2.0,118.0,1.0,8.0,22.0
3829432,2015-08-16,Ligue 1,Paris Saint-Germain,Gazélec Ajaccio,3295,Thiago Emiliano da Silva,DEF,Right Center Back,94.03,1,W,1.0,0.0,0.1666,0.2238,2.0,105.0,99.0,12.0,4.0,5.0,7.0,2.0,0,75.0,5.0,3.0,12.0
3829432,2015-08-16,Ligue 1,Paris Saint-Germain,Gazélec Ajaccio,3481,Serge Aurier,DEF,Right Back,94.03,1,W,0.0,0.0,0.2238,0,1.0,76.0,62.0,4.0,5.0,24.0,4.0,5.0,6.0,59.0,6.0,2.0,4.0
3829432,2015-08-16,Ligue 1,Paris Saint-Germain,Gazélec Ajaccio,3745,Lucas Rodrigues Moura da Silva,FWD,Left Wing,94.03,1,W,0.0,0.0,0.222,0.3437,4.0,51.0,43.0,7.0,3.0,6.0,7.0,1.0,0,48.0,8.0,7.0,10.0
3829432,2015-08-16,Ligue 1,Paris Saint-Germain,Gazélec Ajaccio,3956,David Luiz Moreira Marinho,DEF,Left Center Back,94.03,1,W,0.0,0.0,0.2073,0.0807,3.0,93.0,89.0,10.0,1.0,4.0,4.0,1.0,1.0,75.0,3.0,2.0,11.0
3829432,2015-08-16,Ligue 1,Paris Saint-Germain,Gazélec Ajaccio,4319,Edinson Roberto Cavani Gómez,FWD,Center Forward,94.03,1,W,0.0,0.0,0.173,0.0684,3.0,16.0,13.0,1.0,1.0,6.0,0,0,0,10.0,1.0,1.0,2.0
3829432,2015-08-16,Ligue 1,Paris Saint-Germain,Gazélec Ajaccio,4325,Thiago Motta,MID,Center Defensive Midfield,75.13,1,W,0.0,1.0,0.019,0.104,1.0,107.0,98.0,17.0,10.0,10.0,3.0,0,1.0,70.0,1.0,8.0,18.0
3829432,2015-08-16,Ligue 1,Paris Saint-Germain,Gazélec Ajaccio,4370,Javier Matías Pastore,FWD,Right Wing,25.0,0,W,0.0,0.0,0.056,0.0466,1.0,23.0,17.0,9.0,3.0,2.0,1.0,0,0,20.0,0.0,6.0,10.0
3829432,2015-08-16,Ligue 1,Paris Saint-Germain,Gazélec Ajaccio,4375,Blaise Matuidi,MID,Left Center Midfield,69.57,1,W,1.0,0.0,0.0606,0,1.0,60.0,55.0,12.0,3.0,8.0,4.0,0,1.0,56.0,0.0,2.0,12.0
3829432,2015-08-16,Ligue 1,Paris Saint-Germain,Gazélec Ajaccio,4440,Kevin Trapp,GK,Goalkeeper,94.03,1,W,0,0.0,0,0,0,24.0,23.0,0.0,0.0,0,5.0,0,0,13.0,0.0,0.0,0.0
3829432,2015-08-16,Ligue 1,Paris Saint-Germain,Gazélec Ajaccio,8510,Jean-Kévin Augustin,FWD,Right Wing,69.03,1,W,0.0,0.0,0.1305,0,2.0,13.0,13.0,0.0,0.0,14.0,2.0,2.0,1.0,14.0,0.0,0.0,0.0
3829432,2015-08-16,Ligue 1,Paris Saint-Germain,Gazélec Ajaccio,8515,Benjamin Stambouli,MID,Center Defensive Midfield,18.9,0,W,0,0.0,0,0,0,16.0,15.0,1.0,2.0,10.0,3.0,0,1.0,12.0,0.0,0.0,1.0
3829432,2015-08-16,Ligue 1,Paris Saint-Germain,Gazélec Ajaccio,26613,Maxwell Scherrer Cabelino Andrade,DEF,Left Back,94.03,1,W,0,0.0,0,0.0746,0,82.0,72.0,5.0,3.0,3.0,2.0,2.0,1.0,62.0,1.0,3.0,6.0
3829432,2015-08-16,Ligue 1,Paris Saint-Germain,Gazélec Ajaccio,351521,Ezequiel Iván Lavezzi,MID,Left Center Midfield,24.47,0,W,0,0.0,0,0,0,10.0,7.0,0.0,0.0,4.0,1.0,0,0,6.0,3.0,0.0,0.0
3829433,2015-08-21,Ligue 1,Paris Saint-Germain,Montpellier,3026,Adrien Rabiot,MID,Right Center Midfield,84.05,0,W,0.0,0.0,0.0502,0,1.0,70.0,63.0,4.0,4.0,22.0,8.0,1.0,3.0,72.0,1.0,1.0,4.0
3829433,2015-08-21,Ligue 1,Paris Saint-Germain,Montpellier,3295,Thiago Emiliano da Silva,DEF,Right Center Back,93.23,1,W,0,0.0,0,0.0354,0,79.0,74.0,14.0,4.0,9.0,1.0,5.0,1.0,65.0,0.0,3.0,14.0
3829433,2015-08-21,Ligue 1,Paris Saint-Germain,Montpellier,3481,Serge Aurier,DEF,Right Back,93.23,1,W,0.0,0.0,0.0089,0,1.0,70.0,60.0,8.0,3.0,21.0,7.0,1.0,4.0,50.0,1.0,5.0,8.0
3829433,2015-08-21,Ligue 1,Paris Saint-Germain,Montpellier,3745,Lucas Rodrigues Moura da Silva,FWD,Right Wing,80.93,1,W,0,0.0,0,0.3794,0,57.0,46.0,6.0,6.0,7.0,3.0,0,2.0,59.0,6.0,9.0,6.0
3829433,2015-08-21,Ligue 1,Paris Saint-Germain,Montpellier,3956,David Luiz Moreira Marinho,DEF,Left Center Back,93.23,1,W,0.0,0.0,0.0483,0,1.0,80.0,71.0,7.0,2.0,9.0,4.0,2.0,0,70.0,0.0,1.0,7.0
3829433,2015-08-21,Ligue 1,Paris Saint-Germain,Montpellier,4319,Edinson Roberto Cavani Gómez,FWD,Center Forward,93.23,1,W,0.0,0.0,0.1204,0,3.0,22.0,17.0,0.0,1.0,12.0,2.0,2.0,0,20.0,0.0,1.0,0.0
3829433,2015-08-21,Ligue 1,Paris Saint-Germain,Montpellier,4325,Thiago Motta,MID,Center Defensive Midfield,93.23,1,W,0,0.0,0,0,0,119.0,106.0,15.0,8.0,22.0,4.0,1.0,8.0,100.0,0.0,4.0,15.0
3829433,2015-08-21,Ligue 1,Paris Saint-Germain,Montpellier,4370,Javier Matías Pastore,MID,Right Center Midfield,9.18,1,W,0,0.0,0,0,0,9.0,7.0,2.0,2.0,0,2.0,0,0,8.0,1.0,0.0,2.0
3829433,2015-08-21,Ligue 1,Paris Saint-Germain,Montpellier,4375,Blaise Matuidi,MID,Left Center Midfield,93.23,1,W,1.0,0.0,0.1012,0.0502,1.0,80.0,75.0,8.0,5.0,21.0,4.0,2.0,0,83.0,4.0,3.0,9.0
3829433,2015-08-21,Ligue 1,Paris Saint-Germain,Montpellier,4440,Kevin Trapp,GK,Goalkeeper,93.23,1,W,0,0.0,0,0,0,38.0,33.0,3.0,0.0,0,3.0,0,0,22.0,0.0,0.0,3.0
3829433,2015-08-21,Ligue 1,Paris Saint-Germain,Montpellier,8510,Jean-Kévin Augustin,FWD,Left Wing,24.43,0,W,0.0,0.0,0.3705,0,1.0,5.0,5.0,0.0,0.0,9.0,0,0,0,10.0,1.0,0.0,0.0
3829433,2015-08-21,Ligue 1,Paris Saint-Germain,Montpellier,8515,Benjamin Stambouli,FWD,Right Wing,12.3,0,W,0,0.0,0,0,0,5.0,3.0,1.0,1.0,3.0,0,0,0,6.0,1.0,0.0,1.0
3829433,2015-08-21,Ligue 1,Paris Saint-Germain,Montpellier,26613,Maxwell Scherrer Cabelino Andrade,DEF,Left Back,93.23,1,W,0,1.0,0,0.1683,0,72.0,63.0,6.0,3.0,5.0,4.0,0,1.0,57.0,3.0,6.0,8.0
3829433,2015-08-21,Ligue 1,Paris Saint-Germain,Montpellier,351521,Ezequiel Iván Lavezzi,FWD,Left Wing,68.8,1,W,0.0,0.0,0.0665,0.018,1.0,27.0,23.0,2.0,1.0,9.0,2.0,0,2.0,35.0,0.0,3.0,3.0
3890273,2015-08-22,Bundesliga,Bayer Leverkusen,Hannover 96,5494,Robbie Kruse,MID,Center Attacking Midfield,19.52,0,W,0,0.0,0,0,0,5.0,3.0,0.0,0.0,7.0,0,0,0,5.0,0.0,0.0,0.0
3890273,2015-08-22,Bundesliga,Bayer Leverkusen,Hannover 96,5555,Julian Brandt,FWD,Left Wing,61.07,1,W,0.0,0.0,0.1835,0,1.0,26.0,21.0,3.0,1.0,9.0,1.0,1.0,0,29.0,2.0,2.0,3.0
3890273,2015-08-22,Bundesliga,Bayer Leverkusen,Hannover 96,7039,Hakan Çalhanoğlu,FWD,Right Wing,88.3,1,W,1.0,0.0,0.1283,0.0951,3.0,61.0,40.0,4.0,4.0,15.0,6.0,0,2.0,56.0,2.0,4.0,7.0
3890273,2015-08-22,Bundesliga,Bayer Leverkusen,Hannover 96,8212,Wendell Nascimento Borges,DEF,Left Back,94.2,1,W,0,0.0,0,0.278,0,58.0,37.0,8.0,3.0,23.0,8.0,6.0,4.0,39.0,2.0,7.0,8.0
3890273,2015-08-22,Bundesliga,Bayer Leverkusen,Hannover 96,8213,Karim Bellarabi,FWD,Right Wing,33.13,0,W,0,0.0,0,0,0,11.0,5.0,0.0,0.0,11.0,1.0,2.0,1.0,12.0,1.0,0.0,0.0
3890273,2015-08-22,Bundesliga,Bayer Leverkusen,Hannover 96,8219,Admir Mehmedi,MID,Center Attacking Midfield,74.68,1,W,0.0,0.0,0.1388,0,2.0,31.0,27.0,6.0,1.0,9.0,2.0,0,0,31.0,2.0,5.0,6.0
3890273,2015-08-22,Bundesliga,Bayer Leverkusen,Hannover 96,8221,Jonathan Tah,DEF,Right Center Back,94.2,1,W,0,0.0,0,0,0,40.0,38.0,8.0,1.0,8.0,3.0,4.0,0,35.0,0.0,1.0,8.0
3890273,2015-08-22,Bundesliga,Bayer Leverkusen,Hannover 96,8313,Kyriakos Papadopoulos,FWD,Left Wing,5.9,0,W,0,0.0,0,0,0,1.0,1.0,0.0,0.0,3.0,0,0,0,0,0,0.0,0.0
3890273,2015-08-22,Bundesliga,Bayer Leverkusen,Hannover 96,8805,Christoph Kramer,MID,Right Defensive Midfield,94.2,1,W,0.0,0.0,0.0991,0,1.0,77.0,73.0,7.0,6.0,9.0,12.0,0,1.0,68.0,1.0,3.0,7.0
3890273,2015-08-22,Bundesliga,Bayer Leverkusen,Hannover 96,8918,Roberto Hilbert,DEF,Right Back,94.2,1,W,0.0,0.0,0.0428,0.0131,1.0,48.0,26.0,9.0,6.0,10.0,9.0,0,2.0,32.0,2.0,7.0,9.0
3890273,2015-08-22,Bundesliga,Bayer Leverkusen,Hannover 96,8969,Lars Bender,MID,Left Defensive Midfield,94.2,1,W,0.0,0.0,0.0523,0.1835,2.0,60.0,44.0,10.0,4.0,20.0,5.0,4.0,4.0,47.0,3.0,7.0,10.0
3890273,2015-08-22,Bundesliga,Bayer Leverkusen,Hannover 96,9363,André Ramalho Silva,DEF,Left Center Back,94.2,1,W,0.0,0.0,0.278,0,1.0,49.0,44.0,7.0,0.0,11.0,3.0,3.0,1.0,37.0,0.0,0.0,7.0
3890273,2015-08-22,Bundesliga,Bayer Leverkusen,Hannover 96,11394,Stefan Kießling,FWD,Center Forward,94.2,1,W,0,0.0,0,0.1257,0,32.0,24.0,1.0,2.0,20.0,6.0,1.0,1.0,35.0,4.0,1.0,2.0
3890273,2015-08-22,Bundesliga,Bayer Leverkusen,Hannover 96,15581,Bernd Leno,GK,Goalkeeper,94.2,1,W,0,0.0,0,0.033,0,36.0,25.0,6.0,4.0,0,6.0,0,0,24.0,0.0,0.0,6.0
266236,2015-08-23,La Liga,Barcelona,Athletic Club,3508,Sandro Ramírez Castillo,FWD,Left Wing,12.08,0,W,0,0.0,0,0,0,2.0,2.0,0.0,0.0,0,0,0,0,0,0,0.0,0.0
266236,2015-08-23,La Liga,Barcelona,Athletic Club,4324,Daniel Alves da Silva,DEF,Right Back,18.45,1,W,0,0.0,0,0,0,16.0,16.0,1.0,1.0,2.0,0,0,1.0,11.0,0.0,0.0,1.0
266236,2015-08-23,La Liga,Barcelona,Athletic Club,4691,Claudio Andrés Bravo Muñoz,GK,Goalkeeper,94.07,1,W,0,0.0,0,0,0,66.0,47.0,4.0,1.0,0,7.0,0,0,46.0,0.0,0.0,4.0
266236,2015-08-23,La Liga,Barcelona,Athletic Club,5203,Sergio Busquets i Burgos,MID,Center Defensive Midfield,67.07,1,W,0,0.0,0,0,0,52.0,48.0,3.0,1.0,4.0,3.0,0,4.0,30.0,1.0,1.0,3.0
266236,2015-08-23,La Liga,Barcelona,Athletic Club,5211,Jordi Alba Ramos,DEF,Left Back,94.07,1,W,0,1.0,0,0.3655,0,103.0,76.0,9.0,2.0,2.0,3.0,0,1.0,55.0,1.0,2.0,10.0
266236,2015-08-23,La Liga,Barcelona,Athletic Club,5216,Andrés Iniesta Luján,MID,Left Center Midfield,94.07,1,W,0.0,0.0,0.0884,0,2.0,65.0,54.0,5.0,3.0,9.0,6.0,0,3.0,45.0,1.0,4.0,5.0
266236,2015-08-23,La Liga,Barcelona,Athletic Club,5246,Luis Alberto Suárez Díaz,FWD,Center Forward,94.07,1,W,1.0,0.0,0.606,0,3.0,31.0,24.0,5.0,5.0,10.0,2.0,0,0,36.0,0.0,5.0,5.0
266236,2015-08-23,La Liga,Barcelona,Athletic Club,5470,Ivan Rakitić,MID,Right Center Midfield,94.07,1,W,0,0.0,0,0.1179,0,75.0,61.0,7.0,2.0,5.0,9.0,2.0,1.0,48.0,1.0,3.0,7.0
266236,2015-08-23,La Liga,Barcelona,Athletic Club,5503,Lionel Andrés Messi Cuccittini,FWD,Right Wing,94.07,1,W,0.0,0.0,0.9638,0.0516,4.0,54.0,39.0,5.0,5.0,7.0,6.0,0,0,61.0,6.0,4.0,5.0
266236,2015-08-23,La Liga,Barcelona,Athletic Club,5506,Javier Alejandro Mascherano,DEF,Right Center Back,94.07,1,W,0,0.0,0,0,0,93.0,80.0,12.0,7.0,7.0,4.0,0,2.0,69.0,0.0,4.0,12.0
266236,2015-08-23,La Liga,Barcelona,Athletic Club,6332,Thomas Vermaelen,DEF,Left Center Back,94.07,1,W,0,0.0,0,0,0,84.0,77.0,4.0,0.0,1.0,2.0,0,2.0,58.0,0.0,0.0,4.0
266236,2015-08-23,La Liga,Barcelona,Athletic Club,6379,Sergi Roberto Carnicer,DEF,Right Back,75.62,0,W,0.0,0.0,0.0842,0.1889,1.0,45.0,37.0,4.0,1.0,6.0,4.0,3.0,2.0,36.0,2.0,1.0,5.0
266236,2015-08-23,La Liga,Barcelona,Athletic Club,6998,Rafael Alcântara do Nascimento,FWD,Left Wing,81.98,1,W,0,0.0,0,0.1725,0,34.0,25.0,2.0,0.0,11.0,3.0,1.0,1.0,32.0,1.0,1.0,4.0
266236,2015-08-23,La Liga,Barcelona,Athletic Club,7068,Marc Bartra Aregall,MID,Center Defensive Midfield,27.0,0,W,0,0.0,0,0,0,16.0,10.0,2.0,0.0,3.0,1.0,0,0,9.0,0.0,0.0,2.0
3878548,2015-08-23,Serie A,Juventus,Udinese,3486,Fernando Llorente Torres,MID,Right Center Midfield,17.55,0,L,0,0.0,0,0,0,4.0,1.0,0.0,0.0,0,0,0,0,4.0,0.0,0.0,0.0
3878548,2015-08-23,Serie A,Juventus,Udinese,3579,Roberto Maximiliano Pereyra,MID,Right Center Midfield,78.58,1,L,0.0,0.0,0.1862,0.1792,1.0,45.0,36.0,6.0,4.0,19.0,6.0,1.0,2.0,42.0,3.0,4.0,8.0
3878548,2015-08-23,Serie A,Juventus,Udinese,5472,Mario Mandžukić,MID,Right Center Forward,96.13,1,L,0.0,0.0,1.0443,0.0444,4.0,21.0,12.0,2.0,0.0,13.0,3.0,0,1.0,15.0,0.0,3.0,3.0
3878548,2015-08-23,Serie A,Juventus,Udinese,5541,Stephan Lichtsteiner,DEF,Right Wing Back,80.55,1,L,0.0,0.0,0.1088,0.164,2.0,56.0,43.0,8.0,4.0,8.0,3.0,2.0,1.0,37.0,0.0,6.0,9.0
3878548,2015-08-23,Serie A,Juventus,Udinese,5743,Paulo Bruno Exequiel Dybala,MID,Left Center Forward,32.27,0,L,0,0.0,0,0.1066,0,16.0,9.0,3.0,1.0,6.0,4.0,0,1.0,18.0,2.0,2.0,4.0
3878548,2015-08-23,Serie A,Juventus,Udinese,6943,Andrea Barzagli,DEF,Right Center Back,96.13,1,L,0.0,0.0,0.0187,0.0316,1.0,72.0,63.0,15.0,13.0,9.0,6.0,0,3.0,58.0,5.0,15.0,15.0
3878548,2015-08-23,Serie A,Juventus,Udinese,6949,Gianluigi Buffon,GK,Goalkeeper,96.13,1,L,0,0.0,0,0,0,13.0,12.0,1.0,0.0,0,3.0,0,0,3.0,0.0,0.0,1.0
3878548,2015-08-23,Serie A,Juventus,Udinese,6954,Giorgio Chiellini,DEF,Left Center Back,96.13,1,L,0,0.0,0,0.0402,0,78.0,65.0,22.0,14.0,5.0,8.0,2.0,3.0,58.0,9.0,15.0,22.0
3878548,2015-08-23,Serie A,Juventus,Udinese,7173,Leonardo Bonucci,DEF,Center Back,96.13,1,L,0.0,0.0,0.2007,0,3.0,75.0,62.0,19.0,9.0,8.0,9.0,4.0,3.0,59.0,2.0,11.0,19.0
3878548,2015-08-23,Serie A,Juventus,Udinese,7952,Simone Padoin,MID,Center Defensive Midfield,96.13,1,L,0.0,0.0,0.1139,0,2.0,53.0,48.0,2.0,5.0,12.0,3.0,0,2.0,46.0,4.0,1.0,2.0
3878548,2015-08-23,Serie A,Juventus,Udinese,8217,Kingsley Coman,MID,Left Center Forward,63.87,1,L,0.0,0.0,0.1628,0.1139,3.0,29.0,23.0,1.0,0.0,10.0,3.0,0,0,31.0,3.0,1.0,3.0
3878548,2015-08-23,Serie A,Juventus,Udinese,18874,Mauricio Aníbal Isla Isla,DEF,Right Wing Back,15.58,0,L,0,0.0,0,0.0535,0,13.0,11.0,2.0,1.0,3.0,2.0,1.0,1.0,11.0,0.0,2.0,3.0
3878548,2015-08-23,Serie A,Juventus,Udinese,20004,Paul Pogba,MID,Left Center Midfield,96.13,1,L,0.0,0.0,0.0911,0.0857,3.0,81.0,59.0,10.0,5.0,12.0,11.0,1.0,1.0,67.0,2.0,8.0,12.0
3878548,2015-08-23,Serie A,Juventus,Udinese,20008,Patrice Evra,DEF,Left Wing Back,96.13,1,L,0.0,0.0,0.0426,0.0774,2.0,51.0,39.0,4.0,3.0,8.0,2.0,0,2.0,39.0,2.0,3.0,5.0
3754129,2015-08-24,Premier League,Arsenal,Liverpool,3385,Alexis Alejandro Sánchez Sánchez,FWD,Left Wing,94.07,1,D,0.0,0.0,0.8466,0.1806,4.0,69.0,58.0,7.0,4.0,20.0,12.0,0,3.0,71.0,3.0,5.0,10.0
3754129,2015-08-24,Premier League,Arsenal,Liverpool,3437,Francis Joseph Coquelin,MID,Right Defensive Midfield,81.53,1,D,0.0,0.0,0.0133,0,1.0,76.0,68.0,11.0,10.0,17.0,9.0,3.0,6.0,60.0,0.0,7.0,11.0
3754129,2015-08-24,Premier League,Arsenal,Liverpool,3461,Petr Čech,GK,Goalkeeper,94.07,1,D,0,0.0,0,0,0,29.0,17.0,2.0,0.0,0,7.0,0,0,12.0,0.0,0.0,2.0
3754129,2015-08-24,Premier League,Arsenal,Liverpool,3496,Mesut Özil,MID,Center Attacking Midfield,94.07,1,D,0.0,0.0,0.0436,0.3432,1.0,103.0,83.0,8.0,5.0,14.0,5.0,0,2.0,87.0,4.0,6.0,13.0
3754129,2015-08-24,Premier League,Arsenal,Liverpool,3498,Ignacio Monreal Eraso,DEF,Left Back,94.07,1,D,0,0.0,0,0.2314,0,95.0,80.0,12.0,11.0,10.0,10.0,0,2.0,68.0,1.0,4.0,13.0
3754129,2015-08-24,Premier League,Arsenal,Liverpool,3511,Héctor Bellerín Moruno,DEF,Right Back,94.07,1,D,0.0,0.0,0.0721,0,1.0,53.0,40.0,7.0,5.0,11.0,7.0,0,2.0,34.0,0.0,4.0,7.0
3754129,2015-08-24,Premier League,Arsenal,Liverpool,3517,Aaron Ramsey,FWD,Right Wing,94.07,1,D,0.0,0.0,0.1076,0.4594,3.0,70.0,56.0,7.0,4.0,26.0,7.0,0,4.0,69.0,5.0,8.0,8.0
3754129,2015-08-24,Premier League,Arsenal,Liverpool,3525,Alex Oxlade-Chamberlain,MID,Right Defensive Midfield,12.53,0,D,0.0,0.0,0.0756,0,2.0,4.0,2.0,1.0,0.0,2.0,2.0,0,1.0,10.0,4.0,1.0,1.0
3754129,2015-08-24,Premier League,Arsenal,Liverpool,3604,Olivier Giroud,FWD,Center Forward,72.45,1,D,0.0,0.0,0.6903,0.2658,5.0,24.0,17.0,1.0,2.0,4.0,4.0,0,0,16.0,0.0,1.0,3.0
3754129,2015-08-24,Premier League,Arsenal,Liverpool,3668,Theo Walcott,FWD,Center Forward,21.62,0,D,0,0.0,0,0.0253,0,1.0,1.0,0.0,0.0,4.0,0,0,0,4.0,0.0,0.0,1.0
3754129,2015-08-24,Premier League,Arsenal,Liverpool,3713,Calum Chambers,DEF,Right Center Back,94.07,1,D,0,0.0,0,0,0,50.0,42.0,4.0,1.0,13.0,2.0,0,1.0,33.0,2.0,2.0,4.0
3754129,2015-08-24,Premier League,Arsenal,Liverpool,6746,Gabriel Armando de Abreu,DEF,Left Center Back,94.07,1,D,0.0,0.0,0.2113,0,2.0,50.0,44.0,1.0,0.0,5.0,8.0,1.0,4.0,29.0,0.0,0.0,1.0
3754129,2015-08-24,Premier League,Arsenal,Liverpool,11386,Santiago Cazorla González,MID,Left Defensive Midfield,94.07,1,D,0.0,0.0,0.0485,0.0861,2.0,98.0,85.0,18.0,14.0,17.0,11.0,1.0,3.0,79.0,1.0,12.0,19.0
3754205,2015-08-29,Premier League,Arsenal,Newcastle United,3385,Alexis Alejandro Sánchez Sánchez,FWD,Left Wing,93.2,1,W,0.0,0.0,0.3157,0.2059,7.0,72.0,58.0,7.0,4.0,14.0,6.0,0,3.0,82.0,7.0,6.0,8.0
3754205,2015-08-29,Premier League,Arsenal,Newcastle United,3394,Laurent Koscielny,DEF,Left Center Back,93.2,1,W,0,0.0,0,0.0601,0,84.0,83.0,12.0,8.0,5.0,7.0,0,1.0,65.0,6.0,5.0,13.0
3754205,2015-08-29,Premier League,Arsenal,Newcastle United,3437,Francis Joseph Coquelin,MID,Right Center Midfield,93.2,1,W,0.0,0.0,0.0247,0,1.0,71.0,66.0,5.0,9.0,23.0,5.0,0,4.0,64.0,0.0,5.0,5.0
3754205,2015-08-29,Premier League,Arsenal,Newcastle United,3461,Petr Čech,GK,Goalkeeper,93.2,1,W,0,0.0,0,0,0,18.0,16.0,3.0,1.0,0,4.0,0,0,8.0,0.0,0.0,3.0
3754205,2015-08-29,Premier League,Arsenal,Newcastle United,3498,Ignacio Monreal Eraso,DEF,Left Back,93.2,1,W,0.0,0.0,0.0438,0.0967,1.0,86.0,77.0,11.0,9.0,14.0,1.0,0,5.0,62.0,1.0,8.0,12.0
3754205,2015-08-29,Premier League,Arsenal,Newcastle United,3511,Héctor Bellerín Moruno,DEF,Right Back,93.2,1,W,0,0.0,0,0.2301,0,77.0,73.0,4.0,3.0,14.0,1.0,1.0,3.0,61.0,5.0,3.0,6.0
3754205,2015-08-29,Premier League,Arsenal,Newcastle United,3517,Aaron Ramsey,MID,Center Attacking Midfield,93.2,1,W,0.0,0.0,0.0878,0.5139,2.0,99.0,86.0,8.0,12.0,12.0,5.0,0,1.0,94.0,3.0,9.0,13.0
3754205,2015-08-29,Premier League,Arsenal,Newcastle United,3525,Alex Oxlade-Chamberlain,FWD,Right Wing,80.97,1,W,0.0,0.0,0.0597,0,2.0,58.0,48.0,3.0,3.0,15.0,5.0,0,1.0,66.0,10.0,4.0,3.0
3754205,2015-08-29,Premier League,Arsenal,Newcastle United,3604,Olivier Giroud,FWD,Center Forward,24.08,0,W,0.0,0.0,0.3965,0.069,3.0,10.0,6.0,0.0,0.0,5.0,0,0,0,7.0,0.0,1.0,1.0
3754205,2015-08-29,Premier League,Arsenal,Newcastle United,3668,Theo Walcott,FWD,Center Forward,69.12,1,W,0.0,0.0,0.8322,0,3.0,14.0,12.0,0.0,0.0,5.0,2.0,0,0,18.0,1.0,0.0,0.0
3754205,2015-08-29,Premier League,Arsenal,Newcastle United,6746,Gabriel Armando de Abreu,DEF,Right Center Back,93.2,1,W,0,0.0,0,0,0,84.0,79.0,17.0,5.0,2.0,2.0,0,2.0,64.0,0.0,4.0,17.0
3754205,2015-08-29,Premier League,Arsenal,Newcastle United,11386,Santiago Cazorla González,MID,Left Center Midfield,93.2,1,W,0.0,0.0,0.1301,0.0862,3.0,131.0,119.0,29.0,26.0,8.0,4.0,0,0,111.0,3.0,18.0,32.0
3754205,2015-08-29,Premier League,Arsenal,Newcastle United,42703,Mikel Arteta Amatriain,FWD,Right Wing,12.23,0,W,0,0.0,0,0,0,14.0,14.0,2.0,1.0,3.0,1.0,0,1.0,12.0,0.0,0.0,2.0
267422,2015-08-29,La Liga,Barcelona,Málaga,3508,Sandro Ramírez Castillo,FWD,Left Wing,7.03,0,W,0,0.0,0,0,0,3.0,3.0,0.0,0.0,2.0,0,0,0,3.0,0.0,0.0,0.0
267422,2015-08-29,La Liga,Barcelona,Málaga,4320,Neymar da Silva Santos Junior,FWD,Left Wing,86.02,1,W,0.0,0.0,0.1635,0.4254,2.0,66.0,53.0,7.0,3.0,7.0,7.0,2.0,0,75.0,8.0,10.0,10.0
267422,2015-08-29,La Liga,Barcelona,Málaga,4691,Claudio Andrés Bravo Muñoz,GK,Goalkeeper,93.05,1,W,0,0.0,0,0,0,31.0,28.0,2.0,1.0,0,7.0,0,0,19.0,0.0,0.0,2.0
267422,2015-08-29,La Liga,Barcelona,Málaga,5203,Sergio Busquets i Burgos,MID,Center Defensive Midfield,93.05,1,W,0.0,0.0,0.0714,0.0378,2.0,77.0,68.0,12.0,10.0,8.0,3.0,3.0,4.0,47.0,2.0,8.0,13.0
267422,2015-08-29,La Liga,Barcelona,Málaga,5211,Jordi Alba Ramos,DEF,Left Back,93.05,1,W,0,0.0,0,0,0,90.0,76.0,10.0,9.0,3.0,6.0,0,1.0,58.0,2.0,3.0,10.0
267422,2015-08-29,La Liga,Barcelona,Málaga,5216,Andrés Iniesta Luján,MID,Left Center Midfield,93.05,1,W,0.0,0.0,0.0378,0.1168,1.0,71.0,61.0,14.0,8.0,6.0,4.0,0,1.0,65.0,7.0,16.0,15.0
267422,2015-08-29,La Liga,Barcelona,Málaga,5246,Luis Alberto Suárez Díaz,FWD,Center Forward,93.05,1,W,0.0,0.0,0.403,0.0353,5.0,15.0,7.0,1.0,0.0,4.0,3.0,0,0,27.0,2.0,2.0,2.0
267422,2015-08-29,La Liga,Barcelona,Málaga,5470,Ivan Rakitić,MID,Right Center Midfield,62.75,1,W,0,0.0,0,0.1051,0,43.0,36.0,9.0,6.0,4.0,5.0,0,0,27.0,0.0,1.0,11.0
267422,2015-08-29,La Liga,Barcelona,Málaga,5503,Lionel Andrés Messi Cuccittini,FWD,Right Wing,93.05,1,W,0.0,0.0,0.4862,0.3685,7.0,89.0,72.0,21.0,16.0,5.0,4.0,1.0,1.0,89.0,6.0,18.0,24.0
267422,2015-08-29,La Liga,Barcelona,Málaga,5506,Javier Alejandro Mascherano,DEF,Right Center Back,93.05,1,W,0.0,0.0,0.243,0.0704,2.0,68.0,61.0,16.0,9.0,9.0,5.0,1.0,3.0,52.0,3.0,8.0,17.0
267422,2015-08-29,La Liga,Barcelona,Málaga,6332,Thomas Vermaelen,DEF,Left Center Back,89.38,1,W,1.0,0.0,0.4131,0,3.0,67.0,64.0,15.0,6.0,7.0,8.0,2.0,1.0,42.0,1.0,5.0,15.0
267422,2015-08-29,La Liga,Barcelona,Málaga,6379,Sergi Roberto Carnicer,DEF,Right Back,93.05,1,W,0,0.0,0,0,0,57.0,53.0,5.0,1.0,3.0,3.0,0,1.0,34.0,1.0,2.0,5.0
267422,2015-08-29,La Liga,Barcelona,Málaga,6998,Rafael Alcântara do Nascimento,MID,Right Center Midfield,30.3,0,W,0.0,0.0,0.0101,0.0258,1.0,19.0,16.0,1.0,3.0,5.0,0,1.0,1.0,18.0,1.0,0.0,2.0
267422,2015-08-29,La Liga,Barcelona,Málaga,10609,Jérémy Mathieu,DEF,Left Center Back,3.67,0,W,0,0.0,0,0,0,1.0,1.0,0.0,0.0,1.0,0,0,0,1.0,0.0,0.0,0.0
3890278,2015-08-29,Bundesliga,Bayer Leverkusen,Bayern Munich,5494,Robbie Kruse,MID,Left Center Forward,30.03,0,L,0,0.0,0,0,0,7.0,7.0,0.0,0.0,11.0,1.0,0,0,4.0,1.0,0.0,0.0
3890278,2015-08-29,Bundesliga,Bayer Leverkusen,Bayern Munich,5555,Julian Brandt,MID,Right Center Forward,45.08,0,L,0,0.0,0,0.1242,0,11.0,7.0,0.0,0.0,14.0,1.0,0,0,17.0,1.0,1.0,1.0
3890278,2015-08-29,Bundesliga,Bayer Leverkusen,Bayern Munich,7039,Hakan Çalhanoğlu,MID,Left Midfield,60.05,1,L,0.0,0.0,0.0705,0,2.0,24.0,16.0,2.0,1.0,12.0,4.0,0,1.0,23.0,2.0,2.0,2.0
3890278,2015-08-29,Bundesliga,Bayer Leverkusen,Bayern Munich,8212,Wendell Nascimento Borges,DEF,Left Back,77.37,1,L,0.0,0.0,0.0074,0,1.0,32.0,20.0,4.0,2.0,13.0,8.0,6.0,1.0,26.0,2.0,2.0,4.0
3890278,2015-08-29,Bundesliga,Bayer Leverkusen,Bayern Munich,8213,Karim Bellarabi,MID,Right Midfield,90.08,1,L,0.0,0.0,0.1029,0.1239,3.0,23.0,15.0,2.0,3.0,11.0,9.0,1.0,0,32.0,5.0,4.0,3.0
3890278,2015-08-29,Bundesliga,Bayer Leverkusen,Bayern Munich,8219,Admir Mehmedi,MID,Right Center Forward,45.0,1,L,0,0.0,0,0.0739,0,9.0,7.0,1.0,1.0,11.0,0,0,0,9.0,0.0,1.0,2.0
3890278,2015-08-29,Bundesliga,Bayer Leverkusen,Bayern Munich,8221,Jonathan Tah,DEF,Right Center Back,90.08,1,L,0,0.0,0,0,0,19.0,15.0,3.0,2.0,20.0,2.0,0,4.0,10.0,0.0,1.0,3.0
3890278,2015-08-29,Bundesliga,Bayer Leverkusen,Bayern Munich,8313,Kyriakos Papadopoulos,DEF,Left Center Back,90.08,1,L,0.0,0.0,0.1239,0.0622,1.0,19.0,15.0,1.0,0.0,17.0,2.0,1.0,4.0,8.0,0.0,2.0,2.0
3890278,2015-08-29,Bundesliga,Bayer Leverkusen,Bayern Munich,8805,Christoph Kramer,MID,Left Defensive Midfield,90.08,1,L,0,0.0,0,0,0,25.0,21.0,1.0,1.0,27.0,4.0,1.0,2.0,15.0,0.0,1.0,1.0
3890278,2015-08-29,Bundesliga,Bayer Leverkusen,Bayern Munich,8918,Roberto Hilbert,DEF,Right Back,90.08,1,L,0,0.0,0,0,0,41.0,26.0,7.0,2.0,26.0,5.0,2.0,6.0,18.0,0.0,3.0,7.0
3890278,2015-08-29,Bundesliga,Bayer Leverkusen,Bayern Munich,8969,Lars Bender,MID,Right Defensive Midfield,90.08,1,L,0,0.0,0,0,0,39.0,32.0,8.0,7.0,27.0,4.0,0,6.0,26.0,0.0,2.0,8.0
3890278,2015-08-29,Bundesliga,Bayer Leverkusen,Bayern Munich,11394,Stefan Kießling,MID,Left Center Forward,90.08,1,L,0.0,0.0,0.2473,0.021,3.0,34.0,23.0,1.0,1.0,17.0,4.0,0,0,22.0,1.0,3.0,2.0
3890278,2015-08-29,Bundesliga,Bayer Leverkusen,Bayern Munich,15581,Bernd Leno,GK,Goalkeeper,90.08,1,L,0,0.0,0,0,0,31.0,17.0,14.0,7.0,0,2.0,0,0,14.0,0.0,0.0,14.0
3890278,2015-08-29,Bundesliga,Bayer Leverkusen,Bayern Munich,20415,Sebastian Boenisch,DEF,Left Back,12.72,0,L,0,0.0,0,0,0,1.0,0.0,0.0,0.0,1.0,0,0,0,0,0,1.0,0.0
3878555,2015-08-30,Serie A,Juventus,AS Roma,3477,Álvaro Borja Morata Martín,MID,Right Center Forward,32.73,0,L,0.0,0.0,0.0772,0,1.0,7.0,5.0,0.0,0.0,4.0,2.0,0,0,7.0,1.0,0.0,0.0
3878555,2015-08-30,Serie A,Juventus,AS Roma,3579,Roberto Maximiliano Pereyra,DEF,Right Wing Back,22.75,0,L,0,1.0,0,0.5253,0,24.0,22.0,4.0,2.0,5.0,1.0,1.0,2.0,17.0,1.0,3.0,7.0
3878555,2015-08-30,Serie A,Juventus,AS Roma,5248,José Martín Cáceres Silva,DEF,Right Center Back,94.73,1,L,0.0,0.0,0.0511,0,1.0,40.0,35.0,6.0,2.0,13.0,4.0,2.0,0,26.0,0.0,3.0,6.0
3878555,2015-08-30,Serie A,Juventus,AS Roma,5472,Mario Mandžukić,MID,Right Center Forward,62.0,1,L,0,0.0,0,0,0,5.0,3.0,0.0,0.0,14.0,1.0,0,0,6.0,0.0,0.0,0.0
3878555,2015-08-30,Serie A,Juventus,AS Roma,5541,Stephan Lichtsteiner,DEF,Right Wing Back,71.98,1,L,0,0.0,0,0,0,21.0,8.0,2.0,0.0,13.0,2.0,0,1.0,9.0,2.0,5.0,2.0
3878555,2015-08-30,Serie A,Juventus,AS Roma,5689,Juan Guillermo Cuadrado Bello,MID,Center Defensive Midfield,19.98,0,L,0,0.0,0,0,0,10.0,10.0,2.0,2.0,5.0,1.0,1.0,0,9.0,0.0,2.0,2.0
3878555,2015-08-30,Serie A,Juventus,AS Roma,5743,Paulo Bruno Exequiel Dybala,MID,Left Center Forward,94.73,1,L,1.0,0.0,0.6522,0.1664,3.0,23.0,19.0,1.0,1.0,18.0,2.0,0,0,21.0,3.0,1.0,3.0
3878555,2015-08-30,Serie A,Juventus,AS Roma,6949,Gianluigi Buffon,GK,Goalkeeper,94.73,1,L,0,0.0,0,0,0,19.0,13.0,3.0,1.0,0,1.0,0,0,6.0,0.0,0.0,3.0
3878555,2015-08-30,Serie A,Juventus,AS Roma,6954,Giorgio Chiellini,DEF,Left Center Back,94.73,1,L,0.0,0.0,0.0515,0,1.0,53.0,45.0,5.0,2.0,9.0,4.0,2.0,3.0,34.0,0.0,1.0,5.0
3878555,2015-08-30,Serie A,Juventus,AS Roma,7013,Stefano Sturaro,MID,Right Center Midfield,94.73,1,L,0,0.0,0,0.1088,0,26.0,21.0,2.0,0.0,17.0,7.0,1.0,3.0,16.0,2.0,0.0,3.0
3878555,2015-08-30,Serie A,Juventus,AS Roma,7173,Leonardo Bonucci,DEF,Center Back,94.73,1,L,0.0,0.0,0.0714,0,2.0,44.0,38.0,6.0,2.0,3.0,4.0,1.0,0,36.0,0.0,1.0,6.0
3878555,2015-08-30,Serie A,Juventus,AS Roma,7952,Simone Padoin,MID,Center Defensive Midfield,74.75,1,L,0,0.0,0,0.0204,0,28.0,25.0,1.0,2.0,13.0,1.0,2.0,1.0,19.0,1.0,0.0,2.0
3878555,2015-08-30,Serie A,Juventus,AS Roma,20004,Paul Pogba,MID,Left Center Midfield,94.73,1,L,0.0,0.0,0.1215,0.0772,2.0,33.0,26.0,5.0,3.0,23.0,3.0,1.0,3.0,26.0,2.0,5.0,6.0
3878555,2015-08-30,Serie A,Juventus,AS Roma,20008,Patrice Evra,DEF,Left Wing Back,76.97,1,L,0,0.0,0,0,0,39.0,23.0,4.0,3.0,11.0,2.0,0,2.0,27.0,2.0,5.0,4.0
3829450,2015-08-30,Ligue 1,Paris Saint-Germain,AS Monaco,2995,Ángel Fabián Di María Hernández,FWD,Right Wing,27.43,0,W,0.0,1.0,0.0101,0.2515,1.0,23.0,17.0,4.0,4.0,4.0,5.0,0,0,24.0,0.0,4.0,4.0
3829450,2015-08-30,Ligue 1,Paris Saint-Germain,AS Monaco,3166,Marco Verratti,MID,Right Center Midfield,79.88,1,W,0,0.0,0,0.1833,0,116.0,109.0,21.0,9.0,33.0,4.0,1.0,3.0,106.0,1.0,10.0,22.0
3829450,2015-08-30,Ligue 1,Paris Saint-Germain,AS Monaco,3295,Thiago Emiliano da Silva,DEF,Right Center Back,92.98,1,W,0.0,0.0,0.1707,0,1.0,80.0,74.0,5.0,0.0,14.0,3.0,2.0,3.0,62.0,0.0,1.0,5.0
3829450,2015-08-30,Ligue 1,Paris Saint-Germain,AS Monaco,3481,Serge Aurier,DEF,Right Back,92.98,1,W,0.0,0.0,0.1857,0.1416,1.0,59.0,47.0,4.0,1.0,29.0,3.0,1.0,6.0,45.0,4.0,0.0,4.0
3829450,2015-08-30,Ligue 1,Paris Saint-Germain,AS Monaco,3672,Zlatan Ibrahimović,FWD,Center Forward,75.47,1,W,0.0,1.0,0.2713,0.338,3.0,60.0,53.0,5.0,4.0,12.0,1.0,0,1.0,67.0,4.0,5.0,6.0
3829450,2015-08-30,Ligue 1,Paris Saint-Germain,AS Monaco,3745,Lucas Rodrigues Moura da Silva,FWD,Right Wing,65.55,1,W,0.0,0.0,0.1833,0.1707,2.0,39.0,35.0,5.0,2.0,11.0,5.0,1.0,0,36.0,1.0,4.0,6.0
3829450,2015-08-30,Ligue 1,Paris Saint-Germain,AS Monaco,3956,David Luiz Moreira Marinho,DEF,Left Center Back,92.98,1,W,0,0.0,0,0.0909,0,99.0,94.0,10.0,4.0,14.0,3.0,0,1.0,88.0,4.0,2.0,10.0
3829450,2015-08-30,Ligue 1,Paris Saint-Germain,AS Monaco,4319,Edinson Roberto Cavani Gómez,FWD,Left Wing,92.98,1,W,2.0,0.0,0.8833,0.1426,7.0,26.0,22.0,0.0,1.0,22.0,5.0,0,2.0,25.0,0.0,0.0,1.0
3829450,2015-08-30,Ligue 1,Paris Saint-Germain,AS Monaco,4325,Thiago Motta,MID,Center Defensive Midfield,92.98,1,W,0,0.0,0,0.0125,0,152.0,144.0,15.0,11.0,27.0,3.0,0,2.0,134.0,2.0,5.0,15.0
3829450,2015-08-30,Ligue 1,Paris Saint-Germain,AS Monaco,4372,Marcos Aoás Corrêa,MID,Right Center Midfield,13.1,0,W,0,0.0,0,0,0,21.0,17.0,2.0,3.0,3.0,0,0,1.0,17.0,0.0,1.0,2.0
3829450,2015-08-30,Ligue 1,Paris Saint-Germain,AS Monaco,4375,Blaise Matuidi,MID,Left Center Midfield,92.98,1,W,0.0,1.0,0.1426,0.1438,1.0,61.0,54.0,2.0,1.0,27.0,1.0,0,2.0,63.0,4.0,1.0,3.0
3829450,2015-08-30,Ligue 1,Paris Saint-Germain,AS Monaco,4440,Kevin Trapp,GK,Goalkeeper,92.98,1,W,0,0.0,0,0,0,28.0,26.0,1.0,0.0,0,2.0,0,0,13.0,0.0,0.0,1.0
3829450,2015-08-30,Ligue 1,Paris Saint-Germain,AS Monaco,26613,Maxwell Scherrer Cabelino Andrade,DEF,Left Back,92.98,1,W,0.0,0.0,0.0846,0.1907,1.0,65.0,58.0,1.0,3.0,6.0,4.0,0,3.0,51.0,0.0,0.0,3.0
3829450,2015-08-30,Ligue 1,Paris Saint-Germain,AS Monaco,351521,Ezequiel Iván Lavezzi,FWD,Center Forward,17.52,0,W,1.0,0.0,0.1237,0.1959,2.0,16.0,15.0,1.0,0.0,4.0,3.0,0,0,14.0,0.0,1.0,2.0
3829453,2015-09-11,Ligue 1,Paris Saint-Germain,Bordeaux,2995,Ángel Fabián Di María Hernández,FWD,Right Wing,93.03,1,D,0.0,0.0,0.6446,0,8.0,56.0,35.0,6.0,7.0,5.0,3.0,0,0,63.0,6.0,14.0,6.0
3829453,2015-09-11,Ligue 1,Paris Saint-Germain,Bordeaux,3026,Adrien Rabiot,MID,Left Center Midfield,18.35,0,D,0,0.0,0,0.0194,0,17.0,16.0,3.0,1.0,8.0,1.0,1.0,1.0,13.0,1.0,1.0,4.0
3829453,2015-09-11,Ligue 1,Paris Saint-Germain,Bordeaux,3166,Marco Verratti,MID,Right Center Midfield,93.03,1,D,0,0.0,0,0.1075,0,116.0,106.0,21.0,7.0,35.0,9.0,0,6.0,111.0,4.0,14.0,24.0
3829453,2015-09-11,Ligue 1,Paris Saint-Germain,Bordeaux,3295,Thiago Emiliano da Silva,DEF,Right Center Back,93.03,1,D,0.0,0.0,0.0604,0,1.0,90.0,85.0,7.0,3.0,7.0,6.0,1.0,2.0,68.0,1.0,1.0,7.0
3829453,2015-09-11,Ligue 1,Paris Saint-Germain,Bordeaux,3481,Serge Aurier,DEF,Right Back,93.03,1,D,0.0,0.0,0.1186,0.0829,3.0,52.0,42.0,4.0,4.0,26.0,6.0,0,3.0,38.0,2.0,4.0,5.0
3829453,2015-09-11,Ligue 1,Paris Saint-Germain,Bordeaux,3745,Lucas Rodrigues Moura da Silva,FWD,Left Wing,71.12,1,D,0,0.0,0,0.616,0,44.0,37.0,2.0,5.0,12.0,5.0,0,3.0,44.0,3.0,3.0,4.0
3829453,2015-09-11,Ligue 1,Paris Saint-Germain,Bordeaux,4319,Edinson Roberto Cavani Gómez,FWD,Center Forward,93.03,1,D,2.0,0.0,0.467,0.0285,4.0,25.0,21.0,1.0,1.0,11.0,3.0,2.0,0,20.0,1.0,1.0,2.0
3829453,2015-09-11,Ligue 1,Paris Saint-Germain,Bordeaux,4325,Thiago Motta,MID,Center Defensive Midfield,93.03,1,D,0.0,0.0,0.084,0.0946,1.0,103.0,91.0,16.0,10.0,22.0,1.0,1.0,3.0,80.0,4.0,8.0,17.0
3829453,2015-09-11,Ligue 1,Paris Saint-Germain,Bordeaux,4326,Layvin Kurzawa,DEF,Left Back,27.2,0,D,0,0.0,0,0,0,19.0,15.0,4.0,3.0,5.0,0,1.0,2.0,16.0,1.0,2.0,4.0
3829453,2015-09-11,Ligue 1,Paris Saint-Germain,Bordeaux,4372,Marcos Aoás Corrêa,DEF,Left Center Back,93.03,1,D,0,0.0,0,0,0,84.0,80.0,9.0,2.0,9.0,1.0,0,0,68.0,1.0,2.0,9.0
3829453,2015-09-11,Ligue 1,Paris Saint-Germain,Bordeaux,4375,Blaise Matuidi,MID,Left Center Midfield,74.68,1,D,0.0,0.0,0.0266,0.084,1.0,60.0,54.0,7.0,0.0,20.0,4.0,1.0,2.0,48.0,1.0,2.0,7.0
3829453,2015-09-11,Ligue 1,Paris Saint-Germain,Bordeaux,4440,Kevin Trapp,GK,Goalkeeper,93.03,1,D,0,0.0,0,0,0,19.0,15.0,1.0,0.0,0,2.0,0,0,10.0,0.0,0.0,1.0
3829453,2015-09-11,Ligue 1,Paris Saint-Germain,Bordeaux,26613,Maxwell Scherrer Cabelino Andrade,DEF,Left Back,65.83,1,D,0,0.0,0,0.0378,0,48.0,44.0,3.0,1.0,5.0,3.0,0,2.0,33.0,1.0,1.0,4.0
3829453,2015-09-11,Ligue 1,Paris Saint-Germain,Bordeaux,351521,Ezequiel Iván Lavezzi,FWD,Left Wing,21.92,0,D,0.0,0.0,0.0579,0.0604,1.0,16.0,13.0,2.0,0.0,1.0,1.0,0,0,11.0,0.0,2.0,3.0
3754240,2015-09-12,Premier League,Arsenal,Stoke City,3385,Alexis Alejandro Sánchez Sánchez,FWD,Left Wing,83.05,1,W,0.0,0.0,0.4281,0.0188,8.0,59.0,51.0,13.0,7.0,14.0,6.0,0,0,63.0,5.0,12.0,14.0
3754240,2015-09-12,Premier League,Arsenal,Stoke City,3394,Laurent Koscielny,DEF,Left Center Back,93.1,1,W,0.0,0.0,0.1107,0.1525,2.0,81.0,73.0,15.0,5.0,7.0,9.0,3.0,2.0,70.0,3.0,5.0,16.0
3754240,2015-09-12,Premier League,Arsenal,Stoke City,3437,Francis Joseph Coquelin,MID,Left Defensive Midfield,93.1,1,W,0.0,0.0,0.0431,0.1166,2.0,58.0,51.0,7.0,5.0,13.0,7.0,2.0,5.0,43.0,1.0,4.0,9.0
3754240,2015-09-12,Premier League,Arsenal,Stoke City,3461,Petr Čech,GK,Goalkeeper,93.1,1,W,0,0.0,0,0,0,23.0,16.0,2.0,0.0,0,4.0,0,0,9.0,0.0,0.0,2.0
3754240,2015-09-12,Premier League,Arsenal,Stoke City,3496,Mesut Özil,MID,Center Attacking Midfield,83.02,1,W,0.0,1.0,0.0933,0.5869,1.0,77.0,63.0,4.0,6.0,7.0,3.0,0,0,55.0,6.0,2.0,11.0
3754240,2015-09-12,Premier League,Arsenal,Stoke City,3498,Ignacio Monreal Eraso,DEF,Left Back,93.1,1,W,0,0.0,0,0,0,56.0,45.0,2.0,1.0,5.0,4.0,0,2.0,32.0,0.0,0.0,2.0
3754240,2015-09-12,Premier League,Arsenal,Stoke City,3511,Héctor Bellerín Moruno,DEF,Right Back,93.1,1,W,0,0.0,0,0.7319,0,63.0,54.0,5.0,7.0,5.0,3.0,2.0,1.0,45.0,3.0,4.0,7.0
3754240,2015-09-12,Premier League,Arsenal,Stoke City,3517,Aaron Ramsey,FWD,Right Wing,93.1,1,W,0.0,0.0,0.2576,0,3.0,56.0,48.0,4.0,4.0,16.0,4.0,0,4.0,60.0,5.0,4.0,4.0
3754240,2015-09-12,Premier League,Arsenal,Stoke City,3525,Alex Oxlade-Chamberlain,MID,Center Attacking Midfield,10.08,0,W,0,0.0,0,0,0,7.0,3.0,0.0,1.0,0,1.0,0,0,8.0,2.0,0.0,0.0
3754240,2015-09-12,Premier League,Arsenal,Stoke City,3604,Olivier Giroud,FWD,Center Forward,18.4,0,W,1.0,0.0,0.6895,0,2.0,7.0,6.0,0.0,0.0,1.0,1.0,0,1.0,6.0,0.0,0.0,0.0
3754240,2015-09-12,Premier League,Arsenal,Stoke City,3668,Theo Walcott,FWD,Center Forward,74.7,1,W,1.0,0.0,1.8849,0,8.0,11.0,7.0,1.0,0.0,2.0,2.0,1.0,1.0,14.0,1.0,1.0,1.0
3754240,2015-09-12,Premier League,Arsenal,Stoke City,6746,Gabriel Armando de Abreu,DEF,Right Center Back,93.1,1,W,0,0.0,0,0,0,82.0,72.0,6.0,1.0,2.0,3.0,1.0,1.0,60.0,0.0,0.0,6.0
3754240,2015-09-12,Premier League,Arsenal,Stoke City,11386,Santiago Cazorla González,MID,Right Defensive Midfield,93.1,1,W,0.0,1.0,0.1942,0.7693,4.0,90.0,81.0,21.0,13.0,11.0,5.0,3.0,1.0,74.0,5.0,15.0,25.0
3754240,2015-09-12,Premier League,Arsenal,Stoke City,42703,Mikel Arteta Amatriain,FWD,Left Wing,10.05,0,W,0,0.0,0,0,0,7.0,6.0,3.0,0.0,3.0,0,0,1.0,4.0,0.0,0.0,3.0
266166,2015-09-12,La Liga,Barcelona,Atlético Madrid,4320,Neymar da Silva Santos Junior,FWD,Left Wing,92.03,1,W,1.0,0.0,0.5451,0.2077,4.0,58.0,52.0,8.0,7.0,18.0,5.0,1.0,2.0,70.0,3.0,4.0,10.0
266166,2015-09-12,La Liga,Barcelona,Atlético Madrid,5203,Sergio Busquets i Burgos,MID,Center Defensive Midfield,92.03,1,W,0,0.0,0,0,0,69.0,63.0,9.0,7.0,20.0,4.0,1.0,3.0,57.0,0.0,3.0,9.0
266166,2015-09-12,La Liga,Barcelona,Atlético Madrid,5211,Jordi Alba Ramos,DEF,Left Back,92.03,1,W,0,0.0,0,0,0,79.0,64.0,8.0,2.0,11.0,2.0,0,3.0,62.0,2.0,2.0,8.0
266166,2015-09-12,La Liga,Barcelona,Atlético Madrid,5216,Andrés Iniesta Luján,MID,Left Center Midfield,92.03,1,W,0,0.0,0,0.0677,0,90.0,79.0,16.0,13.0,11.0,5.0,0,2.0,83.0,5.0,12.0,16.0
266166,2015-09-12,La Liga,Barcelona,Atlético Madrid,5246,Luis Alberto Suárez Díaz,FWD,Center Forward,92.03,1,W,0.0,1.0,0.6001,0.3758,3.0,22.0,13.0,0.0,0.0,10.0,6.0,0,0,30.0,0.0,4.0,2.0
266166,2015-09-12,La Liga,Barcelona,Atlético Madrid,5470,Ivan Rakitić,MID,Right Center Midfield,59.33,1,W,0.0,0.0,0.0677,0.1803,1.0,52.0,46.0,7.0,4.0,8.0,2.0,0,2.0,44.0,1.0,7.0,10.0
266166,2015-09-12,La Liga,Barcelona,Atlético Madrid,5503,Lionel Andrés Messi Cuccittini,MID,Right Center Midfield,32.7,0,W,1.0,0.0,0.3354,0.2896,3.0,29.0,27.0,3.0,3.0,2.0,1.0,0,0,39.0,3.0,3.0,3.0
266166,2015-09-12,La Liga,Barcelona,Atlético Madrid,5506,Javier Alejandro Mascherano,DEF,Right Center Back,92.03,1,W,0,0.0,0,0,0,93.0,88.0,21.0,14.0,10.0,2.0,1.0,1.0,77.0,5.0,8.0,21.0
266166,2015-09-12,La Liga,Barcelona,Atlético Madrid,6332,Thomas Vermaelen,DEF,Left Center Back,27.48,1,W,0,0.0,0,0,0,26.0,23.0,1.0,1.0,2.0,1.0,0,1.0,22.0,0.0,0.0,1.0
266166,2015-09-12,La Liga,Barcelona,Atlético Madrid,6379,Sergi Roberto Carnicer,DEF,Right Back,92.03,1,W,0.0,0.0,0.0355,0,1.0,94.0,76.0,7.0,3.0,12.0,4.0,1.0,4.0,70.0,5.0,1.0,7.0
266166,2015-09-12,La Liga,Barcelona,Atlético Madrid,6998,Rafael Alcântara do Nascimento,FWD,Right Wing,92.03,1,W,0.0,0.0,0.067,0,1.0,56.0,46.0,2.0,5.0,15.0,3.0,0,1.0,58.0,4.0,3.0,2.0
266166,2015-09-12,La Liga,Barcelona,Atlético Madrid,10609,Jérémy Mathieu,DEF,Left Center Back,64.55,0,W,0.0,0.0,0.0778,0,1.0,53.0,49.0,7.0,5.0,7.0,5.0,1.0,2.0,48.0,2.0,1.0,7.0
266166,2015-09-12,La Liga,Barcelona,Atlético Madrid,20055,Marc-André ter Stegen,GK,Goalkeeper,92.03,1,W,0,0.0,0,0,0,34.0,31.0,1.0,0.0,0,4.0,0,0,21.0,0.0,0.0,1.0
3890288,2015-09-12,Bundesliga,Bayer Leverkusen,Darmstadt 98,3058,Javier Hernández Balcázar,MID,Center Attacking Midfield,35.83,0,L,0.0,0.0,0.1824,0.0226,2.0,15.0,12.0,0.0,0.0,2.0,3.0,0,0,12.0,2.0,1.0,1.0
3890288,2015-09-12,Bundesliga,Bayer Leverkusen,Darmstadt 98,5555,Julian Brandt,MID,Left Midfield,73.62,1,L,0.0,0.0,0.0831,0.417,2.0,47.0,39.0,2.0,5.0,9.0,2.0,0,0,36.0,3.0,1.0,5.0
3890288,2015-09-12,Bundesliga,Bayer Leverkusen,Darmstadt 98,7039,Hakan Çalhanoğlu,MID,Center Attacking Midfield,57.87,1,L,0.0,0.0,0.2013,0,2.0,34.0,26.0,3.0,3.0,6.0,2.0,0,0,30.0,1.0,3.0,3.0
3890288,2015-09-12,Bundesliga,Bayer Leverkusen,Darmstadt 98,8212,Wendell Nascimento Borges,DEF,Left Back,93.7,1,L,0.0,0.0,0.1179,0.0932,1.0,78.0,58.0,17.0,15.0,15.0,10.0,2.0,1.0,53.0,5.0,6.0,19.0
3890288,2015-09-12,Bundesliga,Bayer Leverkusen,Darmstadt 98,8213,Karim Bellarabi,MID,Right Midfield,93.7,1,L,0.0,0.0,0.1443,0,3.0,35.0,25.0,3.0,1.0,3.0,5.0,0,1.0,46.0,10.0,0.0,3.0
3890288,2015-09-12,Bundesliga,Bayer Leverkusen,Darmstadt 98,8219,Admir Mehmedi,MID,Right Midfield,20.08,0,L,0,0.0,0,0.1325,0,13.0,8.0,1.0,1.0,1.0,1.0,0,0,12.0,1.0,3.0,3.0
3890288,2015-09-12,Bundesliga,Bayer Leverkusen,Darmstadt 98,8221,Jonathan Tah,DEF,Right Center Back,93.7,1,L,0,0.0,0,0,0,66.0,53.0,17.0,6.0,15.0,13.0,1.0,5.0,45.0,0.0,5.0,17.0
3890288,2015-09-12,Bundesliga,Bayer Leverkusen,Darmstadt 98,8222,Kevin Kampl,MID,Right Defensive Midfield,36.0,0,L,0.0,0.0,0.0626,0,2.0,23.0,18.0,3.0,1.0,10.0,1.0,0,4.0,22.0,2.0,4.0,3.0
3890288,2015-09-12,Bundesliga,Bayer Leverkusen,Darmstadt 98,8313,Kyriakos Papadopoulos,DEF,Left Center Back,93.7,1,L,0.0,0.0,0.2342,0.01,1.0,75.0,64.0,9.0,3.0,5.0,3.0,0,0,39.0,2.0,2.0,9.0
3890288,2015-09-12,Bundesliga,Bayer Leverkusen,Darmstadt 98,8805,Christoph Kramer,MID,Right Defensive Midfield,57.7,1,L,0,0.0,0,0,0,61.0,53.0,11.0,4.0,8.0,3.0,0,1.0,39.0,3.0,6.0,11.0
3890288,2015-09-12,Bundesliga,Bayer Leverkusen,Darmstadt 98,8918,Roberto Hilbert,DEF,Right Back,93.7,1,L,0,0.0,0,0,0,68.0,42.0,6.0,3.0,10.0,5.0,2.0,1.0,48.0,2.0,11.0,6.0
3890288,2015-09-12,Bundesliga,Bayer Leverkusen,Darmstadt 98,8969,Lars Bender,MID,Left Defensive Midfield,93.7,1,L,0.0,0.0,0.1153,0.0751,2.0,69.0,62.0,10.0,6.0,14.0,12.0,0,3.0,42.0,0.0,3.0,11.0
3890288,2015-09-12,Bundesliga,Bayer Leverkusen,Darmstadt 98,11394,Stefan Kießling,FWD,Center Forward,93.7,1,L,0.0,0.0,0.2921,0.1287,1.0,21.0,12.0,0.0,0.0,5.0,3.0,0,0,16.0,2.0,3.0,1.0
3890288,2015-09-12,Bundesliga,Bayer Leverkusen,Darmstadt 98,15581,Bernd Leno,GK,Goalkeeper,93.7,1,L,0,0.0,0,0,0,32.0,24.0,4.0,2.0,0,9.0,0,0,16.0,0.0,0.0,4.0
3878594,2015-09-12,Serie A,Juventus,Chievo,3477,Álvaro Borja Morata Martín,MID,Left Center Forward,72.22,1,D,0.0,0.0,0.2054,0.2246,4.0,16.0,15.0,1.0,1.0,11.0,5.0,0,1.0,22.0,2.0,1.0,4.0
3878594,2015-09-12,Serie A,Juventus,Chievo,3579,Roberto Maximiliano Pereyra,MID,Right Center Midfield,93.27,1,D,0.0,0.0,0.2021,0.3033,3.0,65.0,61.0,14.0,7.0,28.0,4.0,0,1.0,60.0,9.0,4.0,18.0
3878594,2015-09-12,Serie A,Juventus,Chievo,5248,José Martín Cáceres Silva,DEF,Right Back,93.27,1,D,0.0,0.0,0.1016,0.1255,1.0,91.0,83.0,9.0,4.0,10.0,4.0,0,2.0,70.0,1.0,3.0,10.0
3878594,2015-09-12,Serie A,Juventus,Chievo,5472,Mario Mandžukić,MID,Right Center Forward,21.05,0,D,0.0,0.0,0.1055,0,1.0,1.0,0.0,0.0,0.0,4.0,0,0,1.0,1.0,0.0,0.0,0.0
3878594,2015-09-12,Serie A,Juventus,Chievo,5689,Juan Guillermo Cuadrado Bello,MID,Right Center Midfield,28.38,0,D,0.0,0.0,0.0064,0.0311,1.0,16.0,15.0,1.0,2.0,2.0,1.0,0,0,22.0,3.0,2.0,2.0
3878594,2015-09-12,Serie A,Juventus,Chievo,5743,Paulo Bruno Exequiel Dybala,MID,Right Center Forward,93.27,1,D,1.0,0.0,1.2975,0.1787,5.0,49.0,40.0,4.0,3.0,19.0,3.0,1.0,2.0,35.0,1.0,6.0,7.0
3878594,2015-09-12,Serie A,Juventus,Chievo,6943,Andrea Barzagli,DEF,Right Center Back,93.27,1,D,0,0.0,0,0,0,84.0,78.0,14.0,6.0,8.0,4.0,0,0,55.0,1.0,5.0,14.0
3878594,2015-09-12,Serie A,Juventus,Chievo,6945,Alex Sandro Lobo Silva,DEF,Left Back,93.27,1,D,0,0.0,0,0.1102,0,83.0,62.0,9.0,6.0,11.0,9.0,0,0,67.0,12.0,5.0,10.0
3878594,2015-09-12,Serie A,Juventus,Chievo,6949,Gianluigi Buffon,GK,Goalkeeper,93.27,1,D,0,0.0,0,0,0,20.0,17.0,0.0,0.0,0,2.0,0,0,10.0,0.0,0.0,0.0
3878594,2015-09-12,Serie A,Juventus,Chievo,7013,Stefano Sturaro,MID,Left Center Midfield,64.88,1,D,0.0,0.0,0.1544,0,2.0,51.0,34.0,3.0,6.0,16.0,1.0,0,1.0,40.0,4.0,8.0,3.0
3878594,2015-09-12,Serie A,Juventus,Chievo,7173,Leonardo Bonucci,DEF,Left Center Back,93.27,1,D,0,0.0,0,0.1016,0,73.0,63.0,15.0,4.0,0,4.0,1.0,0,52.0,0.0,2.0,15.0
3878594,2015-09-12,Serie A,Juventus,Chievo,8294,Claudio Marchisio,MID,Center Defensive Midfield,45.0,1,D,0.0,0.0,0.0651,0,2.0,39.0,37.0,8.0,7.0,4.0,6.0,0,1.0,26.0,0.0,5.0,8.0
3878594,2015-09-12,Serie A,Juventus,Chievo,20004,Paul Pogba,MID,Center Defensive Midfield,48.27,0,D,0.0,0.0,0.4663,0,3.0,16.0,14.0,5.0,1.0,11.0,5.0,1.0,1.0,12.0,1.0,1.0,5.0
3878594,2015-09-12,Serie A,Juventus,Chievo,25345,Anderson Hernanes de Carvalho Andrade,MID,Center Attacking Midfield,93.27,1,D,0.0,0.0,0.155,0,4.0,46.0,42.0,7.0,8.0,20.0,6.0,1.0,2.0,51.0,5.0,0.0,7.0
3754217,2015-09-19,Premier League,Arsenal,Chelsea,3385,Alexis Alejandro Sánchez Sánchez,FWD,Left Wing,74.53,1,L,0.0,0.0,0.1823,0,3.0,30.0,26.0,3.0,3.0,11.0,5.0,1.0,0,35.0,3.0,2.0,3.0
3754217,2015-09-19,Premier League,Arsenal,Chelsea,3394,Laurent Koscielny,DEF,Left Center Back,95.63,1,L,0,0.0,0,0,0,35.0,27.0,3.0,1.0,21.0,7.0,2.0,1.0,28.0,0.0,2.0,3.0
3754217,2015-09-19,Premier League,Arsenal,Chelsea,3437,Francis Joseph Coquelin,MID,Right Defensive Midfield,45.0,1,L,0,0.0,0,0,0,14.0,12.0,2.0,1.0,7.0,2.0,0,1.0,13.0,1.0,1.0,2.0
3754217,2015-09-19,Premier League,Arsenal,Chelsea,3461,Petr Čech,GK,Goalkeeper,95.63,1,L,0,0.0,0,0,0,32.0,16.0,1.0,1.0,0,5.0,0,0,11.0,0.0,0.0,1.0
3754217,2015-09-19,Premier League,Arsenal,Chelsea,3496,Mesut Özil,MID,Center Attacking Midfield,74.55,1,L,0,0.0,0,0.0729,0,33.0,28.0,6.0,2.0,13.0,6.0,2.0,2.0,28.0,1.0,5.0,7.0
3754217,2015-09-19,Premier League,Arsenal,Chelsea,3498,Ignacio Monreal Eraso,DEF,Left Back,95.63,1,L,0,0.0,0,0.0186,0,43.0,36.0,9.0,4.0,10.0,1.0,3.0,2.0,20.0,0.0,0.0,10.0
3754217,2015-09-19,Premier League,Arsenal,Chelsea,3511,Héctor Bellerín Moruno,DEF,Right Back,95.63,1,L,0,0.0,0,0,0,43.0,28.0,2.0,3.0,18.0,4.0,1.0,3.0,24.0,2.0,3.0,2.0
3754217,2015-09-19,Premier League,Arsenal,Chelsea,3517,Aaron Ramsey,FWD,Right Wing,95.63,1,L,0.0,0.0,0.2296,0,3.0,47.0,31.0,5.0,3.0,34.0,5.0,1.0,4.0,36.0,1.0,6.0,5.0
3754217,2015-09-19,Premier League,Arsenal,Chelsea,3525,Alex Oxlade-Chamberlain,FWD,Left Wing,21.1,0,L,0,0.0,0,0,0,8.0,4.0,0.0,1.0,6.0,1.0,0,1.0,7.0,2.0,0.0,0.0
3754217,2015-09-19,Premier League,Arsenal,Chelsea,3604,Olivier Giroud,FWD,Right Wing,21.08,0,L,0,0.0,0,0.3388,0,4.0,4.0,1.0,0.0,3.0,1.0,0,0,5.0,2.0,0.0,1.0
3754217,2015-09-19,Premier League,Arsenal,Chelsea,3668,Theo Walcott,FWD,Center Forward,95.63,1,L,0.0,0.0,0.4257,0,4.0,17.0,12.0,1.0,1.0,10.0,3.0,0,0,22.0,6.0,1.0,1.0
3754217,2015-09-19,Premier League,Arsenal,Chelsea,3713,Calum Chambers,DEF,Right Center Back,50.63,0,L,0,0.0,0,0,0,14.0,12.0,0.0,0.0,8.0,2.0,1.0,2.0,9.0,0.0,0.0,0.0
3754217,2015-09-19,Premier League,Arsenal,Chelsea,6746,Gabriel Armando de Abreu,DEF,Right Center Back,45.73,1,L,0,0.0,0,0,0,18.0,16.0,2.0,0.0,5.0,0,0,2.0,13.0,0.0,0.0,2.0
3754217,2015-09-19,Premier League,Arsenal,Chelsea,11386,Santiago Cazorla González,MID,Left Defensive Midfield,78.38,1,L,0,0.0,0,0,0,62.0,50.0,9.0,6.0,16.0,10.0,1.0,4.0,44.0,1.0,3.0,9.0
3829465,2015-09-19,Ligue 1,Paris Saint-Germain,Stade de Reims,2995,Ángel Fabián Di María Hernández,FWD,Left Wing,29.4,0,D,0,0.0,0,0.0573,0,18.0,11.0,2.0,0.0,3.0,1.0,0,0,20.0,2.0,4.0,3.0
3829465,2015-09-19,Ligue 1,Paris Saint-Germain,Stade de Reims,3166,Marco Verratti,MID,Right Center Midfield,94.15,1,D,0.0,0.0,0.0592,0,2.0,120.0,111.0,30.0,19.0,21.0,5.0,0,1.0,120.0,8.0,11.0,30.0
3829465,2015-09-19,Ligue 1,Paris Saint-Germain,Stade de Reims,3295,Thiago Emiliano da Silva,DEF,Right Center Back,94.15,1,D,0.0,0.0,0.0573,0,1.0,64.0,61.0,7.0,0.0,6.0,2.0,2.0,0,51.0,0.0,0.0,7.0
3829465,2015-09-19,Ligue 1,Paris Saint-Germain,Stade de Reims,3672,Zlatan Ibrahimović,FWD,Center Forward,94.15,1,D,0.0,0.0,0.6967,0.1422,6.0,47.0,37.0,5.0,4.0,6.0,4.0,0,0,50.0,1.0,5.0,6.0
3829465,2015-09-19,Ligue 1,Paris Saint-Germain,Stade de Reims,3745,Lucas Rodrigues Moura da Silva,FWD,Right Wing,64.72,1,D,0.0,0.0,0.0476,0.0497,1.0,34.0,27.0,3.0,2.0,6.0,2.0,0,2.0,39.0,4.0,5.0,4.0
3829465,2015-09-19,Ligue 1,Paris Saint-Germain,Stade de Reims,4319,Edinson Roberto Cavani Gómez,FWD,Right Wing,29.43,0,D,1.0,0.0,0.1645,0,1.0,6.0,5.0,0.0,1.0,4.0,0,0,0,6.0,0.0,0.0,0.0
3829465,2015-09-19,Ligue 1,Paris Saint-Germain,Stade de Reims,4326,Layvin Kurzawa,DEF,Left Back,94.15,1,D,0.0,0.0,0.0549,0.1102,1.0,69.0,56.0,4.0,1.0,13.0,2.0,2.0,4.0,56.0,5.0,1.0,6.0
3829465,2015-09-19,Ligue 1,Paris Saint-Germain,Stade de Reims,4370,Javier Matías Pastore,MID,Left Center Midfield,94.15,1,D,0.0,1.0,0.0804,0.2263,2.0,97.0,77.0,16.0,12.0,25.0,10.0,0,3.0,102.0,6.0,12.0,16.0
3829465,2015-09-19,Ligue 1,Paris Saint-Germain,Stade de Reims,4372,Marcos Aoás Corrêa,DEF,Left Center Back,94.15,1,D,0.0,0.0,0.026,0,1.0,67.0,62.0,5.0,4.0,9.0,3.0,1.0,0,48.0,1.0,2.0,5.0
3829465,2015-09-19,Ligue 1,Paris Saint-Germain,Stade de Reims,4375,Blaise Matuidi,MID,Left Defensive Midfield,18.9,0,D,0,0.0,0,0,0,17.0,16.0,4.0,4.0,9.0,3.0,0,2.0,16.0,0.0,2.0,4.0
3829465,2015-09-19,Ligue 1,Paris Saint-Germain,Stade de Reims,4440,Kevin Trapp,GK,Goalkeeper,94.15,1,D,0,0.0,0,0,0,22.0,20.0,2.0,0.0,0,5.0,0,0,9.0,0.0,0.0,2.0
3829465,2015-09-19,Ligue 1,Paris Saint-Germain,Stade de Reims,8515,Benjamin Stambouli,MID,Center Defensive Midfield,75.25,1,D,0,0.0,0,0,0,70.0,62.0,7.0,4.0,20.0,3.0,1.0,3.0,54.0,1.0,2.0,7.0
3829465,2015-09-19,Ligue 1,Paris Saint-Germain,Stade de Reims,20048,Gregory van der Wiel,DEF,Right Back,94.15,1,D,0,0.0,0,0.093,0,57.0,47.0,1.0,2.0,10.0,3.0,2.0,1.0,46.0,2.0,3.0,1.0
3829465,2015-09-19,Ligue 1,Paris Saint-Germain,Stade de Reims,351521,Ezequiel Iván Lavezzi,FWD,Left Wing,64.75,1,D,0.0,0.0,0.1532,0.0766,2.0,37.0,28.0,3.0,2.0,4.0,0,0,0,29.0,0.0,4.0,4.0
266490,2015-09-20,La Liga,Barcelona,Levante UD,3508,Sandro Ramírez Castillo,FWD,Center Forward,92.25,1,W,0.0,0.0,0.1158,0.1474,1.0,19.0,16.0,2.0,0.0,16.0,4.0,0,1.0,22.0,1.0,1.0,4.0
266490,2015-09-20,La Liga,Barcelona,Levante UD,4320,Neymar da Silva Santos Junior,FWD,Left Wing,92.25,1,W,1.0,0.0,0.5607,0,4.0,63.0,42.0,7.0,6.0,8.0,5.0,0,0,70.0,12.0,6.0,7.0
266490,2015-09-20,La Liga,Barcelona,Levante UD,4324,Daniel Alves da Silva,DEF,Right Back,92.25,1,W,0,0.0,0,0.1166,0,121.0,105.0,14.0,7.0,10.0,12.0,1.0,4.0,109.0,2.0,8.0,16.0
266490,2015-09-20,La Liga,Barcelona,Levante UD,5203,Sergio Busquets i Burgos,MID,Left Defensive Midfield,61.87,1,W,0,0.0,0,0.0519,0,41.0,40.0,9.0,5.0,13.0,1.0,0,0,33.0,0.0,2.0,10.0
266490,2015-09-20,La Liga,Barcelona,Levante UD,5470,Ivan Rakitić,MID,Right Defensive Midfield,92.25,1,W,0.0,0.0,0.0211,0.1628,1.0,89.0,81.0,16.0,9.0,11.0,5.0,1.0,2.0,67.0,2.0,5.0,17.0
266490,2015-09-20,La Liga,Barcelona,Levante UD,5503,Lionel Andrés Messi Cuccittini,MID,Center Attacking Midfield,92.25,1,W,2.0,1.0,2.1497,0.3459,10.0,61.0,49.0,14.0,12.0,5.0,1.0,0,0,77.0,10.0,18.0,15.0
266490,2015-09-20,La Liga,Barcelona,Levante UD,5506,Javier Alejandro Mascherano,DEF,Left Center Back,92.25,1,W,0,0.0,0,0,0,73.0,72.0,25.0,9.0,11.0,4.0,0,2.0,61.0,0.0,7.0,25.0
266490,2015-09-20,La Liga,Barcelona,Levante UD,6616,Munir El Haddadi Mohamed,FWD,Right Wing,92.25,1,W,0.0,0.0,0.2796,0.0926,2.0,52.0,45.0,1.0,1.0,14.0,1.0,1.0,0,54.0,2.0,1.0,2.0
266490,2015-09-20,La Liga,Barcelona,Levante UD,6834,Gerard Gumbau Garriga,MID,Left Defensive Midfield,30.38,0,W,0,0.0,0,0,0,11.0,11.0,3.0,2.0,9.0,0,1.0,0,11.0,0.0,2.0,3.0
266490,2015-09-20,La Liga,Barcelona,Levante UD,7068,Marc Bartra Aregall,DEF,Right Center Back,92.25,1,W,1.0,1.0,0.4035,0.1288,2.0,75.0,66.0,12.0,8.0,5.0,5.0,1.0,3.0,59.0,3.0,6.0,12.0
266490,2015-09-20,La Liga,Barcelona,Levante UD,20055,Marc-André ter Stegen,GK,Goalkeeper,92.25,1,W,0,0.0,0,0.2413,0,33.0,30.0,1.0,0.0,0,3.0,0,0,18.0,0.0,0.0,1.0
266490,2015-09-20,La Liga,Barcelona,Levante UD,22102,Adriano Correia Claro,DEF,Left Back,92.25,1,W,0,0.0,0,0.0093,0,74.0,66.0,12.0,6.0,9.0,4.0,0,3.0,59.0,6.0,4.0,13.0
3890301,2015-09-20,Bundesliga,Bayer Leverkusen,Borussia Dortmund,3058,Javier Hernández Balcázar,MID,Right Center Forward,92.07,1,L,0.0,0.0,0.4817,0,2.0,13.0,11.0,0.0,0.0,10.0,2.0,0,0,12.0,2.0,0.0,0.0
3890301,2015-09-20,Bundesliga,Bayer Leverkusen,Borussia Dortmund,5555,Julian Brandt,MID,Right Defensive Midfield,47.07,0,L,0,0.0,0,0,0,16.0,13.0,0.0,0.0,5.0,2.0,0,0,14.0,0.0,0.0,0.0
3890301,2015-09-20,Bundesliga,Bayer Leverkusen,Borussia Dortmund,7039,Hakan Çalhanoğlu,MID,Left Midfield,92.07,1,L,0.0,0.0,0.0604,0.2892,1.0,45.0,36.0,9.0,4.0,24.0,5.0,0,2.0,32.0,0.0,7.0,9.0
3890301,2015-09-20,Bundesliga,Bayer Leverkusen,Borussia Dortmund,8211,Benjamin Henrichs,MID,Left Center Forward,14.48,0,L,0,0.0,0,0,0,3.0,2.0,1.0,0.0,2.0,0,0,0,4.0,0.0,0.0,1.0
3890301,2015-09-20,Bundesliga,Bayer Leverkusen,Borussia Dortmund,8212,Wendell Nascimento Borges,DEF,Left Back,92.07,1,L,0,0.0,0,0,0,55.0,42.0,6.0,2.0,26.0,10.0,4.0,3.0,32.0,2.0,4.0,6.0
3890301,2015-09-20,Bundesliga,Bayer Leverkusen,Borussia Dortmund,8213,Karim Bellarabi,MID,Right Midfield,77.58,1,L,0.0,0.0,0.0689,0,2.0,25.0,17.0,4.0,1.0,22.0,5.0,1.0,3.0,34.0,3.0,3.0,4.0
3890301,2015-09-20,Bundesliga,Bayer Leverkusen,Borussia Dortmund,8219,Admir Mehmedi,MID,Left Center Forward,47.07,0,L,0,0.0,0,0.2149,0,19.0,11.0,0.0,0.0,13.0,2.0,0,2.0,22.0,3.0,1.0,1.0
3890301,2015-09-20,Bundesliga,Bayer Leverkusen,Borussia Dortmund,8221,Jonathan Tah,DEF,Right Center Back,92.07,1,L,0.0,0.0,0.0224,0.0059,1.0,46.0,39.0,9.0,5.0,10.0,15.0,3.0,2.0,32.0,1.0,4.0,9.0
3890301,2015-09-20,Bundesliga,Bayer Leverkusen,Borussia Dortmund,8222,Kevin Kampl,MID,Left Defensive Midfield,92.07,1,L,0.0,0.0,0.1207,0,1.0,54.0,40.0,5.0,3.0,21.0,13.0,1.0,3.0,46.0,4.0,5.0,5.0
3890301,2015-09-20,Bundesliga,Bayer Leverkusen,Borussia Dortmund,8313,Kyriakos Papadopoulos,DEF,Left Center Back,92.07,1,L,0,0.0,0,0,0,33.0,20.0,1.0,0.0,13.0,6.0,4.0,1.0,25.0,0.0,1.0,1.0
3890301,2015-09-20,Bundesliga,Bayer Leverkusen,Borussia Dortmund,8549,Giulio Donati,DEF,Right Back,92.07,1,L,0.0,0.0,0.0304,0,1.0,46.0,28.0,12.0,7.0,19.0,5.0,0,2.0,23.0,0.0,10.0,12.0
3890301,2015-09-20,Bundesliga,Bayer Leverkusen,Borussia Dortmund,8805,Christoph Kramer,MID,Right Defensive Midfield,45.0,1,L,0,0.0,0,0,0,21.0,15.0,2.0,0.0,13.0,5.0,1.0,1.0,8.0,0.0,1.0,2.0
3890301,2015-09-20,Bundesliga,Bayer Leverkusen,Borussia Dortmund,11394,Stefan Kießling,MID,Left Center Forward,45.0,1,L,0,0.0,0,0.1207,0,18.0,11.0,1.0,1.0,10.0,2.0,1.0,1.0,16.0,1.0,0.0,2.0
3890301,2015-09-20,Bundesliga,Bayer Leverkusen,Borussia Dortmund,15581,Bernd Leno,GK,Goalkeeper,92.07,1,L,0,0.0,0,0,0,39.0,17.0,3.0,2.0,0,8.0,0,0,17.0,0.0,0.0,3.0
3878609,2015-09-20,Serie A,Juventus,Genoa,3477,Álvaro Borja Morata Martín,FWD,Left Wing,21.28,1,W,0.0,0.0,0.0257,0,1.0,9.0,6.0,1.0,0.0,6.0,1.0,2.0,0,8.0,1.0,0.0,1.0
3878609,2015-09-20,Serie A,Juventus,Genoa,3579,Roberto Maximiliano Pereyra,FWD,Left Wing,72.2,0,W,0.0,0.0,0.0435,0.6277,1.0,30.0,23.0,1.0,0.0,21.0,2.0,1.0,1.0,28.0,4.0,2.0,3.0
3878609,2015-09-20,Serie A,Juventus,Genoa,3951,Mario Lemina,MID,Center Defensive Midfield,75.62,1,W,0.0,0.0,0.0282,0,1.0,32.0,29.0,3.0,3.0,30.0,7.0,1.0,5.0,30.0,0.0,2.0,3.0
3878609,2015-09-20,Serie A,Juventus,Genoa,5472,Mario Mandžukić,FWD,Center Forward,82.18,1,W,0.0,0.0,0.1795,0.0796,1.0,30.0,21.0,3.0,1.0,21.0,0,1.0,2.0,24.0,4.0,2.0,4.0
3878609,2015-09-20,Serie A,Juventus,Genoa,5541,Stephan Lichtsteiner,DEF,Right Back,93.48,1,W,0,0.0,0,0,0,51.0,35.0,11.0,6.0,13.0,5.0,0,3.0,37.0,1.0,0.0,11.0
3878609,2015-09-20,Serie A,Juventus,Genoa,5689,Juan Guillermo Cuadrado Bello,FWD,Right Wing,93.48,1,W,0.0,0.0,0.2496,0.0986,3.0,33.0,27.0,5.0,0.0,23.0,6.0,3.0,3.0,35.0,6.0,6.0,6.0
3878609,2015-09-20,Serie A,Juventus,Genoa,6584,Simone Zaza,FWD,Center Forward,11.3,0,W,0.0,0.0,0.0846,0,1.0,4.0,2.0,0.0,0.0,6.0,1.0,0,0,7.0,0.0,0.0,0.0
3878609,2015-09-20,Serie A,Juventus,Genoa,6943,Andrea Barzagli,DEF,Right Center Back,93.48,1,W,0,0.0,0,0,0,71.0,59.0,6.0,4.0,12.0,2.0,3.0,0,46.0,0.0,0.0,6.0
3878609,2015-09-20,Serie A,Juventus,Genoa,6949,Gianluigi Buffon,GK,Goalkeeper,93.48,1,W,0,0.0,0,0,0,24.0,22.0,1.0,0.0,0,3.0,0,0,9.0,0.0,0.0,1.0
3878609,2015-09-20,Serie A,Juventus,Genoa,6954,Giorgio Chiellini,DEF,Left Center Back,93.48,1,W,0,0.0,0,0.0435,0,67.0,57.0,10.0,2.0,12.0,5.0,5.0,1.0,45.0,1.0,0.0,10.0
3878609,2015-09-20,Serie A,Juventus,Genoa,7013,Stefano Sturaro,MID,Right Center Midfield,93.48,1,W,0,0.0,0,0.0545,0,28.0,20.0,2.0,1.0,34.0,3.0,3.0,2.0,23.0,0.0,3.0,3.0
3878609,2015-09-20,Serie A,Juventus,Genoa,20004,Paul Pogba,MID,Left Center Midfield,93.48,1,W,1.0,0.0,1.4401,0.0846,4.0,40.0,36.0,7.0,1.0,23.0,5.0,1.0,3.0,39.0,2.0,4.0,8.0
3878609,2015-09-20,Serie A,Juventus,Genoa,20008,Patrice Evra,DEF,Left Back,93.48,1,W,0.0,0.0,0.0729,0,1.0,65.0,56.0,6.0,3.0,13.0,1.0,2.0,4.0,46.0,6.0,2.0,6.0
3878609,2015-09-20,Serie A,Juventus,Genoa,25345,Anderson Hernanes de Carvalho Andrade,MID,Center Defensive Midfield,17.87,0,W,0,0.0,0,0,0,7.0,6.0,0.0,0.0,4.0,0,1.0,0,7.0,1.0,0.0,0.0
3829473,2015-09-22,Ligue 1,Paris Saint-Germain,Guingamp,2995,Ángel Fabián Di María Hernández,FWD,Right Wing,83.85,1,W,1.0,1.0,0.6664,0.3229,4.0,81.0,65.0,8.0,6.0,11.0,7.0,0,0,61.0,1.0,5.0,11.0
3829473,2015-09-22,Ligue 1,Paris Saint-Germain,Guingamp,3166,Marco Verratti,MID,Right Center Midfield,18.73,0,W,0,0.0,0,0.0395,0,31.0,29.0,5.0,5.0,9.0,2.0,1.0,0,29.0,2.0,4.0,5.0
3829473,2015-09-22,Ligue 1,Paris Saint-Germain,Guingamp,3295,Thiago Emiliano da Silva,DEF,Right Back,27.95,0,W,0,0.0,0,0,0,21.0,20.0,4.0,0.0,4.0,0,0,2.0,12.0,0.0,0.0,4.0
3829473,2015-09-22,Ligue 1,Paris Saint-Germain,Guingamp,3672,Zlatan Ibrahimović,FWD,Center Forward,93.0,1,W,1.0,1.0,1.0475,0.2181,7.0,67.0,60.0,6.0,8.0,7.0,3.0,0,0,70.0,4.0,5.0,7.0
3829473,2015-09-22,Ligue 1,Paris Saint-Germain,Guingamp,3956,David Luiz Moreira Marinho,DEF,Left Center Back,93.0,1,W,0,0.0,0,0,0,67.0,64.0,9.0,2.0,6.0,2.0,3.0,1.0,61.0,3.0,5.0,9.0
3829473,2015-09-22,Ligue 1,Paris Saint-Germain,Guingamp,4319,Edinson Roberto Cavani Gómez,FWD,Left Wing,93.0,1,W,0.0,0.0,0.3976,0.0399,3.0,38.0,35.0,1.0,1.0,9.0,3.0,0,0,31.0,0.0,1.0,2.0
3829473,2015-09-22,Ligue 1,Paris Saint-Germain,Guingamp,4325,Thiago Motta,MID,Center Defensive Midfield,93.0,1,W,0.0,0.0,0.12,0,1.0,120.0,111.0,10.0,10.0,19.0,5.0,0,2.0,102.0,1.0,8.0,10.0
3829473,2015-09-22,Ligue 1,Paris Saint-Germain,Guingamp,4370,Javier Matías Pastore,MID,Right Center Midfield,74.27,1,W,1.0,0.0,0.1491,0.0899,2.0,111.0,93.0,17.0,16.0,14.0,5.0,0,2.0,97.0,5.0,14.0,20.0
3829473,2015-09-22,Ligue 1,Paris Saint-Germain,Guingamp,4372,Marcos Aoás Corrêa,DEF,Right Center Back,93.0,1,W,0.0,0.0,0.1327,0,1.0,85.0,76.0,9.0,3.0,16.0,5.0,1.0,5.0,62.0,2.0,2.0,9.0
3829473,2015-09-22,Ligue 1,Paris Saint-Germain,Guingamp,4375,Blaise Matuidi,MID,Left Center Midfield,93.0,1,W,0,0.0,0,0,0,80.0,70.0,7.0,6.0,27.0,4.0,0,2.0,73.0,0.0,6.0,7.0
3829473,2015-09-22,Ligue 1,Paris Saint-Germain,Guingamp,4440,Kevin Trapp,GK,Goalkeeper,93.0,1,W,0,0.0,0,0,0,23.0,22.0,0.0,0.0,0,4.0,0,0,8.0,0.0,0.0,0.0
3829473,2015-09-22,Ligue 1,Paris Saint-Germain,Guingamp,20048,Gregory van der Wiel,DEF,Right Back,65.05,1,W,0,0.0,0,0.1973,0,41.0,35.0,5.0,5.0,12.0,5.0,0,3.0,36.0,0.0,3.0,6.0
3829473,2015-09-22,Ligue 1,Paris Saint-Germain,Guingamp,26613,Maxwell Scherrer Cabelino Andrade,DEF,Left Back,93.0,1,W,0.0,0.0,0.1645,0.1172,1.0,76.0,70.0,4.0,4.0,9.0,4.0,0,0,55.0,3.0,1.0,6.0
3829473,2015-09-22,Ligue 1,Paris Saint-Germain,Guingamp,351521,Ezequiel Iván Lavezzi,FWD,Right Wing,9.15,0,W,0,0.0,0,0,0,7.0,2.0,0.0,0.0,3.0,0,0,0,6.0,0.0,0.0,0.0
266467,2015-09-23,La Liga,Barcelona,Celta Vigo,4320,Neymar da Silva Santos Junior,FWD,Left Wing,91.95,1,L,1.0,0.0,0.7624,0.3308,6.0,40.0,30.0,3.0,1.0,17.0,5.0,0,1.0,46.0,3.0,4.0,5.0
266467,2015-09-23,La Liga,Barcelona,Celta Vigo,4324,Daniel Alves da Silva,DEF,Right Back,91.95,1,L,0.0,0.0,0.1302,0.0636,1.0,64.0,52.0,16.0,7.0,9.0,9.0,1.0,4.0,44.0,2.0,7.0,17.0
266467,2015-09-23,La Liga,Barcelona,Celta Vigo,5203,Sergio Busquets i Burgos,MID,Center Defensive Midfield,65.88,1,L,0,0.0,0,0,0,42.0,35.0,2.0,2.0,18.0,5.0,0,3.0,28.0,0.0,1.0,2.0
266467,2015-09-23,La Liga,Barcelona,Celta Vigo,5213,Gerard Piqué Bernabéu,DEF,Right Center Back,91.95,1,L,0.0,0.0,0.0617,0,1.0,65.0,50.0,13.0,4.0,8.0,7.0,2.0,0,45.0,4.0,2.0,13.0
266467,2015-09-23,La Liga,Barcelona,Celta Vigo,5216,Andrés Iniesta Luján,MID,Left Center Midfield,91.95,1,L,0,0.0,0,0.4187,0,46.0,41.0,16.0,9.0,15.0,3.0,0,2.0,43.0,1.0,8.0,17.0
266467,2015-09-23,La Liga,Barcelona,Celta Vigo,5246,Luis Alberto Suárez Díaz,FWD,Center Forward,91.95,1,L,0,0.0,0,0.2071,0,31.0,23.0,1.0,1.0,18.0,1.0,0,2.0,32.0,1.0,1.0,2.0
266467,2015-09-23,La Liga,Barcelona,Celta Vigo,5470,Ivan Rakitić,MID,Right Center Midfield,26.07,0,L,0,0.0,0,0,0,19.0,16.0,2.0,1.0,2.0,0,0,1.0,9.0,2.0,3.0,2.0
266467,2015-09-23,La Liga,Barcelona,Celta Vigo,5503,Lionel Andrés Messi Cuccittini,FWD,Right Wing,91.95,1,L,0.0,1.0,0.5765,0.8712,7.0,45.0,33.0,7.0,2.0,7.0,3.0,1.0,0,51.0,5.0,10.0,9.0
266467,2015-09-23,La Liga,Barcelona,Celta Vigo,5506,Javier Alejandro Mascherano,DEF,Left Center Back,91.95,1,L,0,0.0,0,0,0,55.0,45.0,6.0,2.0,18.0,4.0,1.0,3.0,32.0,4.0,2.0,6.0
266467,2015-09-23,La Liga,Barcelona,Celta Vigo,6379,Sergi Roberto Carnicer,MID,Right Center Midfield,57.12,1,L,0,0.0,0,0,0,29.0,26.0,2.0,2.0,15.0,4.0,0,3.0,27.0,4.0,2.0,2.0
266467,2015-09-23,La Liga,Barcelona,Celta Vigo,6616,Munir El Haddadi Mohamed,MID,Right Center Midfield,34.83,0,L,0.0,0.0,0.4117,0,3.0,15.0,9.0,0.0,0.0,5.0,4.0,0,2.0,13.0,1.0,1.0,0.0
266467,2015-09-23,La Liga,Barcelona,Celta Vigo,10609,Jérémy Mathieu,DEF,Left Back,91.95,1,L,0,0.0,0,0,0,33.0,26.0,2.0,0.0,6.0,5.0,0,0,14.0,1.0,1.0,2.0
266467,2015-09-23,La Liga,Barcelona,Celta Vigo,20055,Marc-André ter Stegen,GK,Goalkeeper,91.95,1,L,0,0.0,0,0,0,33.0,26.0,4.0,0.0,0,0,0,0,13.0,0.0,0.0,4.0
3890312,2015-09-23,Bundesliga,Bayer Leverkusen,FSV Mainz 05,3058,Javier Hernández Balcázar,MID,Left Center Forward,69.78,1,W,1.0,0.0,0.0644,0.0681,3.0,26.0,18.0,2.0,1.0,20.0,1.0,0,0,18.0,1.0,1.0,3.0
3890312,2015-09-23,Bundesliga,Bayer Leverkusen,FSV Mainz 05,7039,Hakan Çalhanoğlu,MID,Left Midfield,92.12,1,W,0.0,0.0,0.1987,0.3361,5.0,70.0,51.0,8.0,7.0,16.0,5.0,0,2.0,53.0,7.0,4.0,11.0
3890312,2015-09-23,Bundesliga,Bayer Leverkusen,FSV Mainz 05,8212,Wendell Nascimento Borges,DEF,Left Back,92.12,1,W,0.0,0.0,0.1345,0.0116,4.0,77.0,66.0,14.0,9.0,12.0,8.0,2.0,2.0,49.0,5.0,8.0,15.0
3890312,2015-09-23,Bundesliga,Bayer Leverkusen,FSV Mainz 05,8213,Karim Bellarabi,MID,Right Center Forward,79.55,1,W,0.0,0.0,0.0586,0.0215,1.0,53.0,36.0,2.0,0.0,17.0,4.0,0,0,43.0,2.0,1.0,3.0
3890312,2015-09-23,Bundesliga,Bayer Leverkusen,FSV Mainz 05,8219,Admir Mehmedi,MID,Right Center Forward,12.57,0,W,0,0.0,0,0.0804,0,7.0,6.0,0.0,1.0,1.0,0,0,0,5.0,0.0,0.0,1.0
3890312,2015-09-23,Bundesliga,Bayer Leverkusen,FSV Mainz 05,8221,Jonathan Tah,DEF,Right Center Back,92.12,1,W,0.0,0.0,0.2308,0,2.0,46.0,38.0,7.0,4.0,17.0,6.0,4.0,2.0,30.0,1.0,4.0,7.0
3890312,2015-09-23,Bundesliga,Bayer Leverkusen,FSV Mainz 05,8222,Kevin Kampl,MID,Right Midfield,92.12,1,W,0.0,0.0,0.0667,0.4466,1.0,49.0,36.0,4.0,1.0,18.0,6.0,1.0,0,36.0,3.0,3.0,5.0
3890312,2015-09-23,Bundesliga,Bayer Leverkusen,FSV Mainz 05,8313,Kyriakos Papadopoulos,MID,Right Defensive Midfield,2.97,0,W,0,0.0,0,0,0,1.0,1.0,0.0,0.0,0,0,0,0,0,0,0.0,0.0
3890312,2015-09-23,Bundesliga,Bayer Leverkusen,FSV Mainz 05,8549,Giulio Donati,DEF,Right Back,92.12,1,W,0,0.0,0,0.0311,0,71.0,53.0,18.0,8.0,12.0,4.0,0,3.0,33.0,4.0,9.0,19.0
3890312,2015-09-23,Bundesliga,Bayer Leverkusen,FSV Mainz 05,8805,Christoph Kramer,MID,Left Defensive Midfield,92.12,1,W,0.0,0.0,0.0804,0.2085,1.0,72.0,58.0,7.0,1.0,8.0,8.0,0,0,49.0,2.0,8.0,8.0
3890312,2015-09-23,Bundesliga,Bayer Leverkusen,FSV Mainz 05,8969,Lars Bender,MID,Right Defensive Midfield,89.15,1,W,0,0.0,0,0,0,54.0,39.0,5.0,6.0,25.0,6.0,3.0,4.0,31.0,0.0,9.0,5.0
3890312,2015-09-23,Bundesliga,Bayer Leverkusen,FSV Mainz 05,9363,André Ramalho Silva,DEF,Left Center Back,92.12,1,W,0.0,0.0,0.0261,0,1.0,70.0,60.0,7.0,2.0,13.0,7.0,1.0,0,50.0,1.0,1.0,7.0
3890312,2015-09-23,Bundesliga,Bayer Leverkusen,FSV Mainz 05,11394,Stefan Kießling,MID,Left Center Forward,22.33,0,W,0.0,0.0,0.6342,0,2.0,10.0,8.0,0.0,1.0,8.0,3.0,0,1.0,7.0,0.0,1.0,0.0
3890312,2015-09-23,Bundesliga,Bayer Leverkusen,FSV Mainz 05,15581,Bernd Leno,GK,Goalkeeper,92.12,1,W,0,0.0,0,0,0,32.0,26.0,5.0,2.0,0,4.0,0,0,15.0,0.0,0.0,5.0
3879543,2015-09-23,Serie A,Juventus,Frosinone,3579,Roberto Maximiliano Pereyra,FWD,Left Wing,93.07,1,D,0.0,0.0,0.0768,0.5073,2.0,50.0,48.0,5.0,1.0,12.0,6.0,0,1.0,52.0,7.0,2.0,10.0
3879543,2015-09-23,Serie A,Juventus,Frosinone,3951,Mario Lemina,MID,Center Defensive Midfield,93.07,1,D,0,0.0,0,0.0615,0,78.0,73.0,13.0,10.0,18.0,5.0,1.0,4.0,65.0,2.0,5.0,16.0
3879543,2015-09-23,Serie A,Juventus,Frosinone,5541,Stephan Lichtsteiner,DEF,Right Back,45.0,1,D,0.0,0.0,0.0496,0.0542,2.0,30.0,26.0,4.0,0.0,5.0,2.0,0,3.0,23.0,1.0,0.0,5.0
3879543,2015-09-23,Serie A,Juventus,Frosinone,5689,Juan Guillermo Cuadrado Bello,FWD,Right Wing,93.07,1,D,0.0,1.0,0.2087,0.2165,5.0,78.0,66.0,4.0,2.0,21.0,6.0,3.0,1.0,89.0,12.0,7.0,9.0
3879543,2015-09-23,Serie A,Juventus,Frosinone,5743,Paulo Bruno Exequiel Dybala,MID,Right Center Midfield,48.07,0,D,0.0,0.0,0.2388,0.0766,6.0,27.0,25.0,2.0,1.0,4.0,2.0,0,0,26.0,0.0,1.0,4.0
3879543,2015-09-23,Serie A,Juventus,Frosinone,6584,Simone Zaza,FWD,Center Forward,76.62,1,D,1.0,0.0,0.6308,0.1231,7.0,23.0,20.0,0.0,0.0,15.0,5.0,0,1.0,22.0,1.0,0.0,1.0
3879543,2015-09-23,Serie A,Juventus,Frosinone,6590,Norberto Murara Neto,GK,Goalkeeper,93.07,1,D,0,0.0,0,0,0,19.0,17.0,1.0,0.0,0,3.0,0,0,11.0,0.0,0.0,1.0
3879543,2015-09-23,Serie A,Juventus,Frosinone,6943,Andrea Barzagli,DEF,Right Center Back,93.07,1,D,0,0.0,0,0,0,53.0,42.0,8.0,3.0,6.0,3.0,2.0,1.0,34.0,2.0,4.0,8.0
3879543,2015-09-23,Serie A,Juventus,Frosinone,6945,Alex Sandro Lobo Silva,DEF,Left Back,93.07,1,D,0.0,0.0,0.0466,0.5788,1.0,90.0,68.0,14.0,1.0,5.0,7.0,1.0,0,70.0,12.0,4.0,21.0
3879543,2015-09-23,Serie A,Juventus,Frosinone,6954,Giorgio Chiellini,DEF,Right Back,48.07,0,D,0.0,0.0,0.081,0,1.0,41.0,34.0,11.0,6.0,3.0,4.0,1.0,0,29.0,1.0,4.0,11.0
3879543,2015-09-23,Serie A,Juventus,Frosinone,7013,Stefano Sturaro,MID,Right Center Midfield,45.0,1,D,0.0,0.0,0.1176,0.1118,1.0,32.0,25.0,3.0,2.0,9.0,3.0,0,1.0,23.0,1.0,2.0,5.0
3879543,2015-09-23,Serie A,Juventus,Frosinone,7173,Leonardo Bonucci,DEF,Left Center Back,93.07,1,D,0.0,0.0,0.0456,0.1134,2.0,57.0,51.0,9.0,4.0,3.0,5.0,4.0,0,43.0,0.0,4.0,9.0
3879543,2015-09-23,Serie A,Juventus,Frosinone,20004,Paul Pogba,MID,Left Center Midfield,93.07,1,D,0.0,0.0,0.3932,0.0335,7.0,67.0,58.0,11.0,6.0,15.0,4.0,1.0,0,71.0,8.0,6.0,11.0
3879543,2015-09-23,Serie A,Juventus,Frosinone,25345,Anderson Hernanes de Carvalho Andrade,MID,Right Center Forward,16.45,0,D,0.0,0.0,0.0733,0,2.0,20.0,18.0,3.0,2.0,1.0,2.0,0,1.0,16.0,1.0,1.0,3.0
3754174,2015-09-26,Premier League,Arsenal,Leicester City,3385,Alexis Alejandro Sánchez Sánchez,FWD,Left Wing,94.53,1,W,3.0,0.0,1.2801,0.3538,6.0,49.0,37.0,7.0,2.0,19.0,6.0,0,3.0,58.0,4.0,7.0,10.0
3754174,2015-09-26,Premier League,Arsenal,Leicester City,3394,Laurent Koscielny,DEF,Left Center Back,94.53,1,W,0,0.0,0,0,0,62.0,51.0,12.0,3.0,3.0,9.0,1.0,0,49.0,1.0,1.0,12.0
3754174,2015-09-26,Premier League,Arsenal,Leicester City,3461,Petr Čech,GK,Goalkeeper,94.53,1,W,0,0.0,0,0,0,27.0,20.0,3.0,1.0,1.0,1.0,0,0,8.0,0.0,0.0,3.0
3754174,2015-09-26,Premier League,Arsenal,Leicester City,3475,Per Mertesacker,DEF,Right Center Back,94.53,1,W,0,0.0,0,0,0,66.0,61.0,7.0,4.0,3.0,2.0,0,2.0,45.0,0.0,2.0,7.0
3754174,2015-09-26,Premier League,Arsenal,Leicester City,3496,Mesut Özil,MID,Center Attacking Midfield,94.53,1,W,0.0,1.0,0.4356,0.5622,3.0,58.0,49.0,16.0,7.0,19.0,6.0,1.0,2.0,60.0,7.0,11.0,18.0
3754174,2015-09-26,Premier League,Arsenal,Leicester City,3498,Ignacio Monreal Eraso,DEF,Left Back,94.53,1,W,0,2.0,0,0.35,0,55.0,44.0,5.0,4.0,9.0,5.0,2.0,2.0,26.0,4.0,2.0,8.0
3754174,2015-09-26,Premier League,Arsenal,Leicester City,3511,Héctor Bellerín Moruno,DEF,Right Back,94.53,1,W,0,0.0,0,0.1971,0,57.0,41.0,5.0,3.0,15.0,8.0,0,3.0,45.0,5.0,2.0,7.0
3754174,2015-09-26,Premier League,Arsenal,Leicester City,3517,Aaron Ramsey,FWD,Right Wing,76.7,1,W,0.0,0.0,0.1816,0,3.0,41.0,36.0,8.0,6.0,18.0,4.0,0,2.0,36.0,2.0,5.0,8.0
3754174,2015-09-26,Premier League,Arsenal,Leicester City,3525,Alex Oxlade-Chamberlain,FWD,Right Wing,17.83,0,W,0,0.0,0,0.1978,0,5.0,4.0,1.0,0.0,1.0,1.0,0,0,7.0,2.0,2.0,1.0
3754174,2015-09-26,Premier League,Arsenal,Leicester City,3604,Olivier Giroud,FWD,Center Forward,14.55,0,W,1.0,0.0,0.2132,0,1.0,2.0,1.0,0.0,0.0,2.0,0,0,0,1.0,0.0,1.0,0.0
3754174,2015-09-26,Premier League,Arsenal,Leicester City,3668,Theo Walcott,FWD,Center Forward,79.98,1,W,1.0,0.0,1.0015,0.1087,8.0,14.0,13.0,0.0,0.0,2.0,0,0,1.0,15.0,2.0,1.0,2.0
3754174,2015-09-26,Premier League,Arsenal,Leicester City,6631,Mathieu Flamini,MID,Right Center Midfield,20.52,1,W,0,0.0,0,0,0,5.0,4.0,1.0,0.0,3.0,1.0,0,2.0,5.0,0.0,0.0,1.0
3754174,2015-09-26,Premier League,Arsenal,Leicester City,11386,Santiago Cazorla González,MID,Left Center Midfield,94.53,1,W,0.0,1.0,0.1726,0.6076,5.0,87.0,75.0,17.0,10.0,20.0,11.0,1.0,4.0,77.0,2.0,4.0,20.0
3754174,2015-09-26,Premier League,Arsenal,Leicester City,42703,Mikel Arteta Amatriain,MID,Right Center Midfield,74.02,0,W,0,0.0,0,0,0,50.0,43.0,8.0,5.0,14.0,2.0,2.0,0,36.0,0.0,4.0,8.0
267611,2015-09-26,La Liga,Barcelona,Las Palmas,3508,Sandro Ramírez Castillo,FWD,Right Wing,13.83,0,W,0.0,0.0,0.2387,0,2.0,2.0,1.0,0.0,0.0,5.0,1.0,0,0,5.0,0.0,1.0,0.0
267611,2015-09-26,La Liga,Barcelona,Las Palmas,4320,Neymar da Silva Santos Junior,FWD,Left Wing,93.15,1,W,0.0,0.0,1.3506,0.2075,5.0,30.0,25.0,1.0,1.0,16.0,3.0,0,1.0,43.0,5.0,1.0,2.0
267611,2015-09-26,La Liga,Barcelona,Las Palmas,5203,Sergio Busquets i Burgos,MID,Left Center Midfield,93.15,1,W,0.0,1.0,0.0181,0.1389,1.0,51.0,42.0,9.0,5.0,18.0,4.0,2.0,3.0,37.0,0.0,5.0,10.0
267611,2015-09-26,La Liga,Barcelona,Las Palmas,5213,Gerard Piqué Bernabéu,DEF,Right Center Back,93.15,1,W,0,0.0,0,0,0,81.0,72.0,7.0,3.0,5.0,8.0,1.0,3.0,59.0,4.0,1.0,7.0
267611,2015-09-26,La Liga,Barcelona,Las Palmas,5246,Luis Alberto Suárez Díaz,FWD,Center Forward,93.15,1,W,2.0,0.0,0.3839,0.5509,5.0,20.0,16.0,3.0,2.0,8.0,3.0,0,0,19.0,2.0,3.0,7.0
267611,2015-09-26,La Liga,Barcelona,Las Palmas,5470,Ivan Rakitić,MID,Right Center Midfield,93.15,1,W,0.0,0.0,0.0488,0.1405,1.0,83.0,66.0,17.0,9.0,11.0,9.0,1.0,0,65.0,4.0,16.0,17.0
267611,2015-09-26,La Liga,Barcelona,Las Palmas,5503,Lionel Andrés Messi Cuccittini,FWD,Right Wing,9.17,1,W,0,0.0,0,0,0,5.0,4.0,1.0,1.0,0,0,0,0,6.0,1.0,0.0,1.0
267611,2015-09-26,La Liga,Barcelona,Las Palmas,5506,Javier Alejandro Mascherano,MID,Center Defensive Midfield,93.15,1,W,0.0,0.0,0.0225,0.0603,1.0,83.0,80.0,20.0,8.0,20.0,5.0,4.0,5.0,62.0,4.0,9.0,20.0
267611,2015-09-26,La Liga,Barcelona,Las Palmas,6379,Sergi Roberto Carnicer,DEF,Right Back,93.15,1,W,0,1.0,0,0.0724,0,84.0,71.0,10.0,3.0,10.0,5.0,0,3.0,64.0,10.0,4.0,11.0
267611,2015-09-26,La Liga,Barcelona,Las Palmas,6616,Munir El Haddadi Mohamed,FWD,Right Wing,70.15,0,W,0.0,0.0,0.0291,0.0136,1.0,33.0,22.0,2.0,0.0,21.0,4.0,0,0,31.0,2.0,4.0,3.0
267611,2015-09-26,La Liga,Barcelona,Las Palmas,6834,Gerard Gumbau Garriga,DEF,Left Back,3.13,0,W,0,0.0,0,0,0,1.0,1.0,1.0,0.0,0,0,0,0,0,0,0.0,1.0
267611,2015-09-26,La Liga,Barcelona,Las Palmas,7068,Marc Bartra Aregall,DEF,Left Center Back,93.15,1,W,0,0.0,0,0,0,90.0,80.0,11.0,3.0,13.0,10.0,1.0,4.0,72.0,5.0,3.0,11.0
267611,2015-09-26,La Liga,Barcelona,Las Palmas,20055,Marc-André ter Stegen,GK,Goalkeeper,93.15,1,W,0,0.0,0,0,0,31.0,29.0,1.0,0.0,0,2.0,0,0,17.0,0.0,0.0,1.0
267611,2015-09-26,La Liga,Barcelona,Las Palmas,22102,Adriano Correia Claro,DEF,Left Back,90.02,1,W,0,0.0,0,0,0,64.0,58.0,6.0,5.0,10.0,4.0,3.0,3.0,42.0,0.0,1.0,6.0
3890315,2015-09-26,Bundesliga,Bayer Leverkusen,Werder Bremen,3058,Javier Hernández Balcázar,MID,Left Center Forward,14.77,0,W,0.0,0.0,0.0961,0,2.0,6.0,6.0,0.0,0.0,2.0,0,0,0,8.0,0.0,0.0,0.0
3890315,2015-09-26,Bundesliga,Bayer Leverkusen,Werder Bremen,5555,Julian Brandt,MID,Left Midfield,71.72,1,W,1.0,0.0,0.0857,0,1.0,37.0,28.0,1.0,2.0,17.0,5.0,1.0,2.0,33.0,6.0,2.0,1.0
3890315,2015-09-26,Bundesliga,Bayer Leverkusen,Werder Bremen,7039,Hakan Çalhanoğlu,MID,Right Midfield,18.63,0,W,0.0,0.0,0.0407,0.2771,2.0,17.0,15.0,0.0,0.0,3.0,2.0,0,0,16.0,0.0,0.0,2.0
3890315,2015-09-26,Bundesliga,Bayer Leverkusen,Werder Bremen,8213,Karim Bellarabi,MID,Right Center Forward,58.0,1,W,0.0,0.0,0.0605,0,1.0,21.0,17.0,0.0,0.0,15.0,2.0,0,1.0,25.0,2.0,1.0,0.0
3890315,2015-09-26,Bundesliga,Bayer Leverkusen,Werder Bremen,8219,Admir Mehmedi,MID,Right Midfield,75.58,1,W,1.0,0.0,0.1411,0,2.0,40.0,26.0,5.0,2.0,15.0,5.0,0,1.0,41.0,3.0,4.0,5.0
3890315,2015-09-26,Bundesliga,Bayer Leverkusen,Werder Bremen,8221,Jonathan Tah,DEF,Right Center Back,90.35,1,W,0.0,0.0,0.297,0,3.0,31.0,27.0,4.0,3.0,12.0,12.0,1.0,1.0,25.0,1.0,2.0,4.0
3890315,2015-09-26,Bundesliga,Bayer Leverkusen,Werder Bremen,8222,Kevin Kampl,MID,Right Center Forward,32.35,0,W,1.0,0.0,0.2594,0.0247,2.0,17.0,13.0,0.0,1.0,4.0,2.0,0,0,18.0,0.0,1.0,1.0
3890315,2015-09-26,Bundesliga,Bayer Leverkusen,Werder Bremen,8313,Kyriakos Papadopoulos,DEF,Left Center Back,90.35,1,W,0,0.0,0,0,0,35.0,26.0,3.0,1.0,7.0,4.0,0,0,16.0,0.0,2.0,3.0
3890315,2015-09-26,Bundesliga,Bayer Leverkusen,Werder Bremen,8549,Giulio Donati,DEF,Right Back,90.35,1,W,0.0,0.0,0.0275,0,1.0,60.0,42.0,17.0,8.0,8.0,5.0,1.0,0,33.0,0.0,6.0,17.0
3890315,2015-09-26,Bundesliga,Bayer Leverkusen,Werder Bremen,8805,Christoph Kramer,MID,Left Defensive Midfield,90.35,1,W,0,0.0,0,0.3438,0,82.0,67.0,12.0,5.0,18.0,9.0,2.0,2.0,63.0,2.0,7.0,15.0
3890315,2015-09-26,Bundesliga,Bayer Leverkusen,Werder Bremen,8969,Lars Bender,MID,Right Defensive Midfield,90.35,1,W,0.0,1.0,0.0195,0.1286,1.0,79.0,63.0,10.0,7.0,24.0,10.0,0,4.0,51.0,2.0,10.0,11.0
3890315,2015-09-26,Bundesliga,Bayer Leverkusen,Werder Bremen,11394,Stefan Kießling,MID,Left Center Forward,90.35,1,W,0.0,0.0,0.0621,0.0745,1.0,36.0,25.0,1.0,3.0,11.0,3.0,0,1.0,20.0,2.0,5.0,2.0
3890315,2015-09-26,Bundesliga,Bayer Leverkusen,Werder Bremen,15581,Bernd Leno,GK,Goalkeeper,90.35,1,W,0,0.0,0,0,0,36.0,20.0,10.0,2.0,0,3.0,0,0,18.0,0.0,1.0,10.0
3890315,2015-09-26,Bundesliga,Bayer Leverkusen,Werder Bremen,20415,Sebastian Boenisch,DEF,Left Back,90.35,1,W,0,0.0,0,0.034,0,73.0,47.0,12.0,7.0,7.0,4.0,2.0,4.0,39.0,4.0,8.0,13.0
3879548,2015-09-26,Serie A,Juventus,Napoli,3477,Álvaro Borja Morata Martín,MID,Right Center Forward,22.82,0,L,0.0,0.0,0.1437,0,2.0,5.0,3.0,1.0,1.0,6.0,0,0,0,7.0,0.0,0.0,1.0
3879548,2015-09-26,Serie A,Juventus,Napoli,3579,Roberto Maximiliano Pereyra,MID,Center Attacking Midfield,93.0,1,L,0,0.0,0,0.1695,0,36.0,32.0,3.0,2.0,22.0,7.0,0,2.0,38.0,7.0,3.0,4.0
3879548,2015-09-26,Serie A,Juventus,Napoli,3951,Mario Lemina,MID,Right Center Midfield,93.0,1,L,1.0,0.0,0.163,0,1.0,49.0,43.0,6.0,4.0,26.0,2.0,0,4.0,46.0,2.0,3.0,6.0
3879548,2015-09-26,Serie A,Juventus,Napoli,5689,Juan Guillermo Cuadrado Bello,MID,Center Defensive Midfield,29.58,0,L,0,0.0,0,0.0258,0,13.0,10.0,2.0,1.0,6.0,2.0,0,1.0,14.0,1.0,2.0,3.0
3879548,2015-09-26,Serie A,Juventus,Napoli,5743,Paulo Bruno Exequiel Dybala,MID,Right Center Forward,70.18,1,L,0.0,1.0,0.0266,0.6043,1.0,21.0,18.0,3.0,2.0,17.0,3.0,1.0,0,27.0,3.0,1.0,4.0
3879548,2015-09-26,Serie A,Juventus,Napoli,6584,Simone Zaza,MID,Left Center Forward,93.0,1,L,0.0,0.0,0.1689,0.0892,2.0,13.0,11.0,1.0,1.0,17.0,4.0,1.0,0,14.0,0.0,2.0,2.0
3879548,2015-09-26,Serie A,Juventus,Napoli,6945,Alex Sandro Lobo Silva,DEF,Right Back,4.9,0,L,0,0.0,0,0,0,2.0,2.0,0.0,0.0,2.0,0,0,0,1.0,0.0,0.0,0.0
3879548,2015-09-26,Serie A,Juventus,Napoli,6949,Gianluigi Buffon,GK,Goalkeeper,93.0,1,L,0,0.0,0,0,0,27.0,25.0,2.0,0.0,0,3.0,0,0,12.0,0.0,0.0,2.0
3879548,2015-09-26,Serie A,Juventus,Napoli,6954,Giorgio Chiellini,DEF,Left Center Back,93.0,1,L,0.0,0.0,0.4413,0.0266,1.0,69.0,58.0,6.0,2.0,11.0,9.0,3.0,1.0,58.0,3.0,2.0,6.0
3879548,2015-09-26,Serie A,Juventus,Napoli,7173,Leonardo Bonucci,DEF,Right Center Back,93.0,1,L,0.0,0.0,0.0177,0.0216,1.0,71.0,61.0,12.0,6.0,4.0,5.0,2.0,1.0,55.0,3.0,3.0,13.0
3879548,2015-09-26,Serie A,Juventus,Napoli,7952,Simone Padoin,DEF,Right Back,88.1,1,L,0,0.0,0,0.1012,0,46.0,41.0,5.0,3.0,7.0,6.0,2.0,1.0,34.0,4.0,2.0,7.0
3879548,2015-09-26,Serie A,Juventus,Napoli,20004,Paul Pogba,MID,Left Center Midfield,93.0,1,L,0.0,0.0,0.1708,0,4.0,34.0,24.0,0.0,0.0,34.0,7.0,0,2.0,48.0,4.0,1.0,0.0
3879548,2015-09-26,Serie A,Juventus,Napoli,20008,Patrice Evra,DEF,Left Back,93.0,1,L,0,0.0,0,0,0,61.0,52.0,3.0,4.0,11.0,4.0,2.0,2.0,36.0,1.0,3.0,3.0
3879548,2015-09-26,Serie A,Juventus,Napoli,25345,Anderson Hernanes de Carvalho Andrade,MID,Center Defensive Midfield,63.42,1,L,0,0.0,0,0,0,47.0,41.0,4.0,2.0,17.0,1.0,0,1.0,40.0,0.0,4.0,4.0
3829483,2015-09-26,Ligue 1,Paris Saint-Germain,Nantes,2995,Ángel Fabián Di María Hernández,FWD,Right Wing,81.97,1,W,1.0,1.0,0.4031,0.146,4.0,47.0,28.0,5.0,4.0,12.0,6.0,0,1.0,45.0,6.0,11.0,6.0
3829483,2015-09-26,Ligue 1,Paris Saint-Germain,Nantes,3166,Marco Verratti,MID,Right Center Midfield,91.93,1,W,0,0.0,0,0,0,105.0,95.0,20.0,10.0,23.0,11.0,0,2.0,92.0,2.0,11.0,20.0
3829483,2015-09-26,Ligue 1,Paris Saint-Germain,Nantes,3295,Thiago Emiliano da Silva,DEF,Right Center Back,91.93,1,W,0,0.0,0,0,0,78.0,73.0,7.0,3.0,4.0,3.0,0,2.0,53.0,1.0,3.0,7.0
3829483,2015-09-26,Ligue 1,Paris Saint-Germain,Nantes,3481,Serge Aurier,DEF,Right Back,91.93,1,W,1.0,0.0,0.4752,0,3.0,67.0,57.0,8.0,2.0,23.0,5.0,1.0,2.0,44.0,2.0,3.0,8.0
3829483,2015-09-26,Ligue 1,Paris Saint-Germain,Nantes,3672,Zlatan Ibrahimović,FWD,Center Forward,91.93,1,W,1.0,0.0,0.6785,0,5.0,33.0,21.0,5.0,4.0,7.0,5.0,0,1.0,28.0,0.0,6.0,5.0
3829483,2015-09-26,Ligue 1,Paris Saint-Germain,Nantes,3745,Lucas Rodrigues Moura da Silva,FWD,Left Wing,64.78,1,W,0,0.0,0,0.1628,0,25.0,17.0,0.0,0.0,4.0,0,0,1.0,20.0,4.0,1.0,1.0
3829483,2015-09-26,Ligue 1,Paris Saint-Germain,Nantes,4319,Edinson Roberto Cavani Gómez,FWD,Left Wing,27.15,0,W,1.0,0.0,0.0538,0,1.0,4.0,4.0,0.0,0.0,0,0,0,0,2.0,0.0,0.0,0.0
3829483,2015-09-26,Ligue 1,Paris Saint-Germain,Nantes,4325,Thiago Motta,MID,Center Defensive Midfield,26.97,0,W,0,0.0,0,0,0,39.0,37.0,1.0,0.0,5.0,1.0,1.0,0,26.0,0.0,0.0,1.0
3829483,2015-09-26,Ligue 1,Paris Saint-Germain,Nantes,4326,Layvin Kurzawa,DEF,Left Back,91.93,1,W,0,0.0,0,0,0,65.0,54.0,5.0,2.0,15.0,6.0,1.0,6.0,42.0,5.0,4.0,5.0
3829483,2015-09-26,Ligue 1,Paris Saint-Germain,Nantes,4370,Javier Matías Pastore,MID,Left Center Midfield,91.93,1,W,0.0,2.0,0.0337,0.6385,1.0,70.0,62.0,8.0,6.0,15.0,6.0,1.0,0,51.0,4.0,5.0,11.0
3829483,2015-09-26,Ligue 1,Paris Saint-Germain,Nantes,4372,Marcos Aoás Corrêa,DEF,Left Center Back,91.93,1,W,0,0.0,0,0,0,95.0,91.0,10.0,4.0,12.0,2.0,1.0,0,70.0,0.0,0.0,10.0
3829483,2015-09-26,Ligue 1,Paris Saint-Germain,Nantes,4440,Kevin Trapp,GK,Goalkeeper,91.93,1,W,0,0.0,0,0,0,20.0,17.0,1.0,1.0,1.0,2.0,0,0,6.0,0.0,0.0,1.0
3829483,2015-09-26,Ligue 1,Paris Saint-Germain,Nantes,8515,Benjamin Stambouli,MID,Center Defensive Midfield,64.97,1,W,0,0.0,0,0,0,60.0,54.0,9.0,5.0,13.0,5.0,0,5.0,46.0,0.0,5.0,9.0
3829483,2015-09-26,Ligue 1,Paris Saint-Germain,Nantes,351521,Ezequiel Iván Lavezzi,FWD,Right Wing,9.97,0,W,0.0,0.0,0.1063,0,1.0,10.0,10.0,0.0,0.0,0,1.0,0,0,7.0,0.0,0.0,0.0
3825617,2015-10-03,La Liga,Barcelona,Sevilla,3508,Sandro Ramírez Castillo,FWD,Right Wing,34.08,0,L,0.0,0.0,0.783,0.0385,4.0,11.0,9.0,1.0,2.0,2.0,0,0,0,9.0,1.0,1.0,2.0
3825617,2015-10-03,La Liga,Barcelona,Sevilla,4320,Neymar da Silva Santos Junior,FWD,Left Wing,93.97,1,L,1.0,0.0,1.2587,0.4751,9.0,64.0,48.0,10.0,6.0,8.0,2.0,0,1.0,67.0,13.0,13.0,15.0
3825617,2015-10-03,La Liga,Barcelona,Sevilla,4324,Daniel Alves da Silva,DEF,Left Center Back,34.22,0,L,0,0.0,0,0,0,29.0,20.0,3.0,1.0,3.0,1.0,0,0,23.0,1.0,3.0,3.0
3825617,2015-10-03,La Liga,Barcelona,Sevilla,4691,Claudio Andrés Bravo Muñoz,GK,Goalkeeper,93.97,1,L,0,0.0,0,0,0,32.0,26.0,1.0,1.0,0,4.0,0,0,16.0,0.0,0.0,1.0
3825617,2015-10-03,La Liga,Barcelona,Sevilla,5203,Sergio Busquets i Burgos,MID,Left Center Midfield,93.97,1,L,0,0.0,0,0.5123,0,59.0,53.0,4.0,4.0,19.0,5.0,0,3.0,42.0,0.0,4.0,6.0
3825617,2015-10-03,La Liga,Barcelona,Sevilla,5211,Jordi Alba Ramos,DEF,Left Back,93.97,1,L,0,0.0,0,0.2309,0,71.0,55.0,4.0,3.0,12.0,7.0,3.0,1.0,44.0,4.0,4.0,6.0
3825617,2015-10-03,La Liga,Barcelona,Sevilla,5213,Gerard Piqué Bernabéu,DEF,Right Center Back,93.97,1,L,0.0,0.0,0.5631,0.0234,3.0,55.0,47.0,10.0,5.0,7.0,2.0,0,2.0,42.0,5.0,4.0,11.0
3825617,2015-10-03,La Liga,Barcelona,Sevilla,5246,Luis Alberto Suárez Díaz,FWD,Center Forward,93.97,1,L,0.0,0.0,0.4087,0.6177,6.0,22.0,18.0,1.0,1.0,3.0,4.0,0,0,25.0,3.0,1.0,4.0
3825617,2015-10-03,La Liga,Barcelona,Sevilla,5470,Ivan Rakitić,MID,Right Center Midfield,93.97,1,L,0.0,0.0,0.1345,0.231,3.0,63.0,54.0,12.0,5.0,3.0,2.0,1.0,0,54.0,2.0,9.0,15.0
3825617,2015-10-03,La Liga,Barcelona,Sevilla,5506,Javier Alejandro Mascherano,MID,Center Defensive Midfield,93.97,1,L,0,0.0,0,0,0,62.0,58.0,16.0,8.0,12.0,3.0,4.0,3.0,39.0,4.0,6.0,16.0
3825617,2015-10-03,La Liga,Barcelona,Sevilla,6379,Sergi Roberto Carnicer,DEF,Right Back,93.97,1,L,0.0,0.0,0.1144,0,2.0,67.0,55.0,6.0,4.0,6.0,3.0,1.0,0,41.0,5.0,3.0,6.0
3825617,2015-10-03,La Liga,Barcelona,Sevilla,6616,Munir El Haddadi Mohamed,FWD,Right Wing,59.88,1,L,0.0,0.0,0.1435,0.05,1.0,19.0,13.0,1.0,0.0,11.0,3.0,1.0,0,19.0,2.0,0.0,3.0
3825617,2015-10-03,La Liga,Barcelona,Sevilla,10609,Jérémy Mathieu,DEF,Left Center Back,59.75,1,L,0,0.0,0,0,0,25.0,23.0,3.0,1.0,4.0,0,3.0,0,16.0,1.0,0.0,3.0
3754171,2015-10-04,Premier League,Arsenal,Manchester United,3385,Alexis Alejandro Sánchez Sánchez,FWD,Left Wing,80.57,1,W,2.0,0.0,0.4617,0.3219,3.0,24.0,17.0,5.0,0.0,10.0,10.0,1.0,2.0,34.0,4.0,3.0,6.0
3754171,2015-10-04,Premier League,Arsenal,Manchester United,3437,Francis Joseph Coquelin,MID,Right Center Midfield,92.07,1,W,0,0.0,0,0,0,32.0,28.0,2.0,1.0,10.0,5.0,0,2.0,23.0,0.0,2.0,2.0
3754171,2015-10-04,Premier League,Arsenal,Manchester United,3461,Petr Čech,GK,Goalkeeper,92.07,1,W,0,0.0,0,0,0,33.0,15.0,4.0,0.0,1.0,8.0,0,0,17.0,0.0,0.0,4.0
3754171,2015-10-04,Premier League,Arsenal,Manchester United,3475,Per Mertesacker,DEF,Right Center Back,92.07,1,W,0,0.0,0,0,0,44.0,38.0,1.0,1.0,9.0,2.0,2.0,3.0,31.0,0.0,1.0,1.0
3754171,2015-10-04,Premier League,Arsenal,Manchester United,3496,Mesut Özil,MID,Center Attacking Midfield,74.93,1,W,1.0,1.0,0.375,0.4014,4.0,38.0,33.0,9.0,9.0,8.0,5.0,0,1.0,30.0,2.0,5.0,10.0
3754171,2015-10-04,Premier League,Arsenal,Manchester United,3498,Ignacio Monreal Eraso,DEF,Left Back,92.07,1,W,0,0.0,0,0.1606,0,35.0,27.0,5.0,0.0,11.0,6.0,0,2.0,20.0,2.0,1.0,6.0
3754171,2015-10-04,Premier League,Arsenal,Manchester United,3511,Héctor Bellerín Moruno,DEF,Right Back,92.07,1,W,0,0.0,0,0.129,0,43.0,32.0,5.0,4.0,13.0,2.0,0,2.0,29.0,5.0,5.0,5.0
3754171,2015-10-04,Premier League,Arsenal,Manchester United,3517,Aaron Ramsey,FWD,Right Wing,92.07,1,W,0.0,0.0,0.3015,0,1.0,49.0,45.0,3.0,2.0,34.0,7.0,0,4.0,49.0,3.0,2.0,3.0
3754171,2015-10-04,Premier League,Arsenal,Manchester United,3525,Alex Oxlade-Chamberlain,MID,Center Attacking Midfield,17.13,0,W,0.0,0.0,0.129,0.2084,1.0,5.0,4.0,0.0,0.0,6.0,1.0,0,0,4.0,2.0,0.0,1.0
3754171,2015-10-04,Premier League,Arsenal,Manchester United,3528,Kieran Gibbs,FWD,Left Wing,11.5,0,W,0,0.0,0,0,0,1.0,1.0,0.0,0.0,2.0,0,0,1.0,2.0,0.0,0.0,0.0
3754171,2015-10-04,Premier League,Arsenal,Manchester United,3604,Olivier Giroud,FWD,Center Forward,17.57,0,W,0.0,0.0,0.2084,0,1.0,3.0,1.0,0.0,0.0,6.0,1.0,0,0,2.0,1.0,0.0,0.0
3754171,2015-10-04,Premier League,Arsenal,Manchester United,3668,Theo Walcott,FWD,Center Forward,74.5,1,W,0.0,2.0,0.0395,0.2065,1.0,12.0,9.0,1.0,0.0,9.0,1.0,1.0,0,18.0,1.0,1.0,3.0
3754171,2015-10-04,Premier League,Arsenal,Manchester United,6746,Gabriel Armando de Abreu,DEF,Left Center Back,92.07,1,W,0,0.0,0,0,0,37.0,33.0,1.0,0.0,6.0,1.0,0,2.0,23.0,0.0,0.0,1.0
3754171,2015-10-04,Premier League,Arsenal,Manchester United,11386,Santiago Cazorla González,MID,Left Center Midfield,92.07,1,W,0.0,0.0,0.0204,0.021,1.0,60.0,49.0,11.0,5.0,13.0,11.0,0,1.0,43.0,1.0,5.0,11.0
3890330,2015-10-04,Bundesliga,Bayer Leverkusen,Augsburg,3058,Javier Hernández Balcázar,MID,Left Center Forward,74.37,1,D,0.0,0.0,0.0979,0,3.0,22.0,19.0,0.0,0.0,14.0,2.0,0,0,27.0,0.0,1.0,0.0
3890330,2015-10-04,Bundesliga,Bayer Leverkusen,Augsburg,5555,Julian Brandt,MID,Right Center Forward,16.88,0,D,0.0,0.0,0.1465,0.0446,1.0,7.0,7.0,1.0,0.0,2.0,0,0,0,6.0,2.0,0.0,2.0
3890330,2015-10-04,Bundesliga,Bayer Leverkusen,Augsburg,7039,Hakan Çalhanoğlu,MID,Left Midfield,74.55,1,D,0.0,0.0,1.0692,0.187,5.0,67.0,46.0,10.0,3.0,9.0,2.0,0,1.0,48.0,3.0,14.0,12.0
3890330,2015-10-04,Bundesliga,Bayer Leverkusen,Augsburg,8212,Wendell Nascimento Borges,DEF,Left Back,94.87,1,D,0.0,0.0,0.032,0.0309,1.0,86.0,64.0,15.0,6.0,14.0,10.0,1.0,2.0,58.0,8.0,5.0,16.0
3890330,2015-10-04,Bundesliga,Bayer Leverkusen,Augsburg,8213,Karim Bellarabi,MID,Right Center Forward,77.98,1,D,1.0,0.0,0.4647,0.2333,2.0,22.0,20.0,1.0,1.0,15.0,2.0,0,0,29.0,5.0,2.0,4.0
3890330,2015-10-04,Bundesliga,Bayer Leverkusen,Augsburg,8219,Admir Mehmedi,MID,Left Midfield,20.32,0,D,0.0,0.0,0.0446,0.1974,1.0,12.0,11.0,0.0,0.0,0,4.0,0,0,8.0,0.0,0.0,2.0
3890330,2015-10-04,Bundesliga,Bayer Leverkusen,Augsburg,8221,Jonathan Tah,DEF,Right Center Back,94.87,1,D,0,0.0,0,0,0,61.0,52.0,12.0,2.0,6.0,13.0,4.0,1.0,47.0,1.0,1.0,12.0
3890330,2015-10-04,Bundesliga,Bayer Leverkusen,Augsburg,8222,Kevin Kampl,MID,Right Midfield,94.87,1,D,0.0,0.0,0.179,0.0418,3.0,59.0,42.0,9.0,6.0,14.0,4.0,2.0,1.0,53.0,4.0,9.0,10.0
3890330,2015-10-04,Bundesliga,Bayer Leverkusen,Augsburg,8313,Kyriakos Papadopoulos,DEF,Left Center Back,94.87,1,D,0.0,0.0,0.2834,0,2.0,53.0,43.0,7.0,4.0,6.0,6.0,1.0,1.0,27.0,0.0,4.0,7.0
3890330,2015-10-04,Bundesliga,Bayer Leverkusen,Augsburg,8549,Giulio Donati,DEF,Right Back,94.87,1,D,0,0.0,0,0,0,59.0,45.0,15.0,9.0,9.0,9.0,0,0,25.0,1.0,10.0,15.0
3890330,2015-10-04,Bundesliga,Bayer Leverkusen,Augsburg,8805,Christoph Kramer,MID,Left Defensive Midfield,94.87,1,D,0.0,0.0,0.0418,0,1.0,69.0,56.0,5.0,3.0,20.0,2.0,0,2.0,51.0,1.0,4.0,5.0
3890330,2015-10-04,Bundesliga,Bayer Leverkusen,Augsburg,8969,Lars Bender,MID,Right Defensive Midfield,94.87,1,D,0.0,0.0,0.1927,0.1481,3.0,65.0,53.0,12.0,7.0,28.0,5.0,0,0,49.0,1.0,8.0,14.0
3890330,2015-10-04,Bundesliga,Bayer Leverkusen,Augsburg,11394,Stefan Kießling,MID,Left Center Forward,20.5,0,D,0,0.0,0,0,0,6.0,6.0,1.0,1.0,4.0,0,0,0,7.0,1.0,0.0,1.0
3890330,2015-10-04,Bundesliga,Bayer Leverkusen,Augsburg,15581,Bernd Leno,GK,Goalkeeper,94.87,1,D,0,0.0,0,0,0,30.0,22.0,2.0,0.0,0,4.0,0,0,20.0,0.0,0.0,2.0
3879559,2015-10-04,Serie A,Juventus,Bologna,3477,Álvaro Borja Morata Martín,MID,Left Center Forward,75.15,1,W,1.0,1.0,0.8938,0.1231,7.0,15.0,13.0,4.0,0.0,9.0,3.0,0,1.0,18.0,2.0,1.0,4.0
3879559,2015-10-04,Serie A,Juventus,Bologna,3951,Mario Lemina,MID,Left Defensive Midfield,27.02,0,W,0,0.0,0,0,0,44.0,44.0,6.0,2.0,7.0,1.0,0,0,44.0,0.0,0.0,6.0
3879559,2015-10-04,Serie A,Juventus,Bologna,5566,Sami Khedira,MID,Right Defensive Midfield,91.85,1,W,1.0,0.0,0.1752,0.0585,2.0,49.0,44.0,6.0,6.0,12.0,6.0,0,1.0,45.0,0.0,1.0,7.0
3879559,2015-10-04,Serie A,Juventus,Bologna,5689,Juan Guillermo Cuadrado Bello,MID,Right Midfield,93.1,1,W,0,0.0,0,0.3314,0,67.0,55.0,4.0,2.0,15.0,1.0,2.0,1.0,68.0,5.0,2.0,8.0
3879559,2015-10-04,Serie A,Juventus,Bologna,5743,Paulo Bruno Exequiel Dybala,MID,Right Center Forward,93.1,1,W,1.0,0.0,0.8775,0.2345,3.0,35.0,26.0,5.0,2.0,22.0,5.0,1.0,0,41.0,4.0,5.0,7.0
3879559,2015-10-04,Serie A,Juventus,Bologna,6584,Simone Zaza,MID,Left Center Forward,17.95,0,W,0,0.0,0,0,0,5.0,5.0,0.0,0.0,4.0,1.0,0,0,5.0,0.0,0.0,0.0
3879559,2015-10-04,Serie A,Juventus,Bologna,6940,Kwadwo Asamoah,MID,Right Defensive Midfield,1.25,0,W,0,0.0,0,0,0,1.0,1.0,0.0,1.0,0,0,0,0,1.0,0.0,0.0,0.0
3879559,2015-10-04,Serie A,Juventus,Bologna,6943,Andrea Barzagli,DEF,Right Back,93.1,1,W,0,0.0,0,0,0,100.0,88.0,13.0,3.0,3.0,5.0,2.0,1.0,73.0,0.0,3.0,13.0
3879559,2015-10-04,Serie A,Juventus,Bologna,6949,Gianluigi Buffon,GK,Goalkeeper,93.1,1,W,0,0.0,0,0,0,20.0,15.0,0.0,0.0,0,1.0,0,0,11.0,0.0,0.0,0.0
3879559,2015-10-04,Serie A,Juventus,Bologna,6954,Giorgio Chiellini,DEF,Left Center Back,93.1,1,W,0.0,0.0,0.0242,0.0147,1.0,105.0,96.0,18.0,9.0,7.0,4.0,0,1.0,90.0,4.0,9.0,18.0
3879559,2015-10-04,Serie A,Juventus,Bologna,7173,Leonardo Bonucci,DEF,Right Center Back,93.1,1,W,0,0.0,0,0,0,108.0,102.0,9.0,2.0,6.0,3.0,0,1.0,91.0,0.0,1.0,9.0
3879559,2015-10-04,Serie A,Juventus,Bologna,20004,Paul Pogba,MID,Left Midfield,93.1,1,W,0.0,0.0,0.0777,0.056,3.0,66.0,57.0,8.0,4.0,19.0,10.0,1.0,4.0,79.0,4.0,7.0,8.0
3879559,2015-10-04,Serie A,Juventus,Bologna,20008,Patrice Evra,DEF,Left Back,93.1,1,W,0.0,0.0,0.1713,0.0801,2.0,61.0,55.0,8.0,5.0,9.0,5.0,2.0,2.0,55.0,3.0,3.0,11.0
3879559,2015-10-04,Serie A,Juventus,Bologna,25345,Anderson Hernanes de Carvalho Andrade,MID,Left Defensive Midfield,66.08,1,W,0.0,0.0,0.0417,0,2.0,40.0,30.0,5.0,2.0,7.0,4.0,2.0,0,31.0,1.0,6.0,5.0
3829500,2015-10-04,Ligue 1,Paris Saint-Germain,Olympique de Marseille,2995,Ángel Fabián Di María Hernández,FWD,Right Wing,85.92,1,W,0.0,0.0,0.3624,0.3287,4.0,43.0,33.0,8.0,4.0,14.0,4.0,1.0,0,36.0,4.0,9.0,9.0
3829500,2015-10-04,Ligue 1,Paris Saint-Germain,Olympique de Marseille,3166,Marco Verratti,MID,Right Center Midfield,92.97,1,W,0,0.0,0,0.138,0,91.0,86.0,18.0,9.0,43.0,5.0,0,1.0,75.0,2.0,7.0,19.0
3829500,2015-10-04,Ligue 1,Paris Saint-Germain,Olympique de Marseille,3295,Thiago Emiliano da Silva,DEF,Right Center Back,92.97,1,W,0,0.0,0,0,0,48.0,42.0,7.0,0.0,9.0,1.0,1.0,2.0,36.0,0.0,0.0,7.0
3829500,2015-10-04,Ligue 1,Paris Saint-Germain,Olympique de Marseille,3481,Serge Aurier,DEF,Right Back,86.25,1,W,0.0,0.0,0.2831,0.1595,2.0,56.0,41.0,7.0,4.0,24.0,7.0,0,4.0,45.0,5.0,3.0,9.0
3829500,2015-10-04,Ligue 1,Paris Saint-Germain,Olympique de Marseille,3672,Zlatan Ibrahimović,FWD,Center Forward,70.92,1,W,2.0,0.0,1.9283,0,6.0,31.0,23.0,2.0,0.0,13.0,7.0,0,3.0,33.0,3.0,3.0,2.0
3829500,2015-10-04,Ligue 1,Paris Saint-Germain,Olympique de Marseille,3956,David Luiz Moreira Marinho,DEF,Left Center Back,92.97,1,W,0,0.0,0,0.0673,0,49.0,42.0,5.0,1.0,12.0,2.0,1.0,3.0,44.0,0.0,2.0,5.0
3829500,2015-10-04,Ligue 1,Paris Saint-Germain,Olympique de Marseille,4319,Edinson Roberto Cavani Gómez,FWD,Left Wing,92.97,1,W,0.0,0.0,0.0455,0.6298,1.0,30.0,28.0,1.0,0.0,13.0,1.0,0,0,21.0,0.0,0.0,3.0
3829500,2015-10-04,Ligue 1,Paris Saint-Germain,Olympique de Marseille,4325,Thiago Motta,MID,Center Defensive Midfield,92.97,1,W,0,0.0,0,0,0,69.0,62.0,6.0,4.0,21.0,4.0,1.0,2.0,44.0,0.0,2.0,6.0
3829500,2015-10-04,Ligue 1,Paris Saint-Germain,Olympique de Marseille,4370,Javier Matías Pastore,FWD,Center Forward,22.05,0,W,0.0,0.0,0.529,0,1.0,17.0,13.0,1.0,2.0,6.0,0,0,1.0,14.0,1.0,2.0,1.0
3829500,2015-10-04,Ligue 1,Paris Saint-Germain,Olympique de Marseille,4372,Marcos Aoás Corrêa,DEF,Right Back,6.72,0,W,0,0.0,0,0,0,4.0,3.0,1.0,0.0,3.0,1.0,0,1.0,3.0,0.0,0.0,1.0
3829500,2015-10-04,Ligue 1,Paris Saint-Germain,Olympique de Marseille,4375,Blaise Matuidi,MID,Left Center Midfield,92.97,1,W,0.0,0.0,0.0323,0.1209,1.0,48.0,42.0,3.0,3.0,32.0,6.0,0,5.0,42.0,2.0,3.0,4.0
3829500,2015-10-04,Ligue 1,Paris Saint-Germain,Olympique de Marseille,4440,Kevin Trapp,GK,Goalkeeper,92.97,1,W,0,0.0,0,0,0,34.0,25.0,1.0,1.0,0,2.0,0,0,14.0,0.0,0.0,1.0
3829500,2015-10-04,Ligue 1,Paris Saint-Germain,Olympique de Marseille,26613,Maxwell Scherrer Cabelino Andrade,DEF,Left Back,92.97,1,W,0.0,0.0,0.0306,0,1.0,61.0,54.0,5.0,2.0,16.0,5.0,0,4.0,40.0,4.0,2.0,5.0
3829500,2015-10-04,Ligue 1,Paris Saint-Germain,Olympique de Marseille,351521,Ezequiel Iván Lavezzi,FWD,Right Wing,7.05,0,W,0,0.0,0,0,0,4.0,3.0,0.0,0.0,1.0,0,0,1.0,3.0,0.0,0.0,0.0
3753999,2015-10-17,Premier League,Arsenal,Watford,3385,Alexis Alejandro Sánchez Sánchez,FWD,Left Wing,79.85,1,W,1.0,0.0,0.5647,0.6183,4.0,54.0,42.0,7.0,3.0,8.0,5.0,0,3.0,59.0,5.0,7.0,9.0
3753999,2015-10-17,Premier League,Arsenal,Watford,3394,Laurent Koscielny,DEF,Left Center Back,93.3,1,W,0.0,0.0,0.1963,0,1.0,52.0,49.0,5.0,2.0,18.0,4.0,1.0,4.0,38.0,1.0,1.0,5.0
3753999,2015-10-17,Premier League,Arsenal,Watford,3437,Francis Joseph Coquelin,MID,Right Center Midfield,93.3,1,W,0.0,0.0,0.0538,0,1.0,75.0,68.0,15.0,9.0,11.0,11.0,1.0,2.0,68.0,1.0,8.0,15.0
3753999,2015-10-17,Premier League,Arsenal,Watford,3461,Petr Čech,GK,Goalkeeper,93.3,1,W,0,0.0,0,0,0,25.0,16.0,8.0,2.0,0,3.0,0,0,12.0,0.0,0.0,8.0
3753999,2015-10-17,Premier League,Arsenal,Watford,3475,Per Mertesacker,DEF,Right Center Back,93.3,1,W,0,0.0,0,0,0,55.0,51.0,6.0,1.0,6.0,5.0,0,2.0,40.0,1.0,1.0,6.0
3753999,2015-10-17,Premier League,Arsenal,Watford,3496,Mesut Özil,MID,Center Attacking Midfield,80.1,1,W,0,2.0,0,0.8142,0,74.0,59.0,8.0,4.0,7.0,6.0,0,0,64.0,1.0,6.0,11.0
3753999,2015-10-17,Premier League,Arsenal,Watford,3498,Ignacio Monreal Eraso,DEF,Left Back,93.3,1,W,0,0.0,0,0.0792,0,72.0,60.0,13.0,7.0,8.0,5.0,3.0,2.0,45.0,1.0,3.0,15.0
3753999,2015-10-17,Premier League,Arsenal,Watford,3511,Héctor Bellerín Moruno,DEF,Right Back,93.3,1,W,0,1.0,0,0.1985,0,69.0,55.0,4.0,4.0,11.0,5.0,1.0,3.0,61.0,4.0,3.0,5.0
3753999,2015-10-17,Premier League,Arsenal,Watford,3517,Aaron Ramsey,FWD,Right Wing,93.3,1,W,1.0,0.0,0.8122,0.0973,6.0,64.0,54.0,6.0,4.0,13.0,4.0,1.0,2.0,68.0,2.0,2.0,6.0
3753999,2015-10-17,Premier League,Arsenal,Watford,3525,Alex Oxlade-Chamberlain,FWD,Left Wing,13.45,0,W,0,0.0,0,0,0,8.0,7.0,1.0,1.0,2.0,1.0,0,1.0,11.0,2.0,1.0,1.0
3753999,2015-10-17,Premier League,Arsenal,Watford,3604,Olivier Giroud,FWD,Center Forward,30.0,0,W,1.0,0.0,0.2404,0.099,3.0,7.0,5.0,1.0,1.0,6.0,1.0,0,1.0,3.0,0.0,1.0,1.0
3753999,2015-10-17,Premier League,Arsenal,Watford,3668,Theo Walcott,FWD,Center Forward,63.3,1,W,0.0,0.0,0.0973,0,1.0,9.0,8.0,1.0,0.0,5.0,3.0,0,0,10.0,0.0,0.0,1.0
3753999,2015-10-17,Premier League,Arsenal,Watford,11386,Santiago Cazorla González,MID,Left Center Midfield,93.3,1,W,0.0,0.0,0.0468,0.0587,1.0,106.0,95.0,19.0,7.0,10.0,10.0,0,2.0,86.0,4.0,7.0,20.0
3753999,2015-10-17,Premier League,Arsenal,Watford,42703,Mikel Arteta Amatriain,MID,Center Attacking Midfield,13.2,0,W,0,0.0,0,0,0,10.0,9.0,1.0,1.0,2.0,1.0,0,0,8.0,0.0,0.0,1.0
3825627,2015-10-17,La Liga,Barcelona,Rayo Vallecano,3508,Sandro Ramírez Castillo,FWD,Right Wing,55.4,1,W,0.0,0.0,0.4475,0,1.0,13.0,9.0,1.0,2.0,8.0,4.0,2.0,0,17.0,2.0,0.0,1.0
3825627,2015-10-17,La Liga,Barcelona,Rayo Vallecano,4320,Neymar da Silva Santos Junior,FWD,Left Wing,92.22,1,W,4.0,1.0,2.9214,0.3571,7.0,46.0,32.0,5.0,4.0,16.0,6.0,0,1.0,49.0,10.0,3.0,8.0
3825627,2015-10-17,La Liga,Barcelona,Rayo Vallecano,4324,Daniel Alves da Silva,DEF,Right Back,77.5,1,W,0,0.0,0,0,0,44.0,36.0,5.0,4.0,15.0,4.0,4.0,2.0,27.0,2.0,1.0,5.0
3825627,2015-10-17,La Liga,Barcelona,Rayo Vallecano,4691,Claudio Andrés Bravo Muñoz,GK,Goalkeeper,92.22,1,W,0,0.0,0,0,0,54.0,42.0,6.0,1.0,0,2.0,0,0,33.0,0.0,0.0,6.0
3825627,2015-10-17,La Liga,Barcelona,Rayo Vallecano,5203,Sergio Busquets i Burgos,MID,Center Defensive Midfield,75.85,1,W,0,0.0,0,0.8581,0,36.0,32.0,4.0,4.0,15.0,4.0,5.0,2.0,27.0,0.0,4.0,5.0
3825627,2015-10-17,La Liga,Barcelona,Rayo Vallecano,5211,Jordi Alba Ramos,DEF,Left Back,92.22,1,W,0,0.0,0,0,0,45.0,38.0,1.0,0.0,15.0,0,5.0,3.0,28.0,0.0,3.0,1.0
3825627,2015-10-17,La Liga,Barcelona,Rayo Vallecano,5213,Gerard Piqué Bernabéu,DEF,Right Center Back,92.22,1,W,0,0.0,0,0.0553,0,50.0,47.0,9.0,3.0,8.0,4.0,2.0,2.0,36.0,0.0,0.0,10.0
3825627,2015-10-17,La Liga,Barcelona,Rayo Vallecano,5246,Luis Alberto Suárez Díaz,FWD,Center Forward,92.22,1,W,1.0,1.0,0.7402,1.0262,4.0,29.0,15.0,6.0,4.0,12.0,6.0,2.0,0,32.0,2.0,7.0,7.0
3825627,2015-10-17,La Liga,Barcelona,Rayo Vallecano,5470,Ivan Rakitić,MID,Right Center Midfield,92.22,1,W,0.0,0.0,0.4919,0,1.0,45.0,39.0,3.0,3.0,25.0,5.0,4.0,1.0,36.0,3.0,2.0,3.0
3825627,2015-10-17,La Liga,Barcelona,Rayo Vallecano,6379,Sergi Roberto Carnicer,MID,Left Center Midfield,92.22,1,W,0.0,0.0,0.0754,0.4919,1.0,38.0,36.0,4.0,5.0,27.0,5.0,2.0,4.0,39.0,3.0,2.0,4.0
3825627,2015-10-17,La Liga,Barcelona,Rayo Vallecano,6616,Munir El Haddadi Mohamed,FWD,Right Wing,36.82,0,W,0,0.0,0,0,0,8.0,7.0,0.0,0.0,6.0,0,3.0,0,8.0,0.0,0.0,0.0
3825627,2015-10-17,La Liga,Barcelona,Rayo Vallecano,6834,Gerard Gumbau Garriga,MID,Center Defensive Midfield,16.37,0,W,0,0.0,0,0,0,8.0,5.0,0.0,0.0,10.0,1.0,0,1.0,5.0,0.0,0.0,0.0
3825627,2015-10-17,La Liga,Barcelona,Rayo Vallecano,10609,Jérémy Mathieu,DEF,Left Center Back,92.22,1,W,0,0.0,0,0,0,43.0,36.0,4.0,1.0,11.0,6.0,3.0,3.0,33.0,2.0,1.0,4.0
3825627,2015-10-17,La Liga,Barcelona,Rayo Vallecano,27318,Douglas Pereira dos Santos,DEF,Right Back,14.72,0,W,0,0.0,0,0,0,3.0,2.0,0.0,0.0,4.0,0,1.0,0,2.0,0.0,0.0,0.0
3890337,2015-10-17,Bundesliga,Bayer Leverkusen,Hamburger SV,3058,Javier Hernández Balcázar,MID,Right Center Forward,93.12,1,D,0.0,0.0,0.3069,0,3.0,22.0,16.0,2.0,2.0,12.0,1.0,0,1.0,21.0,1.0,2.0,2.0
3890337,2015-10-17,Bundesliga,Bayer Leverkusen,Hamburger SV,5555,Julian Brandt,MID,Left Midfield,62.5,1,D,0.0,0.0,0.1351,0.2458,1.0,30.0,19.0,2.0,0.0,14.0,4.0,0,0,22.0,2.0,3.0,4.0
3890337,2015-10-17,Bundesliga,Bayer Leverkusen,Hamburger SV,6309,Tin Jedvaj,MID,Right Defensive Midfield,34.43,0,D,0,0.0,0,0,0,15.0,10.0,2.0,1.0,12.0,2.0,0,0,7.0,1.0,0.0,2.0
3890337,2015-10-17,Bundesliga,Bayer Leverkusen,Hamburger SV,7039,Hakan Çalhanoğlu,DEF,Right Back,16.42,0,D,0.0,0.0,0.0074,0,1.0,17.0,10.0,4.0,4.0,2.0,5.0,0,0,11.0,0.0,3.0,4.0
3890337,2015-10-17,Bundesliga,Bayer Leverkusen,Hamburger SV,8213,Karim Bellarabi,MID,Right Midfield,93.12,1,D,0.0,0.0,0.0372,0.2051,1.0,27.0,16.0,3.0,1.0,26.0,7.0,0,1.0,30.0,3.0,2.0,4.0
3890337,2015-10-17,Bundesliga,Bayer Leverkusen,Hamburger SV,8219,Admir Mehmedi,MID,Left Midfield,30.62,0,D,0,0.0,0,0,0,11.0,8.0,1.0,1.0,9.0,1.0,0,0,8.0,1.0,2.0,1.0
3890337,2015-10-17,Bundesliga,Bayer Leverkusen,Hamburger SV,8221,Jonathan Tah,DEF,Right Center Back,93.12,1,D,0,0.0,0,0,0,50.0,35.0,6.0,4.0,14.0,10.0,2.0,0,40.0,2.0,7.0,6.0
3890337,2015-10-17,Bundesliga,Bayer Leverkusen,Hamburger SV,8313,Kyriakos Papadopoulos,DEF,Left Center Back,93.12,1,D,0.0,0.0,0.1986,0,1.0,40.0,29.0,1.0,1.0,7.0,4.0,1.0,4.0,25.0,0.0,2.0,1.0
3890337,2015-10-17,Bundesliga,Bayer Leverkusen,Hamburger SV,8549,Giulio Donati,DEF,Right Back,76.7,1,D,0,0.0,0,0.1351,0,48.0,28.0,9.0,4.0,9.0,4.0,3.0,1.0,17.0,1.0,5.0,9.0
3890337,2015-10-17,Bundesliga,Bayer Leverkusen,Hamburger SV,8573,Ömer Toprak,MID,Right Defensive Midfield,58.68,1,D,0.0,0.0,0.0313,0.0296,1.0,41.0,30.0,8.0,8.0,15.0,11.0,2.0,4.0,28.0,1.0,6.0,8.0
3890337,2015-10-17,Bundesliga,Bayer Leverkusen,Hamburger SV,8805,Christoph Kramer,MID,Left Defensive Midfield,93.12,1,D,0.0,0.0,0.0286,0,1.0,60.0,45.0,10.0,2.0,24.0,10.0,0,2.0,44.0,3.0,2.0,10.0
3890337,2015-10-17,Bundesliga,Bayer Leverkusen,Hamburger SV,11394,Stefan Kießling,MID,Left Center Forward,93.12,1,D,0,0.0,0,0.0723,0,34.0,24.0,0.0,1.0,24.0,4.0,0,5.0,20.0,2.0,2.0,1.0
3890337,2015-10-17,Bundesliga,Bayer Leverkusen,Hamburger SV,15581,Bernd Leno,GK,Goalkeeper,93.12,1,D,0,0.0,0,0,0,25.0,16.0,3.0,0.0,0,4.0,0,0,11.0,0.0,0.0,3.0
3890337,2015-10-17,Bundesliga,Bayer Leverkusen,Hamburger SV,20415,Sebastian Boenisch,DEF,Left Back,93.12,1,D,0.0,0.0,0.01,0,1.0,58.0,43.0,8.0,8.0,18.0,7.0,1.0,2.0,28.0,0.0,8.0,8.0
3829504,2015-10-17,Ligue 1,Paris Saint-Germain,Bastia,3026,Adrien Rabiot,MID,Left Center Midfield,91.92,1,W,0.0,0.0,0.0391,0,1.0,74.0,67.0,9.0,8.0,25.0,5.0,1.0,4.0,65.0,5.0,8.0,9.0
3829504,2015-10-17,Ligue 1,Paris Saint-Germain,Bastia,3295,Thiago Emiliano da Silva,DEF,Right Center Back,91.92,1,W,0,0.0,0,0.1168,0,88.0,86.0,14.0,3.0,3.0,4.0,5.0,2.0,67.0,1.0,1.0,14.0
3829504,2015-10-17,Ligue 1,Paris Saint-Germain,Bastia,3481,Serge Aurier,DEF,Right Back,91.92,1,W,0,1.0,0,0.4084,0,63.0,51.0,3.0,2.0,15.0,9.0,3.0,3.0,57.0,1.0,2.0,4.0
3829504,2015-10-17,Ligue 1,Paris Saint-Germain,Bastia,3672,Zlatan Ibrahimović,FWD,Center Forward,91.92,1,W,2.0,0.0,1.0464,0.0067,6.0,44.0,34.0,5.0,6.0,4.0,3.0,0,0,39.0,1.0,7.0,6.0
3829504,2015-10-17,Ligue 1,Paris Saint-Germain,Bastia,3745,Lucas Rodrigues Moura da Silva,FWD,Right Wing,72.5,1,W,0,0.0,0,0.1369,0,40.0,28.0,7.0,7.0,2.0,1.0,1.0,2.0,41.0,9.0,10.0,9.0
3829504,2015-10-17,Ligue 1,Paris Saint-Germain,Bastia,4319,Edinson Roberto Cavani Gómez,FWD,Left Wing,91.92,1,W,0.0,1.0,0.2467,0.3496,3.0,31.0,24.0,1.0,1.0,6.0,3.0,0,3.0,24.0,2.0,1.0,2.0
3829504,2015-10-17,Ligue 1,Paris Saint-Germain,Bastia,4325,Thiago Motta,MID,Center Defensive Midfield,31.0,0,W,0,0.0,0,0,0,36.0,36.0,4.0,3.0,3.0,1.0,1.0,1.0,30.0,0.0,0.0,4.0
3829504,2015-10-17,Ligue 1,Paris Saint-Germain,Bastia,4326,Layvin Kurzawa,DEF,Left Back,6.6,0,W,0,0.0,0,0,0,5.0,5.0,0.0,0.0,3.0,0,1.0,0,4.0,1.0,0.0,0.0
3829504,2015-10-17,Ligue 1,Paris Saint-Germain,Bastia,4370,Javier Matías Pastore,MID,Right Center Midfield,91.92,1,W,0.0,0.0,0.1235,0.1627,2.0,83.0,66.0,20.0,9.0,16.0,5.0,0,2.0,76.0,6.0,18.0,21.0
3829504,2015-10-17,Ligue 1,Paris Saint-Germain,Bastia,4372,Marcos Aoás Corrêa,DEF,Left Center Back,91.92,1,W,0,0.0,0,0,0,96.0,91.0,16.0,4.0,7.0,8.0,0,1.0,78.0,0.0,2.0,16.0
3829504,2015-10-17,Ligue 1,Paris Saint-Germain,Bastia,7469,Salvatore Sirigu,GK,Goalkeeper,91.92,1,W,0,0.0,0,0,0,19.0,14.0,1.0,0.0,0,1.0,0,0,7.0,0.0,0.0,1.0
3829504,2015-10-17,Ligue 1,Paris Saint-Germain,Bastia,8515,Benjamin Stambouli,MID,Center Defensive Midfield,60.92,1,W,0,0.0,0,0,0,48.0,44.0,5.0,1.0,10.0,2.0,2.0,0,45.0,1.0,1.0,5.0
3829504,2015-10-17,Ligue 1,Paris Saint-Germain,Bastia,26613,Maxwell Scherrer Cabelino Andrade,DEF,Left Back,85.32,1,W,0,0.0,0,0.1614,0,73.0,65.0,3.0,0.0,4.0,6.0,1.0,2.0,53.0,2.0,0.0,4.0
3829504,2015-10-17,Ligue 1,Paris Saint-Germain,Bastia,351521,Ezequiel Iván Lavezzi,FWD,Right Wing,19.42,0,W,0,0.0,0,0.0637,0,15.0,9.0,3.0,0.0,5.0,0,1.0,1.0,13.0,1.0,2.0,4.0
3879574,2015-10-18,Serie A,Juventus,Inter Milan,3477,Álvaro Borja Morata Martín,MID,Left Center Forward,70.17,1,D,0,0.0,0,0.6029,0,26.0,18.0,1.0,0.0,15.0,1.0,1.0,0,16.0,2.0,1.0,5.0
3879574,2015-10-18,Serie A,Juventus,Inter Milan,5472,Mario Mandžukić,MID,Left Center Forward,22.88,0,D,0.0,0.0,0.0916,0,1.0,4.0,2.0,0.0,1.0,5.0,0,0,0,2.0,0.0,0.0,0.0
3879574,2015-10-18,Serie A,Juventus,Inter Milan,5566,Sami Khedira,MID,Right Center Midfield,93.05,1,D,0.0,0.0,0.4523,0,1.0,53.0,43.0,7.0,5.0,7.0,5.0,1.0,0,35.0,2.0,3.0,7.0
3879574,2015-10-18,Serie A,Juventus,Inter Milan,5689,Juan Guillermo Cuadrado Bello,DEF,Right Wing Back,93.05,1,D,0.0,0.0,0.163,0.2205,4.0,60.0,48.0,9.0,1.0,18.0,7.0,0,2.0,58.0,5.0,8.0,12.0
3879574,2015-10-18,Serie A,Juventus,Inter Milan,5743,Paulo Bruno Exequiel Dybala,MID,Right Center Forward,15.25,0,D,0,0.0,0,0,0,7.0,5.0,0.0,0.0,1.0,1.0,0,0,6.0,1.0,0.0,0.0
3879574,2015-10-18,Serie A,Juventus,Inter Milan,6584,Simone Zaza,MID,Right Center Forward,77.8,1,D,0.0,0.0,0.0982,0,3.0,21.0,13.0,0.0,1.0,15.0,1.0,0,2.0,18.0,0.0,1.0,0.0
3879574,2015-10-18,Serie A,Juventus,Inter Milan,6943,Andrea Barzagli,DEF,Right Center Back,93.05,1,D,0,0.0,0,0.0088,0,68.0,55.0,17.0,9.0,4.0,4.0,5.0,2.0,41.0,2.0,8.0,18.0
3879574,2015-10-18,Serie A,Juventus,Inter Milan,6949,Gianluigi Buffon,GK,Goalkeeper,93.05,1,D,0,0.0,0,0,0,16.0,16.0,2.0,0.0,0,5.0,0,0,4.0,0.0,0.0,2.0
3879574,2015-10-18,Serie A,Juventus,Inter Milan,6954,Giorgio Chiellini,DEF,Left Center Back,93.05,1,D,0,0.0,0,0.0161,0,51.0,44.0,11.0,4.0,13.0,4.0,2.0,4.0,34.0,5.0,5.0,11.0
3879574,2015-10-18,Serie A,Juventus,Inter Milan,7173,Leonardo Bonucci,DEF,Center Back,93.05,1,D,0.0,0.0,0.0286,0,1.0,54.0,48.0,7.0,1.0,7.0,2.0,0,1.0,36.0,0.0,2.0,7.0
3879574,2015-10-18,Serie A,Juventus,Inter Milan,8294,Claudio Marchisio,MID,Center Defensive Midfield,93.05,1,D,0.0,0.0,0.0688,0,2.0,70.0,60.0,15.0,9.0,12.0,6.0,3.0,2.0,39.0,0.0,9.0,15.0
3879574,2015-10-18,Serie A,Juventus,Inter Milan,20004,Paul Pogba,MID,Left Center Midfield,93.05,1,D,0.0,0.0,0.0889,0.0367,3.0,47.0,40.0,9.0,5.0,22.0,5.0,0,3.0,44.0,5.0,7.0,10.0
3879574,2015-10-18,Serie A,Juventus,Inter Milan,20008,Patrice Evra,DEF,Left Wing Back,93.05,1,D,0,0.0,0,0.0233,0,39.0,30.0,6.0,1.0,4.0,1.0,2.0,2.0,27.0,2.0,0.0,7.0
3754126,2015-10-24,Premier League,Arsenal,Everton,3385,Alexis Alejandro Sánchez Sánchez,FWD,Left Wing,88.67,1,W,0.0,0.0,0.2514,0.1517,3.0,50.0,39.0,5.0,3.0,10.0,7.0,2.0,2.0,64.0,3.0,2.0,6.0
3754126,2015-10-24,Premier League,Arsenal,Everton,3394,Laurent Koscielny,DEF,Left Center Back,94.1,1,W,1.0,0.0,0.3818,0,1.0,45.0,39.0,11.0,4.0,7.0,7.0,1.0,1.0,35.0,2.0,1.0,11.0
3754126,2015-10-24,Premier League,Arsenal,Everton,3437,Francis Joseph Coquelin,MID,Right Defensive Midfield,94.1,1,W,0.0,0.0,0.012,0,1.0,60.0,55.0,12.0,7.0,14.0,7.0,3.0,1.0,56.0,1.0,3.0,12.0
3754126,2015-10-24,Premier League,Arsenal,Everton,3461,Petr Čech,GK,Goalkeeper,94.1,1,W,0,0.0,0,0,0,26.0,17.0,11.0,2.0,0,3.0,0,0,8.0,0.0,0.0,11.0
3754126,2015-10-24,Premier League,Arsenal,Everton,3496,Mesut Özil,MID,Center Attacking Midfield,94.1,1,W,0.0,1.0,0.0879,0.6791,2.0,76.0,67.0,5.0,3.0,9.0,3.0,1.0,0,71.0,4.0,6.0,9.0
3754126,2015-10-24,Premier League,Arsenal,Everton,3498,Ignacio Monreal Eraso,DEF,Left Back,94.1,1,W,0,0.0,0,0.0399,0,50.0,42.0,3.0,4.0,13.0,4.0,1.0,2.0,39.0,0.0,1.0,4.0
3754126,2015-10-24,Premier League,Arsenal,Everton,3511,Héctor Bellerín Moruno,DEF,Right Back,94.1,1,W,0.0,0.0,0.0141,0,1.0,63.0,51.0,5.0,5.0,3.0,4.0,0,2.0,49.0,1.0,4.0,5.0
3754126,2015-10-24,Premier League,Arsenal,Everton,3525,Alex Oxlade-Chamberlain,FWD,Right Wing,80.85,1,W,0.0,0.0,0.1367,0.4271,2.0,34.0,26.0,4.0,2.0,15.0,4.0,1.0,0,42.0,9.0,3.0,5.0
3754126,2015-10-24,Premier League,Arsenal,Everton,3528,Kieran Gibbs,FWD,Left Wing,5.43,0,W,0,0.0,0,0,0,2.0,2.0,0.0,0.0,0,1.0,0,0,5.0,1.0,0.0,0.0
3754126,2015-10-24,Premier League,Arsenal,Everton,3604,Olivier Giroud,FWD,Center Forward,94.1,1,W,1.0,0.0,1.1865,0.0879,6.0,33.0,27.0,2.0,1.0,22.0,3.0,0,5.0,36.0,0.0,1.0,4.0
3754126,2015-10-24,Premier League,Arsenal,Everton,6631,Mathieu Flamini,FWD,Right Wing,13.25,0,W,0.0,0.0,0.2513,0,2.0,9.0,8.0,0.0,0.0,2.0,0,0,0,5.0,0.0,0.0,0.0
3754126,2015-10-24,Premier League,Arsenal,Everton,6746,Gabriel Armando de Abreu,DEF,Right Center Back,94.1,1,W,0.0,0.0,0.1572,0,2.0,40.0,34.0,8.0,3.0,8.0,2.0,1.0,2.0,26.0,1.0,2.0,8.0
3754126,2015-10-24,Premier League,Arsenal,Everton,11386,Santiago Cazorla González,MID,Left Defensive Midfield,94.1,1,W,0,1.0,0,0.7635,0,88.0,75.0,15.0,12.0,11.0,7.0,1.0,2.0,76.0,4.0,6.0,19.0
3890346,2015-10-24,Bundesliga,Bayer Leverkusen,VfB Stuttgart,3058,Javier Hernández Balcázar,MID,Left Center Forward,93.42,1,W,1.0,0.0,1.5966,0,5.0,24.0,15.0,1.0,0.0,10.0,1.0,0,1.0,21.0,2.0,2.0,1.0
3890346,2015-10-24,Bundesliga,Bayer Leverkusen,VfB Stuttgart,5555,Julian Brandt,MID,Right Midfield,56.03,1,W,0,0.0,0,0.1664,0,18.0,15.0,0.0,1.0,16.0,2.0,0,1.0,18.0,3.0,1.0,2.0
3890346,2015-10-24,Bundesliga,Bayer Leverkusen,VfB Stuttgart,7039,Hakan Çalhanoğlu,MID,Right Defensive Midfield,93.42,1,W,0.0,1.0,0.2096,0.2536,3.0,64.0,46.0,14.0,10.0,30.0,6.0,0,1.0,45.0,3.0,10.0,15.0
3890346,2015-10-24,Bundesliga,Bayer Leverkusen,VfB Stuttgart,8212,Wendell Nascimento Borges,DEF,Left Back,93.42,1,W,0.0,0.0,0.0419,0.5112,1.0,66.0,53.0,12.0,4.0,16.0,4.0,1.0,2.0,43.0,2.0,4.0,13.0
3890346,2015-10-24,Bundesliga,Bayer Leverkusen,VfB Stuttgart,8213,Karim Bellarabi,MID,Right Midfield,37.38,0,W,1.0,1.0,0.2033,0.2584,3.0,9.0,6.0,1.0,1.0,10.0,4.0,0,0,10.0,3.0,0.0,3.0
3890346,2015-10-24,Bundesliga,Bayer Leverkusen,VfB Stuttgart,8219,Admir Mehmedi,MID,Left Midfield,93.42,1,W,1.0,0.0,0.1887,0.5453,4.0,51.0,35.0,3.0,5.0,12.0,9.0,0,2.0,47.0,1.0,5.0,5.0
3890346,2015-10-24,Bundesliga,Bayer Leverkusen,VfB Stuttgart,8221,Jonathan Tah,DEF,Right Center Back,93.42,1,W,0.0,0.0,0.1071,0,1.0,48.0,35.0,3.0,1.0,12.0,8.0,1.0,1.0,23.0,0.0,1.0,3.0
3890346,2015-10-24,Bundesliga,Bayer Leverkusen,VfB Stuttgart,8222,Kevin Kampl,MID,Left Defensive Midfield,93.42,1,W,0,0.0,0,0.1084,0,62.0,49.0,11.0,9.0,26.0,10.0,0,3.0,51.0,1.0,3.0,12.0
3890346,2015-10-24,Bundesliga,Bayer Leverkusen,VfB Stuttgart,8313,Kyriakos Papadopoulos,DEF,Left Center Back,27.52,0,W,0,0.0,0,0,0,13.0,9.0,1.0,2.0,2.0,0,0,0,7.0,0.0,0.0,1.0
3890346,2015-10-24,Bundesliga,Bayer Leverkusen,VfB Stuttgart,8573,Ömer Toprak,DEF,Left Center Back,65.9,1,W,0,0.0,0,0,0,49.0,35.0,6.0,2.0,12.0,3.0,1.0,1.0,29.0,0.0,1.0,6.0
3890346,2015-10-24,Bundesliga,Bayer Leverkusen,VfB Stuttgart,11394,Stefan Kießling,MID,Right Center Forward,86.43,1,W,0.0,0.0,0.5034,0,1.0,30.0,18.0,1.0,2.0,23.0,5.0,1.0,0,11.0,0.0,4.0,1.0
3890346,2015-10-24,Bundesliga,Bayer Leverkusen,VfB Stuttgart,15581,Bernd Leno,GK,Goalkeeper,93.42,1,W,0,0.0,0,0,0,38.0,29.0,2.0,0.0,1.0,5.0,0,0,20.0,0.0,0.0,2.0
3890346,2015-10-24,Bundesliga,Bayer Leverkusen,VfB Stuttgart,20415,Sebastian Boenisch,DEF,Right Back,93.42,1,W,1.0,0.0,0.1127,0,1.0,66.0,35.0,12.0,2.0,13.0,2.0,3.0,4.0,27.0,0.0,4.0,12.0
3890346,2015-10-24,Bundesliga,Bayer Leverkusen,VfB Stuttgart,24428,Vladlen Yurchenko,MID,Right Center Forward,6.98,0,W,0,0.0,0,0,0,3.0,2.0,0.0,0.0,0,1.0,0,0,2.0,0.0,0.0,0.0
3825637,2015-10-25,La Liga,Barcelona,Eibar,3508,Sandro Ramírez Castillo,FWD,Right Wing,55.37,1,W,0.0,1.0,0.3451,0.5761,2.0,14.0,11.0,1.0,1.0,6.0,1.0,0,0,13.0,0.0,0.0,2.0
3825637,2015-10-25,La Liga,Barcelona,Eibar,4320,Neymar da Silva Santos Junior,FWD,Left Wing,94.9,1,W,0.0,2.0,0.0975,0.3796,2.0,55.0,41.0,5.0,2.0,10.0,2.0,0,1.0,64.0,6.0,5.0,6.0
3825637,2015-10-25,La Liga,Barcelona,Eibar,4324,Daniel Alves da Silva,DEF,Right Back,94.9,1,W,0.0,0.0,0.0216,0.0323,1.0,84.0,70.0,11.0,6.0,16.0,7.0,3.0,2.0,68.0,6.0,7.0,12.0
3825637,2015-10-25,La Liga,Barcelona,Eibar,4691,Claudio Andrés Bravo Muñoz,GK,Goalkeeper,94.9,1,W,0,0.0,0,0,0,33.0,32.0,3.0,0.0,1.0,4.0,0,0,19.0,0.0,0.0,3.0
3825637,2015-10-25,La Liga,Barcelona,Eibar,5203,Sergio Busquets i Burgos,MID,Left Center Midfield,94.9,1,W,0,0.0,0,0,0,58.0,49.0,14.0,4.0,12.0,6.0,4.0,2.0,43.0,0.0,4.0,14.0
3825637,2015-10-25,La Liga,Barcelona,Eibar,5211,Jordi Alba Ramos,DEF,Left Back,94.9,1,W,0,0.0,0,0,0,82.0,70.0,6.0,7.0,8.0,8.0,4.0,0,53.0,1.0,4.0,6.0
3825637,2015-10-25,La Liga,Barcelona,Eibar,5213,Gerard Piqué Bernabéu,DEF,Right Center Back,94.9,1,W,0,0.0,0,0,0,62.0,59.0,15.0,3.0,4.0,6.0,4.0,0,49.0,1.0,2.0,15.0
3825637,2015-10-25,La Liga,Barcelona,Eibar,5246,Luis Alberto Suárez Díaz,FWD,Center Forward,94.9,1,W,3.0,0.0,1.0545,0.1099,6.0,26.0,19.0,4.0,2.0,9.0,6.0,0,2.0,23.0,2.0,4.0,5.0
3825637,2015-10-25,La Liga,Barcelona,Eibar,5470,Ivan Rakitić,MID,Right Center Midfield,94.9,1,W,0.0,0.0,0.0989,0.0216,2.0,59.0,46.0,8.0,3.0,16.0,3.0,2.0,1.0,41.0,1.0,3.0,9.0
3825637,2015-10-25,La Liga,Barcelona,Eibar,5506,Javier Alejandro Mascherano,MID,Center Defensive Midfield,82.87,1,W,0,0.0,0,0.0197,0,65.0,57.0,11.0,7.0,15.0,3.0,1.0,6.0,42.0,0.0,5.0,11.0
3825637,2015-10-25,La Liga,Barcelona,Eibar,6616,Munir El Haddadi Mohamed,FWD,Right Wing,39.53,0,W,0,0.0,0,0,0,13.0,10.0,1.0,0.0,5.0,1.0,2.0,0,14.0,2.0,0.0,1.0
3825637,2015-10-25,La Liga,Barcelona,Eibar,7068,Marc Bartra Aregall,DEF,Left Center Back,55.47,1,W,0.0,0.0,0.0935,0,1.0,48.0,43.0,4.0,0.0,6.0,6.0,5.0,0,47.0,1.0,0.0,4.0
3825637,2015-10-25,La Liga,Barcelona,Eibar,10609,Jérémy Mathieu,DEF,Left Center Back,39.43,0,W,0,0.0,0,0,0,27.0,23.0,3.0,0.0,1.0,0,3.0,0,21.0,1.0,0.0,3.0
3879580,2015-10-25,Serie A,Juventus,Atalanta,3477,Álvaro Borja Morata Martín,MID,Left Center Forward,15.78,0,W,0.0,0.0,0.0099,0,1.0,5.0,5.0,0.0,0.0,5.0,2.0,0,0,6.0,0.0,0.0,0.0
3879580,2015-10-25,Serie A,Juventus,Atalanta,3579,Roberto Maximiliano Pereyra,MID,Center Attacking Midfield,36.75,1,W,0,0.0,0,0.0449,0,24.0,20.0,2.0,3.0,5.0,2.0,0,0,24.0,4.0,1.0,4.0
3879580,2015-10-25,Serie A,Juventus,Atalanta,5472,Mario Mandžukić,MID,Left Center Forward,76.17,1,W,1.0,0.0,0.7265,0,2.0,8.0,6.0,1.0,1.0,21.0,1.0,0,2.0,9.0,0.0,1.0,1.0
3879580,2015-10-25,Serie A,Juventus,Atalanta,5566,Sami Khedira,MID,Right Center Midfield,87.92,1,W,0.0,0.0,0.0913,0,2.0,64.0,59.0,4.0,4.0,18.0,4.0,0,1.0,48.0,2.0,5.0,4.0
3879580,2015-10-25,Serie A,Juventus,Atalanta,5743,Paulo Bruno Exequiel Dybala,MID,Right Center Forward,91.95,1,W,1.0,1.0,0.8944,0.7746,9.0,55.0,42.0,8.0,7.0,14.0,5.0,0,1.0,56.0,3.0,9.0,10.0
3879580,2015-10-25,Serie A,Juventus,Atalanta,6940,Kwadwo Asamoah,MID,Center Attacking Midfield,55.2,0,W,0,0.0,0,0,0,54.0,52.0,1.0,1.0,7.0,2.0,1.0,0,47.0,2.0,1.0,1.0
3879580,2015-10-25,Serie A,Juventus,Atalanta,6949,Gianluigi Buffon,GK,Goalkeeper,91.95,1,W,0,0.0,0,0,0,23.0,18.0,1.0,0.0,0,4.0,0,0,10.0,0.0,0.0,1.0
3879580,2015-10-25,Serie A,Juventus,Atalanta,6954,Giorgio Chiellini,DEF,Left Center Back,91.95,1,W,0,0.0,0,0,0,86.0,83.0,7.0,2.0,12.0,5.0,1.0,2.0,74.0,6.0,2.0,7.0
3879580,2015-10-25,Serie A,Juventus,Atalanta,7013,Stefano Sturaro,MID,Right Center Midfield,4.03,0,W,0,0.0,0,0,0,2.0,2.0,0.0,0.0,1.0,0,0,0,2.0,0.0,0.0,0.0
3879580,2015-10-25,Serie A,Juventus,Atalanta,7173,Leonardo Bonucci,DEF,Right Center Back,91.95,1,W,0.0,0.0,0.0382,0,1.0,88.0,84.0,16.0,4.0,4.0,3.0,3.0,3.0,75.0,1.0,1.0,16.0
3879580,2015-10-25,Serie A,Juventus,Atalanta,7952,Simone Padoin,DEF,Right Back,91.95,1,W,0,0.0,0,0,0,54.0,42.0,4.0,3.0,14.0,4.0,0,2.0,26.0,1.0,2.0,4.0
3879580,2015-10-25,Serie A,Juventus,Atalanta,8294,Claudio Marchisio,MID,Center Defensive Midfield,91.95,1,W,0.0,0.0,0.0182,0.0568,1.0,147.0,136.0,29.0,13.0,11.0,4.0,0,1.0,112.0,2.0,8.0,29.0
3879580,2015-10-25,Serie A,Juventus,Atalanta,20004,Paul Pogba,MID,Left Center Midfield,91.95,1,W,0.0,1.0,0.8294,0.5693,3.0,73.0,62.0,9.0,4.0,18.0,9.0,1.0,2.0,70.0,10.0,11.0,12.0
3879580,2015-10-25,Serie A,Juventus,Atalanta,20008,Patrice Evra,DEF,Left Back,91.95,1,W,0,0.0,0,0.2886,0,59.0,47.0,2.0,2.0,11.0,5.0,0,5.0,46.0,1.0,3.0,7.0
3829519,2015-10-25,Ligue 1,Paris Saint-Germain,Saint-Étienne,2995,Ángel Fabián Di María Hernández,FWD,Right Wing,93.13,1,W,0.0,0.0,0.3768,1.0133,3.0,89.0,75.0,7.0,4.0,15.0,9.0,1.0,0,83.0,7.0,8.0,11.0
3829519,2015-10-25,Ligue 1,Paris Saint-Germain,Saint-Étienne,3026,Adrien Rabiot,MID,Left Center Midfield,69.12,1,W,0,0.0,0,0,0,66.0,55.0,4.0,5.0,16.0,6.0,0,1.0,55.0,1.0,6.0,4.0
3829519,2015-10-25,Ligue 1,Paris Saint-Germain,Saint-Étienne,3166,Marco Verratti,MID,Right Center Midfield,93.13,1,W,0,2.0,0,0.3936,0,146.0,138.0,16.0,8.0,21.0,3.0,2.0,2.0,135.0,1.0,6.0,16.0
3829519,2015-10-25,Ligue 1,Paris Saint-Germain,Saint-Étienne,3295,Thiago Emiliano da Silva,DEF,Left Center Back,93.13,1,W,0.0,0.0,0.0253,0,1.0,94.0,88.0,7.0,4.0,12.0,2.0,2.0,2.0,71.0,3.0,0.0,7.0
3829519,2015-10-25,Ligue 1,Paris Saint-Germain,Saint-Étienne,3672,Zlatan Ibrahimović,FWD,Center Forward,69.53,1,W,1.0,1.0,1.2637,1.0079,5.0,46.0,40.0,5.0,4.0,7.0,3.0,0,1.0,38.0,5.0,2.0,7.0
3829519,2015-10-25,Ligue 1,Paris Saint-Germain,Saint-Étienne,3745,Lucas Rodrigues Moura da Silva,FWD,Center Forward,23.6,0,W,1.0,0.0,0.1261,0,2.0,22.0,17.0,1.0,1.0,3.0,2.0,0,0,22.0,2.0,2.0,1.0
3829519,2015-10-25,Ligue 1,Paris Saint-Germain,Saint-Étienne,4319,Edinson Roberto Cavani Gómez,FWD,Left Wing,85.13,1,W,1.0,1.0,1.4053,0.917,5.0,36.0,32.0,2.0,2.0,8.0,4.0,1.0,1.0,32.0,0.0,1.0,3.0
3829519,2015-10-25,Ligue 1,Paris Saint-Germain,Saint-Étienne,4325,Thiago Motta,MID,Center Defensive Midfield,93.13,1,W,0.0,0.0,0.1608,0,1.0,134.0,120.0,22.0,9.0,25.0,1.0,0,3.0,116.0,0.0,9.0,22.0
3829519,2015-10-25,Ligue 1,Paris Saint-Germain,Saint-Étienne,4326,Layvin Kurzawa,DEF,Left Back,93.13,1,W,1.0,0.0,0.4469,0,3.0,59.0,50.0,3.0,3.0,14.0,6.0,3.0,1.0,52.0,5.0,2.0,3.0
3829519,2015-10-25,Ligue 1,Paris Saint-Germain,Saint-Étienne,4372,Marcos Aoás Corrêa,DEF,Right Center Back,93.13,1,W,0,0.0,0,0,0,80.0,70.0,2.0,1.0,14.0,5.0,2.0,4.0,56.0,0.0,1.0,2.0
3829519,2015-10-25,Ligue 1,Paris Saint-Germain,Saint-Étienne,4375,Blaise Matuidi,MID,Left Center Midfield,24.02,0,W,0.0,0.0,0.3211,0,1.0,20.0,19.0,3.0,1.0,5.0,3.0,0,0,19.0,0.0,1.0,3.0
3829519,2015-10-25,Ligue 1,Paris Saint-Germain,Saint-Étienne,4440,Kevin Trapp,GK,Goalkeeper,93.13,1,W,0,0.0,0,0,0,30.0,24.0,2.0,0.0,0,3.0,0,0,13.0,0.0,0.0,2.0
3829519,2015-10-25,Ligue 1,Paris Saint-Germain,Saint-Étienne,20048,Gregory van der Wiel,DEF,Right Back,93.13,1,W,0,0.0,0,0.039,0,76.0,65.0,2.0,1.0,24.0,4.0,3.0,6.0,56.0,3.0,4.0,2.0
3829519,2015-10-25,Ligue 1,Paris Saint-Germain,Saint-Étienne,351521,Ezequiel Iván Lavezzi,FWD,Center Forward,8.0,0,W,0,0.0,0,0,0,1.0,1.0,0.0,0.0,4.0,0,0,0,1.0,0.0,0.0,0.0
3879591,2015-10-28,Serie A,Juventus,Sassuolo,3477,Álvaro Borja Morata Martín,MID,Left Center Forward,34.43,0,L,0,0.0,0,0.0086,0,16.0,9.0,2.0,1.0,7.0,4.0,0,0,23.0,2.0,3.0,2.0
3879591,2015-10-28,Serie A,Juventus,Sassuolo,3951,Mario Lemina,MID,Left Defensive Midfield,81.75,1,L,0.0,0.0,0.023,0,1.0,45.0,37.0,1.0,2.0,22.0,9.0,0,1.0,33.0,2.0,2.0,1.0
3879591,2015-10-28,Serie A,Juventus,Sassuolo,5472,Mario Mandžukić,MID,Left Center Forward,59.38,1,L,0.0,0.0,0.1152,0.0545,1.0,16.0,10.0,1.0,0.0,11.0,2.0,0,0,10.0,1.0,1.0,2.0
3879591,2015-10-28,Serie A,Juventus,Sassuolo,5689,Juan Guillermo Cuadrado Bello,MID,Right Midfield,93.82,1,L,0.0,0.0,0.0432,0.036,2.0,50.0,41.0,8.0,8.0,20.0,5.0,2.0,3.0,49.0,6.0,5.0,9.0
3879591,2015-10-28,Serie A,Juventus,Sassuolo,5743,Paulo Bruno Exequiel Dybala,MID,Right Center Forward,77.73,1,L,0.0,0.0,0.036,0.2155,1.0,41.0,21.0,1.0,2.0,13.0,3.0,0,0,28.0,3.0,6.0,4.0
3879591,2015-10-28,Serie A,Juventus,Sassuolo,6584,Simone Zaza,MID,Right Center Forward,16.08,0,L,0,0.0,0,0,0,5.0,3.0,0.0,0.0,2.0,0,0,0,5.0,1.0,0.0,0.0
3879591,2015-10-28,Serie A,Juventus,Sassuolo,6943,Andrea Barzagli,DEF,Right Back,93.82,1,L,0.0,0.0,0.0225,0,1.0,74.0,57.0,8.0,6.0,4.0,5.0,0,0,46.0,0.0,4.0,8.0
3879591,2015-10-28,Serie A,Juventus,Sassuolo,6945,Alex Sandro Lobo Silva,DEF,Left Back,93.82,1,L,0,0.0,0,0.023,0,70.0,56.0,7.0,5.0,17.0,5.0,5.0,2.0,44.0,7.0,3.0,8.0
3879591,2015-10-28,Serie A,Juventus,Sassuolo,6949,Gianluigi Buffon,GK,Goalkeeper,93.82,1,L,0,0.0,0,0,0,29.0,23.0,5.0,1.0,0,4.0,0,0,13.0,0.0,0.0,5.0
3879591,2015-10-28,Serie A,Juventus,Sassuolo,6954,Giorgio Chiellini,DEF,Left Center Back,38.4,1,L,0,0.0,0,0,0,32.0,29.0,4.0,1.0,9.0,1.0,0,3.0,22.0,0.0,0.0,4.0
3879591,2015-10-28,Serie A,Juventus,Sassuolo,7013,Stefano Sturaro,MID,Right Defensive Midfield,93.82,1,L,0.0,0.0,0.057,0.03,2.0,63.0,46.0,5.0,3.0,26.0,7.0,1.0,3.0,40.0,1.0,3.0,6.0
3879591,2015-10-28,Serie A,Juventus,Sassuolo,7173,Leonardo Bonucci,DEF,Right Center Back,93.82,1,L,0.0,0.0,0.1003,0,2.0,73.0,62.0,15.0,4.0,3.0,6.0,0,1.0,50.0,0.0,1.0,15.0
3879591,2015-10-28,Serie A,Juventus,Sassuolo,20004,Paul Pogba,MID,Left Midfield,93.82,1,L,0.0,0.0,0.0845,0.1045,2.0,53.0,43.0,3.0,3.0,19.0,3.0,0,1.0,54.0,6.0,4.0,7.0
3879591,2015-10-28,Serie A,Juventus,Sassuolo,25345,Anderson Hernanes de Carvalho Andrade,MID,Center Defensive Midfield,12.07,0,L,0.0,0.0,0.046,0,2.0,15.0,13.0,2.0,5.0,0,1.0,0,0,14.0,1.0,2.0,2.0
3900490,2015-10-30,Ligue 1,Paris Saint-Germain,Rennes,2995,Ángel Fabián Di María Hernández,FWD,Right Wing,78.98,1,W,1.0,0.0,0.2598,0.1218,5.0,73.0,56.0,17.0,6.0,21.0,3.0,1.0,0,77.0,7.0,16.0,18.0
3900490,2015-10-30,Ligue 1,Paris Saint-Germain,Rennes,3026,Adrien Rabiot,MID,Right Center Midfield,93.07,1,W,0.0,0.0,0.0071,0.0349,1.0,88.0,82.0,16.0,9.0,40.0,7.0,3.0,3.0,95.0,7.0,5.0,18.0
3900490,2015-10-30,Ligue 1,Paris Saint-Germain,Rennes,3166,Marco Verratti,MID,Center Defensive Midfield,28.1,0,W,0,0.0,0,0,0,42.0,39.0,7.0,4.0,10.0,1.0,0,1.0,38.0,0.0,3.0,7.0
3900490,2015-10-30,Ligue 1,Paris Saint-Germain,Rennes,3295,Thiago Emiliano da Silva,DEF,Left Center Back,93.07,1,W,0,0.0,0,0,0,66.0,64.0,6.0,3.0,4.0,3.0,0,0,54.0,0.0,0.0,6.0
3900490,2015-10-30,Ligue 1,Paris Saint-Germain,Rennes,3481,Serge Aurier,DEF,Right Center Back,93.07,1,W,0.0,0.0,0.1652,0,1.0,79.0,70.0,7.0,3.0,13.0,4.0,1.0,5.0,72.0,1.0,0.0,7.0
3900490,2015-10-30,Ligue 1,Paris Saint-Germain,Rennes,3745,Lucas Rodrigues Moura da Silva,FWD,Left Wing,93.07,1,W,0.0,1.0,0.1298,0.2445,3.0,60.0,50.0,7.0,5.0,10.0,5.0,1.0,2.0,76.0,11.0,8.0,9.0
3900490,2015-10-30,Ligue 1,Paris Saint-Germain,Rennes,4325,Thiago Motta,MID,Left Center Midfield,28.1,0,W,0,0.0,0,0,0,52.0,48.0,7.0,5.0,11.0,1.0,0,3.0,50.0,0.0,3.0,7.0
3900490,2015-10-30,Ligue 1,Paris Saint-Germain,Rennes,4375,Blaise Matuidi,MID,Left Center Midfield,64.97,1,W,0,0.0,0,0.1202,0,57.0,50.0,8.0,4.0,15.0,2.0,1.0,0,60.0,2.0,2.0,10.0
3900490,2015-10-30,Ligue 1,Paris Saint-Germain,Rennes,4440,Kevin Trapp,GK,Goalkeeper,93.07,1,W,0,0.0,0,0,0,21.0,15.0,1.0,0.0,0,2.0,0,0,12.0,0.0,0.0,1.0
3900490,2015-10-30,Ligue 1,Paris Saint-Germain,Rennes,8510,Jean-Kévin Augustin,FWD,Right Wing,14.08,0,W,0,0.0,0,0,0,2.0,2.0,0.0,0.0,6.0,1.0,1.0,0,3.0,0.0,0.0,0.0
3900490,2015-10-30,Ligue 1,Paris Saint-Germain,Rennes,8515,Benjamin Stambouli,MID,Center Defensive Midfield,64.97,1,W,0,0.0,0,0.0071,0,54.0,47.0,8.0,3.0,16.0,3.0,1.0,1.0,46.0,1.0,2.0,8.0
3900490,2015-10-30,Ligue 1,Paris Saint-Germain,Rennes,20048,Gregory van der Wiel,DEF,Right Back,93.07,1,W,0,0.0,0,0,0,71.0,61.0,1.0,1.0,17.0,9.0,2.0,3.0,56.0,3.0,2.0,1.0
3900490,2015-10-30,Ligue 1,Paris Saint-Germain,Rennes,26613,Maxwell Scherrer Cabelino Andrade,DEF,Left Back,93.07,1,W,0.0,0.0,0.0198,0.081,1.0,96.0,77.0,15.0,6.0,13.0,8.0,0,3.0,67.0,1.0,9.0,16.0
3900490,2015-10-30,Ligue 1,Paris Saint-Germain,Rennes,351521,Ezequiel Iván Lavezzi,FWD,Center Forward,93.07,1,W,0.0,0.0,0.0901,0,2.0,31.0,26.0,3.0,3.0,24.0,1.0,0,2.0,37.0,1.0,2.0,3.0
3753983,2015-10-31,Premier League,Arsenal,Swansea City,3385,Alexis Alejandro Sánchez Sánchez,FWD,Left Wing,94.07,1,W,0.0,0.0,0.1765,0.2314,3.0,56.0,45.0,9.0,2.0,21.0,6.0,0,0,50.0,3.0,6.0,9.0
3753983,2015-10-31,Premier League,Arsenal,Swansea City,3394,Laurent Koscielny,DEF,Left Center Back,94.07,1,W,1.0,0.0,0.698,0,2.0,50.0,40.0,11.0,2.0,6.0,8.0,0,1.0,37.0,1.0,3.0,11.0
3753983,2015-10-31,Premier League,Arsenal,Swansea City,3437,Francis Joseph Coquelin,MID,Right Center Midfield,94.07,1,W,0,0.0,0,0,0,42.0,41.0,6.0,6.0,14.0,6.0,0,2.0,34.0,1.0,2.0,6.0
3753983,2015-10-31,Premier League,Arsenal,Swansea City,3461,Petr Čech,GK,Goalkeeper,94.07,1,W,0,0.0,0,0,0,29.0,17.0,5.0,1.0,0,2.0,0,0,12.0,0.0,0.0,5.0
3753983,2015-10-31,Premier League,Arsenal,Swansea City,3475,Per Mertesacker,DEF,Right Center Back,94.07,1,W,0,0.0,0,0,0,41.0,34.0,8.0,2.0,0,2.0,0,0,25.0,0.0,1.0,8.0
3753983,2015-10-31,Premier League,Arsenal,Swansea City,3496,Mesut Özil,MID,Center Attacking Midfield,92.13,1,W,0.0,2.0,0.0603,0.4539,1.0,61.0,52.0,5.0,3.0,17.0,5.0,0,1.0,53.0,3.0,2.0,9.0
3753983,2015-10-31,Premier League,Arsenal,Swansea City,3498,Ignacio Monreal Eraso,DEF,Left Back,94.07,1,W,0.0,0.0,0.0586,0,1.0,50.0,37.0,5.0,1.0,21.0,5.0,0,4.0,29.0,1.0,1.0,5.0
3753983,2015-10-31,Premier League,Arsenal,Swansea City,3511,Héctor Bellerín Moruno,DEF,Right Back,94.07,1,W,0,0.0,0,0,0,34.0,27.0,5.0,4.0,12.0,1.0,0,2.0,21.0,1.0,3.0,5.0
3753983,2015-10-31,Premier League,Arsenal,Swansea City,3528,Kieran Gibbs,FWD,Right Wing,10.63,0,W,0,0.0,0,0,0,4.0,2.0,1.0,1.0,4.0,0,0,0,3.0,0.0,1.0,1.0
3753983,2015-10-31,Premier League,Arsenal,Swansea City,3604,Olivier Giroud,FWD,Center Forward,83.17,1,W,1.0,0.0,0.3258,0,2.0,23.0,14.0,0.0,0.0,18.0,1.0,0,0,13.0,1.0,0.0,0.0
3753983,2015-10-31,Premier League,Arsenal,Swansea City,3647,Alex Iwobi,FWD,Right Wing,1.93,0,W,0,0.0,0,0,0,2.0,2.0,0.0,0.0,0,0,0,0,2.0,0.0,0.0,0.0
3753983,2015-10-31,Premier League,Arsenal,Swansea City,3713,Calum Chambers,FWD,Center Forward,10.9,0,W,0,0.0,0,0.0603,0,8.0,8.0,0.0,0.0,5.0,2.0,0,1.0,7.0,2.0,0.0,1.0
3753983,2015-10-31,Premier League,Arsenal,Swansea City,5581,Joel Nathaniel Campbell Samuels,FWD,Right Wing,83.43,1,W,1.0,0.0,0.3281,0,4.0,22.0,14.0,1.0,0.0,18.0,4.0,1.0,3.0,23.0,4.0,2.0,1.0
3753983,2015-10-31,Premier League,Arsenal,Swansea City,11386,Santiago Cazorla González,MID,Left Center Midfield,94.07,1,W,0,0.0,0,0.0853,0,80.0,69.0,21.0,7.0,8.0,6.0,0,1.0,65.0,4.0,14.0,21.0
3825645,2015-10-31,La Liga,Barcelona,Getafe,3508,Sandro Ramírez Castillo,MID,Right Midfield,17.45,0,W,0,0.0,0,0,0,4.0,4.0,1.0,0.0,6.0,1.0,0,0,4.0,1.0,1.0,1.0
3825645,2015-10-31,La Liga,Barcelona,Getafe,4320,Neymar da Silva Santos Junior,FWD,Left Wing,93.03,1,W,1.0,0.0,0.2222,0.9096,2.0,81.0,61.0,11.0,5.0,15.0,4.0,2.0,1.0,77.0,8.0,11.0,13.0
3825645,2015-10-31,La Liga,Barcelona,Getafe,4324,Daniel Alves da Silva,DEF,Right Back,93.03,1,W,0.0,0.0,0.0531,0.0349,3.0,72.0,57.0,5.0,4.0,16.0,6.0,3.0,3.0,58.0,2.0,6.0,6.0
3825645,2015-10-31,La Liga,Barcelona,Getafe,4691,Claudio Andrés Bravo Muñoz,GK,Goalkeeper,93.03,1,W,0,0.0,0,0,0,30.0,27.0,0.0,0.0,0,6.0,0,0,21.0,0.0,0.0,0.0
3825645,2015-10-31,La Liga,Barcelona,Getafe,5203,Sergio Busquets i Burgos,MID,Center Defensive Midfield,93.03,1,W,0,0.0,0,0.025,0,98.0,92.0,13.0,10.0,24.0,4.0,0,2.0,64.0,1.0,7.0,14.0
3825645,2015-10-31,La Liga,Barcelona,Getafe,5211,Jordi Alba Ramos,DEF,Left Back,93.03,1,W,0.0,0.0,0.3452,0.1125,2.0,101.0,83.0,8.0,6.0,16.0,12.0,2.0,2.0,80.0,2.0,5.0,10.0
3825645,2015-10-31,La Liga,Barcelona,Getafe,5213,Gerard Piqué Bernabéu,DEF,Right Center Back,93.03,1,W,0,0.0,0,0,0,77.0,70.0,10.0,5.0,5.0,6.0,2.0,1.0,65.0,5.0,1.0,10.0
3825645,2015-10-31,La Liga,Barcelona,Getafe,5216,Andrés Iniesta Luján,FWD,Right Wing,32.6,0,W,0,0.0,0,0.0086,0,42.0,39.0,9.0,4.0,2.0,1.0,0,0,36.0,4.0,4.0,10.0
3825645,2015-10-31,La Liga,Barcelona,Getafe,5246,Luis Alberto Suárez Díaz,FWD,Center Forward,93.03,1,W,1.0,0.0,0.7397,0,4.0,28.0,20.0,3.0,0.0,15.0,5.0,0,2.0,33.0,4.0,1.0,3.0
3825645,2015-10-31,La Liga,Barcelona,Getafe,5470,Ivan Rakitić,MID,Left Center Midfield,93.03,1,W,0.0,0.0,0.025,0,1.0,86.0,77.0,10.0,9.0,13.0,5.0,2.0,3.0,63.0,2.0,5.0,10.0
3825645,2015-10-31,La Liga,Barcelona,Getafe,6379,Sergi Roberto Carnicer,MID,Right Center Midfield,75.58,1,W,0.0,2.0,0.0349,0.6805,1.0,62.0,49.0,8.0,5.0,10.0,2.0,0,1.0,45.0,5.0,6.0,10.0
3825645,2015-10-31,La Liga,Barcelona,Getafe,6616,Munir El Haddadi Mohamed,FWD,Right Wing,60.43,1,W,0.0,0.0,0.5547,0,1.0,21.0,13.0,0.0,1.0,5.0,0,1.0,0,20.0,0.0,0.0,0.0
3825645,2015-10-31,La Liga,Barcelona,Getafe,10609,Jérémy Mathieu,DEF,Left Center Back,93.03,1,W,0.0,0.0,0.0085,0,1.0,73.0,71.0,6.0,7.0,6.0,0,2.0,0,52.0,3.0,3.0,6.0
3890350,2015-10-31,Bundesliga,Bayer Leverkusen,Wolfsburg,3058,Javier Hernández Balcázar,FWD,Center Forward,80.38,1,L,1.0,0.0,0.4276,0.1017,2.0,15.0,13.0,1.0,0.0,14.0,4.0,0,1.0,16.0,2.0,0.0,2.0
3890350,2015-10-31,Bundesliga,Bayer Leverkusen,Wolfsburg,5555,Julian Brandt,MID,Center Attacking Midfield,21.9,0,L,0,0.0,0,0.0197,0,11.0,8.0,0.0,0.0,4.0,1.0,0,1.0,9.0,1.0,0.0,1.0
3890350,2015-10-31,Bundesliga,Bayer Leverkusen,Wolfsburg,7039,Hakan Çalhanoğlu,MID,Center Attacking Midfield,71.28,1,L,0.0,0.0,0.1088,0.1537,1.0,49.0,28.0,3.0,5.0,12.0,3.0,0,0,31.0,1.0,4.0,4.0
3890350,2015-10-31,Bundesliga,Bayer Leverkusen,Wolfsburg,8212,Wendell Nascimento Borges,DEF,Left Back,93.18,1,L,0.0,0.0,0.0495,0,2.0,55.0,38.0,10.0,7.0,23.0,4.0,7.0,4.0,24.0,2.0,5.0,10.0
3890350,2015-10-31,Bundesliga,Bayer Leverkusen,Wolfsburg,8213,Karim Bellarabi,FWD,Right Wing,93.18,1,L,0.0,0.0,0.041,0.2986,3.0,31.0,23.0,4.0,2.0,35.0,8.0,0,1.0,37.0,4.0,4.0,6.0
3890350,2015-10-31,Bundesliga,Bayer Leverkusen,Wolfsburg,8219,Admir Mehmedi,FWD,Left Wing,93.18,1,L,0.0,0.0,0.1707,0.0519,1.0,36.0,31.0,2.0,2.0,26.0,3.0,0,5.0,33.0,1.0,2.0,3.0
3890350,2015-10-31,Bundesliga,Bayer Leverkusen,Wolfsburg,8221,Jonathan Tah,DEF,Right Center Back,93.18,1,L,0,0.0,0,0.0073,0,49.0,37.0,6.0,3.0,9.0,7.0,1.0,2.0,30.0,1.0,5.0,7.0
3890350,2015-10-31,Bundesliga,Bayer Leverkusen,Wolfsburg,8222,Kevin Kampl,MID,Left Defensive Midfield,93.18,1,L,0.0,0.0,0.0264,0.0147,2.0,48.0,39.0,5.0,6.0,20.0,9.0,0,3.0,46.0,2.0,3.0,5.0
3890350,2015-10-31,Bundesliga,Bayer Leverkusen,Wolfsburg,8313,Kyriakos Papadopoulos,DEF,Left Center Back,75.07,1,L,0.0,0.0,0.0379,0,1.0,27.0,20.0,4.0,1.0,18.0,3.0,1.0,6.0,9.0,0.0,0.0,4.0
3890350,2015-10-31,Bundesliga,Bayer Leverkusen,Wolfsburg,8549,Giulio Donati,DEF,Right Back,93.18,1,L,0,0.0,0,0,0,50.0,34.0,8.0,9.0,14.0,4.0,0,3.0,22.0,1.0,6.0,8.0
3890350,2015-10-31,Bundesliga,Bayer Leverkusen,Wolfsburg,8573,Ömer Toprak,DEF,Left Center Back,18.12,0,L,0.0,0.0,0.0519,0.0066,1.0,11.0,7.0,3.0,2.0,1.0,2.0,0,0,8.0,0.0,0.0,4.0
3890350,2015-10-31,Bundesliga,Bayer Leverkusen,Wolfsburg,8805,Christoph Kramer,MID,Right Defensive Midfield,93.18,1,L,0.0,1.0,0.1017,0.3118,1.0,61.0,50.0,5.0,1.0,32.0,12.0,0,3.0,36.0,6.0,2.0,6.0
3890350,2015-10-31,Bundesliga,Bayer Leverkusen,Wolfsburg,11394,Stefan Kießling,MID,Right Center Forward,12.8,0,L,0,0.0,0,0,0,6.0,6.0,0.0,0.0,3.0,0,0,1.0,3.0,0.0,0.0,0.0
3890350,2015-10-31,Bundesliga,Bayer Leverkusen,Wolfsburg,15581,Bernd Leno,GK,Goalkeeper,93.18,1,L,0,0.0,0,0,0,34.0,17.0,2.0,0.0,1.0,6.0,0,0,12.0,0.0,0.0,2.0
3879597,2015-10-31,Serie A,Juventus,Torino,3477,Álvaro Borja Morata Martín,MID,Right Center Forward,77.57,1,W,0.0,0.0,0.0469,0.0958,1.0,26.0,20.0,0.0,0.0,9.0,2.0,0,0,25.0,1.0,1.0,1.0
3879597,2015-10-31,Serie A,Juventus,Torino,5472,Mario Mandžukić,MID,Left Midfield,17.03,0,W,0,0.0,0,0,0,3.0,2.0,1.0,0.0,2.0,1.0,0,0,3.0,1.0,0.0,1.0
3879597,2015-10-31,Serie A,Juventus,Torino,5566,Sami Khedira,MID,Right Center Midfield,10.18,1,W,0,0.0,0,0,0,3.0,3.0,0.0,0.0,2.0,0,0,0,2.0,0.0,0.0,0.0
3879597,2015-10-31,Serie A,Juventus,Torino,5689,Juan Guillermo Cuadrado Bello,MID,Right Center Midfield,84.42,0,W,1.0,1.0,0.9052,0.157,2.0,29.0,24.0,1.0,0.0,12.0,3.0,1.0,1.0,35.0,2.0,1.0,3.0
3879597,2015-10-31,Serie A,Juventus,Torino,5743,Paulo Bruno Exequiel Dybala,MID,Left Center Forward,86.35,1,W,0.0,0.0,0.1951,0.6663,3.0,44.0,27.0,3.0,1.0,9.0,5.0,0,2.0,47.0,5.0,6.0,4.0
3879597,2015-10-31,Serie A,Juventus,Torino,6943,Andrea Barzagli,DEF,Right Center Back,94.6,1,W,0,0.0,0,0,0,77.0,72.0,17.0,8.0,8.0,4.0,0,1.0,64.0,1.0,6.0,17.0
3879597,2015-10-31,Serie A,Juventus,Torino,6945,Alex Sandro Lobo Silva,MID,Right Midfield,8.25,0,W,0,1.0,0,0.8683,0,6.0,6.0,0.0,0.0,2.0,0,0,0,6.0,0.0,0.0,1.0
3879597,2015-10-31,Serie A,Juventus,Torino,6949,Gianluigi Buffon,GK,Goalkeeper,94.6,1,W,0,0.0,0,0,0,19.0,15.0,1.0,0.0,0,5.0,0,0,7.0,0.0,0.0,1.0
3879597,2015-10-31,Serie A,Juventus,Torino,7173,Leonardo Bonucci,DEF,Left Center Back,94.6,1,W,0.0,0.0,0.0395,0,1.0,77.0,70.0,17.0,4.0,15.0,3.0,2.0,3.0,60.0,1.0,5.0,17.0
3879597,2015-10-31,Serie A,Juventus,Torino,7952,Simone Padoin,DEF,Right Back,94.6,1,W,0,0.0,0,0,0,55.0,49.0,9.0,6.0,5.0,3.0,0,1.0,46.0,1.0,6.0,9.0
3879597,2015-10-31,Serie A,Juventus,Torino,8294,Claudio Marchisio,MID,Center Defensive Midfield,94.6,1,W,0.0,0.0,0.0727,0.1111,2.0,56.0,50.0,6.0,6.0,7.0,3.0,0,1.0,48.0,4.0,5.0,9.0
3879597,2015-10-31,Serie A,Juventus,Torino,20004,Paul Pogba,MID,Left Center Midfield,94.6,1,W,1.0,0.0,0.8964,0.0356,6.0,51.0,46.0,6.0,4.0,16.0,9.0,0,1.0,51.0,3.0,4.0,6.0
3879597,2015-10-31,Serie A,Juventus,Torino,20008,Patrice Evra,DEF,Left Back,94.6,1,W,0,0.0,0,0.0214,0,68.0,62.0,2.0,3.0,6.0,1.0,0,2.0,42.0,2.0,0.0,3.0
3879597,2015-10-31,Serie A,Juventus,Torino,25345,Anderson Hernanes de Carvalho Andrade,MID,Center Attacking Midfield,94.6,1,W,0.0,0.0,0.0594,0.0395,2.0,84.0,81.0,8.0,5.0,13.0,6.0,0,2.0,71.0,6.0,1.0,8.0
3890359,2015-11-07,Bundesliga,Bayer Leverkusen,FC Köln,3058,Javier Hernández Balcázar,FWD,Center Forward,92.98,1,L,1.0,0.0,0.2157,0,2.0,24.0,17.0,0.0,0.0,11.0,4.0,0,1.0,34.0,0.0,2.0,0.0
3890359,2015-11-07,Bundesliga,Bayer Leverkusen,FC Köln,5555,Julian Brandt,FWD,Right Wing,47.98,0,L,0,0.0,0,0,0,24.0,17.0,4.0,0.0,15.0,3.0,1.0,1.0,24.0,2.0,2.0,4.0
3890359,2015-11-07,Bundesliga,Bayer Leverkusen,FC Köln,7039,Hakan Çalhanoğlu,MID,Center Attacking Midfield,92.98,1,L,0.0,0.0,0.0969,0.0972,3.0,43.0,25.0,3.0,2.0,19.0,3.0,1.0,2.0,35.0,2.0,6.0,5.0
3890359,2015-11-07,Bundesliga,Bayer Leverkusen,FC Köln,8212,Wendell Nascimento Borges,DEF,Right Back,77.38,1,L,0,0.0,0,0,0,36.0,30.0,1.0,0.0,13.0,8.0,2.0,3.0,26.0,2.0,2.0,1.0
3890359,2015-11-07,Bundesliga,Bayer Leverkusen,FC Köln,8213,Karim Bellarabi,FWD,Right Wing,45.0,1,L,0.0,0.0,0.1101,0.0298,3.0,18.0,15.0,5.0,3.0,7.0,2.0,1.0,0,25.0,5.0,3.0,5.0
3890359,2015-11-07,Bundesliga,Bayer Leverkusen,FC Köln,8219,Admir Mehmedi,FWD,Left Wing,55.83,1,L,0,1.0,0,0.3572,0,28.0,23.0,1.0,1.0,8.0,5.0,0,1.0,30.0,0.0,0.0,5.0
3890359,2015-11-07,Bundesliga,Bayer Leverkusen,FC Köln,8221,Jonathan Tah,DEF,Right Center Back,92.98,1,L,0,0.0,0,0,0,28.0,17.0,4.0,1.0,8.0,3.0,3.0,0,15.0,0.0,1.0,4.0
3890359,2015-11-07,Bundesliga,Bayer Leverkusen,FC Köln,8222,Kevin Kampl,MID,Left Defensive Midfield,92.98,1,L,0.0,0.0,0.1351,0,1.0,46.0,40.0,5.0,6.0,16.0,8.0,2.0,2.0,42.0,8.0,1.0,5.0
3890359,2015-11-07,Bundesliga,Bayer Leverkusen,FC Köln,8313,Kyriakos Papadopoulos,DEF,Left Center Back,52.47,1,L,0,0.0,0,0,0,19.0,16.0,1.0,0.0,8.0,0,2.0,2.0,13.0,1.0,0.0,1.0
3890359,2015-11-07,Bundesliga,Bayer Leverkusen,FC Köln,8573,Ömer Toprak,MID,Right Defensive Midfield,92.98,1,L,0,0.0,0,0.0251,0,33.0,25.0,2.0,5.0,12.0,3.0,1.0,1.0,20.0,0.0,2.0,3.0
3890359,2015-11-07,Bundesliga,Bayer Leverkusen,FC Köln,9363,André Ramalho Silva,FWD,Left Wing,37.15,0,L,0,0.0,0,0,0,23.0,19.0,4.0,1.0,10.0,1.0,0,0,19.0,0.0,2.0,4.0
3890359,2015-11-07,Bundesliga,Bayer Leverkusen,FC Köln,11394,Stefan Kießling,DEF,Right Back,15.6,0,L,0,0.0,0,0,0,5.0,4.0,0.0,1.0,7.0,0,0,1.0,2.0,0.0,1.0,0.0
3890359,2015-11-07,Bundesliga,Bayer Leverkusen,FC Köln,15581,Bernd Leno,GK,Goalkeeper,92.98,1,L,0,0.0,0,0,0,36.0,28.0,11.0,3.0,0,6.0,0,0,13.0,0.0,0.0,11.0
3890359,2015-11-07,Bundesliga,Bayer Leverkusen,FC Köln,20415,Sebastian Boenisch,DEF,Left Back,92.98,1,L,0.0,0.0,0.1098,0.0657,3.0,50.0,38.0,10.0,6.0,16.0,9.0,3.0,2.0,33.0,2.0,6.0,10.0
3900501,2015-11-07,Ligue 1,Paris Saint-Germain,Toulouse,2995,Ángel Fabián Di María Hernández,FWD,Right Wing,62.67,1,W,1.0,0.0,0.1423,0.044,3.0,73.0,63.0,6.0,4.0,9.0,3.0,0,0,61.0,5.0,8.0,7.0
3900501,2015-11-07,Ligue 1,Paris Saint-Germain,Toulouse,3026,Adrien Rabiot,MID,Right Center Midfield,91.72,1,W,0,0.0,0,0,0,94.0,88.0,14.0,7.0,26.0,4.0,1.0,3.0,76.0,3.0,6.0,14.0
3900501,2015-11-07,Ligue 1,Paris Saint-Germain,Toulouse,3295,Thiago Emiliano da Silva,DEF,Right Center Back,91.72,1,W,0,0.0,0,0.0782,0,84.0,83.0,20.0,9.0,6.0,2.0,2.0,2.0,68.0,1.0,8.0,21.0
3900501,2015-11-07,Ligue 1,Paris Saint-Germain,Toulouse,3672,Zlatan Ibrahimović,FWD,Center Forward,91.72,1,W,2.0,1.0,0.8477,0.501,5.0,61.0,50.0,5.0,5.0,4.0,5.0,0,0,52.0,0.0,4.0,7.0
3900501,2015-11-07,Ligue 1,Paris Saint-Germain,Toulouse,3745,Lucas Rodrigues Moura da Silva,FWD,Left Wing,29.3,0,W,1.0,0.0,0.1247,0,2.0,10.0,10.0,0.0,0.0,8.0,3.0,0,1.0,15.0,3.0,0.0,0.0
3900501,2015-11-07,Ligue 1,Paris Saint-Germain,Toulouse,3956,David Luiz Moreira Marinho,DEF,Left Center Back,91.72,1,W,0,0.0,0,0,0,70.0,68.0,12.0,4.0,12.0,8.0,0,4.0,55.0,1.0,3.0,12.0
3900501,2015-11-07,Ligue 1,Paris Saint-Germain,Toulouse,4319,Edinson Roberto Cavani Gómez,FWD,Left Wing,62.42,1,W,0.0,0.0,0.1586,0,2.0,20.0,18.0,1.0,0.0,7.0,2.0,0,1.0,24.0,0.0,0.0,1.0
3900501,2015-11-07,Ligue 1,Paris Saint-Germain,Toulouse,4325,Thiago Motta,MID,Center Defensive Midfield,77.03,1,W,0,0.0,0,0.137,0,108.0,104.0,27.0,21.0,22.0,4.0,0,2.0,94.0,3.0,11.0,28.0
3900501,2015-11-07,Ligue 1,Paris Saint-Germain,Toulouse,4326,Layvin Kurzawa,DEF,Left Back,91.72,1,W,0.0,0.0,0.0434,0,1.0,78.0,66.0,4.0,2.0,16.0,1.0,2.0,6.0,68.0,1.0,3.0,4.0
3900501,2015-11-07,Ligue 1,Paris Saint-Germain,Toulouse,4375,Blaise Matuidi,MID,Left Center Midfield,91.72,1,W,0,0.0,0,0.0483,0,79.0,76.0,15.0,8.0,37.0,4.0,0,9.0,75.0,0.0,7.0,16.0
3900501,2015-11-07,Ligue 1,Paris Saint-Germain,Toulouse,4440,Kevin Trapp,GK,Goalkeeper,91.72,1,W,0,0.0,0,0,0,21.0,20.0,1.0,0.0,0,2.0,0,0,9.0,0.0,0.0,1.0
3900501,2015-11-07,Ligue 1,Paris Saint-Germain,Toulouse,8515,Benjamin Stambouli,MID,Center Defensive Midfield,14.68,0,W,0,0.0,0,0,0,9.0,8.0,0.0,0.0,6.0,0,0,1.0,7.0,0.0,0.0,0.0
3900501,2015-11-07,Ligue 1,Paris Saint-Germain,Toulouse,20048,Gregory van der Wiel,DEF,Right Back,91.72,1,W,0.0,1.0,0.0267,0.1247,1.0,92.0,78.0,8.0,8.0,10.0,3.0,1.0,4.0,71.0,4.0,7.0,10.0
3900501,2015-11-07,Ligue 1,Paris Saint-Germain,Toulouse,351521,Ezequiel Iván Lavezzi,FWD,Right Wing,29.05,0,W,1.0,0.0,0.3671,0,1.0,19.0,15.0,1.0,2.0,5.0,3.0,0,3.0,21.0,0.0,1.0,1.0
3754265,2015-11-08,Premier League,Arsenal,Tottenham Hotspur,3385,Alexis Alejandro Sánchez Sánchez,FWD,Left Wing,93.63,1,D,0.0,0.0,0.4806,0.1078,2.0,37.0,26.0,8.0,4.0,12.0,3.0,1.0,1.0,44.0,4.0,7.0,9.0
3754265,2015-11-08,Premier League,Arsenal,Tottenham Hotspur,3394,Laurent Koscielny,DEF,Left Center Back,93.63,1,D,0.0,0.0,0.0259,0,1.0,42.0,33.0,5.0,1.0,11.0,9.0,2.0,3.0,30.0,0.0,1.0,5.0
3754265,2015-11-08,Premier League,Arsenal,Tottenham Hotspur,3437,Francis Joseph Coquelin,MID,Left Defensive Midfield,93.63,1,D,0,0.0,0,0,0,36.0,31.0,4.0,2.0,26.0,8.0,1.0,7.0,39.0,0.0,1.0,4.0
3754265,2015-11-08,Premier League,Arsenal,Tottenham Hotspur,3461,Petr Čech,GK,Goalkeeper,93.63,1,D,0,0.0,0,0,0,43.0,31.0,11.0,0.0,0,9.0,0,0,21.0,0.0,0.0,11.0
3754265,2015-11-08,Premier League,Arsenal,Tottenham Hotspur,3475,Per Mertesacker,DEF,Right Center Back,93.63,1,D,0.0,0.0,0.1078,0,1.0,50.0,43.0,7.0,0.0,4.0,4.0,1.0,2.0,33.0,0.0,0.0,7.0
3754265,2015-11-08,Premier League,Arsenal,Tottenham Hotspur,3496,Mesut Özil,MID,Center Attacking Midfield,93.63,1,D,0,1.0,0,0.9858,0,67.0,49.0,10.0,6.0,21.0,5.0,0,2.0,63.0,2.0,11.0,12.0
3754265,2015-11-08,Premier League,Arsenal,Tottenham Hotspur,3498,Ignacio Monreal Eraso,DEF,Left Back,93.63,1,D,0,0.0,0,0,0,60.0,49.0,5.0,4.0,14.0,1.0,3.0,5.0,34.0,2.0,4.0,5.0
3754265,2015-11-08,Premier League,Arsenal,Tottenham Hotspur,3528,Kieran Gibbs,FWD,Right Wing,20.57,0,D,1.0,0.0,0.3113,0,1.0,7.0,4.0,0.0,0.0,4.0,1.0,0,0,9.0,0.0,2.0,0.0
3754265,2015-11-08,Premier League,Arsenal,Tottenham Hotspur,3604,Olivier Giroud,FWD,Center Forward,93.63,1,D,0.0,0.0,0.6146,0,4.0,30.0,14.0,0.0,0.0,17.0,1.0,1.0,1.0,30.0,1.0,5.0,0.0
3754265,2015-11-08,Premier League,Arsenal,Tottenham Hotspur,4428,Mathieu Debuchy,DEF,Right Back,77.03,1,D,0,0.0,0,0,0,57.0,43.0,14.0,10.0,19.0,5.0,0,8.0,33.0,1.0,13.0,14.0
3754265,2015-11-08,Premier League,Arsenal,Tottenham Hotspur,5581,Joel Nathaniel Campbell Samuels,FWD,Right Wing,73.07,1,D,0.0,0.0,0.034,0.3993,1.0,23.0,16.0,2.0,1.0,18.0,6.0,1.0,1.0,33.0,6.0,2.0,3.0
3754265,2015-11-08,Premier League,Arsenal,Tottenham Hotspur,6631,Mathieu Flamini,MID,Right Defensive Midfield,48.63,0,D,0,0.0,0,0,0,24.0,18.0,8.0,4.0,10.0,2.0,0,2.0,14.0,0.0,4.0,8.0
3754265,2015-11-08,Premier League,Arsenal,Tottenham Hotspur,11386,Santiago Cazorla González,MID,Right Defensive Midfield,45.0,1,D,0,0.0,0,0,0,28.0,23.0,6.0,3.0,7.0,4.0,0,1.0,25.0,2.0,6.0,6.0
3754265,2015-11-08,Premier League,Arsenal,Tottenham Hotspur,42703,Mikel Arteta Amatriain,DEF,Right Back,16.6,0,D,0,0.0,0,0,0,10.0,8.0,2.0,0.0,0,0,0,0,2.0,0.0,0.0,2.0
3825660,2015-11-08,La Liga,Barcelona,Villarreal,3508,Sandro Ramírez Castillo,FWD,Right Wing,13.72,0,W,0,0.0,0,0,0,3.0,2.0,1.0,1.0,0,0,0,0,2.0,0.0,0.0,1.0
3825660,2015-11-08,La Liga,Barcelona,Villarreal,4320,Neymar da Silva Santos Junior,FWD,Left Wing,92.02,1,W,2.0,0.0,0.4944,0.5667,4.0,72.0,54.0,8.0,6.0,14.0,5.0,2.0,1.0,69.0,9.0,10.0,13.0
3825660,2015-11-08,La Liga,Barcelona,Villarreal,4324,Daniel Alves da Silva,DEF,Right Back,92.02,1,W,0.0,0.0,0.2311,0.0583,2.0,83.0,71.0,15.0,8.0,11.0,9.0,3.0,0,60.0,2.0,9.0,16.0
3825660,2015-11-08,La Liga,Barcelona,Villarreal,4691,Claudio Andrés Bravo Muñoz,GK,Goalkeeper,92.02,1,W,0,0.0,0,0,0,23.0,22.0,1.0,0.0,0,0,0,0,10.0,0.0,0.0,1.0
3825660,2015-11-08,La Liga,Barcelona,Villarreal,5203,Sergio Busquets i Burgos,MID,Center Defensive Midfield,92.02,1,W,0,1.0,0,0.3582,0,94.0,85.0,15.0,10.0,20.0,6.0,5.0,3.0,53.0,0.0,9.0,15.0
3825660,2015-11-08,La Liga,Barcelona,Villarreal,5211,Jordi Alba Ramos,DEF,Left Back,92.02,1,W,0,0.0,0,0,0,93.0,84.0,15.0,7.0,8.0,3.0,7.0,2.0,49.0,2.0,3.0,15.0
3825660,2015-11-08,La Liga,Barcelona,Villarreal,5213,Gerard Piqué Bernabéu,DEF,Right Center Back,81.08,1,W,0,0.0,0,0,0,58.0,52.0,9.0,3.0,6.0,3.0,3.0,1.0,40.0,0.0,2.0,9.0
3825660,2015-11-08,La Liga,Barcelona,Villarreal,5216,Andrés Iniesta Luján,MID,Left Center Midfield,92.02,1,W,0.0,0.0,0.5705,0.1015,2.0,71.0,57.0,17.0,10.0,23.0,5.0,2.0,2.0,51.0,5.0,13.0,18.0
3825660,2015-11-08,La Liga,Barcelona,Villarreal,5246,Luis Alberto Suárez Díaz,FWD,Center Forward,92.02,1,W,1.0,1.0,1.1062,0.6986,7.0,26.0,19.0,4.0,0.0,9.0,2.0,0,0,17.0,1.0,3.0,5.0
3825660,2015-11-08,La Liga,Barcelona,Villarreal,6379,Sergi Roberto Carnicer,MID,Right Center Midfield,92.02,1,W,0.0,0.0,0.1406,0.0296,2.0,65.0,57.0,13.0,5.0,13.0,5.0,0,0,48.0,4.0,8.0,13.0
3825660,2015-11-08,La Liga,Barcelona,Villarreal,6616,Munir El Haddadi Mohamed,FWD,Right Wing,78.3,1,W,0.0,0.0,0.1516,0.0424,1.0,31.0,23.0,4.0,1.0,6.0,3.0,1.0,1.0,25.0,0.0,3.0,5.0
3825660,2015-11-08,La Liga,Barcelona,Villarreal,7068,Marc Bartra Aregall,DEF,Right Center Back,10.93,0,W,0,0.0,0,0,0,8.0,6.0,1.0,0.0,0,0,0,0,6.0,0.0,0.0,1.0
3825660,2015-11-08,La Liga,Barcelona,Villarreal,10609,Jérémy Mathieu,DEF,Left Center Back,92.02,1,W,0.0,0.0,0.1754,0,2.0,60.0,53.0,10.0,6.0,11.0,2.0,0,1.0,38.0,4.0,5.0,10.0
3879613,2015-11-08,Serie A,Juventus,Empoli,3477,Álvaro Borja Morata Martín,FWD,Left Wing,67.87,1,W,0,0.0,0,0,0,31.0,23.0,0.0,0.0,16.0,1.0,1.0,0,35.0,3.0,0.0,0.0
3879613,2015-11-08,Serie A,Juventus,Empoli,5472,Mario Mandžukić,FWD,Center Forward,93.95,1,W,1.0,0.0,1.0764,0.018,5.0,31.0,23.0,1.0,3.0,25.0,2.0,0,2.0,17.0,0.0,1.0,2.0
3879613,2015-11-08,Serie A,Juventus,Empoli,5541,Stephan Lichtsteiner,DEF,Right Back,85.97,1,W,0.0,0.0,0.3812,0,1.0,55.0,47.0,4.0,6.0,6.0,3.0,0,0,40.0,6.0,2.0,4.0
3879613,2015-11-08,Serie A,Juventus,Empoli,5566,Sami Khedira,MID,Right Center Midfield,93.95,1,W,0,1.0,0,0.208,0,47.0,39.0,5.0,3.0,14.0,4.0,0,0,37.0,1.0,4.0,6.0
3879613,2015-11-08,Serie A,Juventus,Empoli,5689,Juan Guillermo Cuadrado Bello,FWD,Right Wing,67.1,1,W,0,1.0,0,0.4108,0,45.0,32.0,6.0,3.0,17.0,3.0,0,2.0,45.0,7.0,4.0,8.0
3879613,2015-11-08,Serie A,Juventus,Empoli,5743,Paulo Bruno Exequiel Dybala,FWD,Left Wing,26.08,0,W,1.0,0.0,0.4537,0,1.0,14.0,12.0,1.0,0.0,7.0,4.0,1.0,1.0,14.0,2.0,1.0,1.0
3879613,2015-11-08,Serie A,Juventus,Empoli,6943,Andrea Barzagli,DEF,Right Center Back,93.95,1,W,0,0.0,0,0,0,52.0,43.0,4.0,0.0,18.0,6.0,0,2.0,42.0,1.0,0.0,4.0
3879613,2015-11-08,Serie A,Juventus,Empoli,6949,Gianluigi Buffon,GK,Goalkeeper,93.95,1,W,0,0.0,0,0,0,46.0,37.0,2.0,1.0,0,4.0,0,0,24.0,0.0,0.0,2.0
3879613,2015-11-08,Serie A,Juventus,Empoli,6954,Giorgio Chiellini,FWD,Right Wing,26.85,0,W,0,0.0,0,0,0,18.0,16.0,2.0,1.0,1.0,2.0,0,0,13.0,0.0,1.0,2.0
3879613,2015-11-08,Serie A,Juventus,Empoli,7173,Leonardo Bonucci,DEF,Left Center Back,93.95,1,W,0,0.0,0,0,0,58.0,50.0,8.0,1.0,4.0,3.0,1.0,1.0,41.0,0.0,0.0,8.0
3879613,2015-11-08,Serie A,Juventus,Empoli,7952,Simone Padoin,DEF,Right Wing Back,7.98,0,W,0,0.0,0,0,0,3.0,3.0,0.0,0.0,1.0,1.0,0,0,3.0,0.0,0.0,0.0
3879613,2015-11-08,Serie A,Juventus,Empoli,8294,Claudio Marchisio,MID,Center Defensive Midfield,93.95,1,W,0.0,0.0,0.0142,0,1.0,57.0,48.0,12.0,6.0,18.0,7.0,3.0,2.0,49.0,0.0,5.0,12.0
3879613,2015-11-08,Serie A,Juventus,Empoli,20004,Paul Pogba,MID,Left Center Midfield,93.95,1,W,0.0,0.0,0.0268,0.3812,2.0,48.0,43.0,4.0,1.0,22.0,8.0,1.0,2.0,52.0,2.0,5.0,4.0
3879613,2015-11-08,Serie A,Juventus,Empoli,20008,Patrice Evra,DEF,Left Back,93.95,1,W,1.0,0.0,0.031,0.1671,1.0,62.0,56.0,7.0,2.0,4.0,2.0,0,1.0,47.0,4.0,2.0,8.0
3754301,2015-11-21,Premier League,Arsenal,West Bromwich Albion,3385,Alexis Alejandro Sánchez Sánchez,FWD,Right Wing,94.05,1,L,0.0,0.0,0.0584,0.2519,2.0,68.0,49.0,10.0,5.0,9.0,8.0,0,3.0,86.0,9.0,15.0,12.0
3754301,2015-11-21,Premier League,Arsenal,West Bromwich Albion,3394,Laurent Koscielny,DEF,Left Center Back,94.05,1,L,0.0,0.0,0.0406,0,1.0,65.0,60.0,2.0,0.0,7.0,7.0,0,1.0,46.0,4.0,0.0,2.0
3754301,2015-11-21,Premier League,Arsenal,West Bromwich Albion,3437,Francis Joseph Coquelin,MID,Right Defensive Midfield,13.9,1,L,0,0.0,0,0,0,10.0,10.0,2.0,0.0,2.0,1.0,1.0,0,10.0,0.0,0.0,2.0
3754301,2015-11-21,Premier League,Arsenal,West Bromwich Albion,3461,Petr Čech,GK,Goalkeeper,94.05,1,L,0,0.0,0,0,0,22.0,19.0,0.0,0.0,0,4.0,0,0,12.0,0.0,0.0,0.0
3754301,2015-11-21,Premier League,Arsenal,West Bromwich Albion,3475,Per Mertesacker,DEF,Right Center Back,94.05,1,L,0,0.0,0,0,0,89.0,83.0,12.0,4.0,2.0,3.0,0,0,46.0,3.0,3.0,12.0
3754301,2015-11-21,Premier League,Arsenal,West Bromwich Albion,3496,Mesut Özil,MID,Center Attacking Midfield,94.05,1,L,0.0,1.0,0.1278,0.1227,2.0,98.0,81.0,11.0,9.0,10.0,7.0,0,0,75.0,3.0,12.0,12.0
3754301,2015-11-21,Premier League,Arsenal,West Bromwich Albion,3498,Ignacio Monreal Eraso,DEF,Left Back,94.05,1,L,0,0.0,0,0,0,70.0,56.0,2.0,2.0,7.0,4.0,0,3.0,46.0,0.0,2.0,2.0
3754301,2015-11-21,Premier League,Arsenal,West Bromwich Albion,3511,Héctor Bellerín Moruno,DEF,Right Back,94.05,1,L,0,0.0,0,0,0,54.0,41.0,3.0,1.0,8.0,6.0,0,2.0,34.0,3.0,3.0,3.0
3754301,2015-11-21,Premier League,Arsenal,West Bromwich Albion,3528,Kieran Gibbs,FWD,Left Wing,62.37,1,L,0.0,0.0,0.3189,0,3.0,18.0,13.0,1.0,0.0,17.0,5.0,1.0,3.0,16.0,1.0,0.0,1.0
3754301,2015-11-21,Premier League,Arsenal,West Bromwich Albion,3604,Olivier Giroud,FWD,Center Forward,94.05,1,L,1.0,0.0,0.1133,0,1.0,16.0,9.0,0.0,0.0,8.0,2.0,0,1.0,10.0,0.0,0.0,0.0
3754301,2015-11-21,Premier League,Arsenal,West Bromwich Albion,5581,Joel Nathaniel Campbell Samuels,FWD,Left Wing,31.68,0,L,0.0,0.0,0.3126,0,2.0,11.0,9.0,2.0,1.0,2.0,0,0,0,12.0,0.0,0.0,2.0
3754301,2015-11-21,Premier League,Arsenal,West Bromwich Albion,6631,Mathieu Flamini,MID,Right Defensive Midfield,45.65,0,L,0,0.0,0,0.0761,0,53.0,48.0,7.0,6.0,3.0,3.0,0,1.0,35.0,2.0,2.0,8.0
3754301,2015-11-21,Premier League,Arsenal,West Bromwich Albion,11386,Santiago Cazorla González,MID,Left Defensive Midfield,94.05,1,L,0.0,0.0,0.8088,0.2364,2.0,130.0,110.0,11.0,11.0,11.0,9.0,1.0,0,110.0,10.0,9.0,11.0
3754301,2015-11-21,Premier League,Arsenal,West Bromwich Albion,42703,Mikel Arteta Amatriain,MID,Right Defensive Midfield,34.5,0,L,0,0.0,0,0,0,20.0,19.0,3.0,3.0,7.0,0,0,1.0,14.0,0.0,0.0,3.0
266424,2015-11-21,La Liga,Barcelona,Real Madrid,4320,Neymar da Silva Santos Junior,FWD,Left Wing,91.93,1,W,1.0,1.0,0.3747,0.8926,4.0,59.0,52.0,3.0,2.0,8.0,4.0,1.0,0,57.0,10.0,3.0,7.0
266424,2015-11-21,La Liga,Barcelona,Real Madrid,4324,Daniel Alves da Silva,DEF,Right Back,91.93,1,W,0,0.0,0,0.0212,0,74.0,65.0,7.0,6.0,11.0,7.0,0,2.0,59.0,4.0,3.0,8.0
266424,2015-11-21,La Liga,Barcelona,Real Madrid,4691,Claudio Andrés Bravo Muñoz,GK,Goalkeeper,91.93,1,W,0,0.0,0,0,0,39.0,29.0,3.0,1.0,0,4.0,0,0,24.0,0.0,0.0,3.0
266424,2015-11-21,La Liga,Barcelona,Real Madrid,5203,Sergio Busquets i Burgos,MID,Center Defensive Midfield,91.93,1,W,0,0.0,0,0,0,67.0,61.0,2.0,2.0,20.0,4.0,0,5.0,48.0,0.0,0.0,2.0
266424,2015-11-21,La Liga,Barcelona,Real Madrid,5211,Jordi Alba Ramos,DEF,Left Back,91.93,1,W,0,1.0,0,0.4211,0,85.0,78.0,8.0,3.0,7.0,4.0,1.0,1.0,64.0,2.0,4.0,9.0
266424,2015-11-21,La Liga,Barcelona,Real Madrid,5213,Gerard Piqué Bernabéu,DEF,Right Center Back,91.93,1,W,0,0.0,0,0,0,49.0,47.0,8.0,1.0,2.0,3.0,1.0,1.0,38.0,0.0,1.0,8.0
266424,2015-11-21,La Liga,Barcelona,Real Madrid,5216,Andrés Iniesta Luján,MID,Left Center Midfield,76.93,1,W,1.0,1.0,0.1174,0.1591,1.0,70.0,66.0,9.0,6.0,16.0,1.0,0,1.0,53.0,3.0,4.0,10.0
266424,2015-11-21,La Liga,Barcelona,Real Madrid,5246,Luis Alberto Suárez Díaz,FWD,Center Forward,91.93,1,W,2.0,0.0,1.1979,0.2507,4.0,33.0,20.0,5.0,1.0,13.0,4.0,0,1.0,30.0,3.0,5.0,7.0
266424,2015-11-21,La Liga,Barcelona,Real Madrid,5470,Ivan Rakitić,MID,Right Center Midfield,56.12,1,W,0.0,0.0,0.2343,0.1297,3.0,49.0,46.0,2.0,3.0,8.0,6.0,0,1.0,35.0,2.0,0.0,3.0
266424,2015-11-21,La Liga,Barcelona,Real Madrid,5503,Lionel Andrés Messi Cuccittini,MID,Right Center Midfield,35.82,0,W,0.0,0.0,0.1517,0,2.0,34.0,28.0,5.0,3.0,5.0,1.0,0,0,32.0,3.0,6.0,5.0
266424,2015-11-21,La Liga,Barcelona,Real Madrid,5506,Javier Alejandro Mascherano,DEF,Left Center Back,27.02,1,W,0,0.0,0,0,0,20.0,19.0,3.0,1.0,4.0,0,0,0,15.0,0.0,1.0,3.0
266424,2015-11-21,La Liga,Barcelona,Real Madrid,6379,Sergi Roberto Carnicer,FWD,Right Wing,91.93,1,W,0.0,1.0,0.1297,0.3043,1.0,49.0,42.0,1.0,1.0,15.0,4.0,1.0,0,36.0,3.0,1.0,2.0
266424,2015-11-21,La Liga,Barcelona,Real Madrid,6616,Munir El Haddadi Mohamed,MID,Left Center Midfield,15.0,0,W,0.0,0.0,0.2737,0,3.0,5.0,2.0,0.0,0.0,1.0,2.0,1.0,0,6.0,0.0,2.0,0.0
266424,2015-11-21,La Liga,Barcelona,Real Madrid,10609,Jérémy Mathieu,DEF,Left Center Back,64.92,0,W,0,0.0,0,0,0,38.0,36.0,0.0,0.0,3.0,2.0,0,0,33.0,0.0,0.0,0.0
3890370,2015-11-21,Bundesliga,Bayer Leverkusen,Eintracht Frankfurt,3058,Javier Hernández Balcázar,FWD,Center Forward,61.1,1,W,2.0,0.0,1.2052,0,2.0,10.0,7.0,1.0,1.0,7.0,1.0,0,0,10.0,0.0,0.0,1.0
3890370,2015-11-21,Bundesliga,Bayer Leverkusen,Eintracht Frankfurt,7039,Hakan Çalhanoğlu,FWD,Left Wing,79.4,1,W,1.0,1.0,0.2302,0.3842,4.0,50.0,33.0,6.0,1.0,19.0,10.0,1.0,0,34.0,6.0,4.0,9.0
3890370,2015-11-21,Bundesliga,Bayer Leverkusen,Eintracht Frankfurt,8212,Wendell Nascimento Borges,DEF,Left Back,92.97,1,W,0.0,0.0,0.0357,0.0546,1.0,56.0,44.0,9.0,4.0,13.0,4.0,5.0,2.0,31.0,2.0,2.0,9.0
3890370,2015-11-21,Bundesliga,Bayer Leverkusen,Eintracht Frankfurt,8213,Karim Bellarabi,FWD,Right Wing,87.9,1,W,0.0,0.0,0.0167,0.1053,1.0,34.0,29.0,4.0,4.0,23.0,4.0,1.0,1.0,38.0,3.0,1.0,5.0
3890370,2015-11-21,Bundesliga,Bayer Leverkusen,Eintracht Frankfurt,8219,Admir Mehmedi,MID,Center Attacking Midfield,92.97,1,W,0.0,0.0,0.1898,0,1.0,25.0,17.0,0.0,1.0,23.0,2.0,1.0,1.0,31.0,3.0,1.0,0.0
3890370,2015-11-21,Bundesliga,Bayer Leverkusen,Eintracht Frankfurt,8221,Jonathan Tah,DEF,Right Center Back,92.97,1,W,0,0.0,0,0,0,52.0,44.0,7.0,3.0,2.0,4.0,0,0,37.0,0.0,3.0,7.0
3890370,2015-11-21,Bundesliga,Bayer Leverkusen,Eintracht Frankfurt,8222,Kevin Kampl,MID,Left Defensive Midfield,92.97,1,W,0.0,1.0,0.0747,0.3004,2.0,68.0,59.0,9.0,4.0,18.0,6.0,2.0,3.0,61.0,10.0,8.0,11.0
3890370,2015-11-21,Bundesliga,Bayer Leverkusen,Eintracht Frankfurt,8549,Giulio Donati,DEF,Right Back,92.97,1,W,0.0,0.0,0.0137,0.1886,1.0,62.0,51.0,13.0,5.0,12.0,3.0,1.0,3.0,34.0,2.0,9.0,14.0
3890370,2015-11-21,Bundesliga,Bayer Leverkusen,Eintracht Frankfurt,8573,Ömer Toprak,DEF,Left Center Back,92.97,1,W,0,0.0,0,0.0167,0,54.0,46.0,3.0,1.0,11.0,5.0,1.0,2.0,37.0,0.0,0.0,4.0
3890370,2015-11-21,Bundesliga,Bayer Leverkusen,Eintracht Frankfurt,8805,Christoph Kramer,MID,Right Defensive Midfield,92.97,1,W,0.0,0.0,0.0438,0.0201,1.0,51.0,49.0,3.0,1.0,27.0,2.0,1.0,3.0,31.0,2.0,1.0,4.0
3890370,2015-11-21,Bundesliga,Bayer Leverkusen,Eintracht Frankfurt,9363,André Ramalho Silva,FWD,Right Wing,5.07,0,W,0,0.0,0,0,0,2.0,2.0,0.0,0.0,2.0,0,0,1.0,1.0,0.0,0.0,0.0
3890370,2015-11-21,Bundesliga,Bayer Leverkusen,Eintracht Frankfurt,11394,Stefan Kießling,FWD,Center Forward,31.87,0,W,0.0,0.0,0.2369,0,3.0,8.0,4.0,0.0,0.0,6.0,3.0,1.0,0,7.0,2.0,2.0,0.0
3890370,2015-11-21,Bundesliga,Bayer Leverkusen,Eintracht Frankfurt,15581,Bernd Leno,GK,Goalkeeper,92.97,1,W,0,0.0,0,0,0,36.0,19.0,3.0,0.0,0,4.0,0,0,18.0,0.0,0.0,3.0
3890370,2015-11-21,Bundesliga,Bayer Leverkusen,Eintracht Frankfurt,24428,Vladlen Yurchenko,FWD,Left Wing,13.57,0,W,0,0.0,0,0,0,4.0,3.0,0.0,0.0,2.0,0,0,0,2.0,0.0,1.0,0.0
3879618,2015-11-21,Serie A,Juventus,AC Milan,3477,Álvaro Borja Morata Martín,MID,Left Center Forward,12.45,0,W,0,0.0,0,0,0,5.0,3.0,0.0,0.0,6.0,0,0,0,7.0,1.0,0.0,0.0
3879618,2015-11-21,Serie A,Juventus,AC Milan,5472,Mario Mandžukić,MID,Right Center Forward,93.03,1,W,0.0,0.0,0.3923,0,1.0,19.0,13.0,1.0,2.0,29.0,1.0,0,3.0,11.0,0.0,0.0,1.0
3879618,2015-11-21,Serie A,Juventus,AC Milan,5541,Stephan Lichtsteiner,DEF,Right Back,93.03,1,W,0,0.0,0,0.0257,0,50.0,36.0,9.0,2.0,18.0,6.0,1.0,3.0,42.0,5.0,7.0,10.0
3879618,2015-11-21,Serie A,Juventus,AC Milan,5743,Paulo Bruno Exequiel Dybala,MID,Left Center Forward,80.58,1,W,1.0,0.0,0.225,0.1864,3.0,39.0,26.0,3.0,4.0,17.0,5.0,0,1.0,39.0,10.0,4.0,5.0
3879618,2015-11-21,Serie A,Juventus,AC Milan,6943,Andrea Barzagli,DEF,Right Center Back,93.03,1,W,0.0,0.0,0.0892,0,1.0,61.0,55.0,10.0,5.0,9.0,4.0,0,4.0,48.0,4.0,4.0,10.0
3879618,2015-11-21,Serie A,Juventus,AC Milan,6945,Alex Sandro Lobo Silva,DEF,Left Back,65.2,0,W,0.0,1.0,0.0941,0.6101,2.0,49.0,45.0,7.0,5.0,11.0,3.0,1.0,3.0,43.0,5.0,5.0,11.0
3879618,2015-11-21,Serie A,Juventus,AC Milan,6949,Gianluigi Buffon,GK,Goalkeeper,93.03,1,W,0,0.0,0,0,0,21.0,17.0,1.0,1.0,0,6.0,0,0,8.0,0.0,0.0,1.0
3879618,2015-11-21,Serie A,Juventus,AC Milan,6954,Giorgio Chiellini,DEF,Left Center Back,93.03,1,W,0,0.0,0,0,0,75.0,65.0,18.0,3.0,13.0,6.0,0,3.0,61.0,3.0,4.0,18.0
3879618,2015-11-21,Serie A,Juventus,AC Milan,7013,Stefano Sturaro,MID,Right Center Midfield,93.03,1,W,0.0,0.0,0.0672,0.0076,1.0,40.0,24.0,2.0,1.0,18.0,7.0,1.0,7.0,38.0,4.0,3.0,3.0
3879618,2015-11-21,Serie A,Juventus,AC Milan,7173,Leonardo Bonucci,MID,Center Attacking Midfield,48.03,0,W,0.0,0.0,0.0106,0,1.0,25.0,20.0,3.0,1.0,5.0,1.0,2.0,1.0,18.0,0.0,3.0,3.0
3879618,2015-11-21,Serie A,Juventus,AC Milan,8294,Claudio Marchisio,MID,Center Defensive Midfield,93.03,1,W,0.0,0.0,0.0411,0.0371,2.0,73.0,66.0,17.0,9.0,22.0,11.0,1.0,4.0,58.0,2.0,6.0,18.0
3879618,2015-11-21,Serie A,Juventus,AC Milan,20004,Paul Pogba,MID,Left Center Midfield,93.03,1,W,0.0,0.0,0.0363,0.142,2.0,47.0,38.0,9.0,4.0,19.0,13.0,0,4.0,55.0,9.0,7.0,11.0
3879618,2015-11-21,Serie A,Juventus,AC Milan,20008,Patrice Evra,DEF,Left Back,27.83,1,W,0,0.0,0,0,0,17.0,14.0,2.0,2.0,3.0,3.0,1.0,0,12.0,2.0,1.0,2.0
3879618,2015-11-21,Serie A,Juventus,AC Milan,25345,Anderson Hernanes de Carvalho Andrade,MID,Center Attacking Midfield,45.0,1,W,0.0,0.0,0.1471,0.0305,4.0,15.0,12.0,1.0,1.0,5.0,2.0,0,2.0,22.0,4.0,0.0,2.0
3900511,2015-11-21,Ligue 1,Paris Saint-Germain,Lorient,2999,Presnel Kimpembe,DEF,Left Center Back,45.0,1,W,0,0.0,0,0,0,56.0,54.0,7.0,1.0,5.0,2.0,0,0,43.0,1.0,1.0,7.0
3900511,2015-11-21,Ligue 1,Paris Saint-Germain,Lorient,3026,Adrien Rabiot,MID,Right Center Midfield,93.35,1,W,0.0,0.0,0.0139,0.0542,1.0,74.0,68.0,10.0,6.0,31.0,10.0,1.0,8.0,62.0,3.0,2.0,10.0
3900511,2015-11-21,Ligue 1,Paris Saint-Germain,Lorient,3295,Thiago Emiliano da Silva,DEF,Right Center Back,93.35,1,W,0,0.0,0,0.0093,0,78.0,70.0,8.0,5.0,9.0,4.0,2.0,5.0,59.0,0.0,3.0,8.0
3900511,2015-11-21,Ligue 1,Paris Saint-Germain,Lorient,3672,Zlatan Ibrahimović,FWD,Center Forward,93.35,1,W,0.0,1.0,0.4252,0.472,4.0,39.0,27.0,2.0,2.0,12.0,4.0,1.0,1.0,36.0,4.0,4.0,3.0
3900511,2015-11-21,Ligue 1,Paris Saint-Germain,Lorient,3745,Lucas Rodrigues Moura da Silva,FWD,Right Wing,90.17,1,W,0.0,0.0,0.0093,0,1.0,39.0,32.0,4.0,0.0,10.0,2.0,0,1.0,41.0,2.0,2.0,4.0
3900511,2015-11-21,Ligue 1,Paris Saint-Germain,Lorient,4325,Thiago Motta,MID,Center Defensive Midfield,93.35,1,W,0,0.0,0,0,0,112.0,101.0,16.0,5.0,17.0,0,2.0,1.0,98.0,0.0,5.0,16.0
3900511,2015-11-21,Ligue 1,Paris Saint-Germain,Lorient,4372,Marcos Aoás Corrêa,DEF,Left Center Back,48.35,0,W,0,0.0,0,0,0,21.0,18.0,0.0,0.0,9.0,1.0,1.0,2.0,14.0,0.0,0.0,0.0
3900511,2015-11-21,Ligue 1,Paris Saint-Germain,Lorient,4375,Blaise Matuidi,MID,Left Center Midfield,93.35,1,W,1.0,0.0,0.472,0.1614,1.0,55.0,48.0,5.0,6.0,30.0,4.0,1.0,7.0,57.0,3.0,4.0,5.0
3900511,2015-11-21,Ligue 1,Paris Saint-Germain,Lorient,4440,Kevin Trapp,GK,Goalkeeper,93.35,1,W,0,0.0,0,0,0,39.0,29.0,5.0,0.0,0,3.0,0,0,22.0,0.0,0.0,5.0
3900511,2015-11-21,Ligue 1,Paris Saint-Germain,Lorient,8510,Jean-Kévin Augustin,FWD,Right Wing,3.18,0,W,0,0.0,0,0,0,2.0,1.0,0.0,0.0,2.0,0,0,0,1.0,1.0,0.0,0.0
3900511,2015-11-21,Ligue 1,Paris Saint-Germain,Lorient,8515,Benjamin Stambouli,FWD,Left Wing,16.28,0,W,0,0.0,0,0,0,6.0,5.0,1.0,0.0,6.0,0,1.0,2.0,5.0,0.0,1.0,1.0
3900511,2015-11-21,Ligue 1,Paris Saint-Germain,Lorient,20048,Gregory van der Wiel,DEF,Right Back,93.35,1,W,0,1.0,0,0.4814,0,64.0,53.0,7.0,6.0,10.0,3.0,1.0,1.0,38.0,4.0,4.0,7.0
3900511,2015-11-21,Ligue 1,Paris Saint-Germain,Lorient,26613,Maxwell Scherrer Cabelino Andrade,DEF,Left Back,93.35,1,W,0,0.0,0,0,0,65.0,57.0,2.0,0.0,7.0,5.0,1.0,2.0,50.0,0.0,1.0,2.0
3900511,2015-11-21,Ligue 1,Paris Saint-Germain,Lorient,34539,Hervin Scicchitano Ongenda,FWD,Left Wing,77.07,1,W,1.0,0.0,0.4814,0,1.0,47.0,38.0,3.0,2.0,23.0,5.0,1.0,1.0,41.0,1.0,5.0,3.0
266885,2015-11-28,La Liga,Barcelona,Real Sociedad,4320,Neymar da Silva Santos Junior,FWD,Left Wing,93.03,1,W,2.0,1.0,0.5814,1.1463,2.0,49.0,36.0,6.0,4.0,10.0,4.0,0,0,52.0,9.0,6.0,10.0
266885,2015-11-28,La Liga,Barcelona,Real Sociedad,4324,Daniel Alves da Silva,DEF,Right Back,61.38,1,W,0,2.0,0,0.3192,0,48.0,37.0,0.0,1.0,9.0,3.0,1.0,5.0,30.0,1.0,2.0,2.0
266885,2015-11-28,La Liga,Barcelona,Real Sociedad,4691,Claudio Andrés Bravo Muñoz,GK,Goalkeeper,93.03,1,W,0,0.0,0,0,0,50.0,42.0,1.0,0.0,0,9.0,0,0,37.0,0.0,0.0,1.0
266885,2015-11-28,La Liga,Barcelona,Real Sociedad,5203,Sergio Busquets i Burgos,MID,Center Defensive Midfield,93.03,1,W,0,0.0,0,0,0,62.0,55.0,9.0,6.0,14.0,6.0,3.0,6.0,56.0,1.0,3.0,9.0
266885,2015-11-28,La Liga,Barcelona,Real Sociedad,5211,Jordi Alba Ramos,DEF,Left Back,27.68,0,W,0,0.0,0,0,0,16.0,15.0,4.0,2.0,4.0,2.0,1.0,0,12.0,0.0,1.0,4.0
266885,2015-11-28,La Liga,Barcelona,Real Sociedad,5213,Gerard Piqué Bernabéu,DEF,Right Center Back,93.03,1,W,0,0.0,0,0,0,69.0,62.0,9.0,3.0,5.0,5.0,0,0,56.0,1.0,0.0,9.0
266885,2015-11-28,La Liga,Barcelona,Real Sociedad,5216,Andrés Iniesta Luján,MID,Left Center Midfield,93.03,1,W,0.0,0.0,0.2255,0,1.0,55.0,50.0,7.0,7.0,8.0,5.0,1.0,3.0,46.0,1.0,6.0,7.0
266885,2015-11-28,La Liga,Barcelona,Real Sociedad,5246,Luis Alberto Suárez Díaz,FWD,Center Forward,93.03,1,W,1.0,0.0,0.2424,0.2255,2.0,25.0,16.0,3.0,1.0,6.0,6.0,0,1.0,33.0,6.0,3.0,4.0
266885,2015-11-28,La Liga,Barcelona,Real Sociedad,5470,Ivan Rakitić,MID,Right Center Midfield,93.03,1,W,0,0.0,0,0,0,44.0,31.0,6.0,3.0,10.0,7.0,1.0,1.0,35.0,1.0,4.0,6.0
266885,2015-11-28,La Liga,Barcelona,Real Sociedad,5503,Lionel Andrés Messi Cuccittini,FWD,Right Wing,93.03,1,W,1.0,0.0,1.4407,0,7.0,32.0,25.0,8.0,2.0,0,2.0,0,1.0,44.0,5.0,7.0,8.0
266885,2015-11-28,La Liga,Barcelona,Real Sociedad,5506,Javier Alejandro Mascherano,DEF,Left Center Back,68.08,1,W,0,0.0,0,0,0,46.0,44.0,5.0,1.0,3.0,2.0,2.0,1.0,39.0,2.0,1.0,5.0
266885,2015-11-28,La Liga,Barcelona,Real Sociedad,7068,Marc Bartra Aregall,DEF,Left Center Back,24.95,0,W,0,0.0,0,0,0,14.0,11.0,0.0,0.0,1.0,0,1.0,0,8.0,0.0,1.0,0.0
266885,2015-11-28,La Liga,Barcelona,Real Sociedad,10609,Jérémy Mathieu,DEF,Left Back,65.35,1,W,0,1.0,0,0.3496,0,43.0,32.0,2.0,0.0,5.0,1.0,1.0,1.0,33.0,3.0,2.0,3.0
266885,2015-11-28,La Liga,Barcelona,Real Sociedad,22102,Adriano Correia Claro,DEF,Right Back,31.65,0,W,0,0.0,0,0,0,18.0,12.0,1.0,0.0,6.0,4.0,0,0,17.0,2.0,2.0,1.0
3900521,2015-11-28,Ligue 1,Paris Saint-Germain,Troyes,2995,Ángel Fabián Di María Hernández,MID,Left Midfield,91.93,1,W,0.0,2.0,0.0579,1.425,1.0,95.0,63.0,6.0,8.0,7.0,6.0,1.0,0,75.0,9.0,17.0,14.0
3900521,2015-11-28,Ligue 1,Paris Saint-Germain,Troyes,3026,Adrien Rabiot,MID,Left Defensive Midfield,65.08,1,W,0.0,0.0,0.0223,0,1.0,59.0,56.0,10.0,6.0,24.0,3.0,1.0,4.0,51.0,2.0,4.0,10.0
3900521,2015-11-28,Ligue 1,Paris Saint-Germain,Troyes,3295,Thiago Emiliano da Silva,DEF,Right Center Back,91.93,1,W,0.0,0.0,0.7234,0,2.0,88.0,80.0,13.0,1.0,8.0,7.0,1.0,3.0,69.0,0.0,1.0,13.0
3900521,2015-11-28,Ligue 1,Paris Saint-Germain,Troyes,3672,Zlatan Ibrahimović,MID,Right Center Forward,91.93,1,W,1.0,0.0,0.9702,0.2348,4.0,51.0,43.0,10.0,6.0,7.0,7.0,0,0,48.0,7.0,8.0,10.0
3900521,2015-11-28,Ligue 1,Paris Saint-Germain,Troyes,3745,Lucas Rodrigues Moura da Silva,MID,Right Midfield,65.7,1,W,0.0,0.0,0.5119,0,4.0,41.0,34.0,4.0,1.0,12.0,4.0,0,1.0,39.0,5.0,4.0,4.0
3900521,2015-11-28,Ligue 1,Paris Saint-Germain,Troyes,3956,David Luiz Moreira Marinho,DEF,Left Center Back,91.93,1,W,0,0.0,0,0,0,85.0,82.0,7.0,4.0,8.0,3.0,4.0,4.0,66.0,2.0,1.0,7.0
3900521,2015-11-28,Ligue 1,Paris Saint-Germain,Troyes,4319,Edinson Roberto Cavani Gómez,MID,Left Center Forward,79.17,1,W,1.0,0.0,0.6951,0.0223,6.0,36.0,30.0,0.0,0.0,13.0,4.0,0,0,28.0,1.0,1.0,1.0
3900521,2015-11-28,Ligue 1,Paris Saint-Germain,Troyes,4325,Thiago Motta,MID,Left Defensive Midfield,26.85,0,W,0,0.0,0,0.0579,0,36.0,34.0,5.0,3.0,6.0,0,0,0,26.0,1.0,2.0,5.0
3900521,2015-11-28,Ligue 1,Paris Saint-Germain,Troyes,4326,Layvin Kurzawa,DEF,Left Back,91.93,1,W,1.0,0.0,0.4395,0.1129,2.0,77.0,69.0,3.0,2.0,16.0,5.0,4.0,3.0,53.0,3.0,3.0,4.0
3900521,2015-11-28,Ligue 1,Paris Saint-Germain,Troyes,4375,Blaise Matuidi,MID,Right Midfield,26.23,0,W,0,0.0,0,0.0859,0,26.0,24.0,4.0,0.0,9.0,0,0,1.0,26.0,1.0,1.0,4.0
3900521,2015-11-28,Ligue 1,Paris Saint-Germain,Troyes,4440,Kevin Trapp,GK,Goalkeeper,91.93,1,W,0,0.0,0,0,0,21.0,20.0,1.0,0.0,0,2.0,0,0,5.0,0.0,0.0,1.0
3900521,2015-11-28,Ligue 1,Paris Saint-Germain,Troyes,8510,Jean-Kévin Augustin,FWD,Left Wing,12.77,0,W,1.0,0.0,0.0331,0,1.0,8.0,7.0,1.0,0.0,3.0,2.0,0,0,11.0,0.0,0.0,1.0
3900521,2015-11-28,Ligue 1,Paris Saint-Germain,Troyes,8515,Benjamin Stambouli,MID,Right Defensive Midfield,91.93,1,W,0,0.0,0,0,0,70.0,67.0,12.0,3.0,27.0,3.0,3.0,6.0,61.0,1.0,5.0,12.0
3900521,2015-11-28,Ligue 1,Paris Saint-Germain,Troyes,20048,Gregory van der Wiel,DEF,Right Back,91.93,1,W,0,0.0,0,0.0624,0,61.0,50.0,4.0,2.0,12.0,7.0,1.0,2.0,48.0,3.0,3.0,4.0
3754038,2015-11-29,Premier League,Arsenal,Norwich City,3385,Alexis Alejandro Sánchez Sánchez,FWD,Left Wing,60.05,1,D,0.0,1.0,0.1199,0.2753,2.0,34.0,25.0,7.0,3.0,8.0,5.0,0,1.0,42.0,1.0,6.0,7.0
3754038,2015-11-29,Premier League,Arsenal,Norwich City,3394,Laurent Koscielny,DEF,Left Center Back,11.03,1,D,0,0.0,0,0.028,0,13.0,12.0,2.0,2.0,0,0,0,0,9.0,3.0,2.0,2.0
3754038,2015-11-29,Premier League,Arsenal,Norwich City,3461,Petr Čech,GK,Goalkeeper,93.1,1,D,0,0.0,0,0,0,22.0,12.0,6.0,0.0,0,1.0,0,0,9.0,0.0,0.0,6.0
3754038,2015-11-29,Premier League,Arsenal,Norwich City,3475,Per Mertesacker,DEF,Right Center Back,93.1,1,D,0,0.0,0,0,0,72.0,69.0,7.0,6.0,1.0,4.0,1.0,1.0,59.0,0.0,1.0,7.0
3754038,2015-11-29,Premier League,Arsenal,Norwich City,3496,Mesut Özil,MID,Center Attacking Midfield,93.1,1,D,1.0,0.0,0.9695,0.039,5.0,73.0,69.0,10.0,7.0,27.0,2.0,0,0,54.0,5.0,3.0,11.0
3754038,2015-11-29,Premier League,Arsenal,Norwich City,3498,Ignacio Monreal Eraso,DEF,Left Back,93.1,1,D,0,0.0,0,0.5436,0,78.0,57.0,4.0,6.0,10.0,3.0,0,1.0,52.0,6.0,3.0,6.0
3754038,2015-11-29,Premier League,Arsenal,Norwich City,3511,Héctor Bellerín Moruno,DEF,Right Back,93.1,1,D,0.0,0.0,0.0125,0,1.0,77.0,63.0,6.0,4.0,17.0,4.0,0,2.0,60.0,4.0,6.0,6.0
3754038,2015-11-29,Premier League,Arsenal,Norwich City,3517,Aaron Ramsey,FWD,Right Wing,70.82,1,D,0.0,0.0,0.0264,0.0593,1.0,41.0,34.0,7.0,5.0,19.0,1.0,0,0,36.0,2.0,3.0,8.0
3754038,2015-11-29,Premier League,Arsenal,Norwich City,3525,Alex Oxlade-Chamberlain,FWD,Right Wing,22.28,0,D,0,0.0,0,0.1403,0,22.0,17.0,3.0,1.0,5.0,2.0,0,0,20.0,1.0,3.0,4.0
3754038,2015-11-29,Premier League,Arsenal,Norwich City,3604,Olivier Giroud,FWD,Center Forward,93.1,1,D,0.0,0.0,0.3698,0.288,2.0,22.0,15.0,1.0,1.0,31.0,0,0,1.0,8.0,0.0,0.0,2.0
3754038,2015-11-29,Premier League,Arsenal,Norwich City,5581,Joel Nathaniel Campbell Samuels,FWD,Left Wing,33.05,0,D,0,0.0,0,0,0,15.0,11.0,1.0,1.0,9.0,0,0,2.0,12.0,1.0,1.0,1.0
3754038,2015-11-29,Premier League,Arsenal,Norwich City,6631,Mathieu Flamini,MID,Right Defensive Midfield,93.1,1,D,0,0.0,0,0.0363,0,62.0,55.0,10.0,10.0,36.0,3.0,0,5.0,46.0,1.0,4.0,11.0
3754038,2015-11-29,Premier League,Arsenal,Norwich City,6746,Gabriel Armando de Abreu,DEF,Left Center Back,82.07,0,D,0,0.0,0,0,0,64.0,57.0,5.0,2.0,8.0,6.0,1.0,0,47.0,1.0,1.0,5.0
3754038,2015-11-29,Premier League,Arsenal,Norwich City,11386,Santiago Cazorla González,MID,Left Defensive Midfield,93.1,1,D,0.0,0.0,0.0593,0.0919,1.0,85.0,74.0,12.0,11.0,21.0,7.0,1.0,0,77.0,5.0,5.0,13.0
3890382,2015-11-29,Bundesliga,Bayer Leverkusen,Schalke 04,3058,Javier Hernández Balcázar,FWD,Center Forward,91.88,1,D,0.0,0.0,0.3224,0.0703,4.0,20.0,15.0,2.0,1.0,13.0,4.0,0,2.0,26.0,3.0,2.0,3.0
3890382,2015-11-29,Bundesliga,Bayer Leverkusen,Schalke 04,5555,Julian Brandt,FWD,Left Wing,46.88,0,D,0,0.0,0,0,0,26.0,18.0,3.0,1.0,16.0,1.0,0,0,22.0,1.0,2.0,3.0
3890382,2015-11-29,Bundesliga,Bayer Leverkusen,Schalke 04,7039,Hakan Çalhanoğlu,FWD,Left Wing,45.0,1,D,0.0,0.0,0.0346,0.1461,2.0,24.0,15.0,3.0,1.0,14.0,2.0,0,1.0,18.0,0.0,3.0,5.0
3890382,2015-11-29,Bundesliga,Bayer Leverkusen,Schalke 04,8212,Wendell Nascimento Borges,DEF,Left Back,23.37,0,D,0,0.0,0,0.0689,0,12.0,11.0,2.0,1.0,3.0,0,0,2.0,9.0,4.0,1.0,3.0
3890382,2015-11-29,Bundesliga,Bayer Leverkusen,Schalke 04,8213,Karim Bellarabi,FWD,Right Wing,91.88,1,D,0.0,0.0,0.546,0,3.0,33.0,20.0,3.0,2.0,32.0,7.0,1.0,3.0,47.0,6.0,4.0,3.0
3890382,2015-11-29,Bundesliga,Bayer Leverkusen,Schalke 04,8219,Admir Mehmedi,MID,Center Attacking Midfield,56.85,1,D,0.0,0.0,0.1151,0.155,3.0,26.0,22.0,4.0,1.0,24.0,2.0,0,3.0,28.0,2.0,4.0,5.0
3890382,2015-11-29,Bundesliga,Bayer Leverkusen,Schalke 04,8221,Jonathan Tah,DEF,Right Center Back,91.88,1,D,0,0.0,0,0.079,0,55.0,44.0,7.0,4.0,15.0,10.0,3.0,1.0,45.0,3.0,3.0,7.0
3890382,2015-11-29,Bundesliga,Bayer Leverkusen,Schalke 04,8222,Kevin Kampl,MID,Left Defensive Midfield,91.88,1,D,0.0,0.0,0.1493,0.4965,3.0,67.0,56.0,10.0,7.0,28.0,12.0,0,2.0,64.0,8.0,8.0,11.0
3890382,2015-11-29,Bundesliga,Bayer Leverkusen,Schalke 04,8549,Giulio Donati,DEF,Right Back,91.88,1,D,0,0.0,0,0,0,52.0,32.0,11.0,8.0,20.0,2.0,1.0,4.0,29.0,3.0,7.0,11.0
3890382,2015-11-29,Bundesliga,Bayer Leverkusen,Schalke 04,8573,Ömer Toprak,DEF,Left Center Back,91.88,1,D,0.0,0.0,0.4357,0,2.0,61.0,53.0,8.0,3.0,9.0,3.0,1.0,5.0,50.0,2.0,1.0,8.0
3890382,2015-11-29,Bundesliga,Bayer Leverkusen,Schalke 04,8805,Christoph Kramer,MID,Right Defensive Midfield,91.88,1,D,0.0,0.0,0.0708,0.3901,1.0,75.0,65.0,8.0,5.0,30.0,7.0,1.0,2.0,60.0,5.0,3.0,8.0
3890382,2015-11-29,Bundesliga,Bayer Leverkusen,Schalke 04,11394,Stefan Kießling,MID,Center Attacking Midfield,35.03,0,D,0,0.0,0,0,0,13.0,9.0,0.0,0.0,9.0,0,0,1.0,15.0,2.0,1.0,0.0
3890382,2015-11-29,Bundesliga,Bayer Leverkusen,Schalke 04,15581,Bernd Leno,GK,Goalkeeper,91.88,1,D,0,0.0,0,0,0,25.0,23.0,1.0,1.0,0,6.0,0,0,19.0,0.0,0.0,1.0
3890382,2015-11-29,Bundesliga,Bayer Leverkusen,Schalke 04,20415,Sebastian Boenisch,DEF,Left Back,68.52,1,D,0,0.0,0,0.1302,0,38.0,26.0,4.0,2.0,14.0,3.0,1.0,5.0,21.0,3.0,3.0,5.0
3879630,2015-11-29,Serie A,Juventus,Palermo,3477,Álvaro Borja Morata Martín,MID,Right Center Forward,26.38,0,W,0,1.0,0,0.1245,0,14.0,11.0,1.0,1.0,12.0,1.0,0,0,16.0,3.0,3.0,3.0
3879630,2015-11-29,Serie A,Juventus,Palermo,5472,Mario Mandžukić,MID,Right Center Forward,66.42,1,W,1.0,0.0,0.4744,0.2068,2.0,15.0,13.0,0.0,1.0,16.0,1.0,0,0,9.0,1.0,0.0,2.0
3879630,2015-11-29,Serie A,Juventus,Palermo,5541,Stephan Lichtsteiner,DEF,Right Wing Back,24.98,0,W,0,0.0,0,0,0,18.0,16.0,3.0,4.0,4.0,1.0,0,0,12.0,2.0,2.0,3.0
3879630,2015-11-29,Serie A,Juventus,Palermo,5689,Juan Guillermo Cuadrado Bello,DEF,Right Wing Back,67.82,1,W,0.0,0.0,0.0499,0,3.0,48.0,40.0,2.0,2.0,8.0,3.0,0,1.0,43.0,5.0,3.0,2.0
3879630,2015-11-29,Serie A,Juventus,Palermo,5743,Paulo Bruno Exequiel Dybala,MID,Left Center Forward,83.07,1,W,0.0,1.0,0.1267,0.5403,2.0,36.0,31.0,3.0,1.0,15.0,2.0,0,0,38.0,4.0,2.0,7.0
3879630,2015-11-29,Serie A,Juventus,Palermo,6584,Simone Zaza,MID,Left Center Forward,9.73,0,W,1.0,0.0,0.1074,0,1.0,6.0,6.0,1.0,1.0,1.0,0,0,0,7.0,1.0,0.0,1.0
3879630,2015-11-29,Serie A,Juventus,Palermo,6943,Andrea Barzagli,DEF,Right Center Back,92.8,1,W,0,0.0,0,0.0337,0,63.0,58.0,11.0,5.0,11.0,6.0,0,4.0,47.0,0.0,3.0,13.0
3879630,2015-11-29,Serie A,Juventus,Palermo,6949,Gianluigi Buffon,GK,Goalkeeper,92.8,1,W,0,0.0,0,0,0,24.0,23.0,0.0,0.0,0,5.0,0,0,12.0,0.0,0.0,0.0
3879630,2015-11-29,Serie A,Juventus,Palermo,6954,Giorgio Chiellini,DEF,Left Center Back,92.8,1,W,0.0,0.0,0.0474,0.0216,1.0,82.0,73.0,12.0,5.0,10.0,4.0,2.0,4.0,62.0,4.0,6.0,13.0
3879630,2015-11-29,Serie A,Juventus,Palermo,7013,Stefano Sturaro,MID,Right Center Midfield,92.8,1,W,1.0,0.0,0.4153,0.105,2.0,50.0,36.0,6.0,3.0,28.0,8.0,1.0,1.0,43.0,3.0,4.0,7.0
3879630,2015-11-29,Serie A,Juventus,Palermo,7173,Leonardo Bonucci,DEF,Center Back,92.8,1,W,0.0,0.0,0.1019,0,1.0,93.0,84.0,21.0,2.0,7.0,4.0,0,0,78.0,1.0,1.0,21.0
3879630,2015-11-29,Serie A,Juventus,Palermo,8294,Claudio Marchisio,MID,Center Defensive Midfield,92.8,1,W,0,0.0,0,0.0182,0,68.0,59.0,12.0,6.0,16.0,4.0,3.0,2.0,53.0,1.0,10.0,13.0
3879630,2015-11-29,Serie A,Juventus,Palermo,20004,Paul Pogba,MID,Left Center Midfield,92.8,1,W,0.0,1.0,0.086,0.2654,4.0,52.0,40.0,8.0,8.0,16.0,2.0,2.0,0,52.0,5.0,8.0,9.0
3879630,2015-11-29,Serie A,Juventus,Palermo,20008,Patrice Evra,DEF,Left Wing Back,92.8,1,W,0.0,0.0,0.1533,0.2467,1.0,74.0,56.0,5.0,2.0,10.0,6.0,1.0,3.0,58.0,8.0,6.0,7.0
3900532,2015-12-01,Ligue 1,Paris Saint-Germain,Angers,2995,Ángel Fabián Di María Hernández,FWD,Right Wing,92.23,1,D,0.0,0.0,0.1526,0.1377,2.0,105.0,77.0,23.0,17.0,5.0,6.0,0,0,87.0,8.0,29.0,25.0
3900532,2015-12-01,Ligue 1,Paris Saint-Germain,Angers,3026,Adrien Rabiot,MID,Right Center Midfield,92.23,1,D,0.0,0.0,0.065,0.0996,1.0,111.0,100.0,11.0,10.0,19.0,14.0,0,2.0,100.0,3.0,6.0,12.0
3900532,2015-12-01,Ligue 1,Paris Saint-Germain,Angers,3295,Thiago Emiliano da Silva,DEF,Right Center Back,92.23,1,D,0,0.0,0,0,0,120.0,114.0,13.0,6.0,5.0,14.0,0,1.0,97.0,6.0,6.0,13.0
3900532,2015-12-01,Ligue 1,Paris Saint-Germain,Angers,3481,Serge Aurier,DEF,Right Back,92.23,1,D,0.0,0.0,0.0853,0,1.0,51.0,44.0,4.0,2.0,19.0,5.0,1.0,3.0,37.0,1.0,3.0,4.0
3900532,2015-12-01,Ligue 1,Paris Saint-Germain,Angers,3672,Zlatan Ibrahimović,FWD,Right Wing,20.8,0,D,0.0,0.0,0.0706,0,1.0,13.0,9.0,2.0,1.0,0,0,0,0,13.0,1.0,1.0,2.0
3900532,2015-12-01,Ligue 1,Paris Saint-Germain,Angers,3745,Lucas Rodrigues Moura da Silva,FWD,Left Wing,71.43,1,D,0.0,0.0,0.1433,0,2.0,34.0,28.0,1.0,0.0,14.0,3.0,0,0,35.0,1.0,1.0,1.0
3900532,2015-12-01,Ligue 1,Paris Saint-Germain,Angers,3956,David Luiz Moreira Marinho,DEF,Left Center Back,92.23,1,D,0,0.0,0,0,0,112.0,100.0,15.0,5.0,4.0,10.0,1.0,1.0,93.0,9.0,5.0,15.0
3900532,2015-12-01,Ligue 1,Paris Saint-Germain,Angers,4319,Edinson Roberto Cavani Gómez,FWD,Center Forward,92.23,1,D,0.0,0.0,0.1646,0.1532,3.0,23.0,21.0,1.0,1.0,13.0,0,1.0,1.0,13.0,0.0,1.0,2.0
3900532,2015-12-01,Ligue 1,Paris Saint-Germain,Angers,4325,Thiago Motta,MID,Center Defensive Midfield,92.23,1,D,0,0.0,0,0,0,101.0,87.0,10.0,8.0,12.0,3.0,0,3.0,82.0,3.0,9.0,10.0
3900532,2015-12-01,Ligue 1,Paris Saint-Germain,Angers,4375,Blaise Matuidi,MID,Left Center Midfield,45.0,1,D,0,0.0,0,0.0853,0,48.0,47.0,5.0,2.0,8.0,4.0,0,0,39.0,1.0,0.0,6.0
3900532,2015-12-01,Ligue 1,Paris Saint-Germain,Angers,4440,Kevin Trapp,GK,Goalkeeper,92.23,1,D,0,0.0,0,0,0,19.0,18.0,0.0,0.0,0,2.0,0,0,9.0,0.0,0.0,0.0
3900532,2015-12-01,Ligue 1,Paris Saint-Germain,Angers,26613,Maxwell Scherrer Cabelino Andrade,DEF,Left Back,92.23,1,D,0.0,0.0,0.072,0.0715,1.0,68.0,59.0,4.0,0.0,3.0,4.0,0,0,53.0,2.0,3.0,5.0
3900532,2015-12-01,Ligue 1,Paris Saint-Germain,Angers,351521,Ezequiel Iván Lavezzi,MID,Left Center Midfield,47.23,0,D,0.0,0.0,0.059,0.0269,1.0,23.0,16.0,1.0,0.0,3.0,1.0,0,1.0,22.0,2.0,4.0,2.0
3879637,2015-12-04,Serie A,Juventus,Lazio,3477,Álvaro Borja Morata Martín,MID,Right Center Forward,12.8,0,W,0,0.0,0,0,0,3.0,2.0,0.0,0.0,4.0,0,0,1.0,4.0,0.0,0.0,0.0
3879637,2015-12-04,Serie A,Juventus,Lazio,5472,Mario Mandžukić,MID,Right Center Forward,81.23,1,W,0,1.0,0,0.0217,0,26.0,14.0,1.0,0.0,29.0,1.0,1.0,3.0,13.0,0.0,2.0,2.0
3879637,2015-12-04,Serie A,Juventus,Lazio,5541,Stephan Lichtsteiner,DEF,Right Wing Back,94.03,1,W,0,0.0,0,0,0,38.0,24.0,6.0,5.0,12.0,3.0,0,0,22.0,4.0,5.0,6.0
3879637,2015-12-04,Serie A,Juventus,Lazio,5689,Juan Guillermo Cuadrado Bello,MID,Left Center Forward,14.63,0,W,0,0.0,0,0,0,3.0,3.0,0.0,0.0,5.0,1.0,0,0,4.0,0.0,0.0,0.0
3879637,2015-12-04,Serie A,Juventus,Lazio,5743,Paulo Bruno Exequiel Dybala,MID,Left Center Forward,79.4,1,W,1.0,0.0,0.1508,0,4.0,30.0,21.0,3.0,1.0,13.0,10.0,0,2.0,42.0,4.0,4.0,3.0
3879637,2015-12-04,Serie A,Juventus,Lazio,6940,Kwadwo Asamoah,MID,Left Center Midfield,68.1,1,W,0.0,0.0,0.0404,0.0357,1.0,20.0,16.0,2.0,1.0,11.0,1.0,0,3.0,16.0,0.0,2.0,3.0
3879637,2015-12-04,Serie A,Juventus,Lazio,6943,Andrea Barzagli,DEF,Right Center Back,94.03,1,W,0,0.0,0,0,0,33.0,26.0,3.0,2.0,15.0,5.0,0,3.0,16.0,0.0,3.0,3.0
3879637,2015-12-04,Serie A,Juventus,Lazio,6945,Alex Sandro Lobo Silva,DEF,Left Wing Back,94.03,1,W,0,0.0,0,0.1144,0,36.0,31.0,5.0,2.0,20.0,3.0,1.0,3.0,33.0,5.0,1.0,6.0
3879637,2015-12-04,Serie A,Juventus,Lazio,6949,Gianluigi Buffon,GK,Goalkeeper,94.03,1,W,0,0.0,0,0,0,28.0,16.0,4.0,1.0,0,8.0,0,0,11.0,0.0,0.0,4.0
3879637,2015-12-04,Serie A,Juventus,Lazio,6954,Giorgio Chiellini,DEF,Left Center Back,94.03,1,W,0,0.0,0,0,0,47.0,33.0,3.0,3.0,12.0,5.0,1.0,3.0,28.0,2.0,2.0,3.0
3879637,2015-12-04,Serie A,Juventus,Lazio,7013,Stefano Sturaro,MID,Right Center Midfield,94.03,1,W,0,0.0,0,0,0,32.0,22.0,3.0,2.0,23.0,3.0,0,2.0,25.0,4.0,1.0,3.0
3879637,2015-12-04,Serie A,Juventus,Lazio,7173,Leonardo Bonucci,DEF,Center Back,94.03,1,W,0.0,0.0,0.0202,0,1.0,39.0,32.0,8.0,0.0,10.0,4.0,0,1.0,17.0,0.0,0.0,8.0
3879637,2015-12-04,Serie A,Juventus,Lazio,8294,Claudio Marchisio,MID,Center Defensive Midfield,94.03,1,W,0.0,0.0,0.0225,0.0202,1.0,44.0,39.0,6.0,2.0,35.0,14.0,2.0,2.0,30.0,0.0,1.0,7.0
3879637,2015-12-04,Serie A,Juventus,Lazio,20008,Patrice Evra,MID,Left Center Midfield,25.93,0,W,0,0.0,0,0,0,12.0,9.0,1.0,1.0,7.0,0,0,2.0,7.0,1.0,2.0,1.0
3900540,2015-12-04,Ligue 1,Paris Saint-Germain,OGC Nice,2995,Ángel Fabián Di María Hernández,FWD,Right Wing,92.97,1,W,0.0,1.0,0.2022,0.2426,3.0,66.0,57.0,18.0,10.0,11.0,6.0,2.0,0,54.0,3.0,12.0,19.0
3900540,2015-12-04,Ligue 1,Paris Saint-Germain,OGC Nice,3026,Adrien Rabiot,MID,Left Center Midfield,35.27,0,W,0.0,0.0,0.1622,0.0345,1.0,44.0,36.0,3.0,1.0,12.0,6.0,0,3.0,34.0,3.0,4.0,4.0
3900540,2015-12-04,Ligue 1,Paris Saint-Germain,OGC Nice,3295,Thiago Emiliano da Silva,DEF,Left Center Back,92.97,1,W,0,0.0,0,0,0,111.0,107.0,13.0,3.0,3.0,2.0,2.0,4.0,84.0,1.0,2.0,13.0
3900540,2015-12-04,Ligue 1,Paris Saint-Germain,OGC Nice,3481,Serge Aurier,DEF,Right Back,92.97,1,W,0.0,0.0,0.0721,0,1.0,76.0,63.0,6.0,5.0,18.0,5.0,3.0,2.0,57.0,3.0,3.0,6.0
3900540,2015-12-04,Ligue 1,Paris Saint-Germain,OGC Nice,3672,Zlatan Ibrahimović,FWD,Center Forward,76.6,1,W,2.0,1.0,1.4347,1.022,6.0,42.0,30.0,1.0,1.0,10.0,3.0,0,0,31.0,3.0,3.0,3.0
3900540,2015-12-04,Ligue 1,Paris Saint-Germain,OGC Nice,3745,Lucas Rodrigues Moura da Silva,FWD,Center Forward,16.37,0,W,0,0.0,0,0,0,10.0,9.0,1.0,0.0,1.0,1.0,1.0,0,11.0,0.0,1.0,1.0
3900540,2015-12-04,Ligue 1,Paris Saint-Germain,OGC Nice,4319,Edinson Roberto Cavani Gómez,FWD,Left Wing,92.97,1,W,1.0,0.0,0.8944,0.084,2.0,32.0,23.0,2.0,3.0,15.0,4.0,0,0,27.0,0.0,3.0,3.0
3900540,2015-12-04,Ligue 1,Paris Saint-Germain,OGC Nice,4325,Thiago Motta,MID,Center Defensive Midfield,75.93,1,W,0.0,0.0,0.1571,0,1.0,93.0,88.0,13.0,6.0,28.0,5.0,1.0,4.0,68.0,0.0,4.0,13.0
3900540,2015-12-04,Ligue 1,Paris Saint-Germain,OGC Nice,4326,Layvin Kurzawa,DEF,Left Back,92.97,1,W,0.0,0.0,0.023,0.3566,1.0,72.0,68.0,5.0,3.0,10.0,4.0,1.0,1.0,56.0,7.0,6.0,7.0
3900540,2015-12-04,Ligue 1,Paris Saint-Germain,OGC Nice,4372,Marcos Aoás Corrêa,DEF,Right Center Back,92.97,1,W,0,0.0,0,0,0,84.0,81.0,10.0,1.0,5.0,4.0,3.0,1.0,65.0,0.0,0.0,10.0
3900540,2015-12-04,Ligue 1,Paris Saint-Germain,OGC Nice,4375,Blaise Matuidi,MID,Left Center Midfield,57.7,1,W,0,0.0,0,0.116,0,41.0,39.0,7.0,2.0,10.0,3.0,2.0,1.0,35.0,2.0,3.0,7.0
3900540,2015-12-04,Ligue 1,Paris Saint-Germain,OGC Nice,4440,Kevin Trapp,GK,Goalkeeper,92.97,1,W,0,0.0,0,0,0,24.0,20.0,2.0,0.0,0,1.0,0,0,12.0,0.0,0.0,2.0
3900540,2015-12-04,Ligue 1,Paris Saint-Germain,OGC Nice,8515,Benjamin Stambouli,MID,Right Center Midfield,92.97,1,W,0.0,0.0,0.2634,0.0721,1.0,72.0,65.0,8.0,5.0,27.0,6.0,1.0,2.0,55.0,3.0,5.0,8.0
3900540,2015-12-04,Ligue 1,Paris Saint-Germain,OGC Nice,351521,Ezequiel Iván Lavezzi,MID,Center Defensive Midfield,17.03,0,W,0,0.0,0,0,0,20.0,17.0,4.0,2.0,2.0,0,0,0,14.0,2.0,1.0,4.0
3754160,2015-12-05,Premier League,Arsenal,Sunderland,3394,Laurent Koscielny,DEF,Left Center Back,95.0,1,W,0,0.0,0,0,0,50.0,41.0,8.0,3.0,7.0,4.0,2.0,2.0,33.0,4.0,4.0,8.0
3754160,2015-12-05,Premier League,Arsenal,Sunderland,3461,Petr Čech,GK,Goalkeeper,95.0,1,W,0,0.0,0,0,0,29.0,18.0,6.0,1.0,0,4.0,0,0,8.0,0.0,0.0,6.0
3754160,2015-12-05,Premier League,Arsenal,Sunderland,3475,Per Mertesacker,DEF,Right Center Back,95.0,1,W,0,0.0,0,0,0,51.0,46.0,7.0,2.0,2.0,3.0,0,1.0,28.0,1.0,2.0,7.0
3754160,2015-12-05,Premier League,Arsenal,Sunderland,3496,Mesut Özil,MID,Center Attacking Midfield,95.0,1,W,0.0,1.0,0.0247,0.6049,1.0,108.0,84.0,10.0,4.0,5.0,4.0,0,1.0,89.0,7.0,11.0,13.0
3754160,2015-12-05,Premier League,Arsenal,Sunderland,3498,Ignacio Monreal Eraso,DEF,Left Back,95.0,1,W,0,0.0,0,0.2424,0,94.0,82.0,11.0,7.0,6.0,6.0,1.0,2.0,57.0,1.0,3.0,12.0
3754160,2015-12-05,Premier League,Arsenal,Sunderland,3511,Héctor Bellerín Moruno,DEF,Right Back,95.0,1,W,0.0,0.0,0.0451,0,1.0,68.0,63.0,6.0,4.0,5.0,5.0,0,0,52.0,7.0,3.0,6.0
3754160,2015-12-05,Premier League,Arsenal,Sunderland,3517,Aaron Ramsey,MID,Right Defensive Midfield,95.0,1,W,1.0,1.0,1.1902,0.2038,7.0,123.0,114.0,22.0,15.0,6.0,10.0,0,1.0,109.0,8.0,10.0,25.0
3754160,2015-12-05,Premier League,Arsenal,Sunderland,3525,Alex Oxlade-Chamberlain,FWD,Left Wing,63.37,1,W,0.0,0.0,0.0291,0.0398,1.0,31.0,22.0,3.0,0.0,4.0,2.0,0,3.0,29.0,4.0,2.0,4.0
3754160,2015-12-05,Premier League,Arsenal,Sunderland,3528,Kieran Gibbs,FWD,Right Wing,19.48,0,W,0,0.0,0,0.0417,0,17.0,14.0,4.0,2.0,4.0,0,0,0,13.0,0.0,1.0,4.0
3754160,2015-12-05,Premier League,Arsenal,Sunderland,3604,Olivier Giroud,FWD,Center Forward,79.52,1,W,1.0,0.0,0.1913,0,2.0,19.0,14.0,0.0,0.0,4.0,0,0,1.0,9.0,0.0,2.0,0.0
3754160,2015-12-05,Premier League,Arsenal,Sunderland,3668,Theo Walcott,FWD,Left Wing,31.63,0,W,0.0,0.0,0.0301,0.1444,1.0,10.0,8.0,0.0,0.0,1.0,0,0,0,13.0,1.0,0.0,1.0
3754160,2015-12-05,Premier League,Arsenal,Sunderland,3713,Calum Chambers,FWD,Center Forward,15.48,0,W,0.0,0.0,0.1861,0,2.0,3.0,2.0,0.0,0.0,3.0,0,0,0,6.0,0.0,1.0,0.0
3754160,2015-12-05,Premier League,Arsenal,Sunderland,5581,Joel Nathaniel Campbell Samuels,FWD,Right Wing,75.52,1,W,1.0,0.0,0.1459,0,1.0,36.0,25.0,1.0,1.0,8.0,3.0,0,3.0,32.0,2.0,2.0,1.0
3754160,2015-12-05,Premier League,Arsenal,Sunderland,6631,Mathieu Flamini,MID,Left Defensive Midfield,95.0,1,W,0,0.0,0,0.0451,0,105.0,101.0,19.0,18.0,5.0,7.0,1.0,3.0,77.0,1.0,4.0,20.0
267274,2015-12-05,La Liga,Barcelona,Valencia,4320,Neymar da Silva Santos Junior,FWD,Left Wing,93.08,1,D,0.0,0.0,0.3156,0.5778,2.0,71.0,49.0,7.0,4.0,10.0,4.0,1.0,1.0,83.0,12.0,8.0,11.0
267274,2015-12-05,La Liga,Barcelona,Valencia,4324,Daniel Alves da Silva,DEF,Right Back,93.08,1,D,0,0.0,0,0.0278,0,68.0,60.0,4.0,4.0,14.0,8.0,0,6.0,49.0,3.0,1.0,5.0
267274,2015-12-05,La Liga,Barcelona,Valencia,4691,Claudio Andrés Bravo Muñoz,GK,Goalkeeper,93.08,1,D,0,0.0,0,0,0,20.0,20.0,0.0,0.0,0,3.0,0,0,11.0,0.0,0.0,0.0
267274,2015-12-05,La Liga,Barcelona,Valencia,5203,Sergio Busquets i Burgos,MID,Center Defensive Midfield,93.08,1,D,0.0,0.0,0.021,0,1.0,96.0,88.0,9.0,1.0,19.0,6.0,0,1.0,81.0,2.0,5.0,9.0
267274,2015-12-05,La Liga,Barcelona,Valencia,5211,Jordi Alba Ramos,DEF,Left Back,93.08,1,D,0,0.0,0,0.1195,0,84.0,71.0,7.0,3.0,7.0,5.0,1.0,0,57.0,0.0,4.0,8.0
267274,2015-12-05,La Liga,Barcelona,Valencia,5213,Gerard Piqué Bernabéu,DEF,Right Center Back,93.08,1,D,0,0.0,0,0,0,74.0,71.0,11.0,3.0,5.0,7.0,0,0,66.0,1.0,3.0,11.0
267274,2015-12-05,La Liga,Barcelona,Valencia,5216,Andrés Iniesta Luján,MID,Left Center Midfield,93.08,1,D,0,0.0,0,0,0,99.0,87.0,18.0,14.0,16.0,5.0,1.0,2.0,95.0,4.0,14.0,18.0
267274,2015-12-05,La Liga,Barcelona,Valencia,5246,Luis Alberto Suárez Díaz,FWD,Center Forward,93.08,1,D,1.0,0.0,0.2757,0.0546,4.0,27.0,21.0,2.0,2.0,15.0,4.0,1.0,0,28.0,1.0,2.0,3.0
267274,2015-12-05,La Liga,Barcelona,Valencia,5470,Ivan Rakitić,MID,Right Center Midfield,93.08,1,D,0.0,0.0,0.1104,0.0664,2.0,64.0,53.0,2.0,4.0,16.0,6.0,3.0,1.0,56.0,3.0,4.0,2.0
267274,2015-12-05,La Liga,Barcelona,Valencia,5503,Lionel Andrés Messi Cuccittini,FWD,Right Wing,93.08,1,D,0.0,1.0,0.6034,0.0783,7.0,59.0,49.0,8.0,8.0,10.0,6.0,1.0,2.0,80.0,6.0,11.0,8.0
267274,2015-12-05,La Liga,Barcelona,Valencia,5506,Javier Alejandro Mascherano,DEF,Left Center Back,93.08,1,D,0,0.0,0,0,0,96.0,91.0,10.0,7.0,4.0,5.0,1.0,0,87.0,6.0,3.0,10.0
3890390,2015-12-05,Bundesliga,Bayer Leverkusen,Hertha Berlin,3058,Javier Hernández Balcázar,FWD,Center Forward,93.2,1,L,1.0,0.0,0.855,0,4.0,18.0,16.0,2.0,0.0,15.0,0,0,0,12.0,0.0,2.0,2.0
3890390,2015-12-05,Bundesliga,Bayer Leverkusen,Hertha Berlin,5555,Julian Brandt,MID,Center Attacking Midfield,19.22,1,L,0,0.0,0,0,0,7.0,6.0,0.0,0.0,7.0,1.0,0,0,4.0,0.0,0.0,0.0
3890390,2015-12-05,Bundesliga,Bayer Leverkusen,Hertha Berlin,7039,Hakan Çalhanoğlu,MID,Left Midfield,25.72,0,L,0,0.0,0,0.0519,0,22.0,18.0,3.0,2.0,9.0,3.0,0,1.0,19.0,1.0,2.0,4.0
3890390,2015-12-05,Bundesliga,Bayer Leverkusen,Hertha Berlin,8212,Wendell Nascimento Borges,MID,Center Attacking Midfield,73.98,0,L,0,0.0,0,0,0,41.0,31.0,3.0,0.0,18.0,7.0,2.0,5.0,21.0,2.0,3.0,3.0
3890390,2015-12-05,Bundesliga,Bayer Leverkusen,Hertha Berlin,8213,Karim Bellarabi,FWD,Right Wing,93.2,1,L,0,0.0,0,0.2872,0,36.0,22.0,1.0,2.0,41.0,8.0,1.0,1.0,44.0,3.0,4.0,3.0
3890390,2015-12-05,Bundesliga,Bayer Leverkusen,Hertha Berlin,8219,Admir Mehmedi,FWD,Left Wing,67.48,1,L,0,1.0,0,0.3752,0,29.0,20.0,4.0,1.0,30.0,6.0,0,1.0,27.0,0.0,2.0,4.0
3890390,2015-12-05,Bundesliga,Bayer Leverkusen,Hertha Berlin,8221,Jonathan Tah,DEF,Right Center Back,93.2,1,L,0.0,0.0,0.0885,0,2.0,50.0,37.0,5.0,4.0,15.0,6.0,1.0,3.0,34.0,2.0,5.0,5.0
3890390,2015-12-05,Bundesliga,Bayer Leverkusen,Hertha Berlin,8222,Kevin Kampl,MID,Left Defensive Midfield,93.2,1,L,0,0.0,0,0,0,50.0,42.0,9.0,5.0,29.0,8.0,1.0,2.0,45.0,5.0,6.0,9.0
3890390,2015-12-05,Bundesliga,Bayer Leverkusen,Hertha Berlin,8549,Giulio Donati,DEF,Right Back,67.58,1,L,0,0.0,0,0,0,33.0,21.0,2.0,1.0,16.0,2.0,2.0,4.0,21.0,0.0,4.0,2.0
3890390,2015-12-05,Bundesliga,Bayer Leverkusen,Hertha Berlin,8573,Ömer Toprak,DEF,Left Center Back,93.2,1,L,0.0,0.0,0.0252,0,1.0,51.0,41.0,7.0,1.0,10.0,3.0,1.0,5.0,34.0,1.0,1.0,7.0
3890390,2015-12-05,Bundesliga,Bayer Leverkusen,Hertha Berlin,8805,Christoph Kramer,MID,Right Defensive Midfield,93.2,1,L,0,0.0,0,0,0,55.0,48.0,6.0,4.0,33.0,3.0,1.0,2.0,39.0,1.0,2.0,6.0
3890390,2015-12-05,Bundesliga,Bayer Leverkusen,Hertha Berlin,8918,Roberto Hilbert,DEF,Right Back,25.62,0,L,0,0.0,0,0,0,24.0,20.0,3.0,4.0,4.0,1.0,1.0,1.0,15.0,0.0,2.0,3.0
3890390,2015-12-05,Bundesliga,Bayer Leverkusen,Hertha Berlin,15581,Bernd Leno,GK,Goalkeeper,93.2,1,L,0,0.0,0,0,0,27.0,17.0,2.0,0.0,0,3.0,0,0,12.0,0.0,0.0,2.0
3890390,2015-12-05,Bundesliga,Bayer Leverkusen,Hertha Berlin,20415,Sebastian Boenisch,DEF,Left Back,16.53,1,L,0,0.0,0,0,0,12.0,5.0,1.0,0.0,3.0,0,1.0,0,3.0,0.0,0.0,1.0
266961,2015-12-12,La Liga,Barcelona,RC Deportivo La Coruña,3508,Sandro Ramírez Castillo,FWD,Left Wing,67.57,1,D,0,0.0,0,0.1738,0,20.0,15.0,1.0,1.0,9.0,2.0,1.0,0,16.0,1.0,0.0,2.0
266961,2015-12-12,La Liga,Barcelona,RC Deportivo La Coruña,4324,Daniel Alves da Silva,DEF,Right Back,94.08,1,D,0.0,0.0,0.0437,0.1488,2.0,113.0,101.0,9.0,7.0,17.0,9.0,0,0,101.0,11.0,5.0,11.0
266961,2015-12-12,La Liga,Barcelona,RC Deportivo La Coruña,4691,Claudio Andrés Bravo Muñoz,GK,Goalkeeper,94.08,1,D,0,0.0,0,0,0,30.0,29.0,1.0,0.0,0,3.0,0,0,14.0,0.0,0.0,1.0
266961,2015-12-12,La Liga,Barcelona,RC Deportivo La Coruña,5203,Sergio Busquets i Burgos,MID,Center Defensive Midfield,94.08,1,D,0,0.0,0,0,0,64.0,56.0,13.0,9.0,19.0,3.0,2.0,2.0,45.0,0.0,4.0,13.0
266961,2015-12-12,La Liga,Barcelona,RC Deportivo La Coruña,5211,Jordi Alba Ramos,DEF,Left Back,76.05,1,D,0,0.0,0,0.0626,0,81.0,72.0,8.0,2.0,6.0,4.0,1.0,0,64.0,2.0,0.0,9.0
266961,2015-12-12,La Liga,Barcelona,RC Deportivo La Coruña,5213,Gerard Piqué Bernabéu,DEF,Right Center Back,94.08,1,D,0,0.0,0,0,0,35.0,34.0,4.0,0.0,5.0,5.0,1.0,0,25.0,1.0,0.0,4.0
266961,2015-12-12,La Liga,Barcelona,RC Deportivo La Coruña,5216,Andrés Iniesta Luján,MID,Left Center Midfield,94.08,1,D,0.0,0.0,0.072,0.0667,2.0,107.0,89.0,26.0,20.0,16.0,11.0,0,0,104.0,8.0,20.0,28.0
266961,2015-12-12,La Liga,Barcelona,RC Deportivo La Coruña,5246,Luis Alberto Suárez Díaz,FWD,Center Forward,94.08,1,D,0.0,0.0,0.4747,0.0839,5.0,41.0,32.0,4.0,1.0,16.0,4.0,1.0,0,42.0,3.0,3.0,5.0
266961,2015-12-12,La Liga,Barcelona,RC Deportivo La Coruña,5470,Ivan Rakitić,MID,Right Center Midfield,71.92,1,D,1.0,0.0,0.0796,0.0176,2.0,89.0,80.0,12.0,11.0,22.0,1.0,1.0,3.0,68.0,4.0,9.0,13.0
266961,2015-12-12,La Liga,Barcelona,RC Deportivo La Coruña,5503,Lionel Andrés Messi Cuccittini,FWD,Right Wing,94.08,1,D,1.0,1.0,0.3707,0.2468,8.0,95.0,80.0,14.0,7.0,4.0,0,0,0,104.0,13.0,18.0,18.0
266961,2015-12-12,La Liga,Barcelona,RC Deportivo La Coruña,5506,Javier Alejandro Mascherano,DEF,Left Center Back,94.08,1,D,0,0.0,0,0,0,27.0,25.0,3.0,1.0,15.0,3.0,1.0,1.0,16.0,4.0,1.0,3.0
266961,2015-12-12,La Liga,Barcelona,RC Deportivo La Coruña,6379,Sergi Roberto Carnicer,MID,Right Center Midfield,22.17,0,D,0,0.0,0,0,0,13.0,11.0,3.0,3.0,4.0,2.0,1.0,1.0,10.0,0.0,3.0,3.0
266961,2015-12-12,La Liga,Barcelona,RC Deportivo La Coruña,6616,Munir El Haddadi Mohamed,FWD,Left Wing,26.52,0,D,0,0.0,0,0,0,3.0,3.0,0.0,0.0,12.0,0,0,1.0,2.0,0.0,0.0,0.0
266961,2015-12-12,La Liga,Barcelona,RC Deportivo La Coruña,10609,Jérémy Mathieu,DEF,Left Back,18.03,0,D,0,0.0,0,0,0,9.0,8.0,0.0,0.0,2.0,0,0,0,6.0,0.0,0.0,0.0
3890395,2015-12-12,Bundesliga,Bayer Leverkusen,Borussia Mönchengladbach,3058,Javier Hernández Balcázar,MID,Right Center Forward,78.8,1,W,3.0,0.0,1.5435,0,3.0,18.0,16.0,1.0,1.0,7.0,2.0,1.0,0,21.0,0.0,2.0,1.0
3890395,2015-12-12,Bundesliga,Bayer Leverkusen,Borussia Mönchengladbach,7039,Hakan Çalhanoğlu,MID,Left Midfield,90.27,1,W,0.0,1.0,0.0478,0.2401,3.0,50.0,36.0,7.0,3.0,17.0,7.0,1.0,4.0,39.0,2.0,9.0,9.0
3890395,2015-12-12,Bundesliga,Bayer Leverkusen,Borussia Mönchengladbach,8212,Wendell Nascimento Borges,DEF,Left Back,90.27,1,W,0,0.0,0,0,0,54.0,42.0,4.0,6.0,24.0,7.0,5.0,2.0,40.0,3.0,2.0,4.0
3890395,2015-12-12,Bundesliga,Bayer Leverkusen,Borussia Mönchengladbach,8213,Karim Bellarabi,MID,Right Midfield,90.27,1,W,0.0,1.0,0.2153,0.9037,4.0,30.0,18.0,1.0,3.0,25.0,8.0,2.0,2.0,34.0,5.0,3.0,2.0
3890395,2015-12-12,Bundesliga,Bayer Leverkusen,Borussia Mönchengladbach,8219,Admir Mehmedi,MID,Left Center Forward,11.47,0,W,0,0.0,0,0,0,3.0,2.0,0.0,0.0,5.0,0,0,0,4.0,0.0,0.0,0.0
3890395,2015-12-12,Bundesliga,Bayer Leverkusen,Borussia Mönchengladbach,8221,Jonathan Tah,DEF,Right Center Back,90.27,1,W,0,0.0,0,0,0,14.0,12.0,1.0,2.0,12.0,4.0,2.0,3.0,12.0,0.0,0.0,1.0
3890395,2015-12-12,Bundesliga,Bayer Leverkusen,Borussia Mönchengladbach,8222,Kevin Kampl,MID,Left Defensive Midfield,86.67,1,W,0,0.0,0,0,0,54.0,47.0,11.0,5.0,23.0,14.0,2.0,1.0,47.0,3.0,4.0,11.0
3890395,2015-12-12,Bundesliga,Bayer Leverkusen,Borussia Mönchengladbach,8549,Giulio Donati,DEF,Right Back,45.27,0,W,0,0.0,0,0,0,22.0,19.0,4.0,1.0,9.0,2.0,2.0,3.0,13.0,0.0,1.0,4.0
3890395,2015-12-12,Bundesliga,Bayer Leverkusen,Borussia Mönchengladbach,8573,Ömer Toprak,DEF,Left Center Back,90.27,1,W,0,0.0,0,0,0,41.0,28.0,2.0,1.0,10.0,9.0,2.0,3.0,33.0,0.0,2.0,2.0
3890395,2015-12-12,Bundesliga,Bayer Leverkusen,Borussia Mönchengladbach,8805,Christoph Kramer,MID,Right Defensive Midfield,90.27,1,W,0,0.0,0,0.0418,0,50.0,37.0,8.0,8.0,32.0,13.0,0,3.0,38.0,4.0,8.0,8.0
3890395,2015-12-12,Bundesliga,Bayer Leverkusen,Borussia Mönchengladbach,8918,Roberto Hilbert,DEF,Right Back,45.0,1,W,0,1.0,0,0.2756,0,25.0,16.0,3.0,1.0,11.0,6.0,2.0,1.0,18.0,0.0,6.0,4.0
3890395,2015-12-12,Bundesliga,Bayer Leverkusen,Borussia Mönchengladbach,11394,Stefan Kießling,MID,Left Center Forward,90.27,1,W,2.0,2.0,0.5158,0.7564,4.0,37.0,25.0,3.0,2.0,31.0,9.0,0,3.0,36.0,2.0,4.0,5.0
3890395,2015-12-12,Bundesliga,Bayer Leverkusen,Borussia Mönchengladbach,15581,Bernd Leno,GK,Goalkeeper,90.27,1,W,0,0.0,0,0.0166,0,30.0,19.0,10.0,3.0,1.0,3.0,0,0,20.0,0.0,0.0,10.0
3890395,2015-12-12,Bundesliga,Bayer Leverkusen,Borussia Mönchengladbach,21168,Marlon Frey,MID,Left Defensive Midfield,3.6,0,W,0,0.0,0,0,0,3.0,3.0,0.0,1.0,1.0,0,0,0,4.0,0.0,0.0,0.0
3754117,2015-12-13,Premier League,Arsenal,Aston Villa,3394,Laurent Koscielny,DEF,Left Center Back,94.27,1,W,0.0,0.0,0.0578,0,1.0,60.0,52.0,11.0,3.0,4.0,4.0,0,1.0,44.0,4.0,2.0,11.0
3754117,2015-12-13,Premier League,Arsenal,Aston Villa,3461,Petr Čech,GK,Goalkeeper,94.27,1,W,0,0.0,0,0,0,38.0,19.0,8.0,2.0,0,7.0,0,0,12.0,0.0,0.0,8.0
3754117,2015-12-13,Premier League,Arsenal,Aston Villa,3475,Per Mertesacker,DEF,Right Center Back,94.27,1,W,0,0.0,0,0,0,60.0,54.0,10.0,3.0,1.0,1.0,0,0,37.0,1.0,2.0,10.0
3754117,2015-12-13,Premier League,Arsenal,Aston Villa,3496,Mesut Özil,MID,Center Attacking Midfield,85.05,1,W,0,1.0,0,0.8605,0,49.0,42.0,6.0,7.0,14.0,1.0,0,0,40.0,3.0,7.0,8.0
3754117,2015-12-13,Premier League,Arsenal,Aston Villa,3498,Ignacio Monreal Eraso,DEF,Left Back,94.27,1,W,0,0.0,0,0,0,63.0,48.0,3.0,1.0,10.0,3.0,0,2.0,25.0,0.0,2.0,3.0
3754117,2015-12-13,Premier League,Arsenal,Aston Villa,3511,Héctor Bellerín Moruno,DEF,Right Back,94.27,1,W,0.0,0.0,0.1003,0,1.0,46.0,40.0,2.0,4.0,11.0,1.0,0,1.0,33.0,4.0,1.0,2.0
3754117,2015-12-13,Premier League,Arsenal,Aston Villa,3517,Aaron Ramsey,MID,Left Center Midfield,94.27,1,W,1.0,0.0,0.7712,0.063,3.0,80.0,71.0,13.0,3.0,25.0,9.0,0,4.0,55.0,3.0,7.0,14.0
3754117,2015-12-13,Premier League,Arsenal,Aston Villa,3525,Alex Oxlade-Chamberlain,FWD,Left Wing,30.58,0,W,0.0,0.0,0.063,0.1003,1.0,13.0,12.0,2.0,4.0,8.0,2.0,0,1.0,17.0,2.0,2.0,3.0
3754117,2015-12-13,Premier League,Arsenal,Aston Villa,3528,Kieran Gibbs,FWD,Right Wing,30.9,0,W,0.0,0.0,0.0443,0,1.0,15.0,12.0,1.0,0.0,6.0,2.0,0,2.0,12.0,1.0,1.0,1.0
3754117,2015-12-13,Premier League,Arsenal,Aston Villa,3604,Olivier Giroud,FWD,Center Forward,94.27,1,W,1.0,0.0,0.8671,0.0443,2.0,38.0,26.0,1.0,1.0,15.0,4.0,0,0,23.0,3.0,4.0,2.0
3754117,2015-12-13,Premier League,Arsenal,Aston Villa,3668,Theo Walcott,FWD,Left Wing,63.68,1,W,0,0.0,0,0,0,15.0,10.0,1.0,1.0,7.0,1.0,0,0,16.0,3.0,2.0,1.0
3754117,2015-12-13,Premier League,Arsenal,Aston Villa,3713,Calum Chambers,MID,Center Attacking Midfield,9.22,0,W,0,0.0,0,0,0,4.0,4.0,0.0,0.0,3.0,0,0,0,4.0,1.0,0.0,0.0
3754117,2015-12-13,Premier League,Arsenal,Aston Villa,5581,Joel Nathaniel Campbell Samuels,FWD,Right Wing,63.37,1,W,0,0.0,0,0.0378,0,20.0,12.0,0.0,0.0,19.0,6.0,0,1.0,15.0,0.0,2.0,1.0
3754117,2015-12-13,Premier League,Arsenal,Aston Villa,6631,Mathieu Flamini,MID,Right Center Midfield,94.27,1,W,0,0.0,0,0,0,55.0,49.0,8.0,4.0,16.0,2.0,0,3.0,33.0,0.0,4.0,8.0
3879653,2015-12-13,Serie A,Juventus,Fiorentina,3477,Álvaro Borja Morata Martín,MID,Left Center Forward,8.57,0,W,0,0.0,0,0,0,1.0,0.0,0.0,0.0,8.0,0,0,0,0,0,0.0,0.0
3879653,2015-12-13,Serie A,Juventus,Fiorentina,5472,Mario Mandžukić,MID,Left Center Forward,85.38,1,W,1.0,0.0,0.3103,0.2387,3.0,18.0,14.0,1.0,0.0,28.0,2.0,0,2.0,7.0,0.0,0.0,2.0
3879653,2015-12-13,Serie A,Juventus,Fiorentina,5566,Sami Khedira,MID,Right Center Midfield,61.07,1,W,0,0.0,0,0,0,22.0,20.0,1.0,2.0,17.0,0,0,1.0,11.0,0.0,1.0,1.0
3879653,2015-12-13,Serie A,Juventus,Fiorentina,5689,Juan Guillermo Cuadrado Bello,DEF,Right Wing Back,93.95,1,W,1.0,0.0,0.0634,0.048,2.0,32.0,25.0,3.0,1.0,12.0,3.0,1.0,2.0,32.0,3.0,3.0,3.0
3879653,2015-12-13,Serie A,Juventus,Fiorentina,5743,Paulo Bruno Exequiel Dybala,MID,Right Center Forward,93.95,1,W,1.0,0.0,1.3733,0.1319,6.0,26.0,18.0,4.0,1.0,22.0,6.0,0,0,27.0,4.0,6.0,5.0
3879653,2015-12-13,Serie A,Juventus,Fiorentina,6943,Andrea Barzagli,DEF,Right Center Back,93.95,1,W,0,0.0,0,0,0,56.0,43.0,7.0,2.0,6.0,5.0,1.0,0,33.0,0.0,1.0,7.0
3879653,2015-12-13,Serie A,Juventus,Fiorentina,6945,Alex Sandro Lobo Silva,DEF,Left Wing Back,17.83,0,W,0,0.0,0,0,0,8.0,3.0,1.0,0.0,4.0,4.0,0,0,8.0,3.0,3.0,1.0
3879653,2015-12-13,Serie A,Juventus,Fiorentina,6949,Gianluigi Buffon,GK,Goalkeeper,93.95,1,W,0,0.0,0,0,0,16.0,12.0,3.0,0.0,0,2.0,0,0,5.0,0.0,0.0,3.0
3879653,2015-12-13,Serie A,Juventus,Fiorentina,6954,Giorgio Chiellini,DEF,Left Center Back,93.95,1,W,0,0.0,0,0,0,51.0,42.0,13.0,6.0,11.0,4.0,1.0,0,32.0,2.0,9.0,13.0
3879653,2015-12-13,Serie A,Juventus,Fiorentina,7013,Stefano Sturaro,MID,Right Center Midfield,32.88,0,W,0.0,0.0,0.048,0,1.0,3.0,3.0,0.0,1.0,14.0,0,1.0,1.0,2.0,0.0,0.0,0.0
3879653,2015-12-13,Serie A,Juventus,Fiorentina,7173,Leonardo Bonucci,DEF,Center Back,93.95,1,W,0.0,0.0,0.0276,0,2.0,35.0,26.0,4.0,1.0,4.0,3.0,4.0,2.0,21.0,0.0,1.0,4.0
3879653,2015-12-13,Serie A,Juventus,Fiorentina,8294,Claudio Marchisio,MID,Center Defensive Midfield,93.95,1,W,0,0.0,0,0,0,43.0,41.0,4.0,4.0,31.0,6.0,0,6.0,30.0,0.0,2.0,4.0
3879653,2015-12-13,Serie A,Juventus,Fiorentina,20004,Paul Pogba,MID,Left Center Midfield,93.95,1,W,0.0,0.0,0.0146,0.4763,2.0,48.0,35.0,8.0,7.0,26.0,7.0,3.0,2.0,55.0,9.0,10.0,8.0
3879653,2015-12-13,Serie A,Juventus,Fiorentina,20008,Patrice Evra,DEF,Left Wing Back,76.12,1,W,0,1.0,0,0.2567,0,45.0,33.0,4.0,2.0,8.0,3.0,0,2.0,31.0,5.0,2.0,8.0
3900557,2015-12-13,Ligue 1,Paris Saint-Germain,Lyon,2995,Ángel Fabián Di María Hernández,FWD,Right Wing,93.12,1,W,0.0,3.0,0.1006,1.5889,1.0,63.0,44.0,6.0,4.0,22.0,4.0,1.0,2.0,50.0,6.0,9.0,10.0
3900557,2015-12-13,Ligue 1,Paris Saint-Germain,Lyon,3026,Adrien Rabiot,MID,Right Center Midfield,69.1,1,W,0,0.0,0,0,0,56.0,52.0,6.0,3.0,27.0,4.0,1.0,3.0,44.0,3.0,2.0,6.0
3900557,2015-12-13,Ligue 1,Paris Saint-Germain,Lyon,3166,Marco Verratti,MID,Right Center Midfield,24.02,0,W,0,0.0,0,0,0,38.0,35.0,2.0,1.0,7.0,3.0,2.0,1.0,33.0,0.0,1.0,2.0
3900557,2015-12-13,Ligue 1,Paris Saint-Germain,Lyon,3295,Thiago Emiliano da Silva,DEF,Right Center Back,93.12,1,W,0,0.0,0,0,0,106.0,98.0,13.0,6.0,8.0,6.0,1.0,1.0,88.0,2.0,1.0,13.0
3900557,2015-12-13,Ligue 1,Paris Saint-Germain,Lyon,3481,Serge Aurier,DEF,Right Back,93.12,1,W,1.0,0.0,0.4232,0,1.0,74.0,59.0,0.0,0.0,27.0,10.0,2.0,3.0,56.0,1.0,4.0,0.0
3900557,2015-12-13,Ligue 1,Paris Saint-Germain,Lyon,3672,Zlatan Ibrahimović,FWD,Center Forward,93.12,1,W,2.0,0.0,1.2036,0,3.0,31.0,24.0,2.0,2.0,13.0,3.0,0,2.0,22.0,0.0,3.0,2.0
3900557,2015-12-13,Ligue 1,Paris Saint-Germain,Lyon,3745,Lucas Rodrigues Moura da Silva,MID,Left Center Midfield,11.4,0,W,1.0,0.0,0.269,0,1.0,4.0,4.0,1.0,1.0,4.0,0,0,0,7.0,0.0,1.0,1.0
3900557,2015-12-13,Ligue 1,Paris Saint-Germain,Lyon,3956,David Luiz Moreira Marinho,DEF,Left Center Back,93.12,1,W,0.0,0.0,0.2331,0.1006,2.0,87.0,80.0,4.0,3.0,12.0,1.0,4.0,1.0,73.0,1.0,0.0,4.0
3900557,2015-12-13,Ligue 1,Paris Saint-Germain,Lyon,4319,Edinson Roberto Cavani Gómez,FWD,Left Wing,93.12,1,W,1.0,0.0,0.4621,0,3.0,21.0,18.0,2.0,3.0,18.0,1.0,1.0,1.0,17.0,0.0,2.0,2.0
3900557,2015-12-13,Ligue 1,Paris Saint-Germain,Lyon,4325,Thiago Motta,MID,Center Defensive Midfield,87.1,1,W,0,0.0,0,0,0,81.0,71.0,5.0,3.0,21.0,2.0,2.0,2.0,58.0,0.0,0.0,5.0
3900557,2015-12-13,Ligue 1,Paris Saint-Germain,Lyon,4372,Marcos Aoás Corrêa,MID,Center Defensive Midfield,6.02,0,W,0,0.0,0,0,0,6.0,4.0,0.0,0.0,5.0,0,0,0,3.0,0.0,0.0,0.0
3900557,2015-12-13,Ligue 1,Paris Saint-Germain,Lyon,4375,Blaise Matuidi,MID,Left Center Midfield,81.72,1,W,0,0.0,0,0,0,42.0,35.0,4.0,3.0,36.0,3.0,3.0,3.0,40.0,2.0,4.0,4.0
3900557,2015-12-13,Ligue 1,Paris Saint-Germain,Lyon,4440,Kevin Trapp,GK,Goalkeeper,93.12,1,W,0,0.0,0,0,0,31.0,26.0,3.0,0.0,0,3.0,0,0,12.0,0.0,0.0,3.0
3900557,2015-12-13,Ligue 1,Paris Saint-Germain,Lyon,26613,Maxwell Scherrer Cabelino Andrade,DEF,Left Back,93.12,1,W,0,0.0,0,0,0,59.0,53.0,2.0,1.0,6.0,2.0,3.0,2.0,35.0,0.0,2.0,2.0
3890409,2015-12-19,Bundesliga,Bayer Leverkusen,Ingolstadt,3058,Javier Hernández Balcázar,MID,Right Center Forward,83.53,1,W,1.0,0.0,0.127,0.1719,1.0,18.0,16.0,2.0,0.0,4.0,4.0,0,0,15.0,1.0,2.0,3.0
3890409,2015-12-19,Bundesliga,Bayer Leverkusen,Ingolstadt,5555,Julian Brandt,MID,Left Center Forward,3.32,0,W,0,0.0,0,0,0,1.0,1.0,1.0,1.0,0,1.0,0,0,1.0,1.0,1.0,1.0
3890409,2015-12-19,Bundesliga,Bayer Leverkusen,Ingolstadt,7039,Hakan Çalhanoğlu,MID,Left Midfield,70.42,1,W,0.0,0.0,0.0812,0.2084,2.0,48.0,31.0,2.0,1.0,6.0,5.0,0,0,44.0,2.0,5.0,3.0
3890409,2015-12-19,Bundesliga,Bayer Leverkusen,Ingolstadt,8212,Wendell Nascimento Borges,DEF,Left Back,94.48,1,W,0,0.0,0,0,0,52.0,30.0,4.0,4.0,14.0,5.0,2.0,1.0,27.0,2.0,5.0,4.0
3890409,2015-12-19,Bundesliga,Bayer Leverkusen,Ingolstadt,8213,Karim Bellarabi,MID,Right Midfield,91.17,1,W,0.0,1.0,0.0172,0.127,1.0,23.0,12.0,3.0,1.0,15.0,6.0,1.0,2.0,24.0,2.0,3.0,3.0
3890409,2015-12-19,Bundesliga,Bayer Leverkusen,Ingolstadt,8219,Admir Mehmedi,MID,Left Midfield,24.07,0,W,0.0,0.0,0.0926,0,1.0,5.0,3.0,0.0,0.0,2.0,0,0,0,5.0,1.0,0.0,0.0
3890409,2015-12-19,Bundesliga,Bayer Leverkusen,Ingolstadt,8221,Jonathan Tah,DEF,Right Center Back,94.48,1,W,0.0,0.0,0.0704,0,1.0,29.0,21.0,8.0,4.0,9.0,8.0,1.0,0,20.0,0.0,1.0,8.0
3890409,2015-12-19,Bundesliga,Bayer Leverkusen,Ingolstadt,8222,Kevin Kampl,MID,Left Defensive Midfield,94.48,1,W,0.0,0.0,0.0093,0,1.0,36.0,26.0,5.0,2.0,15.0,10.0,3.0,1.0,31.0,1.0,2.0,5.0
3890409,2015-12-19,Bundesliga,Bayer Leverkusen,Ingolstadt,8313,Kyriakos Papadopoulos,MID,Right Center Forward,10.95,0,W,0,0.0,0,0,0,3.0,3.0,0.0,0.0,2.0,0,0,0,0,0,0.0,0.0
3890409,2015-12-19,Bundesliga,Bayer Leverkusen,Ingolstadt,8549,Giulio Donati,DEF,Right Back,94.48,1,W,0,0.0,0,0,0,35.0,19.0,10.0,4.0,11.0,6.0,1.0,1.0,14.0,0.0,7.0,10.0
3890409,2015-12-19,Bundesliga,Bayer Leverkusen,Ingolstadt,8573,Ömer Toprak,DEF,Left Center Back,94.48,1,W,0,0.0,0,0,0,24.0,18.0,2.0,1.0,10.0,4.0,3.0,3.0,14.0,0.0,0.0,2.0
3890409,2015-12-19,Bundesliga,Bayer Leverkusen,Ingolstadt,8805,Christoph Kramer,MID,Right Defensive Midfield,94.48,1,W,0,0.0,0,0,0,31.0,18.0,2.0,4.0,42.0,5.0,1.0,6.0,22.0,1.0,1.0,2.0
3890409,2015-12-19,Bundesliga,Bayer Leverkusen,Ingolstadt,11394,Stefan Kießling,MID,Left Center Forward,94.48,1,W,0.0,0.0,0.3709,0.0218,2.0,31.0,19.0,1.0,3.0,13.0,4.0,0,4.0,23.0,1.0,2.0,2.0
3890409,2015-12-19,Bundesliga,Bayer Leverkusen,Ingolstadt,15581,Bernd Leno,GK,Goalkeeper,94.48,1,W,0,0.0,0,0,0,35.0,17.0,8.0,2.0,0,8.0,0,0,15.0,0.0,0.0,8.0
3900562,2015-12-19,Ligue 1,Paris Saint-Germain,Stade Malherbe Caen,2995,Ángel Fabián Di María Hernández,FWD,Right Wing,92.87,1,W,2.0,0.0,0.3405,0.5149,3.0,79.0,59.0,6.0,7.0,19.0,10.0,0,1.0,52.0,7.0,7.0,9.0
3900562,2015-12-19,Ligue 1,Paris Saint-Germain,Stade Malherbe Caen,3026,Adrien Rabiot,MID,Center Defensive Midfield,30.1,0,W,0,0.0,0,0,0,29.0,25.0,2.0,0.0,7.0,3.0,1.0,0,19.0,1.0,0.0,2.0
3900562,2015-12-19,Ligue 1,Paris Saint-Germain,Stade Malherbe Caen,3166,Marco Verratti,MID,Right Center Midfield,80.68,1,W,0,0.0,0,0.1627,0,124.0,117.0,13.0,4.0,18.0,4.0,2.0,1.0,97.0,1.0,4.0,15.0
3900562,2015-12-19,Ligue 1,Paris Saint-Germain,Stade Malherbe Caen,3295,Thiago Emiliano da Silva,DEF,Right Center Back,92.87,1,W,0.0,0.0,0.0549,0.1741,1.0,80.0,76.0,8.0,0.0,6.0,3.0,1.0,0,56.0,0.0,0.0,9.0
3900562,2015-12-19,Ligue 1,Paris Saint-Germain,Stade Malherbe Caen,3481,Serge Aurier,DEF,Right Back,92.87,1,W,0.0,0.0,0.0209,0,1.0,62.0,51.0,3.0,2.0,14.0,9.0,2.0,4.0,41.0,1.0,2.0,3.0
3900562,2015-12-19,Ligue 1,Paris Saint-Germain,Stade Malherbe Caen,3672,Zlatan Ibrahimović,FWD,Center Forward,92.87,1,W,1.0,0.0,0.9126,0.0534,5.0,53.0,42.0,6.0,2.0,9.0,7.0,0,0,39.0,1.0,5.0,7.0
3900562,2015-12-19,Ligue 1,Paris Saint-Germain,Stade Malherbe Caen,3745,Lucas Rodrigues Moura da Silva,FWD,Left Wing,71.97,1,W,0.0,1.0,0.5724,0.1847,5.0,37.0,27.0,2.0,3.0,6.0,3.0,0,1.0,32.0,5.0,2.0,3.0
3900562,2015-12-19,Ligue 1,Paris Saint-Germain,Stade Malherbe Caen,3956,David Luiz Moreira Marinho,DEF,Left Center Back,92.87,1,W,0,0.0,0,0,0,56.0,54.0,2.0,2.0,8.0,4.0,1.0,1.0,43.0,1.0,1.0,2.0
3900562,2015-12-19,Ligue 1,Paris Saint-Germain,Stade Malherbe Caen,4325,Thiago Motta,MID,Center Defensive Midfield,62.77,1,W,0.0,0.0,0.1741,0.0334,1.0,111.0,104.0,9.0,5.0,13.0,4.0,1.0,3.0,81.0,0.0,4.0,10.0
3900562,2015-12-19,Ligue 1,Paris Saint-Germain,Stade Malherbe Caen,4372,Marcos Aoás Corrêa,MID,Right Center Midfield,12.18,0,W,0,0.0,0,0,0,11.0,8.0,0.0,0.0,9.0,0,0,3.0,4.0,0.0,0.0,0.0
3900562,2015-12-19,Ligue 1,Paris Saint-Germain,Stade Malherbe Caen,4375,Blaise Matuidi,MID,Left Center Midfield,92.87,1,W,0,0.0,0,0,0,79.0,72.0,6.0,1.0,16.0,5.0,3.0,0,62.0,0.0,1.0,6.0
3900562,2015-12-19,Ligue 1,Paris Saint-Germain,Stade Malherbe Caen,4440,Kevin Trapp,GK,Goalkeeper,92.87,1,W,0,0.0,0,0,0,30.0,23.0,2.0,1.0,0,3.0,0,0,10.0,0.0,0.0,2.0
3900562,2015-12-19,Ligue 1,Paris Saint-Germain,Stade Malherbe Caen,26613,Maxwell Scherrer Cabelino Andrade,DEF,Left Back,92.87,1,W,0,0.0,0,0.0782,0,68.0,61.0,5.0,0.0,3.0,5.0,0,2.0,40.0,0.0,1.0,6.0
3900562,2015-12-19,Ligue 1,Paris Saint-Germain,Stade Malherbe Caen,351521,Ezequiel Iván Lavezzi,FWD,Right Wing,20.9,0,W,0.0,0.0,0.2848,0,2.0,9.0,6.0,0.0,1.0,5.0,0,0,1.0,7.0,0.0,0.0,0.0
3879660,2015-12-20,Serie A,Juventus,Carpi,3477,Álvaro Borja Morata Martín,MID,Right Center Forward,24.82,0,W,0,0.0,0,0,0,8.0,6.0,0.0,0.0,8.0,1.0,0,0,10.0,1.0,0.0,0.0
3879660,2015-12-20,Serie A,Juventus,Carpi,5472,Mario Mandžukić,MID,Left Center Forward,92.93,1,W,2.0,0.0,0.394,0,2.0,45.0,31.0,0.0,1.0,26.0,3.0,1.0,0,32.0,0.0,0.0,0.0
3879660,2015-12-20,Serie A,Juventus,Carpi,5541,Stephan Lichtsteiner,DEF,Right Wing Back,10.55,0,W,0,0.0,0,0,0,3.0,2.0,0.0,0.0,4.0,1.0,0,1.0,5.0,0.0,0.0,0.0
3879660,2015-12-20,Serie A,Juventus,Carpi,5566,Sami Khedira,MID,Right Center Midfield,92.93,1,W,0.0,0.0,0.3143,0,3.0,48.0,40.0,5.0,5.0,17.0,2.0,0,0,45.0,1.0,3.0,5.0
3879660,2015-12-20,Serie A,Juventus,Carpi,5689,Juan Guillermo Cuadrado Bello,DEF,Right Wing Back,82.38,1,W,0,0.0,0,0.2671,0,53.0,45.0,3.0,1.0,14.0,6.0,0,1.0,50.0,3.0,2.0,4.0
3879660,2015-12-20,Serie A,Juventus,Carpi,5743,Paulo Bruno Exequiel Dybala,MID,Right Center Forward,68.12,1,W,0.0,0.0,0.3553,0.1378,2.0,35.0,27.0,3.0,4.0,14.0,2.0,1.0,0,35.0,0.0,4.0,4.0
3879660,2015-12-20,Serie A,Juventus,Carpi,6943,Andrea Barzagli,DEF,Right Center Back,56.55,1,W,0,0.0,0,0,0,56.0,53.0,6.0,3.0,6.0,4.0,0,1.0,34.0,0.0,1.0,6.0
3879660,2015-12-20,Serie A,Juventus,Carpi,6949,Gianluigi Buffon,GK,Goalkeeper,92.93,1,W,0,0.0,0,0,0,31.0,28.0,2.0,0.0,0,5.0,0,0,18.0,0.0,0.0,2.0
3879660,2015-12-20,Serie A,Juventus,Carpi,6953,Daniele Rugani,DEF,Right Center Back,36.38,0,W,0,0.0,0,0,0,33.0,27.0,5.0,1.0,6.0,3.0,0,2.0,25.0,0.0,1.0,5.0
3879660,2015-12-20,Serie A,Juventus,Carpi,6954,Giorgio Chiellini,DEF,Left Center Back,92.93,1,W,0.0,0.0,0.1378,0,1.0,93.0,80.0,23.0,9.0,10.0,8.0,1.0,3.0,63.0,5.0,9.0,23.0
3879660,2015-12-20,Serie A,Juventus,Carpi,7173,Leonardo Bonucci,DEF,Center Back,92.93,1,W,0,0.0,0,0,0,64.0,59.0,5.0,3.0,11.0,3.0,0,1.0,49.0,1.0,2.0,5.0
3879660,2015-12-20,Serie A,Juventus,Carpi,8294,Claudio Marchisio,MID,Center Defensive Midfield,92.93,1,W,0.0,1.0,0.0162,0.2892,1.0,103.0,96.0,22.0,14.0,23.0,7.0,1.0,1.0,90.0,4.0,11.0,23.0
3879660,2015-12-20,Serie A,Juventus,Carpi,20004,Paul Pogba,MID,Left Center Midfield,92.93,1,W,1.0,0.0,0.2463,0.0399,1.0,56.0,37.0,3.0,2.0,24.0,5.0,1.0,4.0,58.0,7.0,9.0,5.0
3879660,2015-12-20,Serie A,Juventus,Carpi,20008,Patrice Evra,DEF,Left Wing Back,92.93,1,W,0,1.0,0,0.2084,0,52.0,43.0,5.0,1.0,9.0,1.0,0,1.0,36.0,2.0,0.0,6.0
3754296,2015-12-21,Premier League,Arsenal,Manchester City,3394,Laurent Koscielny,DEF,Left Center Back,94.77,1,W,0,0.0,0,0.0717,0,41.0,32.0,18.0,9.0,9.0,6.0,1.0,3.0,33.0,7.0,5.0,18.0
3754296,2015-12-21,Premier League,Arsenal,Manchester City,3461,Petr Čech,GK,Goalkeeper,94.77,1,W,0,0.0,0,0,0,25.0,12.0,9.0,1.0,0,3.0,0,0,6.0,0.0,0.0,9.0
3754296,2015-12-21,Premier League,Arsenal,Manchester City,3475,Per Mertesacker,DEF,Right Center Back,94.77,1,W,0,0.0,0,0,0,33.0,29.0,9.0,0.0,4.0,1.0,1.0,2.0,18.0,0.0,0.0,9.0
3754296,2015-12-21,Premier League,Arsenal,Manchester City,3496,Mesut Özil,MID,Center Attacking Midfield,75.88,1,W,0,2.0,0,0.1384,0,47.0,38.0,5.0,4.0,14.0,5.0,1.0,3.0,41.0,4.0,5.0,7.0
3754296,2015-12-21,Premier League,Arsenal,Manchester City,3498,Ignacio Monreal Eraso,DEF,Left Back,94.77,1,W,0,0.0,0,0.2141,0,55.0,39.0,9.0,4.0,15.0,2.0,0,4.0,30.0,1.0,8.0,10.0
3754296,2015-12-21,Premier League,Arsenal,Manchester City,3511,Héctor Bellerín Moruno,DEF,Right Back,94.77,1,W,0,0.0,0,0,0,42.0,31.0,5.0,3.0,6.0,5.0,2.0,1.0,31.0,3.0,2.0,5.0
3754296,2015-12-21,Premier League,Arsenal,Manchester City,3517,Aaron Ramsey,MID,Left Center Midfield,94.77,1,W,0.0,0.0,0.8882,0.0415,3.0,60.0,46.0,5.0,3.0,18.0,13.0,1.0,1.0,60.0,3.0,4.0,6.0
3754296,2015-12-21,Premier League,Arsenal,Manchester City,3525,Alex Oxlade-Chamberlain,MID,Center Attacking Midfield,18.88,0,W,0,0.0,0,0.3012,0,9.0,6.0,2.0,1.0,4.0,1.0,1.0,0,7.0,0.0,3.0,2.0
3754296,2015-12-21,Premier League,Arsenal,Manchester City,3528,Kieran Gibbs,FWD,Right Wing,25.83,0,W,0,0.0,0,0,0,8.0,4.0,0.0,0.0,10.0,0,0,0,7.0,1.0,0.0,0.0
3754296,2015-12-21,Premier League,Arsenal,Manchester City,3604,Olivier Giroud,FWD,Center Forward,94.77,1,W,1.0,0.0,0.1036,0.0911,1.0,31.0,21.0,0.0,0.0,23.0,4.0,1.0,1.0,16.0,0.0,2.0,1.0
3754296,2015-12-21,Premier League,Arsenal,Manchester City,3668,Theo Walcott,FWD,Left Wing,87.42,1,W,1.0,0.0,0.0763,0,2.0,24.0,17.0,5.0,2.0,14.0,4.0,1.0,2.0,23.0,4.0,2.0,5.0
3754296,2015-12-21,Premier League,Arsenal,Manchester City,3713,Calum Chambers,FWD,Left Wing,7.35,0,W,0,0,0,0,0,0,0,0,0,3.0,1.0,0,0,0,0,0,0
3754296,2015-12-21,Premier League,Arsenal,Manchester City,5581,Joel Nathaniel Campbell Samuels,FWD,Right Wing,68.93,1,W,0.0,0.0,0.2859,0.4959,2.0,19.0,15.0,1.0,2.0,18.0,5.0,2.0,2.0,25.0,2.0,1.0,2.0
3754296,2015-12-21,Premier League,Arsenal,Manchester City,6631,Mathieu Flamini,MID,Right Center Midfield,94.77,1,W,0,0.0,0,0,0,33.0,29.0,1.0,0.0,7.0,2.0,0,1.0,17.0,1.0,0.0,1.0
3754309,2015-12-26,Premier League,Arsenal,Southampton,3394,Laurent Koscielny,DEF,Left Center Back,94.0,1,L,0,0.0,0,0,0,49.0,38.0,7.0,3.0,11.0,14.0,1.0,2.0,44.0,2.0,3.0,7.0
3754309,2015-12-26,Premier League,Arsenal,Southampton,3461,Petr Čech,GK,Goalkeeper,94.0,1,L,0,0.0,0,0,0,28.0,20.0,2.0,0.0,0,3.0,0,0,14.0,0.0,0.0,2.0
3754309,2015-12-26,Premier League,Arsenal,Southampton,3475,Per Mertesacker,DEF,Right Center Back,94.0,1,L,0,0.0,0,0,0,58.0,53.0,7.0,1.0,1.0,2.0,0,0,45.0,1.0,0.0,7.0
3754309,2015-12-26,Premier League,Arsenal,Southampton,3496,Mesut Özil,MID,Center Attacking Midfield,94.0,1,L,0.0,0.0,0.3859,0.1388,1.0,68.0,60.0,5.0,5.0,4.0,0,0,0,57.0,3.0,3.0,8.0
3754309,2015-12-26,Premier League,Arsenal,Southampton,3498,Ignacio Monreal Eraso,DEF,Left Back,94.0,1,L,0.0,0.0,0.0902,0.423,1.0,71.0,60.0,7.0,2.0,11.0,4.0,0,1.0,57.0,3.0,4.0,9.0
3754309,2015-12-26,Premier League,Arsenal,Southampton,3511,Héctor Bellerín Moruno,DEF,Right Back,94.0,1,L,0,0.0,0,0,0,70.0,63.0,5.0,6.0,2.0,2.0,2.0,1.0,51.0,1.0,1.0,5.0
3754309,2015-12-26,Premier League,Arsenal,Southampton,3517,Aaron Ramsey,MID,Left Defensive Midfield,94.0,1,L,0.0,0.0,0.0331,0.0906,1.0,91.0,80.0,20.0,13.0,15.0,5.0,3.0,3.0,76.0,8.0,10.0,21.0
3754309,2015-12-26,Premier League,Arsenal,Southampton,3525,Alex Oxlade-Chamberlain,FWD,Right Wing,30.77,0,L,0,0.0,0,0.0494,0,14.0,9.0,0.0,0.0,4.0,3.0,1.0,0,16.0,0.0,1.0,1.0
3754309,2015-12-26,Premier League,Arsenal,Southampton,3604,Olivier Giroud,FWD,Center Forward,94.0,1,L,0.0,0.0,0.141,0,3.0,28.0,18.0,0.0,1.0,7.0,0,0,0,17.0,1.0,0.0,0.0
3754309,2015-12-26,Premier League,Arsenal,Southampton,3647,Alex Iwobi,FWD,Left Wing,16.03,0,L,0,0.0,0,0,0,5.0,4.0,0.0,0.0,0,0,0,0,5.0,1.0,0.0,0.0
3754309,2015-12-26,Premier League,Arsenal,Southampton,3668,Theo Walcott,FWD,Left Wing,77.97,1,L,0.0,0.0,0.1419,0,2.0,23.0,17.0,0.0,1.0,3.0,5.0,1.0,2.0,29.0,0.0,2.0,0.0
3754309,2015-12-26,Premier League,Arsenal,Southampton,3713,Calum Chambers,MID,Right Defensive Midfield,20.95,0,L,0,0.0,0,0,0,15.0,14.0,0.0,1.0,3.0,3.0,0,0,17.0,2.0,0.0,0.0
3754309,2015-12-26,Premier League,Arsenal,Southampton,5581,Joel Nathaniel Campbell Samuels,FWD,Right Wing,63.23,1,L,0,0.0,0,0,0,24.0,21.0,1.0,0.0,13.0,4.0,0,2.0,27.0,0.0,3.0,1.0
3754309,2015-12-26,Premier League,Arsenal,Southampton,6631,Mathieu Flamini,MID,Right Defensive Midfield,73.05,1,L,0,0.0,0,0,0,49.0,41.0,3.0,0.0,10.0,5.0,0,2.0,40.0,0.0,0.0,3.0
3754173,2015-12-28,Premier League,Arsenal,AFC Bournemouth,3461,Petr Čech,GK,Goalkeeper,93.05,1,W,0,0.0,0,0,0,31.0,13.0,6.0,1.0,0,6.0,0,0,17.0,0.0,0.0,6.0
3754173,2015-12-28,Premier League,Arsenal,AFC Bournemouth,3475,Per Mertesacker,DEF,Right Center Back,93.05,1,W,0.0,0.0,0.5364,0,1.0,44.0,40.0,6.0,1.0,3.0,4.0,2.0,0,37.0,0.0,0.0,6.0
3754173,2015-12-28,Premier League,Arsenal,AFC Bournemouth,3496,Mesut Özil,MID,Center Attacking Midfield,93.05,1,W,1.0,1.0,0.3573,0.6585,2.0,72.0,60.0,16.0,2.0,21.0,1.0,0,2.0,60.0,2.0,12.0,21.0
3754173,2015-12-28,Premier League,Arsenal,AFC Bournemouth,3498,Ignacio Monreal Eraso,DEF,Left Back,12.0,0,W,0,0.0,0,0,0,5.0,4.0,0.0,0.0,0,0,0,0,2.0,0.0,0.0,0.0
3754173,2015-12-28,Premier League,Arsenal,AFC Bournemouth,3511,Héctor Bellerín Moruno,DEF,Right Back,93.05,1,W,0,0.0,0,0.144,0,63.0,53.0,9.0,1.0,10.0,2.0,2.0,2.0,48.0,9.0,2.0,9.0
3754173,2015-12-28,Premier League,Arsenal,AFC Bournemouth,3517,Aaron Ramsey,MID,Left Center Midfield,93.05,1,W,0,0.0,0,0,0,73.0,60.0,11.0,7.0,26.0,9.0,3.0,5.0,63.0,2.0,8.0,11.0
3754173,2015-12-28,Premier League,Arsenal,AFC Bournemouth,3525,Alex Oxlade-Chamberlain,FWD,Right Wing,92.5,1,W,0.0,0.0,0.0988,0,1.0,43.0,33.0,6.0,2.0,25.0,6.0,2.0,3.0,49.0,6.0,5.0,6.0
3754173,2015-12-28,Premier League,Arsenal,AFC Bournemouth,3528,Kieran Gibbs,DEF,Left Back,81.05,1,W,0,0.0,0,0,0,68.0,58.0,7.0,7.0,8.0,5.0,2.0,1.0,51.0,3.0,6.0,7.0
3754173,2015-12-28,Premier League,Arsenal,AFC Bournemouth,3604,Olivier Giroud,FWD,Center Forward,79.77,1,W,0.0,1.0,0.3011,0.2134,3.0,20.0,17.0,2.0,0.0,17.0,4.0,0,3.0,26.0,3.0,2.0,3.0
3754173,2015-12-28,Premier League,Arsenal,AFC Bournemouth,3668,Theo Walcott,FWD,Left Wing,93.05,1,W,0.0,0.0,0.2441,0.0988,3.0,21.0,16.0,4.0,0.0,15.0,4.0,1.0,3.0,33.0,0.0,1.0,5.0
3754173,2015-12-28,Premier League,Arsenal,AFC Bournemouth,3713,Calum Chambers,MID,Right Center Midfield,93.05,1,W,0,0.0,0,0,0,59.0,54.0,8.0,5.0,13.0,8.0,4.0,2.0,58.0,1.0,5.0,8.0
3754173,2015-12-28,Premier League,Arsenal,AFC Bournemouth,5581,Joel Nathaniel Campbell Samuels,FWD,Center Forward,13.28,0,W,0,0.0,0,0,0,4.0,4.0,0.0,0.0,9.0,0,0,0,4.0,0.0,0.0,0.0
3754173,2015-12-28,Premier League,Arsenal,AFC Bournemouth,6746,Gabriel Armando de Abreu,DEF,Left Center Back,93.05,1,W,1.0,0.0,0.2138,0,3.0,65.0,61.0,3.0,0.0,2.0,5.0,4.0,2.0,53.0,0.0,0.0,3.0
267327,2015-12-30,La Liga,Barcelona,Real Betis,4320,Neymar da Silva Santos Junior,FWD,Left Wing,92.02,1,W,0.0,2.0,1.3533,1.3699,4.0,47.0,39.0,5.0,3.0,8.0,0,0,0,55.0,7.0,6.0,9.0
267327,2015-12-30,La Liga,Barcelona,Real Betis,4324,Daniel Alves da Silva,DEF,Right Back,92.02,1,W,0.0,0.0,0.0363,0.0897,1.0,81.0,66.0,5.0,3.0,27.0,6.0,0,6.0,55.0,2.0,2.0,5.0
267327,2015-12-30,La Liga,Barcelona,Real Betis,4691,Claudio Andrés Bravo Muñoz,GK,Goalkeeper,92.02,1,W,0,0.0,0,0,0,31.0,26.0,0.0,0.0,0,5.0,0,0,18.0,0.0,0.0,0.0
267327,2015-12-30,La Liga,Barcelona,Real Betis,5203,Sergio Busquets i Burgos,MID,Center Defensive Midfield,56.48,1,W,0,1.0,0,0.27,0,46.0,38.0,7.0,3.0,15.0,0,0,4.0,27.0,0.0,6.0,8.0
267327,2015-12-30,La Liga,Barcelona,Real Betis,5246,Luis Alberto Suárez Díaz,FWD,Center Forward,92.02,1,W,2.0,0.0,1.0271,0.1762,4.0,22.0,15.0,1.0,0.0,11.0,2.0,0,1.0,24.0,2.0,1.0,2.0
267327,2015-12-30,La Liga,Barcelona,Real Betis,5470,Ivan Rakitić,MID,Right Center Midfield,92.02,1,W,0.0,0.0,0.0254,0.3039,1.0,57.0,51.0,10.0,8.0,20.0,4.0,1.0,2.0,37.0,0.0,7.0,10.0
267327,2015-12-30,La Liga,Barcelona,Real Betis,5503,Lionel Andrés Messi Cuccittini,FWD,Right Wing,92.02,1,W,1.0,0.0,1.0162,0.1068,6.0,55.0,38.0,7.0,4.0,8.0,0,0,0,54.0,4.0,15.0,7.0
267327,2015-12-30,La Liga,Barcelona,Real Betis,5506,Javier Alejandro Mascherano,DEF,Right Center Back,92.02,1,W,0,0.0,0,0,0,71.0,65.0,11.0,1.0,10.0,5.0,0,0,57.0,0.0,1.0,11.0
267327,2015-12-30,La Liga,Barcelona,Real Betis,6332,Thomas Vermaelen,DEF,Left Center Back,92.02,1,W,0,0.0,0,0,0,63.0,55.0,4.0,2.0,4.0,5.0,1.0,0,50.0,1.0,1.0,4.0
267327,2015-12-30,La Liga,Barcelona,Real Betis,6379,Sergi Roberto Carnicer,MID,Left Center Midfield,85.63,1,W,0,0.0,0,0,0,46.0,40.0,7.0,5.0,13.0,6.0,2.0,1.0,42.0,4.0,2.0,7.0
267327,2015-12-30,La Liga,Barcelona,Real Betis,6616,Munir El Haddadi Mohamed,MID,Left Center Midfield,6.38,0,W,0,0.0,0,0,0,7.0,7.0,0.0,0.0,3.0,1.0,0,1.0,7.0,0.0,0.0,0.0
267327,2015-12-30,La Liga,Barcelona,Real Betis,7068,Marc Bartra Aregall,MID,Center Defensive Midfield,35.53,0,W,0,0.0,0,0,0,17.0,14.0,3.0,1.0,2.0,2.0,0,0,11.0,0.0,2.0,3.0
267327,2015-12-30,La Liga,Barcelona,Real Betis,10609,Jérémy Mathieu,DEF,Left Back,67.05,1,W,0,0.0,0,0,0,51.0,41.0,2.0,1.0,4.0,4.0,1.0,1.0,33.0,2.0,1.0,2.0
267327,2015-12-30,La Liga,Barcelona,Real Betis,22102,Adriano Correia Claro,DEF,Left Back,24.97,0,W,0,0.0,0,0,0,16.0,14.0,2.0,2.0,5.0,1.0,0,1.0,13.0,1.0,0.0,2.0
3754069,2016-01-02,Premier League,Arsenal,Newcastle United,3394,Laurent Koscielny,DEF,Left Center Back,94.15,1,W,1.0,0.0,0.566,0.1128,2.0,36.0,34.0,7.0,1.0,12.0,5.0,2.0,3.0,24.0,1.0,2.0,8.0
3754069,2016-01-02,Premier League,Arsenal,Newcastle United,3461,Petr Čech,GK,Goalkeeper,94.15,1,W,0,0.0,0,0,0,32.0,23.0,6.0,1.0,0,6.0,0,0,13.0,0.0,0.0,6.0
3754069,2016-01-02,Premier League,Arsenal,Newcastle United,3475,Per Mertesacker,DEF,Right Center Back,94.15,1,W,0,0.0,0,0,0,59.0,56.0,18.0,2.0,2.0,3.0,1.0,0,44.0,1.0,0.0,18.0
3754069,2016-01-02,Premier League,Arsenal,Newcastle United,3496,Mesut Özil,MID,Center Attacking Midfield,94.15,1,W,0.0,0.0,0.0528,0.45,1.0,71.0,54.0,6.0,4.0,16.0,5.0,2.0,0,54.0,3.0,11.0,10.0
3754069,2016-01-02,Premier League,Arsenal,Newcastle United,3498,Ignacio Monreal Eraso,DEF,Left Back,94.15,1,W,0.0,0.0,0.0447,0.215,1.0,54.0,45.0,8.0,4.0,20.0,3.0,4.0,3.0,26.0,0.0,2.0,9.0
3754069,2016-01-02,Premier League,Arsenal,Newcastle United,3511,Héctor Bellerín Moruno,DEF,Right Back,94.15,1,W,0,0.0,0,0.1181,0,51.0,38.0,3.0,0.0,10.0,2.0,1.0,1.0,31.0,4.0,2.0,4.0
3754069,2016-01-02,Premier League,Arsenal,Newcastle United,3517,Aaron Ramsey,MID,Left Defensive Midfield,94.15,1,W,0.0,0.0,0.4711,0.0589,3.0,75.0,65.0,18.0,5.0,33.0,8.0,0,3.0,70.0,6.0,10.0,20.0
3754069,2016-01-02,Premier League,Arsenal,Newcastle United,3525,Alex Oxlade-Chamberlain,FWD,Right Wing,67.88,1,W,0.0,0.0,0.1241,0.04,2.0,38.0,30.0,6.0,5.0,9.0,2.0,0,1.0,33.0,5.0,4.0,6.0
3754069,2016-01-02,Premier League,Arsenal,Newcastle United,3528,Kieran Gibbs,FWD,Right Wing,13.27,0,W,0,0.0,0,0,0,5.0,4.0,0.0,0.0,7.0,0,0,2.0,4.0,0.0,0.0,0.0
3754069,2016-01-02,Premier League,Arsenal,Newcastle United,3604,Olivier Giroud,FWD,Center Forward,88.15,1,W,0.0,1.0,0.398,0.5318,4.0,29.0,24.0,2.0,0.0,15.0,1.0,0,1.0,21.0,2.0,2.0,3.0
3754069,2016-01-02,Premier League,Arsenal,Newcastle United,3668,Theo Walcott,FWD,Left Wing,80.88,1,W,0.0,0.0,0.1687,0.0342,1.0,23.0,17.0,0.0,2.0,14.0,4.0,0,1.0,22.0,1.0,1.0,1.0
3754069,2016-01-02,Premier League,Arsenal,Newcastle United,3713,Calum Chambers,FWD,Center Forward,6.0,0,W,0,0.0,0,0,0,4.0,2.0,1.0,0.0,4.0,0,0,1.0,1.0,0.0,0.0,1.0
3754069,2016-01-02,Premier League,Arsenal,Newcastle United,5581,Joel Nathaniel Campbell Samuels,FWD,Right Wing,26.27,0,W,0,0.0,0,0.1302,0,9.0,7.0,1.0,0.0,8.0,2.0,1.0,2.0,12.0,1.0,0.0,2.0
3754069,2016-01-02,Premier League,Arsenal,Newcastle United,6631,Mathieu Flamini,MID,Right Defensive Midfield,94.15,1,W,0.0,0.0,0.0342,0,1.0,36.0,32.0,7.0,4.0,27.0,3.0,2.0,4.0,22.0,0.0,3.0,7.0
266670,2016-01-02,La Liga,Barcelona,Espanyol,4320,Neymar da Silva Santos Junior,FWD,Left Wing,92.1,1,D,0.0,0.0,0.3045,0.1511,2.0,60.0,43.0,2.0,3.0,15.0,4.0,0,2.0,65.0,6.0,2.0,4.0
266670,2016-01-02,La Liga,Barcelona,Espanyol,4324,Daniel Alves da Silva,DEF,Right Back,92.1,1,D,0,0.0,0,0,0,77.0,67.0,9.0,6.0,22.0,10.0,0,4.0,62.0,3.0,5.0,9.0
266670,2016-01-02,La Liga,Barcelona,Espanyol,4691,Claudio Andrés Bravo Muñoz,GK,Goalkeeper,92.1,1,D,0,0.0,0,0,0,29.0,25.0,0.0,0.0,0,4.0,0,0,18.0,0.0,0.0,0.0
266670,2016-01-02,La Liga,Barcelona,Espanyol,5203,Sergio Busquets i Burgos,MID,Center Defensive Midfield,92.1,1,D,0.0,0.0,0.0661,0,1.0,74.0,65.0,10.0,7.0,23.0,4.0,1.0,3.0,56.0,0.0,3.0,10.0
266670,2016-01-02,La Liga,Barcelona,Espanyol,5211,Jordi Alba Ramos,DEF,Left Back,92.1,1,D,0.0,0.0,0.1706,0.0525,1.0,75.0,65.0,9.0,9.0,13.0,6.0,2.0,2.0,54.0,1.0,2.0,10.0
266670,2016-01-02,La Liga,Barcelona,Espanyol,5213,Gerard Piqué Bernabéu,DEF,Right Center Back,92.1,1,D,0,0.0,0,0,0,72.0,66.0,14.0,4.0,9.0,5.0,2.0,2.0,61.0,3.0,4.0,14.0
266670,2016-01-02,La Liga,Barcelona,Espanyol,5216,Andrés Iniesta Luján,MID,Left Center Midfield,92.1,1,D,0.0,0.0,0.0178,0,1.0,68.0,63.0,10.0,9.0,15.0,8.0,0,1.0,71.0,4.0,5.0,10.0
266670,2016-01-02,La Liga,Barcelona,Espanyol,5246,Luis Alberto Suárez Díaz,FWD,Center Forward,92.1,1,D,0.0,0.0,0.2087,0.4226,1.0,25.0,18.0,0.0,0.0,7.0,1.0,1.0,0,30.0,3.0,1.0,2.0
266670,2016-01-02,La Liga,Barcelona,Espanyol,5470,Ivan Rakitić,MID,Right Center Midfield,70.82,1,D,0,0.0,0,0,0,46.0,37.0,7.0,5.0,16.0,3.0,0,2.0,43.0,1.0,6.0,7.0
266670,2016-01-02,La Liga,Barcelona,Espanyol,5503,Lionel Andrés Messi Cuccittini,FWD,Right Wing,92.1,1,D,0.0,0.0,0.2428,0.0178,4.0,45.0,31.0,4.0,5.0,10.0,6.0,1.0,1.0,64.0,3.0,12.0,5.0
266670,2016-01-02,La Liga,Barcelona,Espanyol,5506,Javier Alejandro Mascherano,DEF,Left Center Back,92.1,1,D,0,0.0,0,0,0,59.0,54.0,11.0,5.0,9.0,3.0,0,1.0,45.0,5.0,4.0,11.0
266670,2016-01-02,La Liga,Barcelona,Espanyol,6379,Sergi Roberto Carnicer,MID,Right Center Midfield,21.28,0,D,0,0.0,0,0,0,13.0,5.0,0.0,1.0,8.0,1.0,0,1.0,13.0,0.0,0.0,0.0
3879670,2016-01-06,Serie A,Juventus,Hellas Verona,3477,Álvaro Borja Morata Martín,MID,Left Center Forward,78.65,1,W,0.0,0.0,0.1724,0,2.0,28.0,20.0,2.0,1.0,30.0,3.0,1.0,2.0,23.0,4.0,3.0,2.0
3879670,2016-01-06,Serie A,Juventus,Hellas Verona,5248,José Martín Cáceres Silva,DEF,Right Center Back,83.28,1,W,0,0.0,0,0,0,42.0,37.0,2.0,1.0,3.0,2.0,0,0,34.0,0.0,0.0,2.0
3879670,2016-01-06,Serie A,Juventus,Hellas Verona,5541,Stephan Lichtsteiner,DEF,Right Wing Back,94.3,1,W,0.0,0.0,0.0423,0.0278,1.0,38.0,33.0,5.0,3.0,14.0,1.0,0,1.0,26.0,3.0,4.0,6.0
3879670,2016-01-06,Serie A,Juventus,Hellas Verona,5566,Sami Khedira,MID,Right Center Midfield,70.2,1,W,0,0.0,0,0,0,23.0,19.0,1.0,3.0,29.0,0,0,1.0,17.0,1.0,1.0,1.0
3879670,2016-01-06,Serie A,Juventus,Hellas Verona,5743,Paulo Bruno Exequiel Dybala,MID,Right Center Forward,94.3,1,W,1.0,1.0,0.084,0.429,3.0,42.0,31.0,7.0,3.0,23.0,7.0,0,0,35.0,6.0,7.0,9.0
3879670,2016-01-06,Serie A,Juventus,Hellas Verona,6584,Simone Zaza,MID,Left Center Forward,15.65,0,W,1.0,0.0,0.6379,0.0192,2.0,3.0,2.0,0.0,0.0,3.0,2.0,0,0,6.0,2.0,0.0,1.0
3879670,2016-01-06,Serie A,Juventus,Hellas Verona,6945,Alex Sandro Lobo Silva,DEF,Left Wing Back,94.3,1,W,0.0,0.0,0.0293,0.0206,1.0,47.0,36.0,9.0,3.0,27.0,4.0,4.0,5.0,36.0,3.0,3.0,11.0
3879670,2016-01-06,Serie A,Juventus,Hellas Verona,6949,Gianluigi Buffon,GK,Goalkeeper,94.3,1,W,0,0.0,0,0,0,20.0,18.0,2.0,0.0,0,4.0,0,0,7.0,0.0,0.0,2.0
3879670,2016-01-06,Serie A,Juventus,Hellas Verona,6953,Daniele Rugani,DEF,Right Center Back,11.02,0,W,0,0.0,0,0,0,9.0,9.0,0.0,0.0,1.0,0,0,0,6.0,0.0,0.0,0.0
3879670,2016-01-06,Serie A,Juventus,Hellas Verona,6954,Giorgio Chiellini,DEF,Left Center Back,94.3,1,W,0.0,0.0,0.0353,0,1.0,78.0,65.0,14.0,5.0,12.0,3.0,1.0,2.0,48.0,0.0,5.0,14.0
3879670,2016-01-06,Serie A,Juventus,Hellas Verona,7013,Stefano Sturaro,MID,Right Center Midfield,24.1,0,W,0,0.0,0,0,0,16.0,13.0,0.0,0.0,13.0,1.0,0,1.0,11.0,0.0,0.0,0.0
3879670,2016-01-06,Serie A,Juventus,Hellas Verona,7173,Leonardo Bonucci,DEF,Center Back,94.3,1,W,1.0,0.0,0.2336,0,1.0,76.0,64.0,8.0,5.0,1.0,4.0,2.0,0,48.0,1.0,1.0,8.0
3879670,2016-01-06,Serie A,Juventus,Hellas Verona,8294,Claudio Marchisio,MID,Center Defensive Midfield,94.3,1,W,0.0,0.0,0.0508,0.0353,1.0,63.0,57.0,7.0,3.0,20.0,4.0,1.0,2.0,49.0,0.0,4.0,8.0
3879670,2016-01-06,Serie A,Juventus,Hellas Verona,20004,Paul Pogba,MID,Left Center Midfield,94.3,1,W,0.0,1.0,0.0787,0.6089,3.0,51.0,40.0,9.0,8.0,18.0,10.0,1.0,1.0,57.0,3.0,7.0,9.0
3900570,2016-01-08,Ligue 1,Paris Saint-Germain,Bastia,2995,Ángel Fabián Di María Hernández,FWD,Right Wing,92.95,1,W,0.0,0.0,0.0237,0.3542,1.0,95.0,72.0,6.0,9.0,10.0,2.0,0,2.0,80.0,5.0,13.0,10.0
3900570,2016-01-08,Ligue 1,Paris Saint-Germain,Bastia,3166,Marco Verratti,MID,Right Center Midfield,62.93,1,W,0,0.0,0,0.1745,0,104.0,98.0,13.0,11.0,15.0,4.0,0,2.0,82.0,5.0,9.0,14.0
3900570,2016-01-08,Ligue 1,Paris Saint-Germain,Bastia,3295,Thiago Emiliano da Silva,DEF,Right Center Back,77.13,1,W,0.0,0.0,0.2307,0,1.0,66.0,64.0,7.0,3.0,4.0,6.0,0,1.0,46.0,1.0,3.0,7.0
3900570,2016-01-08,Ligue 1,Paris Saint-Germain,Bastia,3481,Serge Aurier,DEF,Right Back,92.95,1,W,0.0,0.0,0.015,0,1.0,61.0,51.0,1.0,3.0,14.0,9.0,2.0,3.0,49.0,2.0,2.0,1.0
3900570,2016-01-08,Ligue 1,Paris Saint-Germain,Bastia,3672,Zlatan Ibrahimović,FWD,Center Forward,92.95,1,W,0.0,0.0,0.1821,0.0929,2.0,57.0,43.0,5.0,5.0,5.0,1.0,0,1.0,49.0,1.0,9.0,7.0
3900570,2016-01-08,Ligue 1,Paris Saint-Germain,Bastia,3745,Lucas Rodrigues Moura da Silva,FWD,Left Wing,92.95,1,W,0.0,0.0,0.222,0,3.0,52.0,42.0,3.0,2.0,10.0,8.0,1.0,3.0,44.0,3.0,2.0,3.0
3900570,2016-01-08,Ligue 1,Paris Saint-Germain,Bastia,3956,David Luiz Moreira Marinho,DEF,Left Center Back,92.95,1,W,0,0.0,0,0,0,74.0,72.0,6.0,1.0,7.0,1.0,0,2.0,60.0,3.0,1.0,6.0
3900570,2016-01-08,Ligue 1,Paris Saint-Germain,Bastia,4325,Thiago Motta,MID,Center Defensive Midfield,92.95,1,W,1.0,0.0,0.9369,0.052,1.0,165.0,161.0,15.0,7.0,17.0,2.0,1.0,2.0,116.0,1.0,6.0,16.0
3900570,2016-01-08,Ligue 1,Paris Saint-Germain,Bastia,4370,Javier Matías Pastore,MID,Right Center Midfield,30.02,0,W,0.0,0.0,0.0994,0,2.0,53.0,42.0,11.0,4.0,3.0,3.0,1.0,1.0,49.0,5.0,8.0,11.0
3900570,2016-01-08,Ligue 1,Paris Saint-Germain,Bastia,4372,Marcos Aoás Corrêa,DEF,Right Center Back,15.82,0,W,0,0.0,0,0,0,12.0,12.0,0.0,0.0,1.0,0,0,0,7.0,0.0,0.0,0.0
3900570,2016-01-08,Ligue 1,Paris Saint-Germain,Bastia,4375,Blaise Matuidi,MID,Left Center Midfield,80.73,1,W,0,0.0,0,0,0,91.0,79.0,10.0,4.0,18.0,2.0,0,2.0,73.0,1.0,2.0,10.0
3900570,2016-01-08,Ligue 1,Paris Saint-Germain,Bastia,4440,Kevin Trapp,GK,Goalkeeper,92.95,1,W,0,0.0,0,0,0,14.0,14.0,1.0,0.0,0,2.0,0,0,6.0,0.0,0.0,1.0
3900570,2016-01-08,Ligue 1,Paris Saint-Germain,Bastia,26613,Maxwell Scherrer Cabelino Andrade,DEF,Left Back,92.95,1,W,1.0,0.0,0.07,0.0916,2.0,80.0,71.0,9.0,3.0,1.0,5.0,1.0,1.0,56.0,0.0,3.0,10.0
3900570,2016-01-08,Ligue 1,Paris Saint-Germain,Bastia,351521,Ezequiel Iván Lavezzi,MID,Left Center Midfield,12.22,0,W,0,0.0,0,0,0,10.0,8.0,2.0,0.0,2.0,2.0,0,0,10.0,0.0,1.0,2.0
266620,2016-01-09,La Liga,Barcelona,Granada,4320,Neymar da Silva Santos Junior,FWD,Left Wing,92.03,1,W,1.0,0.0,0.608,0.5095,5.0,71.0,52.0,9.0,6.0,10.0,9.0,0,0,81.0,9.0,9.0,10.0
266620,2016-01-09,La Liga,Barcelona,Granada,4324,Daniel Alves da Silva,DEF,Right Back,27.53,0,W,0,0.0,0,0,0,43.0,39.0,3.0,9.0,7.0,1.0,0,0,39.0,0.0,1.0,3.0
266620,2016-01-09,La Liga,Barcelona,Granada,4691,Claudio Andrés Bravo Muñoz,GK,Goalkeeper,92.03,1,W,0,0.0,0,0,0,24.0,20.0,3.0,1.0,0,1.0,0,0,13.0,0.0,0.0,3.0
266620,2016-01-09,La Liga,Barcelona,Granada,5211,Jordi Alba Ramos,DEF,Left Back,92.03,1,W,0.0,0.0,0.3622,0,1.0,68.0,55.0,5.0,1.0,20.0,1.0,2.0,2.0,51.0,3.0,1.0,5.0
266620,2016-01-09,La Liga,Barcelona,Granada,5213,Gerard Piqué Bernabéu,DEF,Right Center Back,92.03,1,W,0,0.0,0,0,0,71.0,64.0,8.0,0.0,8.0,10.0,0,1.0,64.0,1.0,0.0,8.0
266620,2016-01-09,La Liga,Barcelona,Granada,5246,Luis Alberto Suárez Díaz,FWD,Center Forward,92.03,1,W,0.0,2.0,0.5848,0.6359,4.0,40.0,30.0,3.0,2.0,10.0,4.0,0,0,43.0,1.0,2.0,5.0
266620,2016-01-09,La Liga,Barcelona,Granada,5470,Ivan Rakitić,MID,Right Center Midfield,92.03,1,W,0.0,0.0,0.0396,0.0999,2.0,65.0,57.0,10.0,9.0,31.0,3.0,0,0,59.0,3.0,7.0,10.0
266620,2016-01-09,La Liga,Barcelona,Granada,5503,Lionel Andrés Messi Cuccittini,FWD,Right Wing,92.03,1,W,3.0,0.0,1.6144,0.3882,5.0,69.0,59.0,6.0,6.0,9.0,4.0,0,0,74.0,3.0,12.0,7.0
266620,2016-01-09,La Liga,Barcelona,Granada,6332,Thomas Vermaelen,DEF,Left Center Back,92.03,1,W,0,0.0,0,0,0,39.0,37.0,3.0,0.0,9.0,1.0,2.0,1.0,29.0,0.0,0.0,3.0
266620,2016-01-09,La Liga,Barcelona,Granada,6379,Sergi Roberto Carnicer,MID,Center Defensive Midfield,92.03,1,W,0,0.0,0,0.02,0,78.0,72.0,8.0,7.0,37.0,4.0,1.0,6.0,67.0,3.0,4.0,8.0
266620,2016-01-09,La Liga,Barcelona,Granada,6400,Aleix Vidal Parreu,DEF,Right Back,64.5,1,W,0,0.0,0,0.2649,0,46.0,41.0,7.0,4.0,11.0,0,1.0,1.0,27.0,2.0,4.0,8.0
266620,2016-01-09,La Liga,Barcelona,Granada,11094,Arda Turan,MID,Left Center Midfield,71.18,1,W,0,1.0,0,0.5854,0,65.0,59.0,5.0,5.0,28.0,11.0,1.0,0,63.0,2.0,4.0,6.0
266620,2016-01-09,La Liga,Barcelona,Granada,22102,Adriano Correia Claro,MID,Left Center Midfield,20.85,0,W,0,0.0,0,0.0106,0,12.0,10.0,2.0,3.0,12.0,1.0,0,0,12.0,0.0,2.0,2.0
3879684,2016-01-10,Serie A,Juventus,Sampdoria,3477,Álvaro Borja Morata Martín,MID,Left Center Forward,76.95,1,W,0.0,0.0,0.3231,0,2.0,26.0,22.0,0.0,0.0,22.0,2.0,1.0,0,20.0,0.0,0.0,0.0
3879684,2016-01-10,Serie A,Juventus,Sampdoria,5541,Stephan Lichtsteiner,DEF,Right Wing Back,64.75,1,W,0,0.0,0,0.0093,0,38.0,22.0,4.0,2.0,4.0,2.0,0,0,25.0,4.0,5.0,4.0
3879684,2016-01-10,Serie A,Juventus,Sampdoria,5566,Sami Khedira,MID,Right Center Midfield,94.7,1,W,1.0,0.0,0.5334,0,2.0,33.0,26.0,3.0,2.0,22.0,2.0,1.0,1.0,26.0,0.0,1.0,3.0
3879684,2016-01-10,Serie A,Juventus,Sampdoria,5689,Juan Guillermo Cuadrado Bello,DEF,Right Wing Back,29.95,0,W,0,0.0,0,0.0278,0,15.0,14.0,0.0,1.0,4.0,1.0,0,1.0,14.0,2.0,0.0,1.0
3879684,2016-01-10,Serie A,Juventus,Sampdoria,5743,Paulo Bruno Exequiel Dybala,MID,Right Center Forward,88.42,1,W,0.0,1.0,0.0641,0.6157,2.0,44.0,29.0,3.0,1.0,23.0,8.0,1.0,1.0,39.0,6.0,4.0,7.0
3879684,2016-01-10,Serie A,Juventus,Sampdoria,6584,Simone Zaza,MID,Left Center Forward,17.75,0,W,0,0.0,0,0,0,4.0,3.0,0.0,0.0,2.0,0,0,0,5.0,2.0,0.0,0.0
3879684,2016-01-10,Serie A,Juventus,Sampdoria,6949,Gianluigi Buffon,GK,Goalkeeper,94.7,1,W,0,0.0,0,0,0,24.0,18.0,2.0,0.0,0,4.0,0,0,6.0,0.0,0.0,2.0
3879684,2016-01-10,Serie A,Juventus,Sampdoria,6953,Daniele Rugani,DEF,Right Center Back,94.7,1,W,0,0.0,0,0,0,41.0,37.0,5.0,1.0,12.0,0,0,0,33.0,1.0,0.0,5.0
3879684,2016-01-10,Serie A,Juventus,Sampdoria,6954,Giorgio Chiellini,DEF,Left Center Back,94.7,1,W,0.0,0.0,0.0513,0.0194,1.0,74.0,64.0,11.0,8.0,12.0,3.0,2.0,3.0,53.0,5.0,7.0,11.0
3879684,2016-01-10,Serie A,Juventus,Sampdoria,7173,Leonardo Bonucci,DEF,Center Back,94.7,1,W,0,1.0,0,0.1219,0,71.0,61.0,12.0,2.0,7.0,3.0,0,1.0,55.0,0.0,3.0,12.0
3879684,2016-01-10,Serie A,Juventus,Sampdoria,7952,Simone Padoin,MID,Right Center Forward,6.28,0,W,0,0.0,0,0,0,1.0,1.0,0.0,0.0,0,0,0,0,0,0,0.0,0.0
3879684,2016-01-10,Serie A,Juventus,Sampdoria,20004,Paul Pogba,MID,Left Center Midfield,94.7,1,W,1.0,0.0,0.189,0.069,4.0,25.0,15.0,3.0,2.0,18.0,8.0,0,0,24.0,4.0,5.0,3.0
3879684,2016-01-10,Serie A,Juventus,Sampdoria,20008,Patrice Evra,DEF,Left Wing Back,94.7,1,W,0,0.0,0,0,0,51.0,43.0,9.0,6.0,10.0,4.0,1.0,3.0,33.0,3.0,6.0,9.0
3879684,2016-01-10,Serie A,Juventus,Sampdoria,25345,Anderson Hernanes de Carvalho Andrade,MID,Center Defensive Midfield,94.7,1,W,0.0,0.0,0.0492,0.3089,2.0,57.0,47.0,10.0,5.0,12.0,7.0,3.0,1.0,49.0,4.0,7.0,10.0
3754305,2016-01-13,Premier League,Arsenal,Liverpool,3394,Laurent Koscielny,DEF,Left Center Back,92.98,1,D,0,0.0,0,0,0,29.0,26.0,8.0,5.0,7.0,2.0,1.0,0,19.0,1.0,3.0,8.0
3754305,2016-01-13,Premier League,Arsenal,Liverpool,3461,Petr Čech,GK,Goalkeeper,92.98,1,D,0,0.0,0,0,0,45.0,27.0,16.0,9.0,0,7.0,0,0,20.0,0.0,0.0,16.0
3754305,2016-01-13,Premier League,Arsenal,Liverpool,3475,Per Mertesacker,DEF,Right Center Back,92.98,1,D,0,0.0,0,0,0,33.0,26.0,1.0,0.0,3.0,1.0,0,0,18.0,0.0,0.0,1.0
3754305,2016-01-13,Premier League,Arsenal,Liverpool,3496,Mesut Özil,MID,Center Attacking Midfield,86.38,1,D,0.0,0.0,0.039,0.2291,1.0,41.0,27.0,8.0,2.0,11.0,2.0,1.0,0,38.0,2.0,7.0,8.0
3754305,2016-01-13,Premier League,Arsenal,Liverpool,3498,Ignacio Monreal Eraso,DEF,Left Back,92.98,1,D,0,0.0,0,0.107,0,35.0,26.0,6.0,3.0,13.0,4.0,3.0,3.0,22.0,3.0,3.0,8.0
3754305,2016-01-13,Premier League,Arsenal,Liverpool,3511,Héctor Bellerín Moruno,DEF,Right Back,92.98,1,D,0,0.0,0,0,0,34.0,28.0,5.0,3.0,13.0,4.0,0,0,25.0,3.0,4.0,5.0
3754305,2016-01-13,Premier League,Arsenal,Liverpool,3517,Aaron Ramsey,MID,Right Defensive Midfield,92.98,1,D,1.0,1.0,0.2772,0.1715,2.0,52.0,39.0,7.0,4.0,32.0,10.0,1.0,3.0,48.0,0.0,2.0,8.0
3754305,2016-01-13,Premier League,Arsenal,Liverpool,3525,Alex Oxlade-Chamberlain,FWD,Right Wing,18.12,0,D,0,0.0,0,0,0,3.0,2.0,1.0,1.0,4.0,2.0,0,1.0,6.0,1.0,1.0,1.0
3754305,2016-01-13,Premier League,Arsenal,Liverpool,3528,Kieran Gibbs,FWD,Left Wing,17.88,0,D,0,0.0,0,0,0,4.0,3.0,1.0,1.0,8.0,0,0,1.0,4.0,0.0,1.0,1.0
3754305,2016-01-13,Premier League,Arsenal,Liverpool,3604,Olivier Giroud,FWD,Center Forward,92.98,1,D,2.0,0.0,1.0438,0.1851,5.0,37.0,25.0,2.0,0.0,32.0,4.0,0,5.0,28.0,0.0,2.0,3.0
3754305,2016-01-13,Premier League,Arsenal,Liverpool,3668,Theo Walcott,FWD,Left Wing,75.1,1,D,0.0,0.0,0.1975,0.758,3.0,19.0,16.0,1.0,4.0,8.0,7.0,0,0,20.0,2.0,1.0,2.0
3754305,2016-01-13,Premier League,Arsenal,Liverpool,5581,Joel Nathaniel Campbell Samuels,FWD,Right Wing,74.87,1,D,0.0,1.0,0.2097,0.1351,3.0,22.0,16.0,2.0,0.0,28.0,5.0,1.0,5.0,25.0,1.0,2.0,3.0
3754305,2016-01-13,Premier League,Arsenal,Liverpool,6631,Mathieu Flamini,MID,Left Defensive Midfield,92.98,1,D,0,0.0,0,0,0,31.0,24.0,2.0,3.0,9.0,3.0,1.0,2.0,14.0,0.0,2.0,2.0
3754305,2016-01-13,Premier League,Arsenal,Liverpool,42703,Mikel Arteta Amatriain,MID,Center Attacking Midfield,6.6,0,D,0,0.0,0,0,0,3.0,1.0,0.0,0.0,2.0,0,1.0,0,1.0,0.0,2.0,0.0
3900585,2016-01-16,Ligue 1,Paris Saint-Germain,Toulouse,3166,Marco Verratti,MID,Right Center Midfield,15.92,0,W,0,0.0,0,0,0,29.0,28.0,1.0,0.0,3.0,0,0,0,16.0,0.0,1.0,1.0
3900585,2016-01-16,Ligue 1,Paris Saint-Germain,Toulouse,3481,Serge Aurier,DEF,Right Back,93.07,1,W,0,0.0,0,0.0884,0,81.0,71.0,7.0,2.0,17.0,4.0,1.0,6.0,61.0,0.0,3.0,7.0
3900585,2016-01-16,Ligue 1,Paris Saint-Germain,Toulouse,3672,Zlatan Ibrahimović,FWD,Center Forward,93.07,1,W,1.0,0.0,0.5682,0.0903,8.0,47.0,37.0,3.0,5.0,4.0,5.0,0,0,33.0,4.0,5.0,4.0
3900585,2016-01-16,Ligue 1,Paris Saint-Germain,Toulouse,3745,Lucas Rodrigues Moura da Silva,FWD,Right Wing,93.07,1,W,0.0,0.0,0.1369,0.2729,2.0,71.0,61.0,8.0,8.0,8.0,6.0,1.0,1.0,56.0,11.0,4.0,10.0
3900585,2016-01-16,Ligue 1,Paris Saint-Germain,Toulouse,3956,David Luiz Moreira Marinho,DEF,Left Center Back,93.07,1,W,0.0,0.0,0.06,0,1.0,80.0,72.0,5.0,1.0,4.0,5.0,0,1.0,59.0,1.0,1.0,5.0
3900585,2016-01-16,Ligue 1,Paris Saint-Germain,Toulouse,4319,Edinson Roberto Cavani Gómez,FWD,Left Wing,74.23,0,W,0,0.0,0,0.0466,0,37.0,31.0,2.0,1.0,6.0,1.0,0,0,18.0,0.0,3.0,2.0
3900585,2016-01-16,Ligue 1,Paris Saint-Germain,Toulouse,4325,Thiago Motta,MID,Center Defensive Midfield,93.07,1,W,0.0,0.0,0.1393,0.0445,1.0,137.0,121.0,14.0,9.0,11.0,6.0,2.0,2.0,92.0,3.0,6.0,14.0
3900585,2016-01-16,Ligue 1,Paris Saint-Germain,Toulouse,4370,Javier Matías Pastore,FWD,Left Wing,18.83,1,W,0,0.0,0,0,0,12.0,10.0,1.0,0.0,1.0,1.0,0,0,8.0,0.0,1.0,1.0
3900585,2016-01-16,Ligue 1,Paris Saint-Germain,Toulouse,4372,Marcos Aoás Corrêa,DEF,Right Center Back,60.35,1,W,0,0.0,0,0,0,86.0,80.0,12.0,1.0,10.0,1.0,1.0,3.0,69.0,0.0,0.0,12.0
3900585,2016-01-16,Ligue 1,Paris Saint-Germain,Toulouse,4375,Blaise Matuidi,MID,Left Center Midfield,93.07,1,W,0,0.0,0,0,0,106.0,95.0,15.0,6.0,16.0,3.0,0,0,84.0,1.0,2.0,15.0
3900585,2016-01-16,Ligue 1,Paris Saint-Germain,Toulouse,4440,Kevin Trapp,GK,Goalkeeper,93.07,1,W,0,0.0,0,0,0,28.0,26.0,1.0,0.0,0,6.0,0,0,9.0,0.0,0.0,1.0
3900585,2016-01-16,Ligue 1,Paris Saint-Germain,Toulouse,8515,Benjamin Stambouli,MID,Right Center Midfield,77.15,1,W,0,0.0,0,0,0,68.0,59.0,3.0,3.0,14.0,4.0,3.0,0,49.0,1.0,2.0,3.0
3900585,2016-01-16,Ligue 1,Paris Saint-Germain,Toulouse,20048,Gregory van der Wiel,DEF,Right Center Back,32.72,0,W,0,0.0,0,0,0,29.0,23.0,0.0,0.0,3.0,3.0,0,0,12.0,1.0,0.0,0.0
3900585,2016-01-16,Ligue 1,Paris Saint-Germain,Toulouse,26613,Maxwell Scherrer Cabelino Andrade,DEF,Left Back,93.07,1,W,0,0.0,0,0,0,72.0,65.0,6.0,4.0,4.0,2.0,1.0,1.0,43.0,2.0,2.0,6.0
3754202,2016-01-17,Premier League,Arsenal,Stoke City,3394,Laurent Koscielny,DEF,Left Center Back,93.45,1,D,0,0.0,0,0,0,41.0,29.0,5.0,1.0,8.0,3.0,6.0,2.0,24.0,1.0,1.0,5.0
3754202,2016-01-17,Premier League,Arsenal,Stoke City,3461,Petr Čech,GK,Goalkeeper,93.45,1,D,0,0.0,0,0,0,38.0,20.0,9.0,3.0,0,3.0,0,0,15.0,0.0,0.0,9.0
3754202,2016-01-17,Premier League,Arsenal,Stoke City,3475,Per Mertesacker,DEF,Right Center Back,93.45,1,D,0,0.0,0,0,0,51.0,41.0,5.0,0.0,5.0,1.0,1.0,0,29.0,0.0,0.0,5.0
3754202,2016-01-17,Premier League,Arsenal,Stoke City,3498,Ignacio Monreal Eraso,DEF,Left Back,93.45,1,D,0,0.0,0,0,0,50.0,41.0,4.0,3.0,24.0,3.0,1.0,4.0,28.0,2.0,3.0,4.0
3754202,2016-01-17,Premier League,Arsenal,Stoke City,3511,Héctor Bellerín Moruno,DEF,Right Back,93.45,1,D,0,0.0,0,0,0,54.0,46.0,6.0,4.0,10.0,4.0,1.0,1.0,39.0,4.0,4.0,6.0
3754202,2016-01-17,Premier League,Arsenal,Stoke City,3517,Aaron Ramsey,MID,Left Center Midfield,93.45,1,D,0.0,0.0,0.0828,0.0627,2.0,77.0,63.0,12.0,4.0,19.0,9.0,2.0,1.0,50.0,4.0,11.0,13.0
3754202,2016-01-17,Premier League,Arsenal,Stoke City,3525,Alex Oxlade-Chamberlain,MID,Center Attacking Midfield,90.38,1,D,0.0,0.0,0.1217,0.0368,3.0,50.0,39.0,5.0,4.0,7.0,5.0,3.0,2.0,46.0,4.0,4.0,5.0
3754202,2016-01-17,Premier League,Arsenal,Stoke City,3604,Olivier Giroud,FWD,Center Forward,93.45,1,D,0.0,0.0,0.2509,0.0286,2.0,46.0,30.0,2.0,2.0,9.0,2.0,0,2.0,34.0,2.0,5.0,3.0
3754202,2016-01-17,Premier League,Arsenal,Stoke City,3647,Alex Iwobi,FWD,Left Wing,22.25,0,D,0,0.0,0,0,0,14.0,13.0,1.0,0.0,1.0,0,0,0,14.0,3.0,0.0,1.0
3754202,2016-01-17,Premier League,Arsenal,Stoke City,3668,Theo Walcott,FWD,Left Wing,71.2,1,D,0,0.0,0,0.0515,0,24.0,17.0,0.0,1.0,5.0,4.0,1.0,0,32.0,3.0,0.0,1.0
3754202,2016-01-17,Premier League,Arsenal,Stoke City,3713,Calum Chambers,MID,Center Attacking Midfield,3.07,0,D,0,0.0,0,0,0,1.0,0.0,0.0,0.0,1.0,1.0,0,0,1.0,0.0,0.0,0.0
3754202,2016-01-17,Premier League,Arsenal,Stoke City,5581,Joel Nathaniel Campbell Samuels,FWD,Right Wing,93.45,1,D,0.0,0.0,0.0368,0.1882,1.0,42.0,35.0,6.0,4.0,17.0,3.0,0,1.0,39.0,3.0,8.0,6.0
3754202,2016-01-17,Premier League,Arsenal,Stoke City,6631,Mathieu Flamini,MID,Right Center Midfield,93.45,1,D,0,0.0,0,0.0189,0,50.0,42.0,6.0,4.0,16.0,4.0,2.0,2.0,34.0,1.0,4.0,7.0
266149,2016-01-17,La Liga,Barcelona,Athletic Club,4320,Neymar da Silva Santos Junior,FWD,Left Wing,91.98,1,W,1.0,2.0,0.5338,0.7866,6.0,72.0,58.0,6.0,3.0,10.0,4.0,0,0,84.0,10.0,6.0,8.0
266149,2016-01-17,La Liga,Barcelona,Athletic Club,4691,Claudio Andrés Bravo Muñoz,GK,Goalkeeper,91.98,1,W,0,0.0,0,0,0,30.0,28.0,0.0,0.0,1.0,4.0,0,0,20.0,0.0,0.0,0.0
266149,2016-01-17,La Liga,Barcelona,Athletic Club,5203,Sergio Busquets i Burgos,MID,Center Defensive Midfield,91.98,1,W,0,1.0,0,0.1291,0,94.0,87.0,30.0,21.0,15.0,4.0,0,1.0,77.0,1.0,16.0,31.0
266149,2016-01-17,La Liga,Barcelona,Athletic Club,5211,Jordi Alba Ramos,DEF,Left Back,68.97,1,W,0,0.0,0,0,0,63.0,57.0,8.0,3.0,6.0,4.0,0,3.0,54.0,1.0,4.0,8.0
266149,2016-01-17,La Liga,Barcelona,Athletic Club,5213,Gerard Piqué Bernabéu,DEF,Right Center Back,91.98,1,W,0,0.0,0,0,0,80.0,72.0,18.0,11.0,1.0,5.0,0,0,65.0,3.0,9.0,18.0
266149,2016-01-17,La Liga,Barcelona,Athletic Club,5216,Andrés Iniesta Luján,MID,Left Center Midfield,91.98,1,W,0,0.0,0,0.0169,0,82.0,70.0,12.0,9.0,6.0,6.0,2.0,2.0,81.0,3.0,16.0,13.0
266149,2016-01-17,La Liga,Barcelona,Athletic Club,5246,Luis Alberto Suárez Díaz,FWD,Center Forward,91.98,1,W,3.0,1.0,0.8877,0.3225,7.0,35.0,22.0,4.0,1.0,9.0,3.0,0,0,37.0,1.0,4.0,5.0
266149,2016-01-17,La Liga,Barcelona,Athletic Club,5470,Ivan Rakitić,MID,Right Center Midfield,62.33,1,W,1.0,0.0,0.3647,0.1579,3.0,51.0,43.0,7.0,3.0,3.0,7.0,0,1.0,46.0,2.0,7.0,8.0
266149,2016-01-17,La Liga,Barcelona,Athletic Club,5503,Lionel Andrés Messi Cuccittini,FWD,Right Wing,45.0,1,W,1.0,0.0,1.0074,0.1428,3.0,40.0,32.0,5.0,3.0,3.0,1.0,0,0,40.0,0.0,6.0,6.0
266149,2016-01-17,La Liga,Barcelona,Athletic Club,5506,Javier Alejandro Mascherano,DEF,Left Center Back,91.98,1,W,0,0.0,0,0,0,73.0,66.0,15.0,11.0,6.0,8.0,1.0,2.0,61.0,3.0,11.0,15.0
266149,2016-01-17,La Liga,Barcelona,Athletic Club,6379,Sergi Roberto Carnicer,MID,Right Center Midfield,29.65,0,W,0,0.0,0,0.0095,0,30.0,28.0,2.0,1.0,2.0,2.0,1.0,1.0,23.0,1.0,1.0,3.0
266149,2016-01-17,La Liga,Barcelona,Athletic Club,6400,Aleix Vidal Parreu,DEF,Right Back,91.98,1,W,0.0,0.0,0.0246,0,1.0,80.0,71.0,10.0,6.0,6.0,3.0,1.0,0,71.0,7.0,7.0,10.0
266149,2016-01-17,La Liga,Barcelona,Athletic Club,7068,Marc Bartra Aregall,DEF,Left Back,23.02,0,W,0,0.0,0,0,0,15.0,15.0,1.0,4.0,1.0,3.0,0,0,12.0,0.0,0.0,1.0
266149,2016-01-17,La Liga,Barcelona,Athletic Club,11094,Arda Turan,FWD,Right Wing,46.98,0,W,0,1.0,0,0.095,0,30.0,27.0,2.0,2.0,1.0,3.0,0,0,30.0,1.0,2.0,2.0
3879693,2016-01-17,Serie A,Juventus,Udinese,3477,Álvaro Borja Morata Martín,MID,Center Attacking Midfield,24.1,0,W,0.0,0.0,0.0604,0,1.0,7.0,5.0,0.0,0.0,7.0,0,0,0,12.0,3.0,0.0,0.0
3879693,2016-01-17,Serie A,Juventus,Udinese,5248,José Martín Cáceres Silva,DEF,Left Center Back,32.37,0,W,0,0.0,0,0,0,23.0,23.0,5.0,1.0,4.0,1.0,1.0,0,17.0,0.0,0.0,5.0
3879693,2016-01-17,Serie A,Juventus,Udinese,5472,Mario Mandžukić,FWD,Center Forward,90.0,1,W,0.0,0.0,0.5134,0.1664,2.0,41.0,31.0,5.0,6.0,16.0,3.0,0,3.0,39.0,3.0,6.0,5.0
3879693,2016-01-17,Serie A,Juventus,Udinese,5541,Stephan Lichtsteiner,DEF,Right Wing Back,79.93,1,W,0,0.0,0,0,0,55.0,47.0,8.0,4.0,8.0,5.0,0,0,45.0,1.0,5.0,8.0
3879693,2016-01-17,Serie A,Juventus,Udinese,5566,Sami Khedira,MID,Right Center Midfield,90.0,1,W,1.0,0.0,0.652,0,2.0,67.0,58.0,5.0,7.0,14.0,5.0,0,1.0,66.0,4.0,3.0,5.0
3879693,2016-01-17,Serie A,Juventus,Udinese,5743,Paulo Bruno Exequiel Dybala,MID,Center Attacking Midfield,65.9,1,W,2.0,2.0,1.1196,0.7019,4.0,42.0,35.0,6.0,4.0,20.0,4.0,0,1.0,37.0,2.0,4.0,10.0
3879693,2016-01-17,Serie A,Juventus,Udinese,6940,Kwadwo Asamoah,MID,Left Center Midfield,90.0,1,W,0.0,0.0,0.1014,0.0697,2.0,64.0,59.0,6.0,3.0,14.0,5.0,1.0,1.0,61.0,1.0,3.0,7.0
3879693,2016-01-17,Serie A,Juventus,Udinese,6945,Alex Sandro Lobo Silva,DEF,Left Wing Back,90.0,1,W,1.0,0.0,0.0543,0.0456,1.0,74.0,61.0,8.0,5.0,16.0,4.0,5.0,2.0,57.0,2.0,5.0,9.0
3879693,2016-01-17,Serie A,Juventus,Udinese,6949,Gianluigi Buffon,GK,Goalkeeper,90.0,1,W,0,0.0,0,0,0,28.0,26.0,2.0,0.0,0,2.0,0,0,14.0,0.0,0.0,2.0
3879693,2016-01-17,Serie A,Juventus,Udinese,6953,Daniele Rugani,DEF,Right Center Back,90.0,1,W,0,0.0,0,0,0,64.0,59.0,8.0,4.0,17.0,3.0,1.0,2.0,57.0,3.0,2.0,8.0
3879693,2016-01-17,Serie A,Juventus,Udinese,6954,Giorgio Chiellini,DEF,Left Center Back,57.63,1,W,0.0,0.0,0.0459,0.0236,1.0,48.0,44.0,6.0,3.0,4.0,4.0,3.0,1.0,41.0,3.0,4.0,6.0
3879693,2016-01-17,Serie A,Juventus,Udinese,7173,Leonardo Bonucci,DEF,Center Back,90.0,1,W,0.0,0.0,0.0514,0,1.0,53.0,49.0,15.0,4.0,4.0,1.0,3.0,0,43.0,0.0,2.0,15.0
3879693,2016-01-17,Serie A,Juventus,Udinese,7952,Simone Padoin,DEF,Right Wing Back,10.07,0,W,0,0.0,0,0,0,4.0,4.0,0.0,0.0,1.0,1.0,0,0,4.0,0.0,0.0,0.0
3879693,2016-01-17,Serie A,Juventus,Udinese,8294,Claudio Marchisio,MID,Center Defensive Midfield,90.0,1,W,0,0.0,0,0,0,66.0,58.0,6.0,5.0,20.0,6.0,0,2.0,57.0,2.0,3.0,6.0
265894,2016-01-23,La Liga,Barcelona,Málaga,4691,Claudio Andrés Bravo Muñoz,GK,Goalkeeper,94.03,1,W,0,0.0,0,0,0,39.0,20.0,0.0,0.0,0,5.0,0,0,22.0,0.0,0.0,0.0
265894,2016-01-23,La Liga,Barcelona,Málaga,5203,Sergio Busquets i Burgos,MID,Center Defensive Midfield,94.03,1,W,0,0.0,0,0.2205,0,58.0,53.0,8.0,9.0,9.0,3.0,0,3.0,47.0,1.0,4.0,8.0
265894,2016-01-23,La Liga,Barcelona,Málaga,5216,Andrés Iniesta Luján,MID,Left Center Midfield,94.03,1,W,0,0.0,0,0,0,72.0,67.0,10.0,10.0,9.0,6.0,0,1.0,73.0,3.0,8.0,10.0
265894,2016-01-23,La Liga,Barcelona,Málaga,5246,Luis Alberto Suárez Díaz,FWD,Center Forward,94.03,1,W,0.0,0.0,0.0757,0,1.0,24.0,18.0,1.0,1.0,3.0,1.0,0,0,21.0,1.0,3.0,1.0
265894,2016-01-23,La Liga,Barcelona,Málaga,5470,Ivan Rakitić,FWD,Left Wing,38.2,0,W,0,0.0,0,0.0777,0,14.0,13.0,0.0,0.0,10.0,1.0,0,3.0,7.0,0.0,0.0,1.0
265894,2016-01-23,La Liga,Barcelona,Málaga,5503,Lionel Andrés Messi Cuccittini,FWD,Right Wing,94.03,1,W,1.0,0.0,0.9252,0.2568,6.0,53.0,42.0,7.0,3.0,10.0,7.0,0,0,60.0,6.0,11.0,8.0
265894,2016-01-23,La Liga,Barcelona,Málaga,5506,Javier Alejandro Mascherano,DEF,Right Center Back,94.03,1,W,0,0.0,0,0,0,64.0,54.0,18.0,6.0,4.0,0,0,2.0,51.0,0.0,4.0,18.0
265894,2016-01-23,La Liga,Barcelona,Málaga,6332,Thomas Vermaelen,DEF,Left Center Back,45.0,1,W,0,0.0,0,0,0,23.0,21.0,2.0,0.0,2.0,1.0,0,0,19.0,0.0,0.0,2.0
265894,2016-01-23,La Liga,Barcelona,Málaga,6379,Sergi Roberto Carnicer,DEF,Left Back,22.03,0,W,0,0.0,0,0,0,12.0,7.0,1.0,1.0,4.0,0,0,2.0,9.0,0.0,2.0,1.0
265894,2016-01-23,La Liga,Barcelona,Málaga,6400,Aleix Vidal Parreu,DEF,Right Back,94.03,1,W,0,0.0,0,0,0,79.0,61.0,7.0,4.0,12.0,4.0,1.0,2.0,59.0,6.0,7.0,7.0
265894,2016-01-23,La Liga,Barcelona,Málaga,6616,Munir El Haddadi Mohamed,FWD,Left Wing,55.83,1,W,1.0,0.0,1.0108,0,2.0,14.0,13.0,3.0,1.0,4.0,4.0,0,1.0,15.0,2.0,1.0,3.0
265894,2016-01-23,La Liga,Barcelona,Málaga,10609,Jérémy Mathieu,DEF,Left Center Back,49.03,0,W,0,0.0,0,0,0,20.0,18.0,1.0,0.0,1.0,0,0,0,18.0,1.0,0.0,1.0
265894,2016-01-23,La Liga,Barcelona,Málaga,11094,Arda Turan,MID,Right Center Midfield,94.03,1,W,0.0,0.0,0.0837,0,1.0,56.0,53.0,4.0,3.0,11.0,8.0,0,2.0,61.0,2.0,2.0,4.0
265894,2016-01-23,La Liga,Barcelona,Málaga,22102,Adriano Correia Claro,DEF,Left Back,72.0,1,W,0.0,1.0,0.0364,0.2311,1.0,69.0,64.0,11.0,4.0,6.0,6.0,0,1.0,53.0,4.0,6.0,12.0
3890415,2016-01-23,Bundesliga,Bayer Leverkusen,Hoffenheim,3058,Javier Hernández Balcázar,MID,Right Center Forward,93.15,1,D,0.0,0.0,0.3854,0.1193,3.0,22.0,16.0,2.0,1.0,9.0,2.0,0,0,23.0,3.0,2.0,3.0
3890415,2016-01-23,Bundesliga,Bayer Leverkusen,Hoffenheim,5555,Julian Brandt,MID,Right Midfield,26.35,0,D,0,0.0,0,0.2653,0,17.0,12.0,2.0,1.0,2.0,3.0,0,0,14.0,2.0,2.0,3.0
3890415,2016-01-23,Bundesliga,Bayer Leverkusen,Hoffenheim,6309,Tin Jedvaj,DEF,Right Back,67.2,1,D,0.0,0.0,0.0338,0.0204,1.0,49.0,36.0,5.0,8.0,10.0,2.0,0,3.0,31.0,1.0,3.0,6.0
3890415,2016-01-23,Bundesliga,Bayer Leverkusen,Hoffenheim,7039,Hakan Çalhanoğlu,MID,Left Midfield,93.15,1,D,0.0,0.0,0.1412,0.3413,3.0,64.0,46.0,3.0,9.0,18.0,7.0,0,1.0,55.0,6.0,6.0,7.0
3890415,2016-01-23,Bundesliga,Bayer Leverkusen,Hoffenheim,8212,Wendell Nascimento Borges,DEF,Left Back,93.15,1,D,0,0.0,0,0.193,0,83.0,65.0,5.0,1.0,18.0,4.0,1.0,5.0,52.0,4.0,3.0,6.0
3890415,2016-01-23,Bundesliga,Bayer Leverkusen,Hoffenheim,8213,Karim Bellarabi,MID,Right Midfield,66.8,1,D,0,0.0,0,0,0,32.0,19.0,1.0,0.0,15.0,7.0,1.0,3.0,32.0,2.0,0.0,1.0
3890415,2016-01-23,Bundesliga,Bayer Leverkusen,Hoffenheim,8221,Jonathan Tah,DEF,Right Center Back,93.15,1,D,0.0,0.0,0.1212,0,1.0,53.0,43.0,10.0,5.0,15.0,9.0,2.0,0,38.0,1.0,5.0,10.0
3890415,2016-01-23,Bundesliga,Bayer Leverkusen,Hoffenheim,8222,Kevin Kampl,MID,Left Defensive Midfield,93.15,1,D,0.0,0.0,0.1997,0.0286,3.0,89.0,80.0,22.0,18.0,14.0,12.0,0,1.0,84.0,8.0,12.0,22.0
3890415,2016-01-23,Bundesliga,Bayer Leverkusen,Hoffenheim,8549,Giulio Donati,DEF,Right Back,25.95,0,D,0,0.0,0,0.0234,0,15.0,13.0,4.0,2.0,3.0,0,2.0,2.0,11.0,0.0,1.0,4.0
3890415,2016-01-23,Bundesliga,Bayer Leverkusen,Hoffenheim,8573,Ömer Toprak,DEF,Left Center Back,85.78,1,D,1.0,0.0,0.903,0.1212,3.0,65.0,50.0,10.0,4.0,10.0,9.0,2.0,2.0,39.0,0.0,5.0,11.0
3890415,2016-01-23,Bundesliga,Bayer Leverkusen,Hoffenheim,8805,Christoph Kramer,MID,Right Defensive Midfield,93.15,1,D,0,0.0,0,0,0,69.0,58.0,16.0,4.0,28.0,6.0,1.0,1.0,57.0,5.0,8.0,16.0
3890415,2016-01-23,Bundesliga,Bayer Leverkusen,Hoffenheim,9363,André Ramalho Silva,DEF,Left Center Back,7.37,0,D,0,0.0,0,0,0,6.0,4.0,2.0,0.0,2.0,0,0,0,1.0,0.0,0.0,2.0
3890415,2016-01-23,Bundesliga,Bayer Leverkusen,Hoffenheim,11394,Stefan Kießling,MID,Left Center Forward,93.15,1,D,0.0,0.0,0.2284,0,3.0,24.0,15.0,1.0,0.0,16.0,1.0,0,0,16.0,0.0,0.0,1.0
3890415,2016-01-23,Bundesliga,Bayer Leverkusen,Hoffenheim,15581,Bernd Leno,GK,Goalkeeper,93.15,1,D,0,0.0,0,0,0,19.0,16.0,2.0,0.0,0,6.0,0,0,10.0,0.0,0.0,2.0
3900591,2016-01-23,Ligue 1,Paris Saint-Germain,Angers,2995,Ángel Fabián Di María Hernández,FWD,Right Wing,69.18,1,W,2.0,0.0,0.3575,0.2703,3.0,26.0,19.0,5.0,1.0,13.0,1.0,0,0,20.0,4.0,5.0,6.0
3900591,2016-01-23,Ligue 1,Paris Saint-Germain,Angers,2999,Presnel Kimpembe,DEF,Left Center Back,22.87,0,W,0,0.0,0,0,0,29.0,28.0,0.0,0.0,6.0,0,0,1.0,23.0,0.0,0.0,0.0
3900591,2016-01-23,Ligue 1,Paris Saint-Germain,Angers,3026,Adrien Rabiot,MID,Right Center Midfield,69.2,1,W,0.0,0.0,0.0429,0,1.0,71.0,65.0,7.0,3.0,18.0,1.0,1.0,4.0,49.0,1.0,0.0,7.0
3900591,2016-01-23,Ligue 1,Paris Saint-Germain,Angers,3481,Serge Aurier,DEF,Right Center Back,92.68,1,W,0.0,0.0,0.0063,0,1.0,135.0,130.0,5.0,1.0,13.0,7.0,2.0,3.0,114.0,0.0,1.0,5.0
3900591,2016-01-23,Ligue 1,Paris Saint-Germain,Angers,3672,Zlatan Ibrahimović,FWD,Center Forward,92.68,1,W,1.0,0.0,0.2261,0,4.0,68.0,56.0,3.0,2.0,8.0,2.0,1.0,0,45.0,6.0,6.0,3.0
3900591,2016-01-23,Ligue 1,Paris Saint-Germain,Angers,3745,Lucas Rodrigues Moura da Silva,FWD,Left Wing,92.68,1,W,1.0,1.0,0.1863,0.1081,2.0,65.0,52.0,4.0,5.0,25.0,3.0,0,3.0,61.0,4.0,7.0,6.0
3900591,2016-01-23,Ligue 1,Paris Saint-Germain,Angers,3956,David Luiz Moreira Marinho,DEF,Left Center Back,69.82,1,W,0.0,0.0,0.0983,0,1.0,79.0,72.0,7.0,4.0,3.0,5.0,2.0,1.0,62.0,2.0,4.0,7.0
3900591,2016-01-23,Ligue 1,Paris Saint-Germain,Angers,4319,Edinson Roberto Cavani Gómez,FWD,Right Wing,23.5,0,W,0.0,0.0,0.4859,0,1.0,9.0,9.0,0.0,0.0,3.0,1.0,0,0,4.0,0.0,0.0,0.0
3900591,2016-01-23,Ligue 1,Paris Saint-Germain,Angers,4325,Thiago Motta,MID,Center Defensive Midfield,92.68,1,W,0,0.0,0,0.0381,0,139.0,123.0,16.0,12.0,20.0,5.0,0,3.0,96.0,3.0,6.0,17.0
3900591,2016-01-23,Ligue 1,Paris Saint-Germain,Angers,4375,Blaise Matuidi,MID,Left Center Midfield,92.68,1,W,0.0,3.0,0.0521,0.9304,1.0,101.0,90.0,15.0,4.0,35.0,6.0,1.0,4.0,77.0,1.0,4.0,17.0
3900591,2016-01-23,Ligue 1,Paris Saint-Germain,Angers,4440,Kevin Trapp,GK,Goalkeeper,92.68,1,W,0,0.0,0,0,0,27.0,26.0,0.0,0.0,0,1.0,0,0,8.0,0.0,0.0,0.0
3900591,2016-01-23,Ligue 1,Paris Saint-Germain,Angers,8515,Benjamin Stambouli,MID,Right Center Midfield,23.48,0,W,0,0.0,0,0,0,48.0,47.0,2.0,5.0,7.0,0,0,0,30.0,3.0,1.0,2.0
3900591,2016-01-23,Ligue 1,Paris Saint-Germain,Angers,20048,Gregory van der Wiel,DEF,Right Back,92.68,1,W,1.0,1.0,0.7518,0.1606,2.0,52.0,47.0,3.0,3.0,20.0,5.0,3.0,2.0,33.0,2.0,1.0,5.0
3900591,2016-01-23,Ligue 1,Paris Saint-Germain,Angers,26613,Maxwell Scherrer Cabelino Andrade,DEF,Left Back,92.68,1,W,0,0.0,0,0.4859,0,97.0,91.0,8.0,4.0,10.0,7.0,3.0,2.0,59.0,0.0,3.0,9.0
3754111,2016-01-24,Premier League,Arsenal,Chelsea,3385,Alexis Alejandro Sánchez Sánchez,FWD,Right Wing,38.85,0,L,0,0.0,0,0,0,29.0,18.0,8.0,2.0,6.0,1.0,0,1.0,25.0,3.0,10.0,8.0
3754111,2016-01-24,Premier League,Arsenal,Chelsea,3394,Laurent Koscielny,DEF,Left Center Back,95.18,1,L,0,0.0,0,0.1655,0,53.0,45.0,11.0,6.0,11.0,1.0,1.0,5.0,31.0,7.0,6.0,13.0
3754111,2016-01-24,Premier League,Arsenal,Chelsea,3461,Petr Čech,GK,Goalkeeper,95.18,1,L,0,0.0,0,0,0,34.0,28.0,7.0,2.0,0,7.0,0,0,18.0,0.0,0.0,7.0
3754111,2016-01-24,Premier League,Arsenal,Chelsea,3475,Per Mertesacker,DEF,Right Center Back,17.73,1,L,0,0.0,0,0,0,12.0,11.0,1.0,0.0,1.0,0,1.0,0,9.0,0.0,0.0,1.0
3754111,2016-01-24,Premier League,Arsenal,Chelsea,3496,Mesut Özil,MID,Center Attacking Midfield,95.18,1,L,0,0.0,0,0.0518,0,73.0,49.0,5.0,2.0,14.0,3.0,0,0,57.0,4.0,12.0,6.0
3754111,2016-01-24,Premier League,Arsenal,Chelsea,3498,Ignacio Monreal Eraso,DEF,Left Back,95.18,1,L,0.0,0.0,0.0572,0,1.0,60.0,49.0,4.0,4.0,6.0,4.0,4.0,0,36.0,2.0,3.0,4.0
3754111,2016-01-24,Premier League,Arsenal,Chelsea,3511,Héctor Bellerín Moruno,DEF,Right Back,95.18,1,L,0,0.0,0,0.1128,0,55.0,47.0,6.0,3.0,10.0,2.0,4.0,1.0,44.0,8.0,1.0,7.0
3754111,2016-01-24,Premier League,Arsenal,Chelsea,3517,Aaron Ramsey,MID,Left Defensive Midfield,95.18,1,L,0.0,0.0,0.16,0.317,2.0,68.0,59.0,12.0,6.0,37.0,4.0,2.0,5.0,58.0,6.0,4.0,12.0
3754111,2016-01-24,Premier League,Arsenal,Chelsea,3525,Alex Oxlade-Chamberlain,FWD,Right Wing,21.12,0,L,0.0,0.0,0.1128,0,1.0,11.0,10.0,0.0,0.0,7.0,1.0,0,0,12.0,0.0,0.0,0.0
3754111,2016-01-24,Premier League,Arsenal,Chelsea,3604,Olivier Giroud,FWD,Center Forward,20.9,1,L,0.0,0.0,0.0152,0,1.0,12.0,10.0,0.0,1.0,5.0,2.0,0,0,10.0,0.0,0.0,0.0
3754111,2016-01-24,Premier League,Arsenal,Chelsea,3668,Theo Walcott,FWD,Left Wing,74.07,1,L,0,0.0,0,0.0915,0,20.0,18.0,0.0,1.0,16.0,2.0,1.0,0,22.0,2.0,0.0,2.0
3754111,2016-01-24,Premier League,Arsenal,Chelsea,5581,Joel Nathaniel Campbell Samuels,FWD,Right Wing,56.33,1,L,0.0,0.0,0.0762,0.2243,1.0,14.0,11.0,0.0,0.0,18.0,0,0,3.0,17.0,1.0,0.0,1.0
3754111,2016-01-24,Premier League,Arsenal,Chelsea,6631,Mathieu Flamini,MID,Right Defensive Midfield,95.18,1,L,0.0,0.0,0.6198,0,3.0,28.0,22.0,3.0,3.0,9.0,4.0,1.0,0,19.0,2.0,4.0,3.0
3754111,2016-01-24,Premier League,Arsenal,Chelsea,6746,Gabriel Armando de Abreu,FWD,Center Forward,74.28,0,L,0.0,0.0,0.1073,0,1.0,36.0,33.0,4.0,1.0,10.0,4.0,1.0,1.0,23.0,0.0,0.0,4.0
3879701,2016-01-24,Serie A,Juventus,AS Roma,3477,Álvaro Borja Morata Martín,MID,Right Center Forward,10.45,0,W,0.0,0.0,0.0094,0,1.0,4.0,4.0,0.0,1.0,3.0,0,0,0,5.0,0.0,0.0,0.0
3879701,2016-01-24,Serie A,Juventus,AS Roma,5472,Mario Mandžukić,MID,Left Center Forward,94.4,1,W,0,0.0,0,0.1221,0,22.0,17.0,2.0,0.0,20.0,1.0,0,1.0,21.0,2.0,1.0,3.0
3879701,2016-01-24,Serie A,Juventus,AS Roma,5541,Stephan Lichtsteiner,DEF,Right Wing Back,65.17,1,W,0,0.0,0,0,0,43.0,34.0,5.0,1.0,10.0,2.0,0,1.0,33.0,1.0,3.0,5.0
3879701,2016-01-24,Serie A,Juventus,AS Roma,5566,Sami Khedira,MID,Right Center Midfield,94.4,1,W,0.0,0.0,0.0831,0.1014,1.0,74.0,63.0,7.0,9.0,16.0,5.0,0,1.0,68.0,3.0,6.0,8.0
3879701,2016-01-24,Serie A,Juventus,AS Roma,5689,Juan Guillermo Cuadrado Bello,DEF,Right Wing Back,29.23,0,W,0.0,0.0,0.0068,0,1.0,21.0,19.0,2.0,0.0,3.0,4.0,0,1.0,19.0,2.0,0.0,2.0
3879701,2016-01-24,Serie A,Juventus,AS Roma,5743,Paulo Bruno Exequiel Dybala,MID,Right Center Forward,83.95,1,W,1.0,0.0,0.2856,0.1237,4.0,67.0,57.0,5.0,9.0,15.0,2.0,0,0,65.0,4.0,8.0,6.0
3879701,2016-01-24,Serie A,Juventus,AS Roma,6943,Andrea Barzagli,DEF,Right Center Back,94.4,1,W,0,0.0,0,0,0,114.0,103.0,23.0,15.0,9.0,6.0,0,2.0,88.0,4.0,9.0,23.0
3879701,2016-01-24,Serie A,Juventus,AS Roma,6949,Gianluigi Buffon,GK,Goalkeeper,94.4,1,W,0,0.0,0,0,0,19.0,18.0,1.0,0.0,0,4.0,0,0,9.0,0.0,0.0,1.0
3879701,2016-01-24,Serie A,Juventus,AS Roma,6954,Giorgio Chiellini,DEF,Left Center Back,94.4,1,W,0.0,0.0,0.0207,0.0068,1.0,81.0,69.0,9.0,8.0,11.0,4.0,4.0,1.0,62.0,6.0,4.0,10.0
3879701,2016-01-24,Serie A,Juventus,AS Roma,7173,Leonardo Bonucci,DEF,Center Back,94.4,1,W,0.0,0.0,0.0059,0.0512,1.0,84.0,74.0,26.0,5.0,12.0,4.0,0,2.0,69.0,2.0,1.0,26.0
3879701,2016-01-24,Serie A,Juventus,AS Roma,8294,Claudio Marchisio,MID,Center Defensive Midfield,94.4,1,W,0,0.0,0,0.0326,0,58.0,53.0,7.0,8.0,14.0,3.0,1.0,3.0,42.0,2.0,5.0,8.0
3879701,2016-01-24,Serie A,Juventus,AS Roma,20004,Paul Pogba,MID,Left Center Midfield,94.4,1,W,0.0,1.0,0.1014,0.1888,2.0,41.0,30.0,3.0,3.0,13.0,6.0,2.0,1.0,45.0,3.0,4.0,4.0
3879701,2016-01-24,Serie A,Juventus,AS Roma,20008,Patrice Evra,DEF,Left Wing Back,94.4,1,W,0.0,0.0,0.2869,0,4.0,53.0,48.0,3.0,1.0,8.0,2.0,0,4.0,33.0,1.0,1.0,3.0
267576,2016-01-30,La Liga,Barcelona,Atlético Madrid,4320,Neymar da Silva Santos Junior,FWD,Left Wing,93.03,1,W,0.0,0.0,0.0258,0,1.0,47.0,42.0,3.0,0.0,8.0,1.0,0,0,58.0,4.0,2.0,3.0
267576,2016-01-30,La Liga,Barcelona,Atlético Madrid,4324,Daniel Alves da Silva,DEF,Right Back,81.87,1,W,0.0,1.0,0.078,0.1082,2.0,95.0,86.0,8.0,8.0,16.0,6.0,0,4.0,82.0,1.0,6.0,8.0
267576,2016-01-30,La Liga,Barcelona,Atlético Madrid,4691,Claudio Andrés Bravo Muñoz,GK,Goalkeeper,93.03,1,W,0,0.0,0,0,0,28.0,24.0,0.0,0.0,0,5.0,0,0,20.0,0.0,0.0,0.0
267576,2016-01-30,La Liga,Barcelona,Atlético Madrid,5203,Sergio Busquets i Burgos,MID,Center Defensive Midfield,93.03,1,W,0,0.0,0,0.0709,0,71.0,64.0,9.0,9.0,22.0,4.0,0,4.0,56.0,1.0,5.0,9.0
267576,2016-01-30,La Liga,Barcelona,Atlético Madrid,5211,Jordi Alba Ramos,DEF,Left Back,93.03,1,W,0,1.0,0,0.1559,0,83.0,69.0,11.0,5.0,6.0,3.0,0,1.0,67.0,1.0,2.0,12.0
267576,2016-01-30,La Liga,Barcelona,Atlético Madrid,5213,Gerard Piqué Bernabéu,DEF,Right Center Back,93.03,1,W,0,0.0,0,0,0,86.0,86.0,13.0,8.0,6.0,6.0,2.0,4.0,74.0,2.0,5.0,13.0
267576,2016-01-30,La Liga,Barcelona,Atlético Madrid,5216,Andrés Iniesta Luján,MID,Left Center Midfield,93.03,1,W,0,0.0,0,0.0695,0,80.0,66.0,13.0,8.0,16.0,7.0,0,3.0,75.0,5.0,12.0,15.0
267576,2016-01-30,La Liga,Barcelona,Atlético Madrid,5246,Luis Alberto Suárez Díaz,FWD,Center Forward,93.03,1,W,1.0,0.0,0.2013,0,3.0,18.0,16.0,2.0,3.0,6.0,2.0,0,0,27.0,0.0,2.0,2.0
267576,2016-01-30,La Liga,Barcelona,Atlético Madrid,5470,Ivan Rakitić,MID,Right Center Midfield,66.07,1,W,0,0.0,0,0.0258,0,34.0,29.0,3.0,1.0,14.0,7.0,0,2.0,33.0,0.0,3.0,4.0
267576,2016-01-30,La Liga,Barcelona,Atlético Madrid,5503,Lionel Andrés Messi Cuccittini,FWD,Right Wing,93.03,1,W,1.0,0.0,0.1946,0.1016,3.0,68.0,54.0,7.0,3.0,10.0,5.0,0,0,74.0,4.0,7.0,8.0
267576,2016-01-30,La Liga,Barcelona,Atlético Madrid,5506,Javier Alejandro Mascherano,DEF,Left Center Back,93.03,1,W,0,0.0,0,0,0,71.0,69.0,15.0,9.0,14.0,3.0,0,5.0,62.0,2.0,5.0,15.0
267576,2016-01-30,La Liga,Barcelona,Atlético Madrid,6379,Sergi Roberto Carnicer,DEF,Right Back,11.17,0,W,0,0.0,0,0,0,11.0,11.0,2.0,0.0,0,0,0,0,10.0,1.0,0.0,2.0
267576,2016-01-30,La Liga,Barcelona,Atlético Madrid,11094,Arda Turan,MID,Right Center Midfield,26.97,0,W,0.0,0.0,0.0709,0,1.0,27.0,26.0,2.0,3.0,6.0,1.0,0,2.0,29.0,2.0,2.0,2.0
3890427,2016-01-30,Bundesliga,Bayer Leverkusen,Hannover 96,3058,Javier Hernández Balcázar,MID,Right Center Forward,90.05,1,W,2.0,0.0,1.1503,0,2.0,25.0,17.0,0.0,0.0,5.0,3.0,0,0,21.0,1.0,1.0,0.0
3890427,2016-01-30,Bundesliga,Bayer Leverkusen,Hannover 96,5555,Julian Brandt,MID,Left Midfield,17.93,0,W,0,0.0,0,0,0,6.0,3.0,1.0,0.0,8.0,1.0,0,0,8.0,2.0,1.0,1.0
3890427,2016-01-30,Bundesliga,Bayer Leverkusen,Hannover 96,6309,Tin Jedvaj,DEF,Right Back,12.25,0,W,0,0.0,0,0,0,5.0,3.0,1.0,0.0,0,0,0,0,3.0,0.0,2.0,1.0
3890427,2016-01-30,Bundesliga,Bayer Leverkusen,Hannover 96,7039,Hakan Çalhanoğlu,MID,Left Midfield,72.12,1,W,0.0,1.0,0.2153,0.3998,4.0,58.0,41.0,7.0,3.0,18.0,4.0,0,0,43.0,3.0,7.0,9.0
3890427,2016-01-30,Bundesliga,Bayer Leverkusen,Hannover 96,8212,Wendell Nascimento Borges,DEF,Left Back,90.05,1,W,0,0.0,0,0.0464,0,75.0,55.0,8.0,5.0,13.0,7.0,1.0,3.0,46.0,5.0,8.0,9.0
3890427,2016-01-30,Bundesliga,Bayer Leverkusen,Hannover 96,8213,Karim Bellarabi,MID,Right Midfield,77.63,1,W,0.0,0.0,0.0921,0.1365,3.0,32.0,26.0,5.0,3.0,16.0,11.0,0,2.0,34.0,3.0,4.0,5.0
3890427,2016-01-30,Bundesliga,Bayer Leverkusen,Hannover 96,8219,Admir Mehmedi,MID,Right Midfield,12.42,0,W,0,0.0,0,0,0,4.0,3.0,1.0,0.0,2.0,1.0,0,0,3.0,0.0,1.0,1.0
3890427,2016-01-30,Bundesliga,Bayer Leverkusen,Hannover 96,8221,Jonathan Tah,DEF,Right Center Back,90.05,1,W,0,0.0,0,0,0,38.0,28.0,7.0,2.0,12.0,10.0,2.0,0,30.0,0.0,1.0,7.0
3890427,2016-01-30,Bundesliga,Bayer Leverkusen,Hannover 96,8222,Kevin Kampl,MID,Left Defensive Midfield,90.05,1,W,0.0,1.0,0.0761,0.3668,2.0,55.0,49.0,13.0,7.0,18.0,11.0,4.0,1.0,54.0,4.0,12.0,13.0
3890427,2016-01-30,Bundesliga,Bayer Leverkusen,Hannover 96,8573,Ömer Toprak,DEF,Left Center Back,90.05,1,W,0,0.0,0,0,0,54.0,45.0,13.0,3.0,7.0,10.0,2.0,3.0,31.0,1.0,4.0,13.0
3890427,2016-01-30,Bundesliga,Bayer Leverkusen,Hannover 96,8805,Christoph Kramer,MID,Right Defensive Midfield,90.05,1,W,0,0.0,0,0.0362,0,35.0,32.0,2.0,2.0,33.0,6.0,1.0,4.0,29.0,4.0,1.0,3.0
3890427,2016-01-30,Bundesliga,Bayer Leverkusen,Hannover 96,8918,Roberto Hilbert,DEF,Right Back,77.8,1,W,0.0,0.0,0.0174,0,1.0,57.0,39.0,8.0,8.0,15.0,1.0,2.0,2.0,28.0,2.0,9.0,8.0
3890427,2016-01-30,Bundesliga,Bayer Leverkusen,Hannover 96,11394,Stefan Kießling,MID,Left Center Forward,90.05,1,W,1.0,0.0,0.3558,0,2.0,29.0,18.0,1.0,0.0,15.0,5.0,1.0,0,27.0,2.0,2.0,1.0
3890427,2016-01-30,Bundesliga,Bayer Leverkusen,Hannover 96,15581,Bernd Leno,GK,Goalkeeper,90.05,1,W,0,0.0,0,0,0,30.0,19.0,4.0,1.0,1.0,5.0,0,0,20.0,0.0,0.0,4.0
3879713,2016-01-31,Serie A,Juventus,Chievo,3477,Álvaro Borja Morata Martín,MID,Left Center Forward,91.83,1,W,2.0,0.0,1.7778,0.1615,4.0,38.0,29.0,1.0,1.0,16.0,9.0,0,1.0,35.0,6.0,0.0,4.0
3879713,2016-01-31,Serie A,Juventus,Chievo,5248,José Martín Cáceres Silva,DEF,Right Center Back,91.83,1,W,0,0.0,0,0,0,83.0,82.0,4.0,3.0,7.0,1.0,2.0,1.0,69.0,0.0,0.0,4.0
3879713,2016-01-31,Serie A,Juventus,Chievo,5541,Stephan Lichtsteiner,DEF,Right Wing Back,80.25,1,W,0.0,1.0,0.022,0.8516,1.0,60.0,45.0,6.0,3.0,5.0,5.0,0,2.0,44.0,4.0,8.0,9.0
3879713,2016-01-31,Serie A,Juventus,Chievo,5566,Sami Khedira,MID,Right Center Midfield,45.0,1,W,0.0,1.0,0.1596,0.9944,1.0,34.0,26.0,0.0,0.0,4.0,4.0,0,0,22.0,3.0,0.0,2.0
3879713,2016-01-31,Serie A,Juventus,Chievo,5743,Paulo Bruno Exequiel Dybala,MID,Right Center Forward,91.83,1,W,0.0,1.0,0.327,0.3434,5.0,69.0,59.0,5.0,4.0,10.0,6.0,0,0,53.0,4.0,5.0,8.0
3879713,2016-01-31,Serie A,Juventus,Chievo,6943,Andrea Barzagli,DEF,Left Center Back,91.83,1,W,0,0.0,0,0.0065,0,76.0,69.0,12.0,4.0,10.0,3.0,0,0,55.0,1.0,4.0,12.0
3879713,2016-01-31,Serie A,Juventus,Chievo,6945,Alex Sandro Lobo Silva,DEF,Left Wing Back,91.83,1,W,1.0,0.0,0.3931,0.2324,5.0,72.0,60.0,3.0,2.0,17.0,8.0,4.0,1.0,55.0,7.0,4.0,7.0
3879713,2016-01-31,Serie A,Juventus,Chievo,6949,Gianluigi Buffon,GK,Goalkeeper,91.83,1,W,0,0.0,0,0,0,28.0,21.0,1.0,0.0,0,4.0,0,0,18.0,0.0,0.0,1.0
3879713,2016-01-31,Serie A,Juventus,Chievo,7013,Stefano Sturaro,MID,Right Center Midfield,46.83,0,W,0,0.0,0,0.2799,0,37.0,30.0,2.0,1.0,8.0,4.0,0,3.0,23.0,0.0,1.0,5.0
3879713,2016-01-31,Serie A,Juventus,Chievo,7173,Leonardo Bonucci,DEF,Center Back,91.83,1,W,0.0,0.0,0.0678,0.3592,1.0,106.0,98.0,13.0,2.0,6.0,2.0,1.0,0,86.0,0.0,2.0,14.0
3879713,2016-01-31,Serie A,Juventus,Chievo,7952,Simone Padoin,DEF,Right Wing Back,11.58,0,W,0.0,0.0,0.0219,0,1.0,6.0,6.0,0.0,0.0,2.0,0,0,0,4.0,0.0,0.0,0.0
3879713,2016-01-31,Serie A,Juventus,Chievo,8294,Claudio Marchisio,MID,Center Defensive Midfield,68.9,1,W,0.0,0.0,0.0487,0,2.0,44.0,39.0,4.0,1.0,8.0,5.0,0,3.0,33.0,2.0,1.0,4.0
3879713,2016-01-31,Serie A,Juventus,Chievo,20004,Paul Pogba,MID,Left Center Midfield,91.83,1,W,1.0,1.0,0.8249,0.0807,9.0,74.0,64.0,7.0,7.0,10.0,8.0,1.0,1.0,67.0,8.0,3.0,8.0
3879713,2016-01-31,Serie A,Juventus,Chievo,25345,Anderson Hernanes de Carvalho Andrade,MID,Center Defensive Midfield,22.93,0,W,0.0,0.0,0.0219,0.0219,1.0,37.0,37.0,8.0,4.0,1.0,2.0,0,1.0,26.0,1.0,3.0,9.0
3754201,2016-02-02,Premier League,Arsenal,Southampton,3385,Alexis Alejandro Sánchez Sánchez,FWD,Left Wing,96.02,1,D,0.0,0.0,0.6817,0.2469,6.0,57.0,43.0,9.0,3.0,14.0,9.0,0,3.0,63.0,7.0,12.0,9.0
3754201,2016-02-02,Premier League,Arsenal,Southampton,3394,Laurent Koscielny,DEF,Left Center Back,96.02,1,D,0.0,0.0,0.1839,0,2.0,44.0,40.0,6.0,3.0,9.0,3.0,1.0,2.0,26.0,5.0,3.0,6.0
3754201,2016-02-02,Premier League,Arsenal,Southampton,3437,Francis Joseph Coquelin,MID,Right Defensive Midfield,11.03,0,D,0,0.0,0,0,0,5.0,4.0,2.0,1.0,7.0,0,0,0,2.0,0.0,0.0,2.0
3754201,2016-02-02,Premier League,Arsenal,Southampton,3461,Petr Čech,GK,Goalkeeper,96.02,1,D,0,0.0,0,0,0,38.0,29.0,11.0,2.0,0,10.0,0,0,18.0,0.0,0.0,11.0
3754201,2016-02-02,Premier League,Arsenal,Southampton,3496,Mesut Özil,MID,Center Attacking Midfield,96.02,1,D,0.0,0.0,0.7158,0.7096,2.0,74.0,55.0,7.0,7.0,11.0,6.0,1.0,0,51.0,4.0,6.0,15.0
3754201,2016-02-02,Premier League,Arsenal,Southampton,3498,Ignacio Monreal Eraso,DEF,Left Back,96.02,1,D,0,0.0,0,0,0,74.0,64.0,12.0,1.0,17.0,4.0,4.0,4.0,36.0,2.0,4.0,12.0
3754201,2016-02-02,Premier League,Arsenal,Southampton,3511,Héctor Bellerín Moruno,DEF,Right Back,96.02,1,D,0,0.0,0,0.1708,0,67.0,54.0,11.0,5.0,12.0,4.0,3.0,2.0,47.0,7.0,7.0,13.0
3754201,2016-02-02,Premier League,Arsenal,Southampton,3517,Aaron Ramsey,MID,Left Defensive Midfield,96.02,1,D,0.0,0.0,0.0919,0.0722,2.0,78.0,66.0,15.0,7.0,28.0,7.0,1.0,2.0,62.0,1.0,4.0,16.0
3754201,2016-02-02,Premier League,Arsenal,Southampton,3604,Olivier Giroud,FWD,Center Forward,96.02,1,D,0.0,0.0,0.4688,0,8.0,28.0,18.0,2.0,2.0,10.0,2.0,1.0,3.0,19.0,1.0,2.0,2.0
3754201,2016-02-02,Premier League,Arsenal,Southampton,3668,Theo Walcott,FWD,Right Wing,34.55,0,D,0.0,0.0,0.2676,0.0797,2.0,3.0,3.0,0.0,0.0,3.0,2.0,0,0,8.0,0.0,0.0,1.0
3754201,2016-02-02,Premier League,Arsenal,Southampton,5581,Joel Nathaniel Campbell Samuels,FWD,Right Wing,61.47,1,D,0.0,0.0,0.0243,0,1.0,22.0,17.0,0.0,1.0,20.0,2.0,1.0,2.0,26.0,1.0,0.0,0.0
3754201,2016-02-02,Premier League,Arsenal,Southampton,6631,Mathieu Flamini,MID,Right Defensive Midfield,84.98,1,D,0,0.0,0,0,0,37.0,32.0,4.0,2.0,15.0,2.0,4.0,5.0,22.0,0.0,2.0,4.0
3754201,2016-02-02,Premier League,Arsenal,Southampton,6746,Gabriel Armando de Abreu,DEF,Right Center Back,96.02,1,D,0,0.0,0,0,0,55.0,51.0,6.0,2.0,9.0,2.0,0,3.0,43.0,3.0,1.0,6.0
3879726,2016-02-03,Serie A,Juventus,Genoa,3477,Álvaro Borja Morata Martín,MID,Left Center Forward,53.48,1,W,0.0,0.0,0.0086,0.0112,1.0,22.0,15.0,1.0,2.0,7.0,3.0,0,1.0,17.0,1.0,1.0,2.0
3879726,2016-02-03,Serie A,Juventus,Genoa,5248,José Martín Cáceres Silva,DEF,Right Center Back,62.7,1,W,0,0.0,0,0,0,21.0,19.0,4.0,1.0,5.0,2.0,0,0,14.0,0.0,1.0,4.0
3879726,2016-02-03,Serie A,Juventus,Genoa,5689,Juan Guillermo Cuadrado Bello,DEF,Right Wing Back,95.05,1,W,0.0,0.0,0.0379,0.0512,2.0,42.0,32.0,5.0,2.0,19.0,6.0,2.0,3.0,33.0,2.0,2.0,5.0
3879726,2016-02-03,Serie A,Juventus,Genoa,5743,Paulo Bruno Exequiel Dybala,MID,Right Center Forward,95.05,1,W,0.0,0.0,0.1378,0.2923,3.0,52.0,37.0,5.0,2.0,17.0,9.0,0,2.0,46.0,7.0,12.0,6.0
3879726,2016-02-03,Serie A,Juventus,Genoa,6584,Simone Zaza,MID,Left Center Forward,36.6,0,W,0.0,0.0,0.2779,0,1.0,13.0,10.0,0.0,0.0,10.0,4.0,0,0,13.0,3.0,1.0,0.0
3879726,2016-02-03,Serie A,Juventus,Genoa,6943,Andrea Barzagli,DEF,Left Center Back,95.05,1,W,0,0.0,0,0,0,54.0,47.0,10.0,2.0,8.0,7.0,3.0,1.0,34.0,0.0,0.0,10.0
3879726,2016-02-03,Serie A,Juventus,Genoa,6945,Alex Sandro Lobo Silva,DEF,Left Wing Back,54.88,0,W,0,0.0,0,0,0,31.0,23.0,2.0,3.0,11.0,2.0,0,4.0,19.0,2.0,1.0,2.0
3879726,2016-02-03,Serie A,Juventus,Genoa,6949,Gianluigi Buffon,GK,Goalkeeper,95.05,1,W,0,0.0,0,0,0,19.0,15.0,5.0,2.0,0,3.0,0,0,9.0,0.0,0.0,5.0
3879726,2016-02-03,Serie A,Juventus,Genoa,6953,Daniele Rugani,DEF,Right Center Back,32.35,0,W,0,0.0,0,0,0,16.0,10.0,1.0,1.0,2.0,1.0,0,1.0,9.0,0.0,3.0,1.0
3879726,2016-02-03,Serie A,Juventus,Genoa,7173,Leonardo Bonucci,DEF,Center Back,95.05,1,W,0,0.0,0,0.0295,0,73.0,62.0,13.0,1.0,5.0,3.0,3.0,0,52.0,1.0,2.0,14.0
3879726,2016-02-03,Serie A,Juventus,Genoa,7952,Simone Padoin,MID,Right Center Midfield,95.05,1,W,0,0.0,0,0.0478,0,22.0,17.0,1.0,2.0,21.0,2.0,0,3.0,18.0,0.0,1.0,3.0
3879726,2016-02-03,Serie A,Juventus,Genoa,8294,Claudio Marchisio,MID,Center Defensive Midfield,95.05,1,W,0.0,0.0,0.0211,0.0381,1.0,56.0,44.0,6.0,5.0,12.0,8.0,1.0,2.0,27.0,0.0,2.0,7.0
3879726,2016-02-03,Serie A,Juventus,Genoa,20004,Paul Pogba,MID,Left Center Midfield,95.05,1,W,0.0,0.0,0.0834,0,3.0,50.0,41.0,5.0,7.0,22.0,4.0,0,4.0,52.0,3.0,4.0,5.0
3879726,2016-02-03,Serie A,Juventus,Genoa,20008,Patrice Evra,DEF,Left Wing Back,40.17,1,W,0,0.0,0,0,0,30.0,24.0,3.0,4.0,5.0,6.0,0,1.0,16.0,2.0,4.0,3.0
3900618,2016-02-03,Ligue 1,Paris Saint-Germain,Lorient,2995,Ángel Fabián Di María Hernández,FWD,Right Wing,23.63,0,W,0.0,0.0,0.3077,0.0596,3.0,16.0,13.0,3.0,3.0,8.0,1.0,0,0,18.0,2.0,0.0,4.0
3900618,2016-02-03,Ligue 1,Paris Saint-Germain,Lorient,3295,Thiago Emiliano da Silva,DEF,Left Center Back,93.37,1,W,0,0.0,0,0,0,102.0,96.0,17.0,3.0,10.0,4.0,3.0,1.0,79.0,0.0,1.0,17.0
3900618,2016-02-03,Ligue 1,Paris Saint-Germain,Lorient,3481,Serge Aurier,DEF,Right Back,93.37,1,W,0.0,0.0,0.1304,0,2.0,69.0,57.0,0.0,0.0,28.0,8.0,1.0,3.0,50.0,1.0,0.0,0.0
3900618,2016-02-03,Ligue 1,Paris Saint-Germain,Lorient,3672,Zlatan Ibrahimović,FWD,Center Forward,70.68,1,W,1.0,1.0,0.4709,0.6498,3.0,57.0,45.0,8.0,4.0,8.0,0,0,2.0,39.0,1.0,12.0,8.0
3900618,2016-02-03,Ligue 1,Paris Saint-Germain,Lorient,3745,Lucas Rodrigues Moura da Silva,FWD,Center Forward,22.68,0,W,0.0,0.0,0.0596,0.3511,1.0,15.0,13.0,2.0,1.0,2.0,2.0,2.0,0,20.0,3.0,3.0,5.0
3900618,2016-02-03,Ligue 1,Paris Saint-Germain,Lorient,4319,Edinson Roberto Cavani Gómez,FWD,Left Wing,93.37,1,W,1.0,0.0,0.7991,0,2.0,44.0,34.0,1.0,1.0,9.0,3.0,1.0,2.0,34.0,1.0,4.0,1.0
3900618,2016-02-03,Ligue 1,Paris Saint-Germain,Lorient,4325,Thiago Motta,MID,Center Defensive Midfield,63.4,1,W,0,0.0,0,0.3791,0,82.0,72.0,21.0,7.0,24.0,6.0,0,1.0,67.0,0.0,4.0,21.0
3900618,2016-02-03,Ligue 1,Paris Saint-Germain,Lorient,4326,Layvin Kurzawa,DEF,Left Back,93.37,1,W,1.0,1.0,0.0404,0.4556,1.0,72.0,61.0,3.0,3.0,14.0,8.0,3.0,1.0,48.0,3.0,4.0,4.0
3900618,2016-02-03,Ligue 1,Paris Saint-Germain,Lorient,4372,Marcos Aoás Corrêa,DEF,Right Center Back,93.37,1,W,0.0,0.0,0.0448,0,1.0,73.0,69.0,9.0,2.0,19.0,2.0,0,2.0,56.0,0.0,2.0,9.0
3900618,2016-02-03,Ligue 1,Paris Saint-Germain,Lorient,4375,Blaise Matuidi,MID,Center Defensive Midfield,29.97,0,W,0.0,0.0,0.033,0,1.0,30.0,27.0,3.0,1.0,13.0,1.0,0,3.0,26.0,1.0,0.0,3.0
3900618,2016-02-03,Ligue 1,Paris Saint-Germain,Lorient,4440,Kevin Trapp,GK,Goalkeeper,93.37,1,W,0,0.0,0,0,0,29.0,24.0,1.0,0.0,0,5.0,0,0,14.0,0.0,0.0,1.0
3900618,2016-02-03,Ligue 1,Paris Saint-Germain,Lorient,8510,Jean-Kévin Augustin,FWD,Right Wing,69.73,1,W,0.0,0.0,0.1383,0,1.0,17.0,14.0,1.0,0.0,23.0,4.0,0,0,24.0,1.0,3.0,1.0
3900618,2016-02-03,Ligue 1,Paris Saint-Germain,Lorient,8515,Benjamin Stambouli,MID,Right Center Midfield,93.37,1,W,0.0,0.0,0.0433,0,1.0,88.0,79.0,19.0,11.0,24.0,8.0,1.0,5.0,70.0,2.0,8.0,19.0
3900618,2016-02-03,Ligue 1,Paris Saint-Germain,Lorient,34539,Hervin Scicchitano Ongenda,MID,Left Center Midfield,93.37,1,W,0,0.0,0,0.0448,0,90.0,77.0,6.0,1.0,24.0,7.0,0,0,61.0,3.0,5.0,7.0
3890431,2016-02-06,Bundesliga,Bayer Leverkusen,Bayern Munich,3058,Javier Hernández Balcázar,MID,Right Center Forward,92.27,1,D,0.0,0.0,0.016,0.0417,1.0,13.0,11.0,2.0,3.0,12.0,2.0,0,0,10.0,0.0,2.0,3.0
3890431,2016-02-06,Bundesliga,Bayer Leverkusen,Bayern Munich,5555,Julian Brandt,MID,Left Center Forward,19.22,0,D,0.0,0.0,0.0417,0,1.0,6.0,3.0,0.0,0.0,11.0,0,0,0,4.0,0.0,0.0,0.0
3890431,2016-02-06,Bundesliga,Bayer Leverkusen,Bayern Munich,6309,Tin Jedvaj,DEF,Right Back,50.62,1,D,0,0.0,0,0,0,17.0,8.0,1.0,1.0,14.0,0,0,2.0,5.0,1.0,1.0,1.0
3890431,2016-02-06,Bundesliga,Bayer Leverkusen,Bayern Munich,7039,Hakan Çalhanoğlu,MID,Left Midfield,92.27,1,D,0.0,0.0,0.0818,0.0453,2.0,40.0,23.0,1.0,1.0,26.0,7.0,2.0,3.0,32.0,1.0,3.0,2.0
3890431,2016-02-06,Bundesliga,Bayer Leverkusen,Bayern Munich,8212,Wendell Nascimento Borges,DEF,Left Back,92.27,1,D,0,0.0,0,0.0728,0,40.0,27.0,4.0,5.0,17.0,8.0,3.0,3.0,26.0,3.0,4.0,5.0
3890431,2016-02-06,Bundesliga,Bayer Leverkusen,Bayern Munich,8213,Karim Bellarabi,MID,Right Midfield,86.33,1,D,0,0.0,0,0.102,0,21.0,11.0,3.0,2.0,36.0,3.0,1.0,1.0,20.0,4.0,4.0,4.0
3890431,2016-02-06,Bundesliga,Bayer Leverkusen,Bayern Munich,8219,Admir Mehmedi,MID,Right Center Forward,5.93,0,D,0,0,0,0,0,0,0,0,0,2.0,0,0,0,1.0,0.0,0,0
3890431,2016-02-06,Bundesliga,Bayer Leverkusen,Bayern Munich,8221,Jonathan Tah,DEF,Right Center Back,92.27,1,D,0,0.0,0,0,0,25.0,18.0,7.0,3.0,11.0,7.0,1.0,2.0,9.0,0.0,2.0,7.0
3890431,2016-02-06,Bundesliga,Bayer Leverkusen,Bayern Munich,8222,Kevin Kampl,MID,Left Defensive Midfield,92.27,1,D,0,0.0,0,0,0,29.0,21.0,5.0,0.0,22.0,6.0,0,1.0,25.0,2.0,4.0,5.0
3890431,2016-02-06,Bundesliga,Bayer Leverkusen,Bayern Munich,8573,Ömer Toprak,DEF,Left Center Back,92.27,1,D,0.0,0.0,0.0453,0,1.0,29.0,21.0,5.0,5.0,14.0,7.0,2.0,1.0,12.0,0.0,3.0,5.0
3890431,2016-02-06,Bundesliga,Bayer Leverkusen,Bayern Munich,8805,Christoph Kramer,MID,Right Defensive Midfield,92.27,1,D,0.0,0.0,0.102,0.009,1.0,28.0,19.0,2.0,3.0,34.0,5.0,1.0,3.0,16.0,1.0,4.0,3.0
3890431,2016-02-06,Bundesliga,Bayer Leverkusen,Bayern Munich,8918,Roberto Hilbert,DEF,Right Back,41.65,0,D,0,0.0,0,0,0,9.0,6.0,4.0,1.0,16.0,1.0,0,4.0,5.0,0.0,3.0,4.0
3890431,2016-02-06,Bundesliga,Bayer Leverkusen,Bayern Munich,11394,Stefan Kießling,MID,Left Center Forward,73.05,1,D,0,0.0,0,0,0,24.0,11.0,1.0,1.0,31.0,6.0,1.0,3.0,15.0,0.0,5.0,1.0
3890431,2016-02-06,Bundesliga,Bayer Leverkusen,Bayern Munich,15581,Bernd Leno,GK,Goalkeeper,92.27,1,D,0,0.0,0,0,0,35.0,25.0,17.0,2.0,1.0,10.0,0,0,17.0,0.0,0.0,17.0
3754253,2016-02-07,Premier League,Arsenal,AFC Bournemouth,3385,Alexis Alejandro Sánchez Sánchez,FWD,Left Wing,81.22,1,W,0.0,0.0,0.1249,0.024,2.0,46.0,39.0,5.0,3.0,19.0,2.0,0,0,43.0,3.0,4.0,7.0
3754253,2016-02-07,Premier League,Arsenal,AFC Bournemouth,3394,Laurent Koscielny,DEF,Left Center Back,93.62,1,W,0,0.0,0,0,0,49.0,37.0,10.0,2.0,13.0,5.0,6.0,1.0,35.0,1.0,2.0,10.0
3754253,2016-02-07,Premier League,Arsenal,AFC Bournemouth,3437,Francis Joseph Coquelin,FWD,Right Wing,26.83,0,W,0,0.0,0,0,0,18.0,14.0,1.0,1.0,14.0,2.0,0,2.0,12.0,0.0,1.0,1.0
3754253,2016-02-07,Premier League,Arsenal,AFC Bournemouth,3461,Petr Čech,GK,Goalkeeper,93.62,1,W,0,0.0,0,0.1701,0,42.0,17.0,9.0,4.0,0,6.0,0,0,13.0,0.0,0.0,9.0
3754253,2016-02-07,Premier League,Arsenal,AFC Bournemouth,3496,Mesut Özil,MID,Center Attacking Midfield,93.62,1,W,1.0,0.0,0.1135,0.1268,1.0,64.0,56.0,11.0,7.0,32.0,12.0,1.0,2.0,58.0,4.0,5.0,13.0
3754253,2016-02-07,Premier League,Arsenal,AFC Bournemouth,3498,Ignacio Monreal Eraso,DEF,Left Back,93.62,1,W,0,0.0,0,0,0,56.0,45.0,6.0,2.0,14.0,2.0,5.0,0,27.0,0.0,2.0,6.0
3754253,2016-02-07,Premier League,Arsenal,AFC Bournemouth,3511,Héctor Bellerín Moruno,DEF,Right Back,93.62,1,W,0,0.0,0,0,0,47.0,40.0,3.0,1.0,28.0,4.0,2.0,3.0,34.0,2.0,1.0,3.0
3754253,2016-02-07,Premier League,Arsenal,AFC Bournemouth,3517,Aaron Ramsey,MID,Left Defensive Midfield,93.62,1,W,0.0,1.0,0.1875,0.2796,3.0,66.0,55.0,7.0,3.0,36.0,15.0,6.0,5.0,66.0,4.0,7.0,8.0
3754253,2016-02-07,Premier League,Arsenal,AFC Bournemouth,3525,Alex Oxlade-Chamberlain,FWD,Right Wing,66.78,1,W,1.0,0.0,0.2475,0,2.0,20.0,11.0,3.0,1.0,29.0,2.0,3.0,4.0,18.0,1.0,5.0,3.0
3754253,2016-02-07,Premier League,Arsenal,AFC Bournemouth,3528,Kieran Gibbs,FWD,Left Wing,12.4,0,W,0,0.0,0,0,0,4.0,3.0,0.0,0.0,13.0,0,0,0,4.0,2.0,0.0,0.0
3754253,2016-02-07,Premier League,Arsenal,AFC Bournemouth,3604,Olivier Giroud,FWD,Center Forward,92.5,1,W,0.0,1.0,0.0691,0.1487,1.0,31.0,25.0,1.0,1.0,33.0,1.0,0,0,18.0,1.0,1.0,3.0
3754253,2016-02-07,Premier League,Arsenal,AFC Bournemouth,3668,Theo Walcott,FWD,Center Forward,1.12,0,W,0,0,0,0,0,0,0,0,0,1.0,0,0,0,0,0,0,0
3754253,2016-02-07,Premier League,Arsenal,AFC Bournemouth,6631,Mathieu Flamini,MID,Right Defensive Midfield,93.62,1,W,0.0,0.0,0.014,0,1.0,48.0,41.0,4.0,5.0,23.0,3.0,2.0,2.0,34.0,0.0,1.0,4.0
3754253,2016-02-07,Premier League,Arsenal,AFC Bournemouth,6746,Gabriel Armando de Abreu,DEF,Right Center Back,93.62,1,W,0,0.0,0,0,0,38.0,32.0,3.0,0.0,13.0,5.0,3.0,2.0,29.0,0.0,0.0,3.0
266160,2016-02-07,La Liga,Barcelona,Levante UD,4320,Neymar da Silva Santos Junior,FWD,Left Wing,92.18,1,W,0.0,0.0,0.0987,0.4343,3.0,74.0,63.0,3.0,2.0,14.0,5.0,0,0,74.0,4.0,5.0,6.0
266160,2016-02-07,La Liga,Barcelona,Levante UD,4324,Daniel Alves da Silva,DEF,Right Back,72.87,1,W,0.0,0.0,0.0193,0,1.0,68.0,52.0,9.0,8.0,20.0,6.0,1.0,3.0,58.0,3.0,4.0,9.0
266160,2016-02-07,La Liga,Barcelona,Levante UD,4691,Claudio Andrés Bravo Muñoz,GK,Goalkeeper,92.18,1,W,0,0.0,0,0,0,31.0,24.0,1.0,0.0,0,4.0,0,0,15.0,0.0,0.0,1.0
266160,2016-02-07,La Liga,Barcelona,Levante UD,5203,Sergio Busquets i Burgos,MID,Right Center Midfield,25.03,0,W,0,0.0,0,0,0,19.0,18.0,3.0,5.0,9.0,1.0,2.0,3.0,17.0,0.0,2.0,3.0
266160,2016-02-07,La Liga,Barcelona,Levante UD,5211,Jordi Alba Ramos,DEF,Left Back,92.18,1,W,0,0.0,0,0.0448,0,85.0,77.0,12.0,5.0,19.0,5.0,1.0,1.0,72.0,0.0,1.0,13.0
266160,2016-02-07,La Liga,Barcelona,Levante UD,5213,Gerard Piqué Bernabéu,DEF,Right Center Back,92.18,1,W,0,0.0,0,0,0,31.0,28.0,3.0,2.0,13.0,4.0,1.0,2.0,22.0,0.0,2.0,3.0
266160,2016-02-07,La Liga,Barcelona,Levante UD,5216,Andrés Iniesta Luján,MID,Left Center Midfield,92.18,1,W,0.0,0.0,0.0459,0.0351,2.0,89.0,77.0,17.0,15.0,23.0,7.0,0,2.0,77.0,8.0,13.0,18.0
266160,2016-02-07,La Liga,Barcelona,Levante UD,5246,Luis Alberto Suárez Díaz,FWD,Center Forward,92.18,1,W,1.0,0.0,0.6805,0.0595,2.0,32.0,24.0,3.0,0.0,10.0,1.0,0,2.0,36.0,2.0,1.0,4.0
266160,2016-02-07,La Liga,Barcelona,Levante UD,5470,Ivan Rakitić,MID,Right Center Midfield,67.15,1,W,0.0,0.0,0.1298,0,1.0,35.0,31.0,8.0,5.0,24.0,5.0,0,6.0,34.0,1.0,3.0,8.0
266160,2016-02-07,La Liga,Barcelona,Levante UD,5503,Lionel Andrés Messi Cuccittini,FWD,Right Wing,92.18,1,W,0.0,1.0,0.107,0.4076,2.0,66.0,57.0,17.0,5.0,5.0,0,0,0,65.0,4.0,18.0,18.0
266160,2016-02-07,La Liga,Barcelona,Levante UD,5506,Javier Alejandro Mascherano,DEF,Left Center Back,92.18,1,W,0,0.0,0,0,0,46.0,42.0,11.0,3.0,12.0,3.0,1.0,3.0,32.0,2.0,4.0,11.0
266160,2016-02-07,La Liga,Barcelona,Levante UD,6379,Sergi Roberto Carnicer,MID,Center Defensive Midfield,92.18,1,W,0,0.0,0,0,0,57.0,53.0,6.0,7.0,18.0,2.0,0,3.0,44.0,0.0,3.0,6.0
266160,2016-02-07,La Liga,Barcelona,Levante UD,6400,Aleix Vidal Parreu,DEF,Right Back,19.32,0,W,0,0.0,0,0,0,25.0,19.0,4.0,3.0,0,1.0,1.0,0,20.0,2.0,4.0,4.0
3879733,2016-02-07,Serie A,Juventus,Frosinone,3477,Álvaro Borja Morata Martín,MID,Right Center Forward,92.8,1,W,0.0,1.0,0.4322,0.2045,3.0,33.0,23.0,1.0,1.0,15.0,5.0,0,0,39.0,3.0,1.0,2.0
3879733,2016-02-07,Serie A,Juventus,Frosinone,3579,Roberto Maximiliano Pereyra,MID,Right Center Midfield,29.28,0,W,0.0,0.0,0.1205,0.0543,2.0,20.0,17.0,2.0,0.0,4.0,3.0,0,0,16.0,0.0,2.0,3.0
3879733,2016-02-07,Serie A,Juventus,Frosinone,5689,Juan Guillermo Cuadrado Bello,DEF,Right Wing Back,94.75,1,W,1.0,0.0,0.4415,0.1453,4.0,63.0,51.0,5.0,5.0,9.0,6.0,0,2.0,59.0,7.0,4.0,5.0
3879733,2016-02-07,Serie A,Juventus,Frosinone,5743,Paulo Bruno Exequiel Dybala,MID,Left Center Forward,94.75,1,W,1.0,0.0,0.3901,0.1179,5.0,38.0,25.0,3.0,2.0,11.0,5.0,0,0,39.0,4.0,3.0,6.0
3879733,2016-02-07,Serie A,Juventus,Frosinone,6943,Andrea Barzagli,DEF,Right Center Back,94.75,1,W,0,0.0,0,0.0212,0,65.0,60.0,6.0,5.0,10.0,7.0,0,0,40.0,3.0,2.0,7.0
3879733,2016-02-07,Serie A,Juventus,Frosinone,6945,Alex Sandro Lobo Silva,DEF,Left Wing Back,94.75,1,W,0.0,1.0,0.0098,0.454,1.0,76.0,63.0,10.0,8.0,20.0,10.0,1.0,2.0,50.0,13.0,10.0,15.0
3879733,2016-02-07,Serie A,Juventus,Frosinone,6949,Gianluigi Buffon,GK,Goalkeeper,94.75,1,W,0,0.0,0,0,0,27.0,22.0,3.0,0.0,0,3.0,0,0,14.0,0.0,0.0,3.0
3879733,2016-02-07,Serie A,Juventus,Frosinone,6953,Daniele Rugani,DEF,Left Center Back,18.38,0,W,0,0.0,0,0,0,10.0,10.0,0.0,2.0,2.0,0,0,0,6.0,0.0,0.0,0.0
3879733,2016-02-07,Serie A,Juventus,Frosinone,6954,Giorgio Chiellini,DEF,Left Center Back,76.37,1,W,0,0.0,0,0,0,49.0,41.0,12.0,5.0,4.0,4.0,0,1.0,31.0,5.0,5.0,12.0
3879733,2016-02-07,Serie A,Juventus,Frosinone,7013,Stefano Sturaro,MID,Right Center Midfield,65.47,1,W,0.0,0.0,0.0362,0.0091,1.0,30.0,24.0,2.0,3.0,11.0,4.0,1.0,0,24.0,1.0,1.0,2.0
3879733,2016-02-07,Serie A,Juventus,Frosinone,7173,Leonardo Bonucci,DEF,Center Back,94.75,1,W,0,0.0,0,0.1135,0,61.0,50.0,20.0,4.0,6.0,4.0,0,1.0,37.0,4.0,7.0,21.0
3879733,2016-02-07,Serie A,Juventus,Frosinone,8294,Claudio Marchisio,MID,Center Defensive Midfield,94.75,1,W,0.0,0.0,0.0635,0.0783,2.0,84.0,72.0,19.0,9.0,23.0,10.0,4.0,4.0,66.0,1.0,14.0,21.0
3879733,2016-02-07,Serie A,Juventus,Frosinone,13428,Andrea Favilli,MID,Left Center Forward,1.95,0,W,0,0,0,0,0,0,0,0,0,0,0,0,0,0,0,0,0
3879733,2016-02-07,Serie A,Juventus,Frosinone,20004,Paul Pogba,MID,Left Center Midfield,94.75,1,W,0.0,0.0,0.3003,0.0575,7.0,55.0,44.0,8.0,5.0,18.0,9.0,1.0,6.0,61.0,7.0,4.0,9.0
3900629,2016-02-07,Ligue 1,Paris Saint-Germain,Olympique de Marseille,2995,Ángel Fabián Di María Hernández,FWD,Right Wing,94.17,1,W,1.0,0.0,0.4188,0.1702,4.0,53.0,44.0,5.0,3.0,24.0,3.0,1.0,1.0,55.0,4.0,9.0,5.0
3900629,2016-02-07,Ligue 1,Paris Saint-Germain,Olympique de Marseille,3026,Adrien Rabiot,MID,Right Center Midfield,89.53,1,W,0,0.0,0,0.0068,0,62.0,55.0,9.0,4.0,19.0,6.0,2.0,3.0,62.0,1.0,0.0,10.0
3900629,2016-02-07,Ligue 1,Paris Saint-Germain,Olympique de Marseille,3295,Thiago Emiliano da Silva,DEF,Right Center Back,94.17,1,W,0,0.0,0,0,0,61.0,56.0,9.0,0.0,8.0,4.0,1.0,3.0,43.0,0.0,0.0,9.0
3900629,2016-02-07,Ligue 1,Paris Saint-Germain,Olympique de Marseille,3481,Serge Aurier,DEF,Right Back,94.17,1,W,0,0.0,0,0,0,63.0,57.0,6.0,4.0,27.0,7.0,4.0,4.0,41.0,5.0,3.0,6.0
3900629,2016-02-07,Ligue 1,Paris Saint-Germain,Olympique de Marseille,3672,Zlatan Ibrahimović,FWD,Center Forward,94.17,1,W,1.0,1.0,0.644,0.1643,2.0,59.0,44.0,2.0,2.0,6.0,1.0,1.0,3.0,49.0,3.0,7.0,4.0
3900629,2016-02-07,Ligue 1,Paris Saint-Germain,Olympique de Marseille,3745,Lucas Rodrigues Moura da Silva,FWD,Left Wing,68.6,1,W,0.0,0.0,0.2356,0,3.0,33.0,28.0,3.0,1.0,7.0,1.0,1.0,0,33.0,1.0,4.0,3.0
3900629,2016-02-07,Ligue 1,Paris Saint-Germain,Olympique de Marseille,3956,David Luiz Moreira Marinho,DEF,Left Center Back,94.17,1,W,0,0.0,0,0,0,56.0,53.0,9.0,3.0,10.0,3.0,1.0,1.0,41.0,2.0,1.0,9.0
3900629,2016-02-07,Ligue 1,Paris Saint-Germain,Olympique de Marseille,4319,Edinson Roberto Cavani Gómez,FWD,Left Wing,25.57,0,W,0,0.0,0,0.023,0,6.0,5.0,0.0,0.0,3.0,0,0,0,4.0,0.0,0.0,1.0
3900629,2016-02-07,Ligue 1,Paris Saint-Germain,Olympique de Marseille,4325,Thiago Motta,MID,Center Defensive Midfield,94.17,1,W,0.0,0.0,0.0068,0,1.0,77.0,74.0,5.0,2.0,12.0,3.0,4.0,2.0,70.0,0.0,0.0,5.0
3900629,2016-02-07,Ligue 1,Paris Saint-Germain,Olympique de Marseille,4372,Marcos Aoás Corrêa,MID,Left Center Midfield,12.75,0,W,0,0.0,0,0,0,9.0,8.0,1.0,1.0,3.0,0,0,0,6.0,0.0,1.0,1.0
3900629,2016-02-07,Ligue 1,Paris Saint-Germain,Olympique de Marseille,4375,Blaise Matuidi,MID,Left Center Midfield,81.42,1,W,0,0.0,0,0.4543,0,43.0,38.0,5.0,4.0,30.0,1.0,0,3.0,48.0,1.0,3.0,6.0
3900629,2016-02-07,Ligue 1,Paris Saint-Germain,Olympique de Marseille,4440,Kevin Trapp,GK,Goalkeeper,94.17,1,W,0,0.0,0,0,0,37.0,22.0,5.0,1.0,0,5.0,0,0,11.0,0.0,0.0,5.0
3900629,2016-02-07,Ligue 1,Paris Saint-Germain,Olympique de Marseille,8515,Benjamin Stambouli,MID,Right Center Midfield,4.63,0,W,0,0.0,0,0,0,3.0,2.0,0.0,0.0,1.0,0,0,0,3.0,0.0,0.0,0.0
3900629,2016-02-07,Ligue 1,Paris Saint-Germain,Olympique de Marseille,26613,Maxwell Scherrer Cabelino Andrade,DEF,Left Back,94.17,1,W,0.0,1.0,0.023,0.4746,1.0,58.0,53.0,7.0,3.0,6.0,2.0,2.0,0,46.0,3.0,1.0,9.0
3890444,2016-02-13,Bundesliga,Bayer Leverkusen,Darmstadt 98,5555,Julian Brandt,MID,Right Center Forward,79.07,1,W,1.0,0.0,0.7415,0.2074,1.0,31.0,19.0,3.0,2.0,15.0,5.0,0,1.0,30.0,1.0,1.0,4.0
3890444,2016-02-13,Bundesliga,Bayer Leverkusen,Darmstadt 98,6309,Tin Jedvaj,DEF,Right Back,94.0,1,W,0,0.0,0,0.1059,0,36.0,22.0,9.0,4.0,17.0,1.0,1.0,1.0,8.0,3.0,12.0,9.0
3890444,2016-02-13,Bundesliga,Bayer Leverkusen,Darmstadt 98,7039,Hakan Çalhanoğlu,MID,Right Defensive Midfield,37.78,0,W,0.0,0.0,0.0183,0.0371,1.0,23.0,15.0,3.0,1.0,10.0,3.0,0,1.0,14.0,0.0,4.0,5.0
3890444,2016-02-13,Bundesliga,Bayer Leverkusen,Darmstadt 98,8212,Wendell Nascimento Borges,DEF,Left Back,94.0,1,W,0.0,0.0,0.015,0.1038,1.0,63.0,44.0,10.0,7.0,14.0,8.0,1.0,2.0,40.0,1.0,6.0,12.0
3890444,2016-02-13,Bundesliga,Bayer Leverkusen,Darmstadt 98,8213,Karim Bellarabi,MID,Right Midfield,79.18,1,W,0.0,0.0,0.2486,0,4.0,23.0,11.0,1.0,1.0,9.0,6.0,0,0,29.0,0.0,4.0,1.0
3890444,2016-02-13,Bundesliga,Bayer Leverkusen,Darmstadt 98,8219,Admir Mehmedi,MID,Left Midfield,94.0,1,W,0.0,0.0,0.2295,0.0939,2.0,26.0,19.0,3.0,1.0,12.0,6.0,0,1.0,36.0,0.0,2.0,4.0
3890444,2016-02-13,Bundesliga,Bayer Leverkusen,Darmstadt 98,8221,Jonathan Tah,DEF,Right Center Back,94.0,1,W,0.0,0.0,0.0379,0,1.0,34.0,28.0,6.0,7.0,7.0,4.0,0,0,18.0,0.0,1.0,6.0
3890444,2016-02-13,Bundesliga,Bayer Leverkusen,Darmstadt 98,8222,Kevin Kampl,MID,Left Defensive Midfield,94.0,1,W,0,0.0,0,0,0,48.0,37.0,4.0,9.0,10.0,4.0,0,1.0,44.0,8.0,4.0,4.0
3890444,2016-02-13,Bundesliga,Bayer Leverkusen,Darmstadt 98,8313,Kyriakos Papadopoulos,MID,Right Midfield,14.82,0,W,0.0,0.0,0.0902,0,1.0,2.0,0.0,0.0,0.0,0,0,0,0,0,0,0.0,0.0
3890444,2016-02-13,Bundesliga,Bayer Leverkusen,Darmstadt 98,8573,Ömer Toprak,DEF,Left Center Back,94.0,1,W,0,0.0,0,0,0,58.0,43.0,10.0,7.0,8.0,7.0,2.0,1.0,42.0,3.0,6.0,10.0
3890444,2016-02-13,Bundesliga,Bayer Leverkusen,Darmstadt 98,9363,André Ramalho Silva,MID,Right Center Forward,14.93,0,W,0,0.0,0,0,0,4.0,1.0,0.0,0.0,6.0,0,0,1.0,0,0,0.0,0.0
3890444,2016-02-13,Bundesliga,Bayer Leverkusen,Darmstadt 98,11394,Stefan Kießling,MID,Left Center Forward,94.0,1,W,0,1.0,0,0.7415,0,27.0,14.0,0.0,0.0,5.0,4.0,0,0,15.0,0.0,1.0,1.0
3890444,2016-02-13,Bundesliga,Bayer Leverkusen,Darmstadt 98,15581,Bernd Leno,GK,Goalkeeper,94.0,1,W,0,0.0,0,0,0,24.0,15.0,5.0,2.0,0,2.0,0,0,9.0,0.0,0.0,5.0
3890444,2016-02-13,Bundesliga,Bayer Leverkusen,Darmstadt 98,21168,Marlon Frey,MID,Right Defensive Midfield,56.22,1,W,0.0,0.0,0.0523,0,2.0,22.0,14.0,4.0,1.0,11.0,3.0,0,0,15.0,1.0,1.0,4.0
3879739,2016-02-13,Serie A,Juventus,Napoli,3477,Álvaro Borja Morata Martín,MID,Left Center Forward,57.53,1,W,0,0.0,0,0.0252,0,17.0,13.0,0.0,0.0,24.0,0,0,3.0,20.0,1.0,0.0,1.0
3879739,2016-02-13,Serie A,Juventus,Napoli,5541,Stephan Lichtsteiner,DEF,Right Back,93.2,1,W,0,0.0,0,0,0,59.0,45.0,12.0,9.0,3.0,3.0,0,0,39.0,2.0,4.0,12.0
3879739,2016-02-13,Serie A,Juventus,Napoli,5566,Sami Khedira,MID,Right Defensive Midfield,93.2,1,W,0,0.0,0,0.1542,0,56.0,50.0,4.0,3.0,12.0,7.0,1.0,0,41.0,0.0,2.0,7.0
3879739,2016-02-13,Serie A,Juventus,Napoli,5689,Juan Guillermo Cuadrado Bello,MID,Right Midfield,93.2,1,W,0.0,0.0,0.0099,0.0236,1.0,45.0,38.0,3.0,1.0,15.0,4.0,0,2.0,61.0,5.0,2.0,4.0
3879739,2016-02-13,Serie A,Juventus,Napoli,5743,Paulo Bruno Exequiel Dybala,MID,Right Center Forward,85.85,1,W,0.0,0.0,0.2346,0,3.0,29.0,23.0,3.0,5.0,23.0,3.0,0,0,36.0,3.0,3.0,3.0
3879739,2016-02-13,Serie A,Juventus,Napoli,6584,Simone Zaza,MID,Left Center Forward,35.67,0,W,1.0,0.0,0.0385,0.026,1.0,10.0,9.0,0.0,0.0,9.0,0,1.0,2.0,10.0,1.0,0.0,1.0
3879739,2016-02-13,Serie A,Juventus,Napoli,6943,Andrea Barzagli,DEF,Left Center Back,93.2,1,W,0,0.0,0,0.0053,0,50.0,42.0,5.0,2.0,5.0,5.0,2.0,1.0,37.0,0.0,2.0,5.0
3879739,2016-02-13,Serie A,Juventus,Napoli,6945,Alex Sandro Lobo Silva,MID,Right Center Forward,7.35,0,W,0,0.0,0,0,0,3.0,2.0,0.0,0.0,0,0,0,1.0,1.0,1.0,0.0,0.0
3879739,2016-02-13,Serie A,Juventus,Napoli,6949,Gianluigi Buffon,GK,Goalkeeper,93.2,1,W,0,0.0,0,0,0,29.0,22.0,2.0,0.0,0,5.0,0,0,15.0,0.0,0.0,2.0
3879739,2016-02-13,Serie A,Juventus,Napoli,6953,Daniele Rugani,DEF,Right Center Back,41.27,0,W,0,0.0,0,0,0,19.0,18.0,3.0,0.0,4.0,1.0,0,0,14.0,1.0,0.0,3.0
3879739,2016-02-13,Serie A,Juventus,Napoli,7173,Leonardo Bonucci,DEF,Right Center Back,51.93,1,W,0,0.0,0,0,0,23.0,18.0,2.0,0.0,8.0,0,4.0,2.0,16.0,0.0,0.0,2.0
3879739,2016-02-13,Serie A,Juventus,Napoli,8294,Claudio Marchisio,MID,Left Defensive Midfield,93.2,1,W,0.0,0.0,0.045,0.0116,2.0,82.0,70.0,13.0,9.0,12.0,9.0,2.0,1.0,61.0,1.0,12.0,14.0
3879739,2016-02-13,Serie A,Juventus,Napoli,20004,Paul Pogba,MID,Left Midfield,93.2,1,W,0.0,0.0,0.0699,0.1598,4.0,57.0,40.0,6.0,4.0,24.0,10.0,6.0,1.0,68.0,3.0,6.0,7.0
3879739,2016-02-13,Serie A,Juventus,Napoli,20008,Patrice Evra,DEF,Left Back,93.2,1,W,0.0,1.0,0.0947,0.06,1.0,54.0,47.0,4.0,3.0,19.0,7.0,1.0,4.0,44.0,1.0,1.0,6.0
3900634,2016-02-13,Ligue 1,Paris Saint-Germain,Lille,2995,Ángel Fabián Di María Hernández,FWD,Left Wing,62.82,1,D,0.0,0.0,0.1137,0.475,2.0,35.0,24.0,4.0,5.0,5.0,4.0,0,0,30.0,1.0,6.0,5.0
3900634,2016-02-13,Ligue 1,Paris Saint-Germain,Lille,3026,Adrien Rabiot,MID,Left Center Midfield,13.98,0,D,0,0.0,0,0,0,10.0,7.0,0.0,0.0,2.0,1.0,0,0,8.0,2.0,1.0,0.0
3900634,2016-02-13,Ligue 1,Paris Saint-Germain,Lille,3166,Marco Verratti,MID,Right Center Midfield,50.18,0,D,0,0.0,0,0,0,58.0,51.0,7.0,3.0,16.0,4.0,0,2.0,45.0,0.0,6.0,7.0
3900634,2016-02-13,Ligue 1,Paris Saint-Germain,Lille,3745,Lucas Rodrigues Moura da Silva,FWD,Left Wing,32.37,0,D,0.0,0.0,0.2077,0.1264,3.0,21.0,16.0,1.0,3.0,3.0,4.0,0,0,16.0,1.0,2.0,3.0
3900634,2016-02-13,Ligue 1,Paris Saint-Germain,Lille,3956,David Luiz Moreira Marinho,DEF,Left Center Back,95.18,1,D,0,0.0,0,0,0,99.0,77.0,8.0,5.0,8.0,7.0,3.0,2.0,76.0,9.0,7.0,8.0
3900634,2016-02-13,Ligue 1,Paris Saint-Germain,Lille,4319,Edinson Roberto Cavani Gómez,FWD,Center Forward,95.18,1,D,0.0,0.0,0.5945,0.026,2.0,18.0,15.0,1.0,2.0,26.0,4.0,1.0,1.0,18.0,0.0,2.0,2.0
3900634,2016-02-13,Ligue 1,Paris Saint-Germain,Lille,4326,Layvin Kurzawa,DEF,Left Back,95.18,1,D,0.0,0.0,0.0968,0,1.0,48.0,34.0,3.0,0.0,18.0,6.0,3.0,3.0,28.0,0.0,2.0,3.0
3900634,2016-02-13,Ligue 1,Paris Saint-Germain,Lille,4370,Javier Matías Pastore,MID,Right Center Midfield,45.0,1,D,0.0,0.0,0.026,0.0673,1.0,40.0,36.0,6.0,3.0,16.0,5.0,0,0,31.0,1.0,3.0,6.0
3900634,2016-02-13,Ligue 1,Paris Saint-Germain,Lille,4372,Marcos Aoás Corrêa,DEF,Right Center Back,95.18,1,D,0.0,0.0,0.1022,0,1.0,112.0,101.0,16.0,2.0,13.0,6.0,2.0,2.0,85.0,0.0,0.0,16.0
3900634,2016-02-13,Ligue 1,Paris Saint-Germain,Lille,4375,Blaise Matuidi,MID,Left Center Midfield,81.2,1,D,0,0.0,0,0.0601,0,50.0,43.0,7.0,3.0,29.0,4.0,3.0,4.0,44.0,4.0,2.0,8.0
3900634,2016-02-13,Ligue 1,Paris Saint-Germain,Lille,4440,Kevin Trapp,GK,Goalkeeper,95.18,1,D,0,0.0,0,0,0,30.0,27.0,2.0,0.0,0,1.0,0,0,13.0,0.0,0.0,2.0
3900634,2016-02-13,Ligue 1,Paris Saint-Germain,Lille,8510,Jean-Kévin Augustin,FWD,Right Wing,95.18,1,D,0.0,0.0,0.3781,0.0464,1.0,20.0,18.0,0.0,0.0,22.0,1.0,1.0,0,23.0,2.0,0.0,1.0
3900634,2016-02-13,Ligue 1,Paris Saint-Germain,Lille,8515,Benjamin Stambouli,MID,Center Defensive Midfield,95.18,1,D,0.0,0.0,0.0242,0.3543,1.0,62.0,55.0,11.0,4.0,22.0,3.0,3.0,0,52.0,3.0,4.0,11.0
3900634,2016-02-13,Ligue 1,Paris Saint-Germain,Lille,20048,Gregory van der Wiel,DEF,Right Back,95.18,1,D,0,0.0,0,0,0,61.0,49.0,3.0,0.0,25.0,3.0,3.0,4.0,37.0,3.0,2.0,3.0
3754261,2016-02-14,Premier League,Arsenal,Leicester City,3385,Alexis Alejandro Sánchez Sánchez,FWD,Left Wing,95.7,1,W,0.0,0.0,0.5706,0.2138,6.0,70.0,59.0,11.0,6.0,16.0,11.0,1.0,1.0,80.0,11.0,9.0,13.0
3754261,2016-02-14,Premier League,Arsenal,Leicester City,3394,Laurent Koscielny,DEF,Left Center Back,45.0,1,W,0,0.0,0,0,0,36.0,28.0,6.0,1.0,7.0,0,1.0,0,26.0,1.0,1.0,6.0
3754261,2016-02-14,Premier League,Arsenal,Leicester City,3437,Francis Joseph Coquelin,MID,Right Defensive Midfield,60.42,1,W,0,0.0,0,0,0,43.0,39.0,4.0,4.0,16.0,4.0,2.0,1.0,28.0,0.0,2.0,4.0
3754261,2016-02-14,Premier League,Arsenal,Leicester City,3461,Petr Čech,GK,Goalkeeper,95.7,1,W,0,0.0,0,0,0,20.0,16.0,3.0,2.0,0,5.0,0,0,9.0,0.0,0.0,3.0
3754261,2016-02-14,Premier League,Arsenal,Leicester City,3475,Per Mertesacker,DEF,Right Center Back,95.7,1,W,0.0,0.0,0.2805,0,2.0,58.0,56.0,9.0,4.0,2.0,4.0,0,1.0,41.0,0.0,2.0,9.0
3754261,2016-02-14,Premier League,Arsenal,Leicester City,3496,Mesut Özil,MID,Center Attacking Midfield,95.7,1,W,0.0,1.0,0.0459,0.5896,1.0,80.0,68.0,16.0,7.0,15.0,5.0,3.0,1.0,75.0,5.0,12.0,18.0
3754261,2016-02-14,Premier League,Arsenal,Leicester City,3498,Ignacio Monreal Eraso,DEF,Left Back,95.7,1,W,0,0.0,0,0.1655,0,100.0,88.0,20.0,8.0,17.0,7.0,0,4.0,64.0,1.0,10.0,22.0
3754261,2016-02-14,Premier League,Arsenal,Leicester City,3511,Héctor Bellerín Moruno,DEF,Right Back,95.7,1,W,0,0.0,0,0.0562,0,77.0,67.0,14.0,10.0,4.0,5.0,0,0,57.0,4.0,2.0,15.0
3754261,2016-02-14,Premier League,Arsenal,Leicester City,3517,Aaron Ramsey,MID,Left Defensive Midfield,95.7,1,W,0.0,0.0,0.2798,0.0509,4.0,107.0,95.0,29.0,16.0,22.0,12.0,1.0,4.0,84.0,4.0,18.0,29.0
3754261,2016-02-14,Premier League,Arsenal,Leicester City,3525,Alex Oxlade-Chamberlain,FWD,Right Wing,82.6,1,W,0,0.0,0,0.3662,0,58.0,42.0,2.0,2.0,11.0,6.0,0,3.0,48.0,6.0,2.0,5.0
3754261,2016-02-14,Premier League,Arsenal,Leicester City,3569,Daniel Nii Tackie Mensah Welbeck,MID,Right Defensive Midfield,13.1,0,W,1.0,0,0.5695,0,2.0,0,0,0,0,1.0,0,0,0,1.0,0.0,0,0
3754261,2016-02-14,Premier League,Arsenal,Leicester City,3604,Olivier Giroud,FWD,Center Forward,95.7,1,W,0.0,1.0,0.7198,0.5528,8.0,44.0,31.0,1.0,1.0,20.0,2.0,0,1.0,26.0,0.0,4.0,4.0
3754261,2016-02-14,Premier League,Arsenal,Leicester City,3668,Theo Walcott,MID,Right Defensive Midfield,35.28,0,W,1.0,0.0,0.28,0.1255,2.0,17.0,12.0,1.0,0.0,4.0,2.0,0,0,18.0,2.0,2.0,2.0
3754261,2016-02-14,Premier League,Arsenal,Leicester City,3713,Calum Chambers,DEF,Left Center Back,50.7,0,W,0,0.0,0,0,0,27.0,23.0,4.0,1.0,4.0,1.0,1.0,1.0,15.0,0.0,2.0,4.0
266254,2016-02-14,La Liga,Barcelona,Celta Vigo,4320,Neymar da Silva Santos Junior,FWD,Left Wing,92.07,1,W,1.0,0.0,0.9378,0.1424,7.0,48.0,34.0,4.0,0.0,16.0,7.0,2.0,0,64.0,7.0,5.0,5.0
266254,2016-02-14,La Liga,Barcelona,Celta Vigo,4324,Daniel Alves da Silva,DEF,Right Back,60.33,1,W,0,0.0,0,0.088,0,49.0,38.0,7.0,4.0,17.0,5.0,4.0,3.0,21.0,0.0,6.0,8.0
266254,2016-02-14,La Liga,Barcelona,Celta Vigo,4691,Claudio Andrés Bravo Muñoz,GK,Goalkeeper,92.07,1,W,0,0.0,0,0,0,34.0,29.0,0.0,0.0,0,3.0,0,0,18.0,0.0,0.0,0.0
266254,2016-02-14,La Liga,Barcelona,Celta Vigo,5203,Sergio Busquets i Burgos,MID,Center Defensive Midfield,92.07,1,W,0,0.0,0,0,0,73.0,63.0,6.0,1.0,26.0,8.0,1.0,3.0,44.0,1.0,5.0,6.0
266254,2016-02-14,La Liga,Barcelona,Celta Vigo,5211,Jordi Alba Ramos,DEF,Left Back,92.07,1,W,0.0,0.0,0.0208,0,1.0,40.0,36.0,5.0,2.0,10.0,6.0,3.0,1.0,18.0,3.0,1.0,5.0
266254,2016-02-14,La Liga,Barcelona,Celta Vigo,5213,Gerard Piqué Bernabéu,DEF,Right Center Back,92.07,1,W,0,0.0,0,0.2976,0,76.0,67.0,10.0,6.0,12.0,2.0,3.0,2.0,64.0,5.0,6.0,10.0
266254,2016-02-14,La Liga,Barcelona,Celta Vigo,5216,Andrés Iniesta Luján,MID,Left Center Midfield,77.65,1,W,0.0,0.0,0.1824,0.2512,1.0,32.0,25.0,3.0,2.0,23.0,7.0,1.0,2.0,41.0,4.0,5.0,4.0
266254,2016-02-14,La Liga,Barcelona,Celta Vigo,5246,Luis Alberto Suárez Díaz,FWD,Center Forward,92.07,1,W,3.0,2.0,1.7086,0.5028,5.0,41.0,22.0,4.0,3.0,15.0,6.0,0,1.0,34.0,2.0,5.0,4.0
266254,2016-02-14,La Liga,Barcelona,Celta Vigo,5470,Ivan Rakitić,MID,Right Center Midfield,31.27,0,W,1.0,0.0,0.3185,0,1.0,18.0,17.0,3.0,4.0,7.0,0,1.0,0,13.0,0.0,2.0,3.0
266254,2016-02-14,La Liga,Barcelona,Celta Vigo,5503,Lionel Andrés Messi Cuccittini,FWD,Right Wing,92.07,1,W,1.0,1.0,0.9275,0.4602,4.0,42.0,29.0,5.0,3.0,8.0,3.0,0,0,47.0,6.0,8.0,7.0
266254,2016-02-14,La Liga,Barcelona,Celta Vigo,5506,Javier Alejandro Mascherano,DEF,Left Center Back,92.07,1,W,0,0.0,0,0,0,81.0,75.0,23.0,9.0,14.0,7.0,2.0,1.0,68.0,6.0,8.0,23.0
266254,2016-02-14,La Liga,Barcelona,Celta Vigo,6379,Sergi Roberto Carnicer,MID,Right Center Midfield,60.8,1,W,0.0,0.0,0.0806,0,1.0,25.0,23.0,2.0,1.0,25.0,1.0,0,2.0,20.0,1.0,0.0,2.0
266254,2016-02-14,La Liga,Barcelona,Celta Vigo,6400,Aleix Vidal Parreu,DEF,Right Back,31.73,0,W,0,0.0,0,0,0,11.0,11.0,2.0,1.0,13.0,1.0,0,2.0,9.0,1.0,2.0,2.0
266254,2016-02-14,La Liga,Barcelona,Celta Vigo,11094,Arda Turan,MID,Left Center Midfield,14.42,0,W,0,0.0,0,0,0,9.0,8.0,1.0,1.0,8.0,1.0,1.0,1.0,7.0,1.0,0.0,1.0
266815,2016-02-17,La Liga,Barcelona,Sporting Gijón,4320,Neymar da Silva Santos Junior,FWD,Left Wing,93.05,1,W,0.0,0.0,0.3978,0.2798,6.0,64.0,50.0,5.0,7.0,4.0,3.0,0,0,76.0,8.0,8.0,6.0
266815,2016-02-17,La Liga,Barcelona,Sporting Gijón,4691,Claudio Andrés Bravo Muñoz,GK,Goalkeeper,93.05,1,W,0,0.0,0,0,0,26.0,25.0,1.0,1.0,0,5.0,0,0,16.0,0.0,0.0,1.0
266815,2016-02-17,La Liga,Barcelona,Sporting Gijón,5203,Sergio Busquets i Burgos,MID,Center Defensive Midfield,79.95,1,W,0,0.0,0,0,0,94.0,92.0,16.0,17.0,14.0,3.0,0,3.0,80.0,6.0,11.0,16.0
266815,2016-02-17,La Liga,Barcelona,Sporting Gijón,5213,Gerard Piqué Bernabéu,DEF,Right Center Back,80.23,1,W,0.0,0.0,0.0704,0,1.0,91.0,87.0,23.0,16.0,2.0,7.0,1.0,2.0,80.0,5.0,10.0,23.0
266815,2016-02-17,La Liga,Barcelona,Sporting Gijón,5246,Luis Alberto Suárez Díaz,FWD,Center Forward,93.05,1,W,1.0,2.0,1.4543,0.3577,4.0,37.0,30.0,4.0,2.0,1.0,2.0,0,0,27.0,0.0,3.0,7.0
266815,2016-02-17,La Liga,Barcelona,Sporting Gijón,5470,Ivan Rakitić,MID,Right Center Midfield,93.05,1,W,0.0,0.0,0.0246,0,1.0,76.0,68.0,10.0,9.0,11.0,4.0,0,3.0,70.0,3.0,6.0,10.0
266815,2016-02-17,La Liga,Barcelona,Sporting Gijón,5503,Lionel Andrés Messi Cuccittini,FWD,Right Wing,93.05,1,W,2.0,0.0,0.2952,0.3767,4.0,77.0,57.0,13.0,5.0,3.0,2.0,0,1.0,85.0,2.0,16.0,13.0
266815,2016-02-17,La Liga,Barcelona,Sporting Gijón,5506,Javier Alejandro Mascherano,MID,Center Defensive Midfield,13.1,0,W,0,0.0,0,0,0,22.0,21.0,3.0,2.0,0,0,0,1.0,20.0,0.0,3.0,3.0
266815,2016-02-17,La Liga,Barcelona,Sporting Gijón,6400,Aleix Vidal Parreu,DEF,Right Back,93.05,1,W,0,1.0,0,0.0572,0,64.0,56.0,5.0,3.0,9.0,5.0,1.0,1.0,50.0,0.0,3.0,5.0
266815,2016-02-17,La Liga,Barcelona,Sporting Gijón,7068,Marc Bartra Aregall,DEF,Right Center Back,12.82,0,W,0,0.0,0,0,0,16.0,15.0,1.0,1.0,0,0,1.0,0,14.0,0.0,0.0,1.0
266815,2016-02-17,La Liga,Barcelona,Sporting Gijón,10609,Jérémy Mathieu,DEF,Left Center Back,93.05,1,W,0,0.0,0,0.0175,0,78.0,75.0,8.0,6.0,1.0,3.0,1.0,1.0,67.0,4.0,2.0,9.0
266815,2016-02-17,La Liga,Barcelona,Sporting Gijón,11094,Arda Turan,MID,Left Center Midfield,93.05,1,W,0.0,0.0,0.1205,0.1674,1.0,77.0,70.0,10.0,10.0,19.0,10.0,0,5.0,72.0,1.0,4.0,11.0
266815,2016-02-17,La Liga,Barcelona,Sporting Gijón,22102,Adriano Correia Claro,DEF,Left Back,93.05,1,W,0,0.0,0,0.1348,0,88.0,82.0,7.0,3.0,5.0,4.0,1.0,0,66.0,1.0,5.0,9.0
3879747,2016-02-19,Serie A,Juventus,Bologna,3477,Álvaro Borja Morata Martín,MID,Left Center Forward,93.12,1,D,0.0,0.0,0.0708,0.0369,1.0,42.0,29.0,2.0,1.0,17.0,2.0,0,1.0,46.0,4.0,3.0,3.0
3879747,2016-02-19,Serie A,Juventus,Bologna,3579,Roberto Maximiliano Pereyra,MID,Center Attacking Midfield,45.0,1,D,0,0.0,0,0,0,18.0,15.0,0.0,0.0,4.0,0,1.0,0,18.0,1.0,0.0,0.0
3879747,2016-02-19,Serie A,Juventus,Bologna,5541,Stephan Lichtsteiner,DEF,Right Back,93.12,1,D,0,0.0,0,0.1416,0,67.0,54.0,14.0,10.0,12.0,4.0,0,1.0,47.0,3.0,11.0,15.0
3879747,2016-02-19,Serie A,Juventus,Bologna,5689,Juan Guillermo Cuadrado Bello,MID,Center Attacking Midfield,48.12,0,D,0,0.0,0,0.0276,0,29.0,24.0,3.0,1.0,6.0,4.0,0,2.0,32.0,5.0,1.0,4.0
3879747,2016-02-19,Serie A,Juventus,Bologna,5743,Paulo Bruno Exequiel Dybala,MID,Right Center Forward,26.02,0,D,0.0,0.0,0.0276,0.1052,1.0,13.0,9.0,1.0,1.0,5.0,2.0,0,1.0,12.0,0.0,2.0,3.0
3879747,2016-02-19,Serie A,Juventus,Bologna,6584,Simone Zaza,MID,Right Center Forward,67.1,1,D,0,0.0,0,0,0,13.0,9.0,1.0,0.0,12.0,3.0,0,0,15.0,0.0,3.0,1.0
3879747,2016-02-19,Serie A,Juventus,Bologna,6943,Andrea Barzagli,DEF,Left Center Back,93.12,1,D,0,0.0,0,0,0,79.0,75.0,13.0,5.0,4.0,3.0,4.0,2.0,59.0,5.0,3.0,13.0
3879747,2016-02-19,Serie A,Juventus,Bologna,6949,Gianluigi Buffon,GK,Goalkeeper,93.12,1,D,0,0.0,0,0,0,21.0,18.0,0.0,0.0,0,3.0,0,0,11.0,0.0,0.0,0.0
3879747,2016-02-19,Serie A,Juventus,Bologna,7013,Stefano Sturaro,MID,Right Center Midfield,93.12,1,D,0.0,0.0,0.082,0,1.0,44.0,37.0,3.0,3.0,20.0,8.0,1.0,2.0,46.0,0.0,3.0,3.0
3879747,2016-02-19,Serie A,Juventus,Bologna,7173,Leonardo Bonucci,DEF,Right Center Back,93.12,1,D,0,0.0,0,0,0,72.0,61.0,11.0,2.0,4.0,6.0,0,1.0,56.0,1.0,4.0,11.0
3879747,2016-02-19,Serie A,Juventus,Bologna,8294,Claudio Marchisio,MID,Center Defensive Midfield,93.12,1,D,0.0,0.0,0.0593,0.2083,2.0,106.0,93.0,25.0,21.0,8.0,8.0,4.0,1.0,71.0,4.0,17.0,27.0
3879747,2016-02-19,Serie A,Juventus,Bologna,20004,Paul Pogba,MID,Left Center Midfield,93.12,1,D,0.0,0.0,0.2033,0,4.0,62.0,53.0,12.0,7.0,19.0,5.0,2.0,6.0,62.0,5.0,7.0,12.0
3879747,2016-02-19,Serie A,Juventus,Bologna,20008,Patrice Evra,DEF,Left Back,93.12,1,D,0.0,0.0,0.3065,0,2.0,57.0,46.0,2.0,3.0,13.0,3.0,1.0,3.0,36.0,1.0,2.0,2.0
267273,2016-02-20,La Liga,Barcelona,Las Palmas,4320,Neymar da Silva Santos Junior,FWD,Left Wing,93.28,1,W,1.0,0.0,0.4989,0,2.0,52.0,39.0,3.0,2.0,15.0,5.0,0,0,54.0,6.0,4.0,3.0
267273,2016-02-20,La Liga,Barcelona,Las Palmas,4324,Daniel Alves da Silva,DEF,Right Back,93.28,1,W,0,0.0,0,0.4494,0,70.0,63.0,8.0,6.0,27.0,9.0,1.0,1.0,51.0,4.0,4.0,9.0
267273,2016-02-20,La Liga,Barcelona,Las Palmas,4691,Claudio Andrés Bravo Muñoz,GK,Goalkeeper,93.28,1,W,0,0.0,0,0,0,28.0,22.0,6.0,1.0,0,4.0,0,0,11.0,0.0,0.0,6.0
267273,2016-02-20,La Liga,Barcelona,Las Palmas,5211,Jordi Alba Ramos,DEF,Left Back,93.28,1,W,0,1.0,0,0.6451,0,68.0,60.0,6.0,3.0,15.0,4.0,0,1.0,56.0,1.0,3.0,7.0
267273,2016-02-20,La Liga,Barcelona,Las Palmas,5216,Andrés Iniesta Luján,MID,Left Center Midfield,93.28,1,W,0.0,0.0,0.0478,0.2421,1.0,66.0,62.0,13.0,8.0,19.0,2.0,0,3.0,64.0,2.0,7.0,13.0
267273,2016-02-20,La Liga,Barcelona,Las Palmas,5246,Luis Alberto Suárez Díaz,FWD,Center Forward,93.28,1,W,1.0,0.0,1.329,0.4634,4.0,31.0,21.0,1.0,0.0,20.0,5.0,1.0,1.0,26.0,1.0,1.0,3.0
267273,2016-02-20,La Liga,Barcelona,Las Palmas,5470,Ivan Rakitić,MID,Right Center Midfield,48.28,0,W,0.0,0.0,0.0538,0.2833,1.0,25.0,20.0,4.0,4.0,22.0,3.0,1.0,0,20.0,0.0,4.0,4.0
267273,2016-02-20,La Liga,Barcelona,Las Palmas,5503,Lionel Andrés Messi Cuccittini,FWD,Right Wing,93.28,1,W,0.0,0.0,0.7349,0.2345,4.0,47.0,42.0,8.0,5.0,15.0,3.0,2.0,2.0,48.0,4.0,8.0,8.0
267273,2016-02-20,La Liga,Barcelona,Las Palmas,5506,Javier Alejandro Mascherano,DEF,Right Center Back,93.28,1,W,0,0.0,0,0,0,69.0,59.0,12.0,4.0,20.0,3.0,0,5.0,56.0,1.0,6.0,12.0
267273,2016-02-20,La Liga,Barcelona,Las Palmas,6332,Thomas Vermaelen,MID,Center Defensive Midfield,24.05,0,W,0,0.0,0,0,0,7.0,6.0,0.0,0.0,4.0,0,0,0,3.0,0.0,0.0,0.0
267273,2016-02-20,La Liga,Barcelona,Las Palmas,6379,Sergi Roberto Carnicer,MID,Center Defensive Midfield,69.23,1,W,0,0.0,0,0,0,54.0,50.0,3.0,2.0,21.0,6.0,0,3.0,41.0,1.0,1.0,3.0
267273,2016-02-20,La Liga,Barcelona,Las Palmas,10609,Jérémy Mathieu,DEF,Left Center Back,93.28,1,W,0,0.0,0,0,0,66.0,59.0,10.0,3.0,8.0,3.0,1.0,2.0,53.0,3.0,1.0,10.0
267273,2016-02-20,La Liga,Barcelona,Las Palmas,11094,Arda Turan,MID,Right Center Midfield,45.0,1,W,0,0.0,0,0.0478,0,26.0,22.0,0.0,1.0,19.0,1.0,0,2.0,26.0,1.0,1.0,1.0
3901146,2016-02-20,Ligue 1,Paris Saint-Germain,Stade de Reims,2995,Ángel Fabián Di María Hernández,FWD,Right Wing,39.08,1,W,0.0,0.0,0.0084,0.1521,1.0,39.0,24.0,3.0,2.0,8.0,0,0,0,34.0,3.0,6.0,5.0
3901146,2016-02-20,Ligue 1,Paris Saint-Germain,Stade de Reims,3026,Adrien Rabiot,MID,Left Center Midfield,93.05,1,W,0,0.0,0,0,0,82.0,73.0,10.0,6.0,26.0,6.0,2.0,5.0,73.0,3.0,3.0,10.0
3901146,2016-02-20,Ligue 1,Paris Saint-Germain,Stade de Reims,3166,Marco Verratti,MID,Right Center Midfield,45.0,1,W,0,0.0,0,0.0084,0,71.0,67.0,7.0,2.0,4.0,5.0,0,0,70.0,0.0,2.0,8.0
3901146,2016-02-20,Ligue 1,Paris Saint-Germain,Stade de Reims,3295,Thiago Emiliano da Silva,DEF,Right Center Back,93.05,1,W,0,0.0,0,0,0,103.0,95.0,9.0,4.0,6.0,7.0,1.0,3.0,83.0,0.0,3.0,9.0
3901146,2016-02-20,Ligue 1,Paris Saint-Germain,Stade de Reims,3672,Zlatan Ibrahimović,FWD,Center Forward,93.05,1,W,2.0,2.0,0.4929,0.5594,4.0,81.0,60.0,8.0,5.0,5.0,5.0,0,0,73.0,6.0,7.0,10.0
3901146,2016-02-20,Ligue 1,Paris Saint-Germain,Stade de Reims,3745,Lucas Rodrigues Moura da Silva,FWD,Right Wing,53.97,0,W,0,0.0,0,0.0245,0,39.0,32.0,0.0,2.0,7.0,0,0,1.0,37.0,3.0,0.0,1.0
3901146,2016-02-20,Ligue 1,Paris Saint-Germain,Stade de Reims,3956,David Luiz Moreira Marinho,DEF,Left Center Back,93.05,1,W,0.0,0.0,0.1254,0,1.0,85.0,81.0,5.0,3.0,10.0,8.0,2.0,3.0,76.0,0.0,0.0,5.0
3901146,2016-02-20,Ligue 1,Paris Saint-Germain,Stade de Reims,4319,Edinson Roberto Cavani Gómez,FWD,Left Wing,93.05,1,W,1.0,0.0,0.4793,0.051,3.0,28.0,26.0,2.0,1.0,12.0,2.0,0,1.0,28.0,1.0,3.0,3.0
3901146,2016-02-20,Ligue 1,Paris Saint-Germain,Stade de Reims,4325,Thiago Motta,MID,Center Defensive Midfield,71.7,1,W,0.0,0.0,0.0513,0,2.0,81.0,67.0,6.0,3.0,13.0,5.0,0,2.0,68.0,0.0,4.0,6.0
3901146,2016-02-20,Ligue 1,Paris Saint-Germain,Stade de Reims,4326,Layvin Kurzawa,DEF,Left Back,93.05,1,W,0,0.0,0,0.103,0,71.0,66.0,4.0,2.0,16.0,5.0,0,4.0,62.0,7.0,0.0,5.0
3901146,2016-02-20,Ligue 1,Paris Saint-Germain,Stade de Reims,4372,Marcos Aoás Corrêa,MID,Center Defensive Midfield,21.35,0,W,0,0.0,0,0,0,12.0,10.0,0.0,1.0,6.0,0,0,2.0,9.0,0.0,1.0,0.0
3901146,2016-02-20,Ligue 1,Paris Saint-Germain,Stade de Reims,4375,Blaise Matuidi,MID,Right Center Midfield,48.05,0,W,0.0,0.0,0.0322,0,1.0,53.0,49.0,5.0,4.0,11.0,5.0,1.0,3.0,48.0,1.0,4.0,5.0
3901146,2016-02-20,Ligue 1,Paris Saint-Germain,Stade de Reims,4440,Kevin Trapp,GK,Goalkeeper,93.05,1,W,0,0.0,0,0,0,23.0,21.0,0.0,0.0,0,3.0,0,0,14.0,0.0,0.0,0.0
3901146,2016-02-20,Ligue 1,Paris Saint-Germain,Stade de Reims,20048,Gregory van der Wiel,DEF,Right Back,93.05,1,W,1.0,0.0,0.1836,0,3.0,86.0,78.0,4.0,3.0,15.0,7.0,2.0,2.0,63.0,2.0,1.0,4.0
3890456,2016-02-21,Bundesliga,Bayer Leverkusen,Borussia Dortmund,3058,Javier Hernández Balcázar,MID,Left Center Forward,102.17,1,L,0.0,0.0,0.2073,0.0524,3.0,20.0,14.0,2.0,0.0,15.0,3.0,0,1.0,21.0,0.0,2.0,3.0
3890456,2016-02-21,Bundesliga,Bayer Leverkusen,Borussia Dortmund,6309,Tin Jedvaj,DEF,Right Back,56.32,1,L,0,0.0,0,0,0,31.0,21.0,4.0,5.0,7.0,3.0,2.0,0,21.0,1.0,4.0,4.0
3890456,2016-02-21,Bundesliga,Bayer Leverkusen,Borussia Dortmund,8212,Wendell Nascimento Borges,DEF,Left Back,102.17,1,L,0,0.0,0,0,0,54.0,39.0,6.0,3.0,15.0,6.0,1.0,3.0,32.0,2.0,4.0,6.0
3890456,2016-02-21,Bundesliga,Bayer Leverkusen,Borussia Dortmund,8213,Karim Bellarabi,MID,Left Midfield,102.17,1,L,0.0,0.0,0.0906,0.1013,2.0,20.0,15.0,2.0,1.0,25.0,2.0,1.0,4.0,30.0,9.0,2.0,3.0
3890456,2016-02-21,Bundesliga,Bayer Leverkusen,Borussia Dortmund,8219,Admir Mehmedi,MID,Right Midfield,102.17,1,L,0,0.0,0,0.3624,0,48.0,33.0,1.0,0.0,20.0,6.0,0,3.0,26.0,2.0,4.0,5.0
3890456,2016-02-21,Bundesliga,Bayer Leverkusen,Borussia Dortmund,8221,Jonathan Tah,DEF,Right Center Back,102.17,1,L,0.0,0.0,0.2076,0,2.0,53.0,33.0,3.0,1.0,12.0,12.0,3.0,2.0,45.0,0.0,3.0,3.0
3890456,2016-02-21,Bundesliga,Bayer Leverkusen,Borussia Dortmund,8222,Kevin Kampl,MID,Left Defensive Midfield,45.0,1,L,0,0.0,0,0,0,27.0,23.0,4.0,4.0,9.0,3.0,2.0,0,20.0,0.0,3.0,4.0
3890456,2016-02-21,Bundesliga,Bayer Leverkusen,Borussia Dortmund,8313,Kyriakos Papadopoulos,DEF,Left Center Back,57.17,0,L,0,0.0,0,0,0,16.0,10.0,1.0,0.0,5.0,2.0,0,2.0,4.0,0.0,0.0,1.0
3890456,2016-02-21,Bundesliga,Bayer Leverkusen,Borussia Dortmund,8573,Ömer Toprak,DEF,Left Center Back,45.0,1,L,0.0,0.0,0.0631,0,1.0,29.0,23.0,5.0,2.0,7.0,2.0,1.0,1.0,17.0,0.0,1.0,5.0
3890456,2016-02-21,Bundesliga,Bayer Leverkusen,Borussia Dortmund,8805,Christoph Kramer,MID,Right Defensive Midfield,102.17,1,L,0,0.0,0,0,0,45.0,39.0,4.0,3.0,22.0,5.0,0,5.0,35.0,3.0,4.0,4.0
3890456,2016-02-21,Bundesliga,Bayer Leverkusen,Borussia Dortmund,8918,Roberto Hilbert,DEF,Right Back,45.85,0,L,0,0.0,0,0.0547,0,20.0,13.0,3.0,0.0,6.0,0,1.0,1.0,14.0,6.0,4.0,4.0
3890456,2016-02-21,Bundesliga,Bayer Leverkusen,Borussia Dortmund,9363,André Ramalho Silva,MID,Left Defensive Midfield,57.17,0,L,0,0.0,0,0,0,33.0,26.0,4.0,2.0,11.0,2.0,0,1.0,22.0,0.0,1.0,4.0
3890456,2016-02-21,Bundesliga,Bayer Leverkusen,Borussia Dortmund,11394,Stefan Kießling,MID,Right Center Forward,102.17,1,L,0.0,0.0,0.0547,0,1.0,21.0,14.0,1.0,0.0,21.0,1.0,0,1.0,17.0,0.0,2.0,1.0
3890456,2016-02-21,Bundesliga,Bayer Leverkusen,Borussia Dortmund,15581,Bernd Leno,GK,Goalkeeper,102.17,1,L,0,0.0,0,0,0,45.0,30.0,7.0,3.0,0,8.0,0,0,30.0,0.0,0.0,7.0
3754239,2016-02-28,Premier League,Arsenal,Manchester United,3385,Alexis Alejandro Sánchez Sánchez,FWD,Left Wing,95.52,1,L,0.0,0.0,0.162,0.0831,3.0,42.0,30.0,6.0,3.0,10.0,8.0,1.0,0,52.0,4.0,10.0,6.0
3754239,2016-02-28,Premier League,Arsenal,Manchester United,3394,Laurent Koscielny,DEF,Left Center Back,95.52,1,L,0.0,0.0,0.0886,0,1.0,66.0,62.0,12.0,6.0,1.0,6.0,3.0,1.0,62.0,5.0,6.0,12.0
3754239,2016-02-28,Premier League,Arsenal,Manchester United,3437,Francis Joseph Coquelin,MID,Right Defensive Midfield,69.45,1,L,0,0.0,0,0,0,29.0,25.0,3.0,2.0,12.0,3.0,3.0,5.0,28.0,0.0,4.0,3.0
3754239,2016-02-28,Premier League,Arsenal,Manchester United,3461,Petr Čech,GK,Goalkeeper,95.52,1,L,0,0.0,0,0,0,39.0,30.0,7.0,3.0,0,7.0,0,0,28.0,0.0,0.0,7.0
3754239,2016-02-28,Premier League,Arsenal,Manchester United,3496,Mesut Özil,MID,Center Attacking Midfield,95.52,1,L,1.0,1.0,0.1974,0.6981,2.0,55.0,40.0,11.0,3.0,13.0,3.0,1.0,1.0,42.0,3.0,11.0,13.0
3754239,2016-02-28,Premier League,Arsenal,Manchester United,3498,Ignacio Monreal Eraso,DEF,Left Back,95.52,1,L,0.0,0.0,0.3176,0,1.0,46.0,43.0,6.0,2.0,5.0,2.0,1.0,0,39.0,0.0,4.0,6.0
3754239,2016-02-28,Premier League,Arsenal,Manchester United,3511,Héctor Bellerín Moruno,DEF,Right Back,95.52,1,L,0,0.0,0,0,0,68.0,52.0,8.0,8.0,17.0,5.0,2.0,3.0,43.0,2.0,4.0,8.0
3754239,2016-02-28,Premier League,Arsenal,Manchester United,3517,Aaron Ramsey,MID,Left Defensive Midfield,95.52,1,L,0.0,0.0,0.0817,0,1.0,62.0,53.0,7.0,8.0,15.0,15.0,2.0,1.0,62.0,3.0,2.0,7.0
3754239,2016-02-28,Premier League,Arsenal,Manchester United,3568,Mohamed Naser Elsayed Elneny,MID,Right Defensive Midfield,26.07,0,L,0,0.0,0,0,0,18.0,18.0,1.0,1.0,2.0,3.0,0,0,16.0,0.0,1.0,1.0
3754239,2016-02-28,Premier League,Arsenal,Manchester United,3569,Daniel Nii Tackie Mensah Welbeck,FWD,Right Wing,82.23,1,L,1.0,0.0,0.4727,0,3.0,22.0,18.0,0.0,1.0,15.0,5.0,1.0,2.0,31.0,3.0,1.0,0.0
3754239,2016-02-28,Premier League,Arsenal,Manchester United,3604,Olivier Giroud,FWD,Right Wing,33.42,0,L,0.0,0.0,0.0831,0,1.0,12.0,9.0,0.0,1.0,2.0,1.0,1.0,0,7.0,0.0,1.0,0.0
3754239,2016-02-28,Premier League,Arsenal,Manchester United,3647,Alex Iwobi,FWD,Center Forward,13.28,0,L,0,0.0,0,0,0,4.0,2.0,0.0,0.0,3.0,0,0,1.0,5.0,0.0,1.0,0.0
3754239,2016-02-28,Premier League,Arsenal,Manchester United,3668,Theo Walcott,FWD,Center Forward,62.1,1,L,0,0.0,0,0,0,8.0,5.0,1.0,0.0,7.0,2.0,0,0,13.0,0.0,1.0,1.0
3754239,2016-02-28,Premier League,Arsenal,Manchester United,6746,Gabriel Armando de Abreu,DEF,Right Center Back,95.52,1,L,0.0,0.0,0.0309,0,1.0,84.0,80.0,12.0,7.0,4.0,2.0,2.0,3.0,64.0,8.0,3.0,12.0
265839,2016-02-28,La Liga,Barcelona,Sevilla,4320,Neymar da Silva Santos Junior,FWD,Left Wing,92.1,1,W,0.0,0.0,0.38,0.0677,2.0,66.0,50.0,4.0,5.0,10.0,5.0,0,1.0,74.0,5.0,2.0,5.0
265839,2016-02-28,La Liga,Barcelona,Sevilla,4324,Daniel Alves da Silva,DEF,Right Back,37.4,0,W,0,0.0,0,0,0,29.0,26.0,2.0,2.0,9.0,1.0,0,0,20.0,3.0,2.0,2.0
265839,2016-02-28,La Liga,Barcelona,Sevilla,4691,Claudio Andrés Bravo Muñoz,GK,Goalkeeper,92.1,1,W,0,0.0,0,0,0,26.0,22.0,1.0,0.0,0,3.0,0,0,13.0,0.0,0.0,1.0
265839,2016-02-28,La Liga,Barcelona,Sevilla,5203,Sergio Busquets i Burgos,MID,Center Defensive Midfield,92.1,1,W,0.0,0.0,0.0497,0,1.0,72.0,63.0,13.0,8.0,18.0,6.0,1.0,7.0,69.0,2.0,5.0,13.0
265839,2016-02-28,La Liga,Barcelona,Sevilla,5211,Jordi Alba Ramos,DEF,Left Back,92.1,1,W,0.0,0.0,0.0099,0,1.0,88.0,78.0,6.0,6.0,13.0,9.0,1.0,3.0,72.0,1.0,3.0,6.0
265839,2016-02-28,La Liga,Barcelona,Sevilla,5213,Gerard Piqué Bernabéu,DEF,Right Center Back,92.1,1,W,1.0,0.0,0.6004,0,1.0,82.0,71.0,12.0,7.0,9.0,5.0,2.0,1.0,67.0,4.0,3.0,12.0
265839,2016-02-28,La Liga,Barcelona,Sevilla,5216,Andrés Iniesta Luján,MID,Left Center Midfield,28.72,0,W,0,0.0,0,0,0,26.0,23.0,4.0,5.0,2.0,1.0,0,0,30.0,2.0,3.0,4.0
265839,2016-02-28,La Liga,Barcelona,Sevilla,5246,Luis Alberto Suárez Díaz,FWD,Center Forward,92.1,1,W,0.0,1.0,0.5985,0.6508,4.0,30.0,21.0,2.0,1.0,11.0,3.0,0,2.0,37.0,1.0,4.0,3.0
265839,2016-02-28,La Liga,Barcelona,Sevilla,5470,Ivan Rakitić,MID,Right Center Midfield,17.57,0,W,0,0.0,0,0,0,13.0,12.0,0.0,1.0,5.0,1.0,0,0,11.0,0.0,1.0,0.0
265839,2016-02-28,La Liga,Barcelona,Sevilla,5503,Lionel Andrés Messi Cuccittini,FWD,Right Wing,92.1,1,W,1.0,0.0,0.2511,0.358,4.0,72.0,56.0,13.0,6.0,7.0,3.0,0,0,73.0,8.0,17.0,15.0
265839,2016-02-28,La Liga,Barcelona,Sevilla,6379,Sergi Roberto Carnicer,MID,Right Center Midfield,74.53,1,W,0.0,0.0,0.1051,0.0841,1.0,40.0,33.0,4.0,5.0,19.0,1.0,0,1.0,39.0,1.0,1.0,5.0
265839,2016-02-28,La Liga,Barcelona,Sevilla,6400,Aleix Vidal Parreu,DEF,Right Back,54.7,1,W,0,0.0,0,0.0755,0,58.0,50.0,5.0,1.0,5.0,5.0,1.0,0,48.0,3.0,4.0,6.0
265839,2016-02-28,La Liga,Barcelona,Sevilla,10609,Jérémy Mathieu,DEF,Left Center Back,92.1,1,W,0.0,0.0,0.0621,0,1.0,69.0,60.0,6.0,4.0,2.0,5.0,0,1.0,56.0,7.0,1.0,6.0
265839,2016-02-28,La Liga,Barcelona,Sevilla,11094,Arda Turan,MID,Left Center Midfield,63.38,1,W,0,0.0,0,0.1734,0,49.0,45.0,8.0,4.0,17.0,4.0,0,3.0,46.0,6.0,4.0,9.0
3890463,2016-02-28,Bundesliga,Bayer Leverkusen,FSV Mainz 05,3058,Javier Hernández Balcázar,FWD,Center Forward,92.03,1,L,1.0,0.0,0.6186,0.0852,1.0,27.0,18.0,1.0,1.0,15.0,4.0,2.0,0,18.0,1.0,2.0,3.0
3890463,2016-02-28,Bundesliga,Bayer Leverkusen,FSV Mainz 05,5494,Robbie Kruse,MID,Center Attacking Midfield,27.93,0,L,0,0.0,0,0,0,8.0,6.0,0.0,1.0,7.0,1.0,0,1.0,6.0,0.0,0.0,0.0
3890463,2016-02-28,Bundesliga,Bayer Leverkusen,FSV Mainz 05,5555,Julian Brandt,MID,Center Attacking Midfield,64.1,1,L,0,0.0,0,0.0193,0,24.0,19.0,0.0,2.0,19.0,4.0,1.0,2.0,22.0,2.0,0.0,1.0
3890463,2016-02-28,Bundesliga,Bayer Leverkusen,FSV Mainz 05,6309,Tin Jedvaj,DEF,Right Center Back,47.03,0,L,0,0.0,0,0,0,23.0,16.0,4.0,0.0,5.0,1.0,2.0,1.0,17.0,2.0,1.0,4.0
3890463,2016-02-28,Bundesliga,Bayer Leverkusen,FSV Mainz 05,7039,Hakan Çalhanoğlu,MID,Left Defensive Midfield,92.03,1,L,0.0,0.0,0.047,0,4.0,68.0,44.0,7.0,6.0,25.0,8.0,1.0,2.0,47.0,0.0,9.0,7.0
3890463,2016-02-28,Bundesliga,Bayer Leverkusen,FSV Mainz 05,8211,Benjamin Henrichs,FWD,Right Wing,6.93,0,L,0,0.0,0,0,0,1.0,0.0,0.0,0.0,3.0,0,0,0,0,0,0.0,0.0
3890463,2016-02-28,Bundesliga,Bayer Leverkusen,FSV Mainz 05,8212,Wendell Nascimento Borges,DEF,Left Back,92.03,1,L,0.0,0.0,0.0451,0.0276,1.0,59.0,47.0,6.0,1.0,23.0,5.0,3.0,3.0,33.0,1.0,3.0,7.0
3890463,2016-02-28,Bundesliga,Bayer Leverkusen,FSV Mainz 05,8213,Karim Bellarabi,FWD,Left Wing,92.03,1,L,0.0,0.0,0.0823,0.0062,3.0,18.0,9.0,1.0,0.0,12.0,6.0,0,0,33.0,7.0,3.0,2.0
3890463,2016-02-28,Bundesliga,Bayer Leverkusen,FSV Mainz 05,8219,Admir Mehmedi,FWD,Right Wing,85.1,1,L,0.0,1.0,0.0565,0.6186,3.0,32.0,22.0,2.0,1.0,24.0,5.0,2.0,3.0,37.0,3.0,2.0,3.0
3890463,2016-02-28,Bundesliga,Bayer Leverkusen,FSV Mainz 05,8221,Jonathan Tah,DEF,Right Center Back,45.0,1,L,0,0.0,0,0,0,23.0,19.0,6.0,2.0,12.0,0,1.0,2.0,15.0,0.0,2.0,6.0
3890463,2016-02-28,Bundesliga,Bayer Leverkusen,FSV Mainz 05,8805,Christoph Kramer,MID,Right Defensive Midfield,92.03,1,L,0,0.0,0,0.0231,0,58.0,46.0,4.0,3.0,35.0,8.0,0,4.0,47.0,0.0,3.0,5.0
3890463,2016-02-28,Bundesliga,Bayer Leverkusen,FSV Mainz 05,8918,Roberto Hilbert,DEF,Right Back,92.03,1,L,0,0.0,0,0.0354,0,67.0,41.0,8.0,10.0,20.0,6.0,2.0,1.0,40.0,3.0,15.0,9.0
3890463,2016-02-28,Bundesliga,Bayer Leverkusen,FSV Mainz 05,9363,André Ramalho Silva,DEF,Left Center Back,92.03,1,L,0,0.0,0,0.0255,0,69.0,54.0,6.0,2.0,19.0,10.0,1.0,4.0,54.0,2.0,0.0,7.0
3890463,2016-02-28,Bundesliga,Bayer Leverkusen,FSV Mainz 05,15581,Bernd Leno,GK,Goalkeeper,92.03,1,L,0,0.0,0,0,0,30.0,24.0,2.0,0.0,1.0,4.0,0,0,16.0,0.0,0.0,2.0
3879759,2016-02-28,Serie A,Juventus,Inter Milan,3477,Álvaro Borja Morata Martín,MID,Right Center Forward,14.82,0,W,1.0,0.0,0.7835,0,1.0,4.0,3.0,0.0,0.0,4.0,0,0,1.0,3.0,2.0,0.0,0.0
3879759,2016-02-28,Serie A,Juventus,Inter Milan,5472,Mario Mandžukić,MID,Left Center Forward,95.98,1,W,0.0,0.0,0.1281,0.7476,2.0,19.0,15.0,1.0,1.0,35.0,5.0,1.0,2.0,18.0,2.0,2.0,2.0
3879759,2016-02-28,Serie A,Juventus,Inter Milan,5541,Stephan Lichtsteiner,DEF,Right Wing Back,95.98,1,W,0,0.0,0,0.0461,0,49.0,29.0,6.0,1.0,18.0,7.0,0,2.0,36.0,3.0,6.0,7.0
3879759,2016-02-28,Serie A,Juventus,Inter Milan,5566,Sami Khedira,MID,Right Center Midfield,77.05,1,W,0,0.0,0,0,0,43.0,33.0,9.0,6.0,9.0,4.0,0,1.0,40.0,3.0,7.0,9.0
3879759,2016-02-28,Serie A,Juventus,Inter Milan,5743,Paulo Bruno Exequiel Dybala,MID,Right Center Forward,81.17,1,W,0.0,0.0,0.838,0,2.0,33.0,23.0,4.0,4.0,25.0,7.0,0,2.0,34.0,1.0,8.0,4.0
3879759,2016-02-28,Serie A,Juventus,Inter Milan,6943,Andrea Barzagli,DEF,Right Center Back,95.98,1,W,0,0.0,0,0,0,57.0,52.0,7.0,3.0,5.0,3.0,0,0,40.0,1.0,1.0,7.0
3879759,2016-02-28,Serie A,Juventus,Inter Milan,6945,Alex Sandro Lobo Silva,DEF,Left Wing Back,95.98,1,W,0,0.0,0,0.1109,0,47.0,38.0,1.0,1.0,12.0,8.0,4.0,2.0,37.0,3.0,0.0,3.0
3879759,2016-02-28,Serie A,Juventus,Inter Milan,6949,Gianluigi Buffon,GK,Goalkeeper,95.98,1,W,0,0.0,0,0,0,26.0,24.0,1.0,0.0,0,7.0,0,0,14.0,0.0,0.0,1.0
3879759,2016-02-28,Serie A,Juventus,Inter Milan,6953,Daniele Rugani,DEF,Left Center Back,60.83,0,W,0,0.0,0,0,0,29.0,25.0,4.0,0.0,7.0,4.0,0,0,18.0,0.0,0.0,4.0
3879759,2016-02-28,Serie A,Juventus,Inter Milan,6954,Giorgio Chiellini,DEF,Left Center Back,35.15,1,W,0,0.0,0,0,0,20.0,17.0,1.0,1.0,5.0,1.0,0,0,19.0,3.0,2.0,1.0
3879759,2016-02-28,Serie A,Juventus,Inter Milan,7013,Stefano Sturaro,MID,Right Center Midfield,18.93,0,W,0,0.0,0,0,0,2.0,2.0,0.0,0.0,11.0,1.0,1.0,1.0,1.0,0.0,0.0,0.0
3879759,2016-02-28,Serie A,Juventus,Inter Milan,7173,Leonardo Bonucci,DEF,Center Back,95.98,1,W,1.0,0.0,0.2245,0,1.0,58.0,50.0,7.0,1.0,4.0,7.0,1.0,1.0,43.0,2.0,0.0,7.0
3879759,2016-02-28,Serie A,Juventus,Inter Milan,20004,Paul Pogba,MID,Left Center Midfield,95.98,1,W,0,0.0,0,0,0,44.0,34.0,3.0,3.0,21.0,5.0,2.0,4.0,47.0,4.0,7.0,3.0
3879759,2016-02-28,Serie A,Juventus,Inter Milan,25345,Anderson Hernanes de Carvalho Andrade,MID,Center Defensive Midfield,95.98,1,W,0.0,0.0,0.0746,0,3.0,61.0,55.0,8.0,3.0,9.0,9.0,2.0,0,49.0,0.0,3.0,8.0
3901159,2016-02-28,Ligue 1,Paris Saint-Germain,Lyon,3026,Adrien Rabiot,MID,Left Center Midfield,77.4,1,L,0,0.0,0,0,0,54.0,49.0,6.0,1.0,17.0,6.0,3.0,3.0,46.0,3.0,1.0,6.0
3901159,2016-02-28,Ligue 1,Paris Saint-Germain,Lyon,3295,Thiago Emiliano da Silva,DEF,Right Center Back,91.9,1,L,0.0,0.0,0.0542,0,1.0,84.0,78.0,10.0,4.0,7.0,4.0,2.0,3.0,61.0,0.0,1.0,10.0
3901159,2016-02-28,Ligue 1,Paris Saint-Germain,Lyon,3672,Zlatan Ibrahimović,FWD,Center Forward,91.9,1,L,0.0,0.0,0.1926,0,4.0,27.0,16.0,0.0,0.0,2.0,3.0,0,0,17.0,1.0,3.0,0.0
3901159,2016-02-28,Ligue 1,Paris Saint-Germain,Lyon,3745,Lucas Rodrigues Moura da Silva,FWD,Right Wing,91.9,1,L,1.0,0.0,0.1241,0.0542,2.0,34.0,28.0,0.0,0.0,8.0,8.0,1.0,1.0,37.0,1.0,1.0,1.0
3901159,2016-02-28,Ligue 1,Paris Saint-Germain,Lyon,3956,David Luiz Moreira Marinho,DEF,Left Center Back,91.9,1,L,0,0.0,0,0,0,72.0,63.0,18.0,6.0,5.0,5.0,1.0,2.0,58.0,3.0,4.0,18.0
3901159,2016-02-28,Ligue 1,Paris Saint-Germain,Lyon,4319,Edinson Roberto Cavani Gómez,FWD,Left Wing,91.9,1,L,0,0.0,0,0.0881,0,31.0,25.0,0.0,0.0,10.0,0,1.0,1.0,19.0,0.0,2.0,1.0
3901159,2016-02-28,Ligue 1,Paris Saint-Germain,Lyon,4325,Thiago Motta,MID,Center Defensive Midfield,91.9,1,L,0,0.0,0,0,0,85.0,79.0,10.0,5.0,7.0,2.0,0,1.0,72.0,3.0,4.0,10.0
3901159,2016-02-28,Ligue 1,Paris Saint-Germain,Lyon,4370,Javier Matías Pastore,MID,Right Center Midfield,46.9,0,L,0,0.0,0,0.075,0,34.0,26.0,7.0,2.0,3.0,2.0,0,0,28.0,1.0,7.0,8.0
3901159,2016-02-28,Ligue 1,Paris Saint-Germain,Lyon,4375,Blaise Matuidi,MID,Left Defensive Midfield,14.5,0,L,0,0.0,0,0,0,13.0,12.0,1.0,0.0,2.0,1.0,0,0,9.0,0.0,0.0,1.0
3901159,2016-02-28,Ligue 1,Paris Saint-Germain,Lyon,4440,Kevin Trapp,GK,Goalkeeper,91.9,1,L,0,0.0,0,0,0,29.0,24.0,3.0,0.0,1.0,3.0,0,0,7.0,0.0,0.0,3.0
3901159,2016-02-28,Ligue 1,Paris Saint-Germain,Lyon,8515,Benjamin Stambouli,MID,Right Center Midfield,45.0,1,L,0,0.0,0,0.0261,0,22.0,19.0,0.0,0.0,3.0,2.0,0,0,20.0,0.0,0.0,1.0
3901159,2016-02-28,Ligue 1,Paris Saint-Germain,Lyon,20048,Gregory van der Wiel,DEF,Right Back,91.9,1,L,0,0.0,0,0.037,0,63.0,53.0,5.0,1.0,6.0,6.0,3.0,1.0,49.0,3.0,3.0,6.0
3901159,2016-02-28,Ligue 1,Paris Saint-Germain,Lyon,26613,Maxwell Scherrer Cabelino Andrade,DEF,Left Back,91.9,1,L,0,0.0,0,0,0,77.0,65.0,9.0,6.0,8.0,1.0,2.0,3.0,57.0,4.0,5.0,9.0
3753976,2016-03-02,Premier League,Arsenal,Swansea City,3385,Alexis Alejandro Sánchez Sánchez,FWD,Left Wing,74.93,1,L,0.0,1.0,0.2068,0.3864,4.0,46.0,38.0,8.0,5.0,23.0,6.0,0,1.0,51.0,1.0,8.0,9.0
3753976,2016-03-02,Premier League,Arsenal,Swansea City,3437,Francis Joseph Coquelin,MID,Left Defensive Midfield,95.38,1,L,0.0,0.0,0.0141,0,1.0,64.0,54.0,4.0,6.0,40.0,11.0,4.0,6.0,47.0,2.0,3.0,4.0
3753976,2016-03-02,Premier League,Arsenal,Swansea City,3461,Petr Čech,GK,Goalkeeper,95.38,1,L,0,0.0,0,0,0,35.0,29.0,7.0,2.0,1.0,9.0,0,0,19.0,0.0,0.0,7.0
3753976,2016-03-02,Premier League,Arsenal,Swansea City,3475,Per Mertesacker,DEF,Right Center Back,95.38,1,L,0,0.0,0,0.2276,0,68.0,63.0,18.0,5.0,8.0,7.0,1.0,1.0,54.0,1.0,3.0,19.0
3753976,2016-03-02,Premier League,Arsenal,Swansea City,3496,Mesut Özil,MID,Center Attacking Midfield,95.38,1,L,0.0,0.0,0.0453,0.2325,1.0,80.0,62.0,12.0,10.0,13.0,3.0,0,2.0,55.0,2.0,17.0,16.0
3753976,2016-03-02,Premier League,Arsenal,Swansea City,3498,Ignacio Monreal Eraso,DEF,Left Back,95.38,1,L,0.0,0.0,0.0978,0,1.0,71.0,59.0,5.0,3.0,17.0,3.0,3.0,3.0,47.0,3.0,3.0,5.0
3753976,2016-03-02,Premier League,Arsenal,Swansea City,3511,Héctor Bellerín Moruno,DEF,Right Back,95.38,1,L,0.0,0.0,0.0161,0.1421,1.0,64.0,57.0,7.0,4.0,6.0,5.0,0,0,49.0,5.0,2.0,8.0
3753976,2016-03-02,Premier League,Arsenal,Swansea City,3517,Aaron Ramsey,MID,Right Defensive Midfield,95.38,1,L,0,0.0,0,0,0,87.0,75.0,14.0,8.0,27.0,5.0,1.0,3.0,70.0,2.0,9.0,14.0
3753976,2016-03-02,Premier League,Arsenal,Swansea City,3569,Daniel Nii Tackie Mensah Welbeck,FWD,Right Wing,31.53,0,L,0.0,0.0,0.0797,0,1.0,6.0,5.0,0.0,0.0,6.0,0,0,1.0,11.0,2.0,0.0,0.0
3753976,2016-03-02,Premier League,Arsenal,Swansea City,3604,Olivier Giroud,FWD,Center Forward,95.38,1,L,0.0,0.0,0.5642,0.1099,4.0,31.0,20.0,0.0,1.0,23.0,2.0,0,4.0,22.0,0.0,2.0,2.0
3753976,2016-03-02,Premier League,Arsenal,Swansea City,3668,Theo Walcott,FWD,Left Wing,20.45,0,L,0.0,0.0,0.0666,0.0797,1.0,6.0,6.0,0.0,0.0,2.0,0,0,1.0,7.0,1.0,0.0,1.0
3753976,2016-03-02,Premier League,Arsenal,Swansea City,5581,Joel Nathaniel Campbell Samuels,FWD,Right Wing,63.85,1,L,1.0,0.0,0.2369,0.0724,3.0,38.0,31.0,10.0,5.0,18.0,4.0,2.0,1.0,42.0,4.0,7.0,12.0
3753976,2016-03-02,Premier League,Arsenal,Swansea City,6746,Gabriel Armando de Abreu,DEF,Left Center Back,95.38,1,L,0,0.0,0,0,0,71.0,65.0,10.0,3.0,14.0,6.0,3.0,5.0,52.0,6.0,0.0,10.0
3890472,2016-03-02,Bundesliga,Bayer Leverkusen,Werder Bremen,3058,Javier Hernández Balcázar,FWD,Center Forward,85.05,1,L,0.0,0.0,0.1967,0.0627,1.0,28.0,19.0,0.0,0.0,5.0,4.0,1.0,0,28.0,2.0,0.0,2.0
3890472,2016-03-02,Bundesliga,Bayer Leverkusen,Werder Bremen,5494,Robbie Kruse,FWD,Right Wing,47.85,0,L,0.0,0.0,0.0773,0,1.0,23.0,15.0,0.0,0.0,10.0,4.0,0,0,25.0,2.0,0.0,0.0
3890472,2016-03-02,Bundesliga,Bayer Leverkusen,Werder Bremen,5555,Julian Brandt,MID,Center Attacking Midfield,45.0,1,L,0.0,0.0,0.0333,0,1.0,24.0,19.0,2.0,1.0,14.0,3.0,1.0,0,27.0,2.0,1.0,2.0
3890472,2016-03-02,Bundesliga,Bayer Leverkusen,Werder Bremen,6309,Tin Jedvaj,DEF,Right Center Back,92.85,1,L,0.0,0.0,0.0164,0,1.0,64.0,54.0,11.0,2.0,13.0,13.0,0,0,50.0,1.0,4.0,11.0
3890472,2016-03-02,Bundesliga,Bayer Leverkusen,Werder Bremen,7039,Hakan Çalhanoğlu,MID,Left Defensive Midfield,92.85,1,L,0.0,0.0,0.2182,0.0644,7.0,89.0,68.0,15.0,8.0,21.0,4.0,0,2.0,73.0,4.0,8.0,16.0
3890472,2016-03-02,Bundesliga,Bayer Leverkusen,Werder Bremen,8211,Benjamin Henrichs,DEF,Right Back,17.75,0,L,0,0.0,0,0.0497,0,9.0,8.0,2.0,0.0,3.0,1.0,0,1.0,6.0,0.0,1.0,3.0
3890472,2016-03-02,Bundesliga,Bayer Leverkusen,Werder Bremen,8212,Wendell Nascimento Borges,DEF,Left Back,92.85,1,L,0.0,0.0,0.0651,0.0049,1.0,68.0,59.0,5.0,3.0,23.0,8.0,2.0,7.0,44.0,8.0,2.0,6.0
3890472,2016-03-02,Bundesliga,Bayer Leverkusen,Werder Bremen,8213,Karim Bellarabi,FWD,Right Wing,92.85,1,L,0,0.0,0,0.2522,0,40.0,22.0,7.0,5.0,17.0,7.0,3.0,2.0,54.0,9.0,7.0,9.0
3890472,2016-03-02,Bundesliga,Bayer Leverkusen,Werder Bremen,8219,Admir Mehmedi,FWD,Left Wing,92.85,1,L,0,0.0,0,0.0752,0,34.0,26.0,3.0,0.0,22.0,4.0,0,0,27.0,3.0,2.0,4.0
3890472,2016-03-02,Bundesliga,Bayer Leverkusen,Werder Bremen,8805,Christoph Kramer,MID,Right Defensive Midfield,92.85,1,L,0,0.0,0,0,0,60.0,48.0,13.0,6.0,21.0,9.0,1.0,0,49.0,2.0,8.0,13.0
3890472,2016-03-02,Bundesliga,Bayer Leverkusen,Werder Bremen,8918,Roberto Hilbert,DEF,Right Back,75.1,1,L,0.0,0.0,0.0882,0,2.0,34.0,25.0,4.0,3.0,11.0,3.0,0,2.0,26.0,1.0,3.0,4.0
3890472,2016-03-02,Bundesliga,Bayer Leverkusen,Werder Bremen,9363,André Ramalho Silva,DEF,Left Center Back,92.85,1,L,0.0,0.0,0.0893,0,2.0,52.0,44.0,4.0,0.0,16.0,6.0,0,3.0,47.0,2.0,3.0,4.0
3890472,2016-03-02,Bundesliga,Bayer Leverkusen,Werder Bremen,15581,Bernd Leno,GK,Goalkeeper,92.85,1,L,0,0.0,0,0,0,24.0,19.0,1.0,0.0,0,4.0,0,0,19.0,0.0,0.0,1.0
3890472,2016-03-02,Bundesliga,Bayer Leverkusen,Werder Bremen,21168,Marlon Frey,FWD,Center Forward,7.8,0,L,0,0.0,0,0,0,6.0,4.0,0.0,0.0,3.0,1.0,0,0,4.0,0.0,0.0,0.0
266653,2016-03-03,La Liga,Barcelona,Rayo Vallecano,4320,Neymar da Silva Santos Junior,FWD,Left Wing,90.3,1,W,0.0,1.0,0.4628,0.443,4.0,49.0,38.0,6.0,5.0,9.0,2.0,0,0,44.0,6.0,4.0,10.0
266653,2016-03-03,La Liga,Barcelona,Rayo Vallecano,4691,Claudio Andrés Bravo Muñoz,GK,Goalkeeper,90.3,1,W,0,0.0,0,0,0,43.0,37.0,4.0,1.0,0,5.0,0,0,26.0,0.0,0.0,4.0
266653,2016-03-03,La Liga,Barcelona,Rayo Vallecano,5203,Sergio Busquets i Burgos,MID,Center Defensive Midfield,76.75,1,W,0,1.0,0,0.2711,0,46.0,39.0,10.0,5.0,23.0,4.0,1.0,5.0,35.0,0.0,4.0,10.0
266653,2016-03-03,La Liga,Barcelona,Rayo Vallecano,5213,Gerard Piqué Bernabéu,DEF,Right Center Back,90.3,1,W,0.0,0.0,0.1347,0,2.0,58.0,53.0,7.0,1.0,6.0,6.0,0,1.0,45.0,2.0,1.0,7.0
266653,2016-03-03,La Liga,Barcelona,Rayo Vallecano,5216,Andrés Iniesta Luján,MID,Right Center Midfield,90.3,1,W,0.0,0.0,0.0734,0.012,1.0,66.0,56.0,11.0,7.0,15.0,5.0,0,2.0,51.0,4.0,8.0,11.0
266653,2016-03-03,La Liga,Barcelona,Rayo Vallecano,5246,Luis Alberto Suárez Díaz,FWD,Center Forward,90.3,1,W,0.0,0.0,1.4222,0.1949,6.0,25.0,17.0,3.0,1.0,9.0,5.0,0,2.0,24.0,3.0,4.0,3.0
266653,2016-03-03,La Liga,Barcelona,Rayo Vallecano,5470,Ivan Rakitić,MID,Left Center Midfield,65.77,1,W,1.0,0.0,0.2646,0,1.0,40.0,35.0,7.0,5.0,18.0,7.0,1.0,0,37.0,1.0,6.0,7.0
266653,2016-03-03,La Liga,Barcelona,Rayo Vallecano,5503,Lionel Andrés Messi Cuccittini,FWD,Right Wing,90.3,1,W,3.0,0.0,0.8896,0.3842,5.0,51.0,39.0,6.0,5.0,10.0,6.0,0,0,52.0,3.0,8.0,8.0
266653,2016-03-03,La Liga,Barcelona,Rayo Vallecano,5506,Javier Alejandro Mascherano,DEF,Left Center Back,90.3,1,W,0,0.0,0,0,0,52.0,46.0,10.0,2.0,14.0,2.0,1.0,1.0,41.0,0.0,1.0,10.0
266653,2016-03-03,La Liga,Barcelona,Rayo Vallecano,6332,Thomas Vermaelen,MID,Center Defensive Midfield,13.55,0,W,0,0.0,0,0,0,9.0,9.0,0.0,0.0,0,0,0,0,8.0,0.0,0.0,0.0
266653,2016-03-03,La Liga,Barcelona,Rayo Vallecano,6379,Sergi Roberto Carnicer,DEF,Right Back,71.97,1,W,0,0.0,0,0,0,36.0,30.0,4.0,2.0,3.0,2.0,1.0,1.0,18.0,0.0,2.0,4.0
266653,2016-03-03,La Liga,Barcelona,Rayo Vallecano,6400,Aleix Vidal Parreu,DEF,Right Back,18.33,0,W,0,0.0,0,0,0,8.0,6.0,0.0,0.0,1.0,0,0,0,5.0,0.0,1.0,0.0
266653,2016-03-03,La Liga,Barcelona,Rayo Vallecano,10609,Jérémy Mathieu,DEF,Left Back,90.3,1,W,0.0,1.0,0.0681,0.4104,1.0,48.0,40.0,2.0,2.0,8.0,4.0,1.0,2.0,30.0,4.0,1.0,4.0
266653,2016-03-03,La Liga,Barcelona,Rayo Vallecano,11094,Arda Turan,MID,Left Center Midfield,24.53,0,W,1.0,0.0,0.2942,0,1.0,18.0,15.0,0.0,0.0,4.0,1.0,1.0,0,17.0,1.0,1.0,0.0
3754318,2016-03-05,Premier League,Arsenal,Tottenham Hotspur,3385,Alexis Alejandro Sánchez Sánchez,FWD,Left Wing,94.07,1,D,1.0,0.0,0.1345,0.2137,3.0,35.0,23.0,6.0,6.0,19.0,5.0,0,4.0,37.0,3.0,3.0,6.0
3754318,2016-03-05,Premier League,Arsenal,Tottenham Hotspur,3437,Francis Joseph Coquelin,MID,Right Defensive Midfield,54.12,1,D,0,0.0,0,0,0,28.0,24.0,4.0,1.0,17.0,10.0,4.0,3.0,21.0,0.0,2.0,4.0
3754318,2016-03-05,Premier League,Arsenal,Tottenham Hotspur,3475,Per Mertesacker,DEF,Right Center Back,94.07,1,D,0,0.0,0,0,0,32.0,25.0,7.0,3.0,10.0,3.0,4.0,2.0,17.0,0.0,0.0,7.0
3754318,2016-03-05,Premier League,Arsenal,Tottenham Hotspur,3496,Mesut Özil,MID,Center Attacking Midfield,89.28,1,D,0.0,0.0,0.0048,0.0093,1.0,48.0,39.0,8.0,5.0,15.0,4.0,0,1.0,36.0,1.0,5.0,8.0
3754318,2016-03-05,Premier League,Arsenal,Tottenham Hotspur,3511,Héctor Bellerín Moruno,DEF,Right Back,94.07,1,D,0.0,2.0,0.0238,0.3938,1.0,54.0,38.0,5.0,3.0,14.0,10.0,1.0,6.0,37.0,3.0,4.0,7.0
3754318,2016-03-05,Premier League,Arsenal,Tottenham Hotspur,3517,Aaron Ramsey,FWD,Right Wing,94.07,1,D,1.0,0.0,0.4417,0.0215,3.0,55.0,33.0,6.0,4.0,28.0,10.0,1.0,3.0,55.0,3.0,8.0,6.0
3754318,2016-03-05,Premier League,Arsenal,Tottenham Hotspur,3528,Kieran Gibbs,DEF,Left Back,94.07,1,D,0,0.0,0,0,0,56.0,37.0,5.0,3.0,7.0,5.0,4.0,1.0,33.0,5.0,3.0,5.0
3754318,2016-03-05,Premier League,Arsenal,Tottenham Hotspur,3568,Mohamed Naser Elsayed Elneny,MID,Left Defensive Midfield,74.18,1,D,0,0.0,0,0,0,38.0,32.0,5.0,1.0,12.0,8.0,0,1.0,24.0,0.0,1.0,5.0
3754318,2016-03-05,Premier League,Arsenal,Tottenham Hotspur,3569,Daniel Nii Tackie Mensah Welbeck,FWD,Center Forward,83.95,1,D,0.0,0.0,0.128,0.0303,3.0,21.0,17.0,1.0,0.0,16.0,1.0,0,5.0,27.0,5.0,1.0,2.0
3754318,2016-03-05,Premier League,Arsenal,Tottenham Hotspur,3604,Olivier Giroud,MID,Left Defensive Midfield,19.88,0,D,0,0.0,0,0,0,7.0,6.0,0.0,0.0,3.0,0,0,0,5.0,0.0,0.0,0.0
3754318,2016-03-05,Premier League,Arsenal,Tottenham Hotspur,4276,David Ospina Ramírez,GK,Goalkeeper,94.07,1,D,0,0.0,0,0,0,32.0,13.0,7.0,2.0,0,6.0,0,0,11.0,0.0,0.0,7.0
3754318,2016-03-05,Premier League,Arsenal,Tottenham Hotspur,5581,Joel Nathaniel Campbell Samuels,MID,Center Attacking Midfield,4.78,0,D,0,0,0,0,0,0,0,0,0,1.0,0,0,0,0,0,0,0
3754318,2016-03-05,Premier League,Arsenal,Tottenham Hotspur,6631,Mathieu Flamini,FWD,Center Forward,10.12,0,D,0,0.0,0,0,0,2.0,2.0,0.0,1.0,0,0,0,0,0,0,0.0,0.0
3754318,2016-03-05,Premier League,Arsenal,Tottenham Hotspur,6746,Gabriel Armando de Abreu,DEF,Left Center Back,94.07,1,D,0,0.0,0,0,0,12.0,9.0,1.0,0.0,10.0,4.0,2.0,3.0,8.0,0.0,0.0,1.0
3890477,2016-03-05,Bundesliga,Bayer Leverkusen,Augsburg,5494,Robbie Kruse,MID,Left Center Forward,84.68,1,D,0.0,0.0,0.047,0.0478,1.0,30.0,23.0,0.0,0.0,17.0,3.0,0,0,22.0,3.0,0.0,1.0
3890477,2016-03-05,Bundesliga,Bayer Leverkusen,Augsburg,5555,Julian Brandt,MID,Right Midfield,92.65,1,D,0.0,0.0,0.0238,0.0749,1.0,49.0,38.0,2.0,0.0,20.0,7.0,1.0,1.0,38.0,2.0,0.0,4.0
3890477,2016-03-05,Bundesliga,Bayer Leverkusen,Augsburg,6309,Tin Jedvaj,DEF,Right Center Back,73.7,1,D,0.0,0.0,0.0171,0,1.0,47.0,39.0,5.0,1.0,8.0,1.0,1.0,1.0,31.0,0.0,0.0,5.0
3890477,2016-03-05,Bundesliga,Bayer Leverkusen,Augsburg,7039,Hakan Çalhanoğlu,MID,Left Defensive Midfield,92.65,1,D,1.0,0.0,0.8922,0.0171,5.0,74.0,51.0,13.0,12.0,18.0,7.0,1.0,1.0,63.0,2.0,12.0,14.0
3890477,2016-03-05,Bundesliga,Bayer Leverkusen,Augsburg,8212,Wendell Nascimento Borges,DEF,Left Back,92.65,1,D,0.0,0.0,0.0114,0,1.0,66.0,58.0,5.0,5.0,15.0,7.0,2.0,3.0,49.0,3.0,2.0,5.0
3890477,2016-03-05,Bundesliga,Bayer Leverkusen,Augsburg,8213,Karim Bellarabi,MID,Right Center Forward,92.65,1,D,1.0,0.0,0.0955,0.0773,3.0,37.0,23.0,1.0,5.0,15.0,6.0,0,2.0,39.0,4.0,5.0,2.0
3890477,2016-03-05,Bundesliga,Bayer Leverkusen,Augsburg,8219,Admir Mehmedi,MID,Left Midfield,92.65,1,D,0.0,1.0,0.2841,0.0391,3.0,38.0,34.0,11.0,6.0,16.0,5.0,0,1.0,42.0,3.0,7.0,12.0
3890477,2016-03-05,Bundesliga,Bayer Leverkusen,Augsburg,8805,Christoph Kramer,MID,Right Defensive Midfield,92.65,1,D,0,0.0,0,0.0281,0,82.0,72.0,6.0,6.0,22.0,10.0,0,2.0,58.0,1.0,5.0,8.0
3890477,2016-03-05,Bundesliga,Bayer Leverkusen,Augsburg,9363,André Ramalho Silva,DEF,Left Center Back,92.65,1,D,0.0,0.0,0.02,0,1.0,57.0,48.0,5.0,2.0,10.0,6.0,0,4.0,42.0,0.0,2.0,5.0
3890477,2016-03-05,Bundesliga,Bayer Leverkusen,Augsburg,15581,Bernd Leno,GK,Goalkeeper,92.65,1,D,0,0.0,0,0,0,33.0,24.0,4.0,0.0,0,9.0,0,0,22.0,0.0,0.0,4.0
3890477,2016-03-05,Bundesliga,Bayer Leverkusen,Augsburg,20415,Sebastian Boenisch,DEF,Right Back,92.65,1,D,0.0,0.0,0.0409,0,3.0,85.0,56.0,13.0,11.0,9.0,11.0,3.0,1.0,52.0,1.0,10.0,13.0
3890477,2016-03-05,Bundesliga,Bayer Leverkusen,Augsburg,21168,Marlon Frey,DEF,Right Center Back,18.95,0,D,0.0,0.0,0.1372,0,1.0,9.0,9.0,3.0,3.0,3.0,2.0,0,0,6.0,0.0,1.0,3.0
3890477,2016-03-05,Bundesliga,Bayer Leverkusen,Augsburg,24428,Vladlen Yurchenko,MID,Left Center Forward,7.97,0,D,0,0.0,0,0,0,2.0,2.0,0.0,0.0,2.0,0,0,0,2.0,0.0,0.0,0.0
3901166,2016-03-05,Ligue 1,Paris Saint-Germain,Montpellier,2995,Ángel Fabián Di María Hernández,FWD,Right Wing,60.13,1,D,0.0,0.0,0.0237,0,3.0,38.0,22.0,3.0,1.0,7.0,7.0,0,0,44.0,8.0,1.0,3.0
3901166,2016-03-05,Ligue 1,Paris Saint-Germain,Montpellier,2999,Presnel Kimpembe,DEF,Left Center Back,93.45,1,D,0,0.0,0,0,0,90.0,80.0,10.0,1.0,12.0,6.0,0,0,77.0,0.0,2.0,10.0
3901166,2016-03-05,Ligue 1,Paris Saint-Germain,Montpellier,3025,Christopher Nkunku,MID,Right Center Midfield,60.55,1,D,0,0.0,0,0,0,34.0,32.0,1.0,2.0,22.0,5.0,2.0,3.0,35.0,1.0,0.0,1.0
3901166,2016-03-05,Ligue 1,Paris Saint-Germain,Montpellier,3026,Adrien Rabiot,MID,Left Center Midfield,93.45,1,D,0.0,0.0,0.0052,0,1.0,85.0,77.0,9.0,3.0,28.0,6.0,2.0,3.0,81.0,1.0,2.0,9.0
3901166,2016-03-05,Ligue 1,Paris Saint-Germain,Montpellier,3672,Zlatan Ibrahimović,FWD,Left Wing,33.32,0,D,0.0,0.0,0.1553,0,2.0,11.0,7.0,2.0,1.0,1.0,0,0,0,13.0,2.0,3.0,2.0
3901166,2016-03-05,Ligue 1,Paris Saint-Germain,Montpellier,3745,Lucas Rodrigues Moura da Silva,FWD,Left Wing,76.23,1,D,0,0.0,0,0.015,0,41.0,32.0,3.0,2.0,13.0,4.0,3.0,2.0,36.0,2.0,6.0,4.0
3901166,2016-03-05,Ligue 1,Paris Saint-Germain,Montpellier,4319,Edinson Roberto Cavani Gómez,FWD,Center Forward,93.45,1,D,0.0,0.0,0.6446,0,2.0,23.0,14.0,1.0,0.0,22.0,3.0,1.0,1.0,21.0,0.0,1.0,1.0
3901166,2016-03-05,Ligue 1,Paris Saint-Germain,Montpellier,4370,Javier Matías Pastore,MID,Right Center Midfield,32.9,0,D,0,0.0,0,0,0,39.0,27.0,3.0,2.0,7.0,0,0,1.0,36.0,0.0,2.0,3.0
3901166,2016-03-05,Ligue 1,Paris Saint-Germain,Montpellier,4372,Marcos Aoás Corrêa,DEF,Right Center Back,93.45,1,D,0,0.0,0,0,0,121.0,107.0,5.0,3.0,13.0,6.0,0,2.0,100.0,0.0,0.0,5.0
3901166,2016-03-05,Ligue 1,Paris Saint-Germain,Montpellier,4440,Kevin Trapp,GK,Goalkeeper,93.45,1,D,0,0.0,0,0,0,41.0,34.0,1.0,0.0,0,6.0,0,0,31.0,0.0,0.0,1.0
3901166,2016-03-05,Ligue 1,Paris Saint-Germain,Montpellier,8510,Jean-Kévin Augustin,FWD,Right Wing,17.22,0,D,0,0.0,0,0.1475,0,10.0,8.0,0.0,0.0,6.0,2.0,0,2.0,7.0,0.0,1.0,1.0
3901166,2016-03-05,Ligue 1,Paris Saint-Germain,Montpellier,8515,Benjamin Stambouli,MID,Center Defensive Midfield,93.45,1,D,0,0.0,0,0,0,59.0,54.0,3.0,2.0,31.0,5.0,2.0,5.0,57.0,1.0,3.0,3.0
3901166,2016-03-05,Ligue 1,Paris Saint-Germain,Montpellier,20048,Gregory van der Wiel,DEF,Right Back,93.45,1,D,0,0.0,0,0.0052,0,96.0,88.0,4.0,1.0,20.0,3.0,2.0,2.0,76.0,0.0,3.0,5.0
3901166,2016-03-05,Ligue 1,Paris Saint-Germain,Montpellier,26613,Maxwell Scherrer Cabelino Andrade,DEF,Left Back,93.45,1,D,0,0.0,0,0.2111,0,71.0,63.0,5.0,3.0,7.0,3.0,0,0,51.0,1.0,2.0,6.0
266056,2016-03-06,La Liga,Barcelona,Eibar,4324,Daniel Alves da Silva,DEF,Right Back,92.12,1,W,0,0.0,0,0,0,90.0,76.0,8.0,5.0,11.0,10.0,2.0,2.0,80.0,3.0,7.0,8.0
266056,2016-03-06,La Liga,Barcelona,Eibar,4691,Claudio Andrés Bravo Muñoz,GK,Goalkeeper,92.12,1,W,0,0.0,0,0,0,49.0,41.0,0.0,0.0,0,6.0,0,0,33.0,0.0,0.0,0.0
266056,2016-03-06,La Liga,Barcelona,Eibar,5203,Sergio Busquets i Burgos,MID,Center Defensive Midfield,79.48,1,W,0,0.0,0,0,0,76.0,68.0,5.0,5.0,8.0,4.0,1.0,3.0,54.0,0.0,2.0,5.0
266056,2016-03-06,La Liga,Barcelona,Eibar,5211,Jordi Alba Ramos,DEF,Left Back,92.12,1,W,0,0.0,0,0.1838,0,106.0,90.0,11.0,5.0,8.0,5.0,1.0,2.0,80.0,3.0,2.0,11.0
266056,2016-03-06,La Liga,Barcelona,Eibar,5213,Gerard Piqué Bernabéu,DEF,Right Center Back,79.63,1,W,0,0.0,0,0,0,73.0,67.0,4.0,1.0,6.0,4.0,1.0,2.0,57.0,1.0,0.0,4.0
266056,2016-03-06,La Liga,Barcelona,Eibar,5246,Luis Alberto Suárez Díaz,FWD,Center Forward,92.12,1,W,1.0,0.0,0.451,0.0726,4.0,29.0,24.0,1.0,0.0,1.0,2.0,1.0,0,33.0,1.0,2.0,1.0
266056,2016-03-06,La Liga,Barcelona,Eibar,5470,Ivan Rakitić,MID,Right Center Midfield,92.12,1,W,0,0.0,0,0,0,65.0,55.0,10.0,2.0,10.0,1.0,4.0,0,47.0,3.0,3.0,10.0
266056,2016-03-06,La Liga,Barcelona,Eibar,5503,Lionel Andrés Messi Cuccittini,FWD,Right Wing,92.12,1,W,2.0,0.0,1.0204,0.213,4.0,62.0,49.0,11.0,6.0,2.0,3.0,0,1.0,64.0,8.0,13.0,12.0
266056,2016-03-06,La Liga,Barcelona,Eibar,5506,Javier Alejandro Mascherano,DEF,Left Center Back,92.12,1,W,0,0.0,0,0,0,88.0,82.0,5.0,1.0,4.0,6.0,2.0,3.0,67.0,2.0,1.0,5.0
266056,2016-03-06,La Liga,Barcelona,Eibar,6332,Thomas Vermaelen,MID,Center Defensive Midfield,12.63,0,W,0,0.0,0,0,0,6.0,5.0,0.0,0.0,0,0,0,0,4.0,0.0,0.0,0.0
266056,2016-03-06,La Liga,Barcelona,Eibar,6379,Sergi Roberto Carnicer,MID,Left Center Midfield,13.0,0,W,0.0,1.0,0.0569,0.0713,1.0,6.0,5.0,2.0,2.0,3.0,0,0,0,3.0,0.0,2.0,2.0
266056,2016-03-06,La Liga,Barcelona,Eibar,6616,Munir El Haddadi Mohamed,FWD,Left Wing,92.12,1,W,1.0,1.0,0.8057,0.1401,1.0,53.0,46.0,4.0,2.0,8.0,5.0,1.0,3.0,48.0,2.0,3.0,5.0
266056,2016-03-06,La Liga,Barcelona,Eibar,7068,Marc Bartra Aregall,DEF,Right Center Back,12.48,0,W,0,0.0,0,0,0,9.0,8.0,1.0,0.0,0,0,0,0,7.0,0.0,0.0,1.0
266056,2016-03-06,La Liga,Barcelona,Eibar,11094,Arda Turan,MID,Left Center Midfield,79.12,1,W,0,0.0,0,0,0,61.0,54.0,7.0,4.0,12.0,7.0,0,2.0,61.0,3.0,4.0,7.0
3879770,2016-03-06,Serie A,Juventus,Atalanta,3477,Álvaro Borja Morata Martín,MID,Right Center Forward,7.53,0,W,0,0.0,0,0,0,1.0,1.0,0.0,0.0,4.0,0,0,1.0,1.0,0.0,0.0,0.0
3879770,2016-03-06,Serie A,Juventus,Atalanta,3579,Roberto Maximiliano Pereyra,MID,Center Attacking Midfield,80.78,1,W,0,0.0,0,0.2269,0,39.0,35.0,2.0,2.0,17.0,5.0,2.0,0,39.0,4.0,1.0,3.0
3879770,2016-03-06,Serie A,Juventus,Atalanta,3951,Mario Lemina,MID,Right Center Midfield,28.35,0,W,1.0,0.0,0.1206,0,1.0,8.0,5.0,0.0,0.0,5.0,1.0,0,0,12.0,2.0,0.0,0.0
3879770,2016-03-06,Serie A,Juventus,Atalanta,5472,Mario Mandžukić,MID,Left Center Forward,95.93,1,W,0.0,2.0,0.1281,0.6775,1.0,40.0,28.0,0.0,2.0,13.0,3.0,2.0,2.0,24.0,1.0,2.0,2.0
3879770,2016-03-06,Serie A,Juventus,Atalanta,5541,Stephan Lichtsteiner,DEF,Right Back,95.93,1,W,0,0.0,0,0,0,60.0,45.0,4.0,2.0,8.0,2.0,1.0,1.0,41.0,4.0,4.0,4.0
3879770,2016-03-06,Serie A,Juventus,Atalanta,5566,Sami Khedira,MID,Right Center Midfield,67.58,1,W,0.0,0.0,0.2077,0,1.0,41.0,32.0,2.0,3.0,11.0,8.0,1.0,0,34.0,4.0,2.0,2.0
3879770,2016-03-06,Serie A,Juventus,Atalanta,5743,Paulo Bruno Exequiel Dybala,MID,Right Center Forward,88.4,1,W,0,0.0,0,0.0653,0,41.0,29.0,4.0,3.0,10.0,6.0,0,1.0,41.0,5.0,3.0,6.0
3879770,2016-03-06,Serie A,Juventus,Atalanta,6943,Andrea Barzagli,DEF,Left Center Back,95.93,1,W,1.0,0.0,0.557,0,1.0,42.0,41.0,3.0,0.0,7.0,2.0,0,1.0,29.0,0.0,0.0,3.0
3879770,2016-03-06,Serie A,Juventus,Atalanta,6945,Alex Sandro Lobo Silva,MID,Center Attacking Midfield,15.15,0,W,0,0.0,0,0,0,4.0,2.0,0.0,0.0,4.0,1.0,0,0,4.0,1.0,0.0,0.0
3879770,2016-03-06,Serie A,Juventus,Atalanta,6949,Gianluigi Buffon,GK,Goalkeeper,95.93,1,W,0,0.0,0,0,0,30.0,23.0,5.0,1.0,0,7.0,0,0,7.0,0.0,0.0,5.0
3879770,2016-03-06,Serie A,Juventus,Atalanta,7173,Leonardo Bonucci,DEF,Right Center Back,95.93,1,W,0,0.0,0,0,0,55.0,40.0,13.0,6.0,8.0,2.0,0,1.0,33.0,1.0,7.0,13.0
3879770,2016-03-06,Serie A,Juventus,Atalanta,8294,Claudio Marchisio,MID,Center Defensive Midfield,95.93,1,W,0.0,0.0,0.0445,0,2.0,74.0,64.0,13.0,5.0,7.0,12.0,3.0,1.0,58.0,3.0,6.0,13.0
3879770,2016-03-06,Serie A,Juventus,Atalanta,20004,Paul Pogba,MID,Left Center Midfield,95.93,1,W,0.0,0.0,0.1053,0,3.0,51.0,38.0,6.0,4.0,18.0,7.0,0,1.0,57.0,3.0,5.0,6.0
3879770,2016-03-06,Serie A,Juventus,Atalanta,20008,Patrice Evra,DEF,Left Back,95.93,1,W,0,0.0,0,0,0,62.0,46.0,10.0,5.0,11.0,3.0,3.0,2.0,41.0,5.0,4.0,10.0
3879777,2016-03-11,Serie A,Juventus,Sassuolo,3477,Álvaro Borja Morata Martín,MID,Right Center Forward,14.48,0,W,0.0,0.0,0.011,0,1.0,2.0,1.0,0.0,0.0,3.0,2.0,0,0,8.0,2.0,0.0,0.0
3879777,2016-03-11,Serie A,Juventus,Sassuolo,5472,Mario Mandžukić,MID,Left Center Forward,88.48,1,W,0.0,0.0,0.0356,0.0182,1.0,19.0,14.0,1.0,0.0,25.0,0,0,4.0,10.0,1.0,0.0,2.0
3879777,2016-03-11,Serie A,Juventus,Sassuolo,5541,Stephan Lichtsteiner,MID,Left Center Forward,5.67,0,W,0,0.0,0,0,0,2.0,2.0,1.0,1.0,1.0,0,0,0,2.0,0.0,0.0,1.0
3879777,2016-03-11,Serie A,Juventus,Sassuolo,5566,Sami Khedira,MID,Right Center Midfield,71.92,1,W,0.0,0.0,0.5936,0,1.0,28.0,22.0,1.0,0.0,16.0,2.0,0,2.0,24.0,2.0,1.0,1.0
3879777,2016-03-11,Serie A,Juventus,Sassuolo,5689,Juan Guillermo Cuadrado Bello,DEF,Right Wing Back,94.15,1,W,0.0,1.0,0.1608,0.1268,2.0,50.0,37.0,2.0,2.0,20.0,8.0,1.0,4.0,42.0,5.0,1.0,4.0
3879777,2016-03-11,Serie A,Juventus,Sassuolo,5743,Paulo Bruno Exequiel Dybala,MID,Right Center Forward,79.67,1,W,1.0,0.0,0.097,0.8446,3.0,44.0,37.0,5.0,2.0,26.0,4.0,0,0,38.0,3.0,7.0,8.0
3879777,2016-03-11,Serie A,Juventus,Sassuolo,6940,Kwadwo Asamoah,MID,Left Center Midfield,94.15,1,W,0.0,0.0,0.0291,0.0574,1.0,30.0,24.0,2.0,0.0,15.0,4.0,1.0,1.0,34.0,1.0,1.0,3.0
3879777,2016-03-11,Serie A,Juventus,Sassuolo,6943,Andrea Barzagli,DEF,Right Center Back,94.15,1,W,0,0.0,0,0.0291,0,48.0,43.0,6.0,3.0,9.0,5.0,1.0,1.0,30.0,1.0,1.0,7.0
3879777,2016-03-11,Serie A,Juventus,Sassuolo,6945,Alex Sandro Lobo Silva,DEF,Left Wing Back,94.15,1,W,0.0,0.0,0.219,0.0461,4.0,62.0,51.0,4.0,1.0,11.0,7.0,2.0,0,35.0,9.0,5.0,5.0
3879777,2016-03-11,Serie A,Juventus,Sassuolo,6949,Gianluigi Buffon,GK,Goalkeeper,94.15,1,W,0,0.0,0,0,0,35.0,18.0,0.0,0.0,0,8.0,0,0,15.0,0.0,0.0,0.0
3879777,2016-03-11,Serie A,Juventus,Sassuolo,6953,Daniele Rugani,DEF,Left Center Back,94.15,1,W,0.0,0.0,0.0944,0.011,1.0,57.0,50.0,5.0,1.0,13.0,3.0,0,3.0,36.0,1.0,1.0,6.0
3879777,2016-03-11,Serie A,Juventus,Sassuolo,7173,Leonardo Bonucci,DEF,Center Back,94.15,1,W,0,0.0,0,0.0156,0,55.0,41.0,6.0,5.0,11.0,6.0,1.0,1.0,40.0,0.0,1.0,6.0
3879777,2016-03-11,Serie A,Juventus,Sassuolo,8294,Claudio Marchisio,MID,Center Defensive Midfield,94.15,1,W,0,0.0,0,0,0,51.0,40.0,15.0,7.0,18.0,12.0,0,4.0,47.0,4.0,9.0,15.0
3879777,2016-03-11,Serie A,Juventus,Sassuolo,20004,Paul Pogba,MID,Right Center Midfield,22.23,0,W,0.0,0.0,0.1225,0,2.0,6.0,5.0,0.0,0.0,4.0,3.0,1.0,0,4.0,0.0,1.0,0.0
266498,2016-03-12,La Liga,Barcelona,Getafe,4320,Neymar da Silva Santos Junior,FWD,Left Wing,92.02,1,W,2.0,0.0,0.773,0.0916,5.0,69.0,57.0,1.0,2.0,9.0,4.0,0,1.0,78.0,7.0,1.0,2.0
266498,2016-03-12,La Liga,Barcelona,Getafe,4691,Claudio Andrés Bravo Muñoz,GK,Goalkeeper,92.02,1,W,0,0.0,0,0,0,27.0,26.0,0.0,0.0,0,1.0,0,0,17.0,0.0,0.0,0.0
266498,2016-03-12,La Liga,Barcelona,Getafe,5211,Jordi Alba Ramos,DEF,Left Back,92.02,1,W,0,0.0,0,0,0,85.0,74.0,14.0,5.0,13.0,2.0,1.0,5.0,62.0,1.0,4.0,14.0
266498,2016-03-12,La Liga,Barcelona,Getafe,5213,Gerard Piqué Bernabéu,DEF,Right Center Back,68.03,1,W,0.0,1.0,0.3067,0.1937,1.0,64.0,60.0,10.0,1.0,4.0,2.0,1.0,1.0,47.0,0.0,0.0,11.0
266498,2016-03-12,La Liga,Barcelona,Getafe,5216,Andrés Iniesta Luján,MID,Left Center Midfield,60.32,1,W,0,0.0,0,0.3542,0,55.0,47.0,10.0,8.0,13.0,2.0,2.0,2.0,47.0,2.0,8.0,11.0
266498,2016-03-12,La Liga,Barcelona,Getafe,5503,Lionel Andrés Messi Cuccittini,FWD,Right Wing,92.02,1,W,1.0,3.0,1.0513,1.3703,6.0,54.0,45.0,13.0,10.0,5.0,3.0,0,0,68.0,8.0,16.0,15.0
266498,2016-03-12,La Liga,Barcelona,Getafe,6332,Thomas Vermaelen,DEF,Left Center Back,31.95,0,W,0,0.0,0,0,0,23.0,21.0,1.0,1.0,2.0,1.0,0,0,19.0,2.0,0.0,1.0
266498,2016-03-12,La Liga,Barcelona,Getafe,6379,Sergi Roberto Carnicer,MID,Center Defensive Midfield,92.02,1,W,0,0.0,0,0.0093,0,58.0,56.0,3.0,3.0,22.0,5.0,2.0,2.0,42.0,3.0,2.0,4.0
266498,2016-03-12,La Liga,Barcelona,Getafe,6400,Aleix Vidal Parreu,DEF,Right Back,92.02,1,W,0,0.0,0,0,0,80.0,71.0,9.0,3.0,16.0,6.0,2.0,1.0,68.0,2.0,6.0,9.0
266498,2016-03-12,La Liga,Barcelona,Getafe,6616,Munir El Haddadi Mohamed,FWD,Center Forward,92.02,1,W,1.0,0.0,0.4327,0,1.0,27.0,24.0,2.0,1.0,18.0,2.0,1.0,0,22.0,2.0,2.0,2.0
266498,2016-03-12,La Liga,Barcelona,Getafe,7068,Marc Bartra Aregall,DEF,Right Center Back,23.98,0,W,0,0.0,0,0,0,18.0,18.0,2.0,2.0,4.0,0,0,2.0,13.0,1.0,1.0,2.0
266498,2016-03-12,La Liga,Barcelona,Getafe,10609,Jérémy Mathieu,DEF,Left Center Back,60.07,1,W,0,0.0,0,0,0,56.0,52.0,4.0,2.0,3.0,2.0,1.0,3.0,51.0,2.0,1.0,4.0
266498,2016-03-12,La Liga,Barcelona,Getafe,11094,Arda Turan,MID,Right Center Midfield,92.02,1,W,1.0,1.0,0.3676,0.0375,2.0,69.0,65.0,8.0,5.0,19.0,10.0,0,2.0,68.0,7.0,4.0,9.0
266498,2016-03-12,La Liga,Barcelona,Getafe,21229,Sergi Samper Montaña,MID,Left Center Midfield,31.7,0,W,0,0.0,0,0,0,26.0,22.0,4.0,0.0,11.0,2.0,0,2.0,20.0,1.0,1.0,4.0
3890492,2016-03-13,Bundesliga,Bayer Leverkusen,Hamburger SV,3058,Javier Hernández Balcázar,FWD,Center Forward,68.62,1,W,0.0,0.0,0.309,0.068,2.0,13.0,10.0,0.0,2.0,9.0,1.0,0,0,6.0,0.0,0.0,1.0
3890492,2016-03-13,Bundesliga,Bayer Leverkusen,Hamburger SV,5494,Robbie Kruse,FWD,Right Wing,38.48,0,W,0.0,0.0,0.1382,0,1.0,14.0,11.0,0.0,1.0,10.0,2.0,2.0,0,13.0,3.0,0.0,0.0
3890492,2016-03-13,Bundesliga,Bayer Leverkusen,Hamburger SV,5555,Julian Brandt,FWD,Left Wing,97.68,1,W,0,0.0,0,0,0,45.0,29.0,3.0,1.0,22.0,6.0,1.0,1.0,41.0,8.0,3.0,3.0
3890492,2016-03-13,Bundesliga,Bayer Leverkusen,Hamburger SV,6309,Tin Jedvaj,DEF,Right Back,97.68,1,W,0,0.0,0,0.1382,0,45.0,28.0,6.0,6.0,22.0,7.0,5.0,1.0,15.0,3.0,7.0,7.0
3890492,2016-03-13,Bundesliga,Bayer Leverkusen,Hamburger SV,7039,Hakan Çalhanoğlu,MID,Center Attacking Midfield,97.68,1,W,0.0,0.0,0.0585,0.1958,2.0,54.0,27.0,10.0,6.0,23.0,4.0,0,3.0,32.0,2.0,16.0,12.0
3890492,2016-03-13,Bundesliga,Bayer Leverkusen,Hamburger SV,8212,Wendell Nascimento Borges,DEF,Left Back,97.68,1,W,0,0.0,0,0,0,57.0,38.0,10.0,3.0,22.0,5.0,1.0,5.0,22.0,0.0,2.0,10.0
3890492,2016-03-13,Bundesliga,Bayer Leverkusen,Hamburger SV,8213,Karim Bellarabi,FWD,Right Wing,59.2,1,W,0,0.0,0,0.0679,0,21.0,13.0,5.0,1.0,14.0,6.0,0,2.0,18.0,3.0,4.0,5.0
3890492,2016-03-13,Bundesliga,Bayer Leverkusen,Hamburger SV,8221,Jonathan Tah,DEF,Right Center Back,97.68,1,W,0,0.0,0,0,0,20.0,13.0,5.0,1.0,9.0,6.0,2.0,0,8.0,0.0,2.0,5.0
3890492,2016-03-13,Bundesliga,Bayer Leverkusen,Hamburger SV,8313,Kyriakos Papadopoulos,MID,Right Defensive Midfield,97.68,1,W,0.0,0.0,0.1225,0,1.0,25.0,16.0,5.0,1.0,22.0,5.0,2.0,3.0,9.0,0.0,2.0,5.0
3890492,2016-03-13,Bundesliga,Bayer Leverkusen,Hamburger SV,8573,Ömer Toprak,DEF,Left Center Back,97.68,1,W,0.0,0.0,0.0679,0,1.0,22.0,10.0,6.0,4.0,9.0,3.0,3.0,1.0,7.0,0.0,1.0,6.0
3890492,2016-03-13,Bundesliga,Bayer Leverkusen,Hamburger SV,9363,André Ramalho Silva,MID,Left Defensive Midfield,20.85,0,W,0,0.0,0,0,0,5.0,2.0,0.0,0.0,9.0,1.0,1.0,0,1.0,0.0,0.0,0.0
3890492,2016-03-13,Bundesliga,Bayer Leverkusen,Hamburger SV,11394,Stefan Kießling,MID,Right Center Forward,29.07,0,W,0.0,0.0,0.2259,0,1.0,10.0,5.0,0.0,0.0,10.0,3.0,0,4.0,14.0,0.0,2.0,0.0
3890492,2016-03-13,Bundesliga,Bayer Leverkusen,Hamburger SV,15581,Bernd Leno,GK,Goalkeeper,97.68,1,W,0,0.0,0,0,0,20.0,3.0,1.0,0.0,0,3.0,0,0,8.0,0.0,0.0,1.0
3890492,2016-03-13,Bundesliga,Bayer Leverkusen,Hamburger SV,21168,Marlon Frey,MID,Left Defensive Midfield,76.83,1,W,0.0,0.0,0.1944,0,5.0,20.0,14.0,4.0,3.0,18.0,4.0,2.0,1.0,15.0,0.0,2.0,4.0
3901183,2016-03-13,Ligue 1,Paris Saint-Germain,Troyes,2995,Ángel Fabián Di María Hernández,FWD,Right Wing,60.57,1,W,0,1.0,0,0.2732,0,59.0,45.0,7.0,5.0,10.0,4.0,2.0,0,41.0,5.0,8.0,9.0
3901183,2016-03-13,Ligue 1,Paris Saint-Germain,Troyes,3026,Adrien Rabiot,MID,Left Center Midfield,60.82,1,W,1.0,0.0,0.1897,0.1079,1.0,60.0,51.0,2.0,3.0,15.0,6.0,1.0,1.0,52.0,0.0,6.0,3.0
3901183,2016-03-13,Ligue 1,Paris Saint-Germain,Troyes,3295,Thiago Emiliano da Silva,DEF,Right Center Back,90.5,1,W,0.0,0.0,0.088,0,1.0,103.0,102.0,6.0,1.0,7.0,6.0,0,1.0,80.0,0.0,0.0,6.0
3901183,2016-03-13,Ligue 1,Paris Saint-Germain,Troyes,3672,Zlatan Ibrahimović,FWD,Center Forward,90.5,1,W,4.0,1.0,0.7366,1.0488,8.0,30.0,23.0,2.0,2.0,11.0,6.0,0,0,43.0,7.0,2.0,4.0
3901183,2016-03-13,Ligue 1,Paris Saint-Germain,Troyes,3745,Lucas Rodrigues Moura da Silva,FWD,Right Wing,29.93,0,W,0.0,0.0,0.3125,0,1.0,18.0,15.0,1.0,1.0,6.0,2.0,1.0,0,16.0,1.0,1.0,1.0
3901183,2016-03-13,Ligue 1,Paris Saint-Germain,Troyes,3956,David Luiz Moreira Marinho,DEF,Left Center Back,90.5,1,W,0.0,0.0,0.008,0,1.0,79.0,76.0,8.0,1.0,7.0,3.0,1.0,0,62.0,0.0,1.0,8.0
3901183,2016-03-13,Ligue 1,Paris Saint-Germain,Troyes,4319,Edinson Roberto Cavani Gómez,FWD,Left Wing,90.5,1,W,2.0,1.0,3.243,0.1194,6.0,31.0,27.0,1.0,1.0,7.0,5.0,1.0,0,27.0,3.0,1.0,3.0
3901183,2016-03-13,Ligue 1,Paris Saint-Germain,Troyes,4326,Layvin Kurzawa,DEF,Left Back,90.5,1,W,0.0,1.0,0.0966,0.0725,1.0,53.0,50.0,2.0,1.0,15.0,4.0,1.0,2.0,40.0,1.0,1.0,3.0
3901183,2016-03-13,Ligue 1,Paris Saint-Germain,Troyes,4370,Javier Matías Pastore,MID,Right Center Midfield,90.5,1,W,1.0,1.0,1.0488,0.5383,3.0,105.0,80.0,17.0,8.0,29.0,6.0,0,0,97.0,7.0,10.0,19.0
3901183,2016-03-13,Ligue 1,Paris Saint-Germain,Troyes,4372,Marcos Aoás Corrêa,DEF,Right Back,45.5,0,W,0,0.0,0,0,0,28.0,25.0,4.0,1.0,7.0,0,0,2.0,16.0,0.0,3.0,4.0
3901183,2016-03-13,Ligue 1,Paris Saint-Germain,Troyes,4440,Kevin Trapp,GK,Goalkeeper,90.5,1,W,0,0.0,0,0,0,29.0,29.0,0.0,0.0,0,3.0,0,0,10.0,0.0,0.0,0.0
3901183,2016-03-13,Ligue 1,Paris Saint-Germain,Troyes,8515,Benjamin Stambouli,MID,Center Defensive Midfield,90.5,1,W,0,0.0,0,0,0,92.0,90.0,8.0,6.0,20.0,4.0,3.0,3.0,71.0,0.0,3.0,8.0
3901183,2016-03-13,Ligue 1,Paris Saint-Germain,Troyes,20048,Gregory van der Wiel,DEF,Right Back,45.0,1,W,0,0.0,0,0,0,30.0,25.0,0.0,0.0,8.0,3.0,1.0,1.0,25.0,1.0,2.0,0.0
3901183,2016-03-13,Ligue 1,Paris Saint-Germain,Troyes,26613,Maxwell Scherrer Cabelino Andrade,MID,Left Center Midfield,29.68,0,W,0,0.0,0,0,0,25.0,24.0,1.0,0.0,4.0,1.0,0,0,20.0,0.0,0.0,1.0
3753980,2016-03-19,Premier League,Arsenal,Everton,3385,Alexis Alejandro Sánchez Sánchez,FWD,Right Wing,95.05,1,W,0,1.0,0,1.2318,0,47.0,35.0,7.0,2.0,28.0,6.0,0,2.0,45.0,4.0,7.0,10.0
3753980,2016-03-19,Premier League,Arsenal,Everton,3394,Laurent Koscielny,DEF,Left Center Back,95.05,1,W,0,0.0,0,0,0,39.0,30.0,8.0,2.0,5.0,4.0,3.0,1.0,23.0,1.0,1.0,8.0
3753980,2016-03-19,Premier League,Arsenal,Everton,3437,Francis Joseph Coquelin,MID,Left Defensive Midfield,95.05,1,W,0.0,0.0,0.0211,0,1.0,48.0,40.0,9.0,7.0,23.0,8.0,9.0,4.0,31.0,1.0,4.0,9.0
3753980,2016-03-19,Premier League,Arsenal,Everton,3496,Mesut Özil,MID,Center Attacking Midfield,74.05,1,W,0.0,0.0,0.1345,0.0831,2.0,62.0,51.0,7.0,6.0,9.0,3.0,2.0,1.0,53.0,1.0,5.0,8.0
3753980,2016-03-19,Premier League,Arsenal,Everton,3498,Ignacio Monreal Eraso,DEF,Left Back,95.05,1,W,0,0.0,0,0,0,53.0,39.0,7.0,4.0,10.0,5.0,3.0,3.0,27.0,2.0,5.0,7.0
3753980,2016-03-19,Premier League,Arsenal,Everton,3511,Héctor Bellerín Moruno,DEF,Right Back,95.05,1,W,0.0,1.0,0.1556,0.2448,1.0,57.0,46.0,5.0,6.0,14.0,5.0,3.0,2.0,55.0,5.0,3.0,5.0
3753980,2016-03-19,Premier League,Arsenal,Everton,3528,Kieran Gibbs,MID,Center Attacking Midfield,21.0,0,W,0,0.0,0,0,0,7.0,5.0,1.0,1.0,9.0,1.0,0,1.0,4.0,1.0,1.0,1.0
3753980,2016-03-19,Premier League,Arsenal,Everton,3568,Mohamed Naser Elsayed Elneny,MID,Right Defensive Midfield,95.05,1,W,0,0.0,0,0,0,51.0,43.0,5.0,6.0,24.0,5.0,2.0,0,45.0,0.0,3.0,5.0
3753980,2016-03-19,Premier League,Arsenal,Everton,3569,Daniel Nii Tackie Mensah Welbeck,FWD,Center Forward,74.07,1,W,1.0,0.0,0.8986,0.061,1.0,15.0,13.0,2.0,1.0,23.0,4.0,0,2.0,22.0,4.0,0.0,3.0
3753980,2016-03-19,Premier League,Arsenal,Everton,3604,Olivier Giroud,FWD,Center Forward,20.98,0,W,0.0,0.0,0.0968,0,2.0,7.0,4.0,1.0,0.0,8.0,1.0,0,2.0,4.0,1.0,0.0,1.0
3753980,2016-03-19,Premier League,Arsenal,Everton,3647,Alex Iwobi,FWD,Left Wing,85.25,1,W,1.0,0.0,0.4405,0.0917,3.0,36.0,28.0,4.0,2.0,27.0,3.0,1.0,5.0,41.0,10.0,4.0,5.0
3753980,2016-03-19,Premier League,Arsenal,Everton,3713,Calum Chambers,MID,Center Attacking Midfield,9.8,0,W,0,0.0,0,0.0802,0,5.0,4.0,1.0,0.0,6.0,0,0,1.0,4.0,0.0,0.0,2.0
3753980,2016-03-19,Premier League,Arsenal,Everton,4276,David Ospina Ramírez,GK,Goalkeeper,95.05,1,W,0,0.0,0,0,0,26.0,15.0,7.0,3.0,0,8.0,0,0,10.0,0.0,0.0,7.0
3753980,2016-03-19,Premier League,Arsenal,Everton,6746,Gabriel Armando de Abreu,DEF,Right Center Back,95.05,1,W,0.0,0.0,0.0831,0,1.0,37.0,28.0,6.0,2.0,5.0,3.0,6.0,1.0,22.0,1.0,2.0,6.0
266106,2016-03-20,La Liga,Barcelona,Villarreal,4320,Neymar da Silva Santos Junior,FWD,Left Wing,94.88,1,D,1.0,0.0,0.9415,0.1359,2.0,74.0,59.0,6.0,4.0,7.0,2.0,0,1.0,67.0,3.0,4.0,9.0
266106,2016-03-20,La Liga,Barcelona,Villarreal,4324,Daniel Alves da Silva,MID,Left Center Midfield,38.57,0,D,0.0,0.0,0.0202,0,1.0,36.0,28.0,5.0,3.0,2.0,4.0,1.0,0,25.0,2.0,3.0,5.0
266106,2016-03-20,La Liga,Barcelona,Villarreal,4691,Claudio Andrés Bravo Muñoz,GK,Goalkeeper,94.88,1,D,0,0.0,0,0,0,32.0,28.0,0.0,0.0,0,6.0,0,0,20.0,0.0,0.0,0.0
266106,2016-03-20,La Liga,Barcelona,Villarreal,5203,Sergio Busquets i Burgos,MID,Center Defensive Midfield,94.88,1,D,0,0.0,0,0,0,79.0,73.0,5.0,3.0,12.0,6.0,0,2.0,63.0,0.0,2.0,5.0
266106,2016-03-20,La Liga,Barcelona,Villarreal,5211,Jordi Alba Ramos,DEF,Left Back,94.88,1,D,0,0.0,0,0,0,93.0,79.0,7.0,8.0,7.0,3.0,0,1.0,65.0,2.0,2.0,7.0
266106,2016-03-20,La Liga,Barcelona,Villarreal,5213,Gerard Piqué Bernabéu,DEF,Right Center Back,54.25,1,D,0,0.0,0,0,0,46.0,41.0,7.0,1.0,1.0,1.0,0,2.0,34.0,0.0,0.0,7.0
266106,2016-03-20,La Liga,Barcelona,Villarreal,5246,Luis Alberto Suárez Díaz,FWD,Center Forward,94.88,1,D,0.0,0.0,0.0848,0.0223,2.0,31.0,25.0,1.0,1.0,6.0,3.0,0,1.0,18.0,1.0,1.0,2.0
266106,2016-03-20,La Liga,Barcelona,Villarreal,5470,Ivan Rakitić,MID,Right Center Midfield,94.88,1,D,1.0,0.0,0.4225,0,4.0,59.0,53.0,5.0,5.0,13.0,4.0,0,4.0,52.0,0.0,3.0,5.0
266106,2016-03-20,La Liga,Barcelona,Villarreal,5503,Lionel Andrés Messi Cuccittini,FWD,Right Wing,94.88,1,D,0.0,0.0,0.1455,0.3751,4.0,71.0,65.0,22.0,8.0,4.0,2.0,0,1.0,69.0,6.0,18.0,22.0
266106,2016-03-20,La Liga,Barcelona,Villarreal,5506,Javier Alejandro Mascherano,DEF,Left Center Back,94.88,1,D,0,0.0,0,0.0516,0,71.0,62.0,9.0,6.0,15.0,1.0,2.0,2.0,47.0,3.0,6.0,10.0
266106,2016-03-20,La Liga,Barcelona,Villarreal,6379,Sergi Roberto Carnicer,DEF,Right Back,94.88,1,D,0.0,0.0,0.0223,0.0096,1.0,63.0,56.0,6.0,0.0,5.0,5.0,2.0,0,48.0,0.0,2.0,7.0
266106,2016-03-20,La Liga,Barcelona,Villarreal,10609,Jérémy Mathieu,DEF,Right Center Back,40.63,0,D,0.0,0.0,0.1396,0,1.0,23.0,21.0,5.0,4.0,4.0,0,1.0,0,19.0,2.0,3.0,5.0
266106,2016-03-20,La Liga,Barcelona,Villarreal,11094,Arda Turan,MID,Left Center Midfield,56.32,1,D,0,0.0,0,0,0,41.0,39.0,1.0,1.0,10.0,8.0,0,1.0,40.0,1.0,0.0,1.0
3890500,2016-03-20,Bundesliga,Bayer Leverkusen,VfB Stuttgart,3058,Javier Hernández Balcázar,MID,Right Center Forward,93.27,1,W,0.0,0.0,0.2422,0.7772,2.0,27.0,16.0,2.0,1.0,5.0,1.0,0,0,21.0,2.0,1.0,4.0
3890500,2016-03-20,Bundesliga,Bayer Leverkusen,VfB Stuttgart,5494,Robbie Kruse,MID,Right Midfield,26.12,0,W,0.0,0.0,0.0494,0,1.0,11.0,6.0,0.0,1.0,6.0,3.0,0,0,15.0,3.0,0.0,0.0
3890500,2016-03-20,Bundesliga,Bayer Leverkusen,VfB Stuttgart,5555,Julian Brandt,MID,Left Midfield,88.55,1,W,1.0,1.0,0.8542,0.3596,4.0,43.0,27.0,3.0,1.0,9.0,5.0,0,0,34.0,9.0,3.0,7.0
3890500,2016-03-20,Bundesliga,Bayer Leverkusen,VfB Stuttgart,8211,Benjamin Henrichs,DEF,Right Back,93.27,1,W,0,0.0,0,0,0,37.0,25.0,8.0,6.0,20.0,6.0,2.0,5.0,15.0,2.0,6.0,8.0
3890500,2016-03-20,Bundesliga,Bayer Leverkusen,VfB Stuttgart,8212,Wendell Nascimento Borges,DEF,Left Back,93.27,1,W,0,0.0,0,0,0,48.0,37.0,10.0,3.0,9.0,5.0,1.0,3.0,20.0,0.0,0.0,10.0
3890500,2016-03-20,Bundesliga,Bayer Leverkusen,VfB Stuttgart,8213,Karim Bellarabi,MID,Right Midfield,67.15,1,W,1.0,1.0,0.193,0.1453,3.0,20.0,15.0,4.0,3.0,15.0,7.0,1.0,2.0,27.0,3.0,5.0,6.0
3890500,2016-03-20,Bundesliga,Bayer Leverkusen,VfB Stuttgart,8219,Admir Mehmedi,MID,Right Midfield,4.72,0,W,0,0.0,0,0,0,1.0,0.0,0.0,0.0,2.0,0,0,0,1.0,1.0,0.0,0.0
3890500,2016-03-20,Bundesliga,Bayer Leverkusen,VfB Stuttgart,8221,Jonathan Tah,DEF,Right Center Back,93.27,1,W,0.0,0.0,0.0683,0,1.0,30.0,24.0,6.0,4.0,8.0,6.0,0,3.0,20.0,0.0,1.0,6.0
3890500,2016-03-20,Bundesliga,Bayer Leverkusen,VfB Stuttgart,8805,Christoph Kramer,MID,Right Defensive Midfield,93.27,1,W,0,0.0,0,0.1785,0,41.0,30.0,4.0,2.0,19.0,13.0,0,3.0,32.0,2.0,6.0,5.0
3890500,2016-03-20,Bundesliga,Bayer Leverkusen,VfB Stuttgart,9363,André Ramalho Silva,DEF,Left Center Back,93.27,1,W,0,0.0,0,0,0,38.0,28.0,3.0,2.0,10.0,5.0,0,6.0,18.0,0.0,1.0,3.0
3890500,2016-03-20,Bundesliga,Bayer Leverkusen,VfB Stuttgart,11394,Stefan Kießling,MID,Left Center Forward,93.27,1,W,0.0,0.0,0.5825,0.0353,2.0,36.0,18.0,1.0,1.0,14.0,3.0,0,2.0,25.0,0.0,3.0,2.0
3890500,2016-03-20,Bundesliga,Bayer Leverkusen,VfB Stuttgart,15581,Bernd Leno,GK,Goalkeeper,93.27,1,W,0,0.0,0,0,0,35.0,19.0,10.0,6.0,0,1.0,0,0,12.0,0.0,0.0,10.0
3890500,2016-03-20,Bundesliga,Bayer Leverkusen,VfB Stuttgart,21168,Marlon Frey,MID,Left Defensive Midfield,10.5,0,W,0,0.0,0,0,0,6.0,4.0,1.0,1.0,0,2.0,0,0,4.0,0.0,1.0,1.0
3890500,2016-03-20,Bundesliga,Bayer Leverkusen,VfB Stuttgart,24428,Vladlen Yurchenko,MID,Left Defensive Midfield,82.77,1,W,0.0,0.0,0.1375,0.4955,2.0,38.0,26.0,7.0,8.0,17.0,1.0,1.0,2.0,16.0,1.0,8.0,7.0
3879790,2016-03-20,Serie A,Juventus,Torino,3477,Álvaro Borja Morata Martín,MID,Right Center Forward,62.12,0,W,2.0,0.0,0.7256,0.0234,3.0,19.0,15.0,0.0,0.0,18.0,3.0,0,0,30.0,4.0,2.0,1.0
3879790,2016-03-20,Serie A,Juventus,Torino,3951,Mario Lemina,MID,Center Defensive Midfield,93.7,1,W,0,0.0,0,0.0167,0,58.0,53.0,9.0,5.0,18.0,4.0,2.0,1.0,37.0,1.0,5.0,10.0
3879790,2016-03-20,Serie A,Juventus,Torino,5472,Mario Mandžukić,MID,Left Center Forward,84.55,1,W,0.0,1.0,0.0653,0.2598,1.0,24.0,15.0,0.0,1.0,11.0,2.0,0,0,12.0,0.0,1.0,1.0
3879790,2016-03-20,Serie A,Juventus,Torino,5541,Stephan Lichtsteiner,DEF,Right Wing Back,49.22,1,W,0.0,0.0,0.0234,0,1.0,26.0,16.0,5.0,4.0,5.0,1.0,0,1.0,16.0,3.0,3.0,5.0
3879790,2016-03-20,Serie A,Juventus,Torino,5566,Sami Khedira,MID,Right Center Midfield,86.03,1,W,1.0,0.0,0.2765,0,2.0,38.0,34.0,3.0,1.0,14.0,2.0,2.0,2.0,28.0,5.0,2.0,3.0
3879790,2016-03-20,Serie A,Juventus,Torino,5689,Juan Guillermo Cuadrado Bello,DEF,Right Wing Back,44.48,0,W,0,0.0,0,0,0,23.0,21.0,0.0,0.0,8.0,2.0,0,2.0,19.0,0.0,0.0,0.0
3879790,2016-03-20,Serie A,Juventus,Torino,5743,Paulo Bruno Exequiel Dybala,MID,Right Center Forward,31.58,1,W,0.0,0.0,0.0719,0,2.0,20.0,12.0,5.0,4.0,8.0,3.0,0,0,18.0,2.0,4.0,5.0
3879790,2016-03-20,Serie A,Juventus,Torino,6584,Simone Zaza,MID,Left Center Forward,9.15,0,W,0,0.0,0,0.175,0,4.0,3.0,1.0,1.0,2.0,0,0,0,2.0,0.0,0.0,1.0
3879790,2016-03-20,Serie A,Juventus,Torino,6943,Andrea Barzagli,DEF,Right Center Back,93.7,1,W,0,0.0,0,0,0,52.0,48.0,13.0,2.0,4.0,8.0,0,1.0,40.0,3.0,0.0,13.0
3879790,2016-03-20,Serie A,Juventus,Torino,6945,Alex Sandro Lobo Silva,DEF,Left Wing Back,93.7,1,W,0,0.0,0,0.026,0,38.0,30.0,3.0,1.0,9.0,5.0,0,1.0,28.0,4.0,1.0,4.0
3879790,2016-03-20,Serie A,Juventus,Torino,6949,Gianluigi Buffon,GK,Goalkeeper,93.7,1,W,0,0.0,0,0,0,33.0,22.0,2.0,0.0,0,5.0,0,0,10.0,0.0,0.0,2.0
3879790,2016-03-20,Serie A,Juventus,Torino,6953,Daniele Rugani,DEF,Left Center Back,93.7,1,W,0,0.0,0,0,0,71.0,61.0,11.0,5.0,13.0,9.0,1.0,2.0,49.0,5.0,6.0,11.0
3879790,2016-03-20,Serie A,Juventus,Torino,7173,Leonardo Bonucci,DEF,Center Back,93.7,1,W,0,0.0,0,0,0,44.0,33.0,6.0,0.0,13.0,3.0,2.0,0,20.0,0.0,1.0,6.0
3879790,2016-03-20,Serie A,Juventus,Torino,20004,Paul Pogba,MID,Left Center Midfield,93.7,1,W,1.0,1.0,0.2293,0.1653,5.0,47.0,38.0,6.0,2.0,23.0,6.0,3.0,5.0,49.0,1.0,5.0,6.0
3901193,2016-03-20,Ligue 1,Paris Saint-Germain,AS Monaco,2995,Ángel Fabián Di María Hernández,MID,Left Center Midfield,81.05,1,L,0.0,0.0,0.2303,0.3087,3.0,105.0,84.0,16.0,10.0,14.0,3.0,0,1.0,87.0,1.0,16.0,19.0
3901193,2016-03-20,Ligue 1,Paris Saint-Germain,AS Monaco,3026,Adrien Rabiot,MID,Right Center Midfield,65.75,1,L,0.0,0.0,0.021,0,1.0,64.0,60.0,5.0,7.0,20.0,7.0,1.0,2.0,56.0,0.0,3.0,5.0
3901193,2016-03-20,Ligue 1,Paris Saint-Germain,AS Monaco,3295,Thiago Emiliano da Silva,DEF,Right Center Back,94.17,1,L,0.0,0.0,0.3062,0,1.0,82.0,77.0,14.0,8.0,6.0,8.0,2.0,4.0,60.0,0.0,6.0,14.0
3901193,2016-03-20,Ligue 1,Paris Saint-Germain,AS Monaco,3672,Zlatan Ibrahimović,FWD,Center Forward,94.17,1,L,0.0,0.0,0.8425,0.1798,8.0,70.0,51.0,7.0,6.0,4.0,7.0,0,2.0,43.0,1.0,4.0,8.0
3901193,2016-03-20,Ligue 1,Paris Saint-Germain,AS Monaco,3745,Lucas Rodrigues Moura da Silva,FWD,Right Wing,94.17,1,L,0,0.0,0,0.5844,0,71.0,66.0,3.0,1.0,7.0,8.0,2.0,2.0,62.0,3.0,2.0,8.0
3901193,2016-03-20,Ligue 1,Paris Saint-Germain,AS Monaco,3956,David Luiz Moreira Marinho,DEF,Left Center Back,94.17,1,L,0.0,0.0,0.0446,0,1.0,72.0,66.0,10.0,6.0,6.0,6.0,0,0,57.0,3.0,2.0,10.0
3901193,2016-03-20,Ligue 1,Paris Saint-Germain,AS Monaco,4319,Edinson Roberto Cavani Gómez,FWD,Left Wing,94.17,1,L,0.0,0.0,0.571,0,7.0,52.0,42.0,2.0,3.0,13.0,2.0,1.0,3.0,29.0,0.0,2.0,2.0
3901193,2016-03-20,Ligue 1,Paris Saint-Germain,AS Monaco,4325,Thiago Motta,MID,Center Defensive Midfield,79.93,1,L,0,0.0,0,0.1048,0,110.0,101.0,16.0,8.0,18.0,4.0,0,1.0,86.0,2.0,5.0,16.0
3901193,2016-03-20,Ligue 1,Paris Saint-Germain,AS Monaco,4372,Marcos Aoás Corrêa,DEF,Right Back,94.17,1,L,0,0.0,0,0.2074,0,105.0,95.0,10.0,6.0,17.0,6.0,5.0,3.0,78.0,2.0,8.0,10.0
3901193,2016-03-20,Ligue 1,Paris Saint-Germain,AS Monaco,4375,Blaise Matuidi,MID,Right Center Midfield,28.42,0,L,0.0,0.0,0.0429,0,1.0,35.0,31.0,7.0,5.0,3.0,4.0,1.0,2.0,28.0,1.0,5.0,7.0
3901193,2016-03-20,Ligue 1,Paris Saint-Germain,AS Monaco,4440,Kevin Trapp,GK,Goalkeeper,94.17,1,L,0,0.0,0,0,0,19.0,16.0,0.0,0.0,0,2.0,0,0,6.0,0.0,0.0,0.0
3901193,2016-03-20,Ligue 1,Paris Saint-Germain,AS Monaco,8510,Jean-Kévin Augustin,MID,Left Midfield,13.12,0,L,0.0,0.0,0.1798,0,1.0,7.0,6.0,0.0,0.0,0,1.0,0,0,6.0,2.0,0.0,0.0
3901193,2016-03-20,Ligue 1,Paris Saint-Germain,AS Monaco,8515,Benjamin Stambouli,MID,Left Defensive Midfield,14.23,0,L,0,0.0,0,0,0,14.0,14.0,0.0,0.0,3.0,4.0,0,0,11.0,0.0,0.0,0.0
3901193,2016-03-20,Ligue 1,Paris Saint-Germain,AS Monaco,26613,Maxwell Scherrer Cabelino Andrade,DEF,Left Back,94.17,1,L,0,0.0,0,0.1231,0,81.0,76.0,5.0,4.0,12.0,6.0,0,5.0,56.0,0.0,1.0,6.0
3890502,2016-04-01,Bundesliga,Bayer Leverkusen,Wolfsburg,3058,Javier Hernández Balcázar,MID,Right Defensive Midfield,31.73,0,W,1.0,1.0,0.1306,0.0657,2.0,4.0,1.0,0.0,0.0,6.0,1.0,0,2.0,4.0,1.0,0.0,1.0
3890502,2016-04-01,Bundesliga,Bayer Leverkusen,Wolfsburg,5555,Julian Brandt,FWD,Left Wing,92.12,1,W,1.0,0.0,0.2933,0.0805,2.0,36.0,30.0,6.0,2.0,17.0,9.0,0,0,36.0,8.0,3.0,7.0
3890502,2016-04-01,Bundesliga,Bayer Leverkusen,Wolfsburg,6309,Tin Jedvaj,DEF,Right Back,92.12,1,W,0,0.0,0,0,0,32.0,20.0,6.0,8.0,12.0,1.0,1.0,2.0,14.0,0.0,6.0,6.0
3890502,2016-04-01,Bundesliga,Bayer Leverkusen,Wolfsburg,7039,Hakan Çalhanoğlu,MID,Center Attacking Midfield,63.15,1,W,0.0,1.0,0.0826,0.357,2.0,43.0,31.0,5.0,3.0,13.0,4.0,1.0,1.0,33.0,1.0,3.0,7.0
3890502,2016-04-01,Bundesliga,Bayer Leverkusen,Wolfsburg,8210,Charles Mariano Aránguiz Sandoval,MID,Left Center Forward,4.62,0,W,0,0.0,0,0,0,2.0,2.0,0.0,0.0,3.0,1.0,0,1.0,1.0,0.0,0.0,0.0
3890502,2016-04-01,Bundesliga,Bayer Leverkusen,Wolfsburg,8212,Wendell Nascimento Borges,DEF,Left Back,92.12,1,W,0.0,0.0,0.0647,0.0131,1.0,59.0,47.0,5.0,1.0,17.0,11.0,2.0,2.0,36.0,3.0,2.0,5.0
3890502,2016-04-01,Bundesliga,Bayer Leverkusen,Wolfsburg,8213,Karim Bellarabi,FWD,Right Wing,92.12,1,W,0.0,1.0,0.0757,0.0423,3.0,23.0,14.0,3.0,1.0,29.0,5.0,0,2.0,29.0,10.0,3.0,5.0
3890502,2016-04-01,Bundesliga,Bayer Leverkusen,Wolfsburg,8221,Jonathan Tah,DEF,Right Center Back,92.12,1,W,0,0.0,0,0.0062,0,40.0,35.0,5.0,2.0,6.0,4.0,1.0,0,29.0,0.0,2.0,6.0
3890502,2016-04-01,Bundesliga,Bayer Leverkusen,Wolfsburg,8805,Christoph Kramer,MID,Left Defensive Midfield,92.12,1,W,0,0.0,0,0,0,59.0,40.0,8.0,4.0,16.0,4.0,1.0,0,35.0,2.0,10.0,8.0
3890502,2016-04-01,Bundesliga,Bayer Leverkusen,Wolfsburg,8969,Lars Bender,MID,Right Defensive Midfield,60.38,1,W,0,0.0,0,0,0,30.0,21.0,3.0,2.0,22.0,2.0,1.0,3.0,13.0,0.0,3.0,3.0
3890502,2016-04-01,Bundesliga,Bayer Leverkusen,Wolfsburg,9363,André Ramalho Silva,DEF,Left Center Back,92.12,1,W,0.0,0.0,0.0368,0,1.0,48.0,38.0,4.0,2.0,11.0,3.0,5.0,3.0,33.0,1.0,1.0,4.0
3890502,2016-04-01,Bundesliga,Bayer Leverkusen,Wolfsburg,11394,Stefan Kießling,FWD,Center Forward,87.5,1,W,0,0.0,0,0,0,18.0,13.0,2.0,2.0,17.0,2.0,0,1.0,10.0,0.0,1.0,2.0
3890502,2016-04-01,Bundesliga,Bayer Leverkusen,Wolfsburg,15581,Bernd Leno,GK,Goalkeeper,92.12,1,W,0,0.0,0,0,0,36.0,21.0,2.0,0.0,2.0,4.0,0,0,17.0,0.0,0.0,2.0
3890502,2016-04-01,Bundesliga,Bayer Leverkusen,Wolfsburg,24428,Vladlen Yurchenko,MID,Right Defensive Midfield,28.97,0,W,1.0,0.0,0.0657,0,1.0,8.0,5.0,2.0,2.0,5.0,2.0,0,0,7.0,0.0,1.0,2.0
3754118,2016-04-02,Premier League,Arsenal,Watford,3385,Alexis Alejandro Sánchez Sánchez,FWD,Right Wing,78.22,1,W,1.0,1.0,0.7877,0.851,4.0,64.0,53.0,5.0,0.0,6.0,8.0,0,0,49.0,3.0,9.0,8.0
3754118,2016-04-02,Premier League,Arsenal,Watford,3394,Laurent Koscielny,DEF,Left Center Back,93.03,1,W,0,0.0,0,0,0,70.0,64.0,8.0,2.0,5.0,2.0,4.0,0,43.0,1.0,3.0,8.0
3754118,2016-04-02,Premier League,Arsenal,Watford,3437,Francis Joseph Coquelin,MID,Left Defensive Midfield,93.03,1,W,0.0,0.0,0.0537,0,1.0,87.0,80.0,21.0,15.0,10.0,4.0,4.0,4.0,66.0,1.0,8.0,21.0
3754118,2016-04-02,Premier League,Arsenal,Watford,3496,Mesut Özil,MID,Center Attacking Midfield,93.03,1,W,0.0,0.0,0.359,0.2131,2.0,121.0,105.0,14.0,9.0,1.0,5.0,0,0,71.0,4.0,11.0,16.0
3754118,2016-04-02,Premier League,Arsenal,Watford,3498,Ignacio Monreal Eraso,DEF,Left Back,93.03,1,W,0.0,0.0,0.1229,0.0229,1.0,55.0,47.0,6.0,3.0,12.0,2.0,2.0,2.0,42.0,1.0,1.0,7.0
3754118,2016-04-02,Premier League,Arsenal,Watford,3511,Héctor Bellerín Moruno,DEF,Right Back,93.03,1,W,1.0,0.0,0.0414,0,1.0,80.0,72.0,6.0,6.0,8.0,8.0,0,3.0,56.0,2.0,6.0,6.0
3754118,2016-04-02,Premier League,Arsenal,Watford,3568,Mohamed Naser Elsayed Elneny,MID,Right Defensive Midfield,93.03,1,W,0.0,0.0,0.0411,0,1.0,127.0,121.0,15.0,9.0,7.0,5.0,1.0,2.0,104.0,0.0,8.0,15.0
3754118,2016-04-02,Premier League,Arsenal,Watford,3569,Daniel Nii Tackie Mensah Welbeck,FWD,Center Forward,68.03,1,W,0.0,0.0,0.2663,0.0085,3.0,17.0,14.0,1.0,2.0,3.0,0,0,0,17.0,1.0,1.0,2.0
3754118,2016-04-02,Premier League,Arsenal,Watford,3604,Olivier Giroud,FWD,Center Forward,25.0,0,W,0.0,0.0,0.0691,0,1.0,7.0,4.0,1.0,1.0,0,0,0,0,2.0,0.0,0.0,1.0
3754118,2016-04-02,Premier League,Arsenal,Watford,3647,Alex Iwobi,FWD,Left Wing,72.9,1,W,1.0,0.0,0.356,0.225,4.0,47.0,38.0,9.0,0.0,1.0,4.0,1.0,0,44.0,2.0,5.0,10.0
3754118,2016-04-02,Premier League,Arsenal,Watford,3668,Theo Walcott,FWD,Left Wing,20.13,0,W,1.0,0.0,0.4796,0,1.0,7.0,6.0,0.0,0.0,5.0,1.0,1.0,0,7.0,2.0,0.0,0.0
3754118,2016-04-02,Premier League,Arsenal,Watford,4276,David Ospina Ramírez,GK,Goalkeeper,93.03,1,W,0,0.0,0,0,0,37.0,23.0,4.0,0.0,0,5.0,0,0,14.0,0.0,0.0,4.0
3754118,2016-04-02,Premier League,Arsenal,Watford,5581,Joel Nathaniel Campbell Samuels,FWD,Left Wing,14.82,0,W,0,1.0,0,0.4796,0,10.0,8.0,0.0,0.0,1.0,1.0,0,0,12.0,0.0,0.0,1.0
3754118,2016-04-02,Premier League,Arsenal,Watford,6746,Gabriel Armando de Abreu,DEF,Right Center Back,93.03,1,W,0,0.0,0,0,0,68.0,65.0,3.0,0.0,1.0,5.0,7.0,0,50.0,1.0,0.0,3.0
267533,2016-04-02,La Liga,Barcelona,Real Madrid,4320,Neymar da Silva Santos Junior,FWD,Left Wing,92.03,1,L,0.0,0.0,0.0494,0.1042,1.0,43.0,37.0,2.0,1.0,8.0,4.0,0,2.0,50.0,3.0,0.0,4.0
267533,2016-04-02,La Liga,Barcelona,Real Madrid,4324,Daniel Alves da Silva,DEF,Right Back,92.03,1,L,0.0,0.0,0.0318,0,2.0,63.0,58.0,4.0,5.0,8.0,2.0,0,3.0,58.0,6.0,3.0,4.0
267533,2016-04-02,La Liga,Barcelona,Real Madrid,4691,Claudio Andrés Bravo Muñoz,GK,Goalkeeper,92.03,1,L,0,0.0,0,0,0,24.0,19.0,3.0,1.0,0,4.0,0,0,14.0,0.0,0.0,3.0
267533,2016-04-02,La Liga,Barcelona,Real Madrid,5203,Sergio Busquets i Burgos,MID,Center Defensive Midfield,92.03,1,L,0,0.0,0,0.0215,0,91.0,86.0,9.0,9.0,11.0,7.0,1.0,3.0,83.0,2.0,4.0,10.0
267533,2016-04-02,La Liga,Barcelona,Real Madrid,5211,Jordi Alba Ramos,DEF,Left Back,92.03,1,L,0,0.0,0,0,0,80.0,75.0,7.0,1.0,6.0,8.0,0,0,62.0,1.0,0.0,7.0
267533,2016-04-02,La Liga,Barcelona,Real Madrid,5213,Gerard Piqué Bernabéu,DEF,Right Center Back,92.03,1,L,1.0,0.0,0.1084,0,1.0,82.0,78.0,13.0,4.0,4.0,5.0,0,3.0,70.0,0.0,1.0,13.0
267533,2016-04-02,La Liga,Barcelona,Real Madrid,5216,Andrés Iniesta Luján,MID,Left Center Midfield,92.03,1,L,0.0,0.0,0.0782,0.0057,1.0,83.0,73.0,7.0,10.0,11.0,6.0,0,2.0,79.0,4.0,1.0,8.0
267533,2016-04-02,La Liga,Barcelona,Real Madrid,5246,Luis Alberto Suárez Díaz,FWD,Right Wing,92.03,1,L,0.0,0.0,0.1161,0.1117,3.0,26.0,21.0,0.0,0.0,5.0,1.0,0,2.0,29.0,1.0,0.0,2.0
267533,2016-04-02,La Liga,Barcelona,Real Madrid,5470,Ivan Rakitić,MID,Right Center Midfield,73.92,1,L,0.0,1.0,0.0846,0.1084,2.0,49.0,44.0,6.0,3.0,15.0,3.0,2.0,1.0,47.0,2.0,2.0,7.0
267533,2016-04-02,La Liga,Barcelona,Real Madrid,5503,Lionel Andrés Messi Cuccittini,FWD,Center Forward,92.03,1,L,0.0,0.0,0.1412,0.1161,3.0,83.0,70.0,8.0,7.0,3.0,1.0,0,0,84.0,4.0,9.0,9.0
267533,2016-04-02,La Liga,Barcelona,Real Madrid,5506,Javier Alejandro Mascherano,DEF,Left Center Back,92.03,1,L,0,0.0,0,0,0,79.0,75.0,15.0,8.0,7.0,4.0,2.0,1.0,64.0,8.0,4.0,15.0
267533,2016-04-02,La Liga,Barcelona,Real Madrid,11094,Arda Turan,MID,Right Center Midfield,18.12,0,L,0.0,0.0,0.1155,0,1.0,9.0,9.0,2.0,0.0,3.0,2.0,0,0,10.0,1.0,1.0,2.0
3879798,2016-04-02,Serie A,Juventus,Empoli,3477,Álvaro Borja Morata Martín,MID,Right Center Forward,95.05,1,W,0.0,0.0,0.2268,0.1397,6.0,25.0,18.0,3.0,1.0,21.0,4.0,0,2.0,36.0,8.0,3.0,4.0
3879798,2016-04-02,Serie A,Juventus,Empoli,3579,Roberto Maximiliano Pereyra,MID,Right Center Midfield,80.98,1,W,0.0,0.0,0.0362,0,1.0,27.0,24.0,2.0,3.0,11.0,8.0,1.0,1.0,29.0,4.0,2.0,2.0
3879798,2016-04-02,Serie A,Juventus,Empoli,5472,Mario Mandžukić,MID,Left Center Forward,65.58,1,W,1.0,0.0,0.4224,0.1166,2.0,12.0,9.0,0.0,0.0,9.0,1.0,0,0,7.0,1.0,0.0,2.0
3879798,2016-04-02,Serie A,Juventus,Empoli,5541,Stephan Lichtsteiner,DEF,Right Wing Back,95.05,1,W,0.0,0.0,0.0696,0.0364,2.0,56.0,43.0,11.0,7.0,10.0,2.0,2.0,3.0,41.0,5.0,8.0,11.0
3879798,2016-04-02,Serie A,Juventus,Empoli,5689,Juan Guillermo Cuadrado Bello,DEF,Left Center Back,41.83,0,W,0,0.0,0,0.0902,0,21.0,18.0,3.0,2.0,2.0,3.0,0,1.0,23.0,3.0,1.0,5.0
3879798,2016-04-02,Serie A,Juventus,Empoli,6584,Simone Zaza,MID,Right Center Forward,29.47,0,W,0.0,0.0,0.1684,0,2.0,5.0,3.0,1.0,0.0,7.0,3.0,0,1.0,7.0,1.0,1.0,1.0
3879798,2016-04-02,Serie A,Juventus,Empoli,6940,Kwadwo Asamoah,MID,Right Defensive Midfield,14.07,0,W,0.0,0.0,0.7104,0.0238,2.0,7.0,6.0,1.0,0.0,2.0,6.0,0,1.0,8.0,1.0,0.0,2.0
3879798,2016-04-02,Serie A,Juventus,Empoli,6943,Andrea Barzagli,DEF,Center Back,95.05,1,W,0,0.0,0,0,0,45.0,35.0,7.0,1.0,6.0,2.0,0,0,30.0,1.0,3.0,7.0
3879798,2016-04-02,Serie A,Juventus,Empoli,6949,Gianluigi Buffon,GK,Goalkeeper,95.05,1,W,0,0.0,0,0,0,29.0,25.0,6.0,2.0,0,6.0,0,0,12.0,0.0,0.0,6.0
3879798,2016-04-02,Serie A,Juventus,Empoli,6953,Daniele Rugani,DEF,Right Center Back,95.05,1,W,0,0.0,0,0,0,40.0,36.0,2.0,2.0,21.0,4.0,1.0,2.0,26.0,1.0,2.0,2.0
3879798,2016-04-02,Serie A,Juventus,Empoli,6954,Giorgio Chiellini,DEF,Left Center Back,53.22,1,W,0.0,0.0,0.1421,0,2.0,23.0,16.0,1.0,0.0,2.0,3.0,0,1.0,12.0,1.0,0.0,1.0
3879798,2016-04-02,Serie A,Juventus,Empoli,8294,Claudio Marchisio,MID,Center Defensive Midfield,95.05,1,W,0.0,0.0,0.028,0.0389,1.0,50.0,34.0,3.0,4.0,17.0,8.0,4.0,1.0,34.0,1.0,7.0,4.0
3879798,2016-04-02,Serie A,Juventus,Empoli,20004,Paul Pogba,MID,Left Center Midfield,95.05,1,W,0.0,1.0,0.0902,0.492,2.0,48.0,38.0,4.0,1.0,18.0,11.0,2.0,2.0,52.0,10.0,9.0,8.0
3879798,2016-04-02,Serie A,Juventus,Empoli,20008,Patrice Evra,DEF,Left Wing Back,95.05,1,W,0,0.0,0,0.0654,0,45.0,32.0,2.0,1.0,15.0,2.0,1.0,2.0,29.0,3.0,1.0,3.0
3901196,2016-04-02,Ligue 1,Paris Saint-Germain,OGC Nice,3025,Christopher Nkunku,FWD,Right Wing,13.47,0,W,0,0.0,0,0,0,17.0,16.0,0.0,0.0,4.0,0,0,0,13.0,0.0,0.0,0.0
3901196,2016-04-02,Ligue 1,Paris Saint-Germain,OGC Nice,3026,Adrien Rabiot,MID,Right Center Midfield,93.3,1,W,0.0,1.0,0.025,0.1062,1.0,70.0,62.0,3.0,2.0,28.0,5.0,1.0,0,62.0,4.0,2.0,3.0
3901196,2016-04-02,Ligue 1,Paris Saint-Germain,OGC Nice,3295,Thiago Emiliano da Silva,DEF,Right Center Back,93.3,1,W,0.0,0.0,0.0725,0,1.0,76.0,72.0,8.0,3.0,4.0,7.0,2.0,0,57.0,1.0,1.0,8.0
3901196,2016-04-02,Ligue 1,Paris Saint-Germain,OGC Nice,3672,Zlatan Ibrahimović,FWD,Center Forward,93.3,1,W,3.0,0.0,0.5536,0.1357,6.0,51.0,38.0,4.0,3.0,19.0,3.0,2.0,0,42.0,3.0,5.0,5.0
3901196,2016-04-02,Ligue 1,Paris Saint-Germain,OGC Nice,3745,Lucas Rodrigues Moura da Silva,FWD,Right Wing,79.83,1,W,0,0.0,0,0.3512,0,51.0,45.0,7.0,3.0,8.0,6.0,3.0,2.0,45.0,5.0,5.0,10.0
3901196,2016-04-02,Ligue 1,Paris Saint-Germain,OGC Nice,3956,David Luiz Moreira Marinho,DEF,Left Center Back,93.3,1,W,1.0,1.0,0.2616,0.069,2.0,68.0,60.0,9.0,6.0,13.0,5.0,1.0,3.0,63.0,1.0,5.0,9.0
3901196,2016-04-02,Ligue 1,Paris Saint-Germain,OGC Nice,4319,Edinson Roberto Cavani Gómez,FWD,Left Wing,24.72,0,W,0,0.0,0,0,0,15.0,15.0,1.0,0.0,6.0,1.0,0,0,14.0,0.0,0.0,1.0
3901196,2016-04-02,Ligue 1,Paris Saint-Germain,OGC Nice,4325,Thiago Motta,MID,Center Defensive Midfield,68.35,1,W,0,0.0,0,0,0,82.0,71.0,9.0,3.0,9.0,2.0,0,0,71.0,3.0,2.0,9.0
3901196,2016-04-02,Ligue 1,Paris Saint-Germain,OGC Nice,4372,Marcos Aoás Corrêa,DEF,Right Back,93.3,1,W,0,0.0,0,0,0,69.0,59.0,5.0,3.0,19.0,6.0,1.0,2.0,42.0,1.0,2.0,5.0
3901196,2016-04-02,Ligue 1,Paris Saint-Germain,OGC Nice,4375,Blaise Matuidi,MID,Left Center Midfield,93.3,1,W,0.0,0.0,0.1907,0,1.0,51.0,47.0,5.0,1.0,33.0,0,0,2.0,35.0,1.0,2.0,5.0
3901196,2016-04-02,Ligue 1,Paris Saint-Germain,OGC Nice,4440,Kevin Trapp,GK,Goalkeeper,93.3,1,W,0,0.0,0,0,0,18.0,14.0,1.0,0.0,0,4.0,0,0,6.0,0.0,0.0,1.0
3901196,2016-04-02,Ligue 1,Paris Saint-Germain,OGC Nice,8515,Benjamin Stambouli,MID,Center Defensive Midfield,24.95,0,W,0,0.0,0,0,0,20.0,20.0,3.0,2.0,11.0,0,1.0,0,17.0,0.0,1.0,3.0
3901196,2016-04-02,Ligue 1,Paris Saint-Germain,OGC Nice,26613,Maxwell Scherrer Cabelino Andrade,DEF,Left Back,93.3,1,W,0,0.0,0,0.0805,0,61.0,51.0,5.0,3.0,6.0,3.0,1.0,3.0,46.0,1.0,2.0,5.0
3901196,2016-04-02,Ligue 1,Paris Saint-Germain,OGC Nice,34539,Hervin Scicchitano Ongenda,FWD,Left Wing,68.58,1,W,0.0,1.0,0.1357,0.1621,1.0,38.0,34.0,1.0,1.0,12.0,1.0,0,1.0,30.0,1.0,0.0,2.0
3754241,2016-04-09,Premier League,Arsenal,West Ham United,3385,Alexis Alejandro Sánchez Sánchez,FWD,Right Wing,93.32,1,D,1.0,0.0,0.3823,0.2323,2.0,51.0,37.0,5.0,2.0,9.0,7.0,0,2.0,52.0,0.0,6.0,7.0
3754241,2016-04-09,Premier League,Arsenal,West Ham United,3394,Laurent Koscielny,DEF,Left Center Back,93.32,1,D,1.0,0.0,0.6597,0,2.0,50.0,47.0,9.0,3.0,3.0,5.0,3.0,0,41.0,3.0,4.0,9.0
3754241,2016-04-09,Premier League,Arsenal,West Ham United,3437,Francis Joseph Coquelin,MID,Left Defensive Midfield,60.45,1,D,0,0.0,0,0,0,35.0,34.0,4.0,3.0,13.0,7.0,3.0,4.0,35.0,0.0,1.0,4.0
3754241,2016-04-09,Premier League,Arsenal,West Ham United,3496,Mesut Özil,MID,Center Attacking Midfield,93.32,1,D,1.0,0.0,0.2782,0.3141,1.0,76.0,59.0,12.0,10.0,10.0,3.0,1.0,1.0,65.0,1.0,12.0,13.0
3754241,2016-04-09,Premier League,Arsenal,West Ham United,3498,Ignacio Monreal Eraso,DEF,Left Back,93.32,1,D,0.0,0.0,0.3036,0.0542,3.0,55.0,48.0,4.0,4.0,10.0,4.0,4.0,1.0,40.0,0.0,1.0,5.0
3754241,2016-04-09,Premier League,Arsenal,West Ham United,3511,Héctor Bellerín Moruno,DEF,Right Back,93.32,1,D,0,0.0,0,0,0,48.0,37.0,7.0,4.0,4.0,6.0,1.0,0,43.0,1.0,6.0,7.0
3754241,2016-04-09,Premier League,Arsenal,West Ham United,3517,Aaron Ramsey,MID,Left Defensive Midfield,32.87,0,D,0,0.0,0,0,0,28.0,25.0,14.0,8.0,10.0,4.0,0,1.0,24.0,3.0,3.0,14.0
3754241,2016-04-09,Premier League,Arsenal,West Ham United,3568,Mohamed Naser Elsayed Elneny,MID,Right Defensive Midfield,67.6,1,D,0.0,0.0,0.0417,0,1.0,63.0,58.0,9.0,5.0,12.0,1.0,2.0,1.0,51.0,1.0,3.0,9.0
3754241,2016-04-09,Premier League,Arsenal,West Ham United,3569,Daniel Nii Tackie Mensah Welbeck,FWD,Center Forward,81.18,1,D,0.0,1.0,0.1233,0.5201,1.0,20.0,14.0,3.0,1.0,10.0,4.0,0,2.0,23.0,2.0,3.0,4.0
3754241,2016-04-09,Premier League,Arsenal,West Ham United,3604,Olivier Giroud,MID,Right Defensive Midfield,25.72,0,D,0.0,0.0,0.0542,0,1.0,9.0,5.0,0.0,1.0,3.0,0,0,2.0,5.0,1.0,0.0,0.0
3754241,2016-04-09,Premier League,Arsenal,West Ham United,3647,Alex Iwobi,FWD,Left Wing,93.32,1,D,0,2.0,0,0.6093,0,60.0,48.0,12.0,6.0,12.0,3.0,0,1.0,57.0,3.0,6.0,13.0
3754241,2016-04-09,Premier League,Arsenal,West Ham United,3668,Theo Walcott,FWD,Left Wing,12.13,0,D,0,0.0,0,0,0,4.0,2.0,0.0,0.0,1.0,0,1.0,0,3.0,0.0,0.0,0.0
3754241,2016-04-09,Premier League,Arsenal,West Ham United,4276,David Ospina Ramírez,GK,Goalkeeper,93.32,1,D,0,0.0,0,0,0,32.0,23.0,5.0,1.0,0,7.0,0,0,12.0,0.0,0.0,5.0
3754241,2016-04-09,Premier League,Arsenal,West Ham United,6746,Gabriel Armando de Abreu,DEF,Right Center Back,93.32,1,D,0,0.0,0,0.05,0,52.0,47.0,6.0,1.0,3.0,7.0,5.0,2.0,45.0,0.0,0.0,7.0
266664,2016-04-09,La Liga,Barcelona,Real Sociedad,4320,Neymar da Silva Santos Junior,FWD,Left Wing,93.08,1,L,0.0,0.0,0.3413,0.1407,2.0,57.0,40.0,4.0,3.0,14.0,6.0,0,2.0,59.0,4.0,2.0,5.0
266664,2016-04-09,La Liga,Barcelona,Real Sociedad,4324,Daniel Alves da Silva,DEF,Right Back,93.08,1,L,0,0.0,0,0.15,0,80.0,70.0,12.0,6.0,14.0,5.0,0,2.0,64.0,5.0,6.0,13.0
266664,2016-04-09,La Liga,Barcelona,Real Sociedad,4691,Claudio Andrés Bravo Muñoz,GK,Goalkeeper,93.08,1,L,0,0.0,0,0,0,22.0,18.0,0.0,0.0,1.0,2.0,0,0,16.0,0.0,0.0,0.0
266664,2016-04-09,La Liga,Barcelona,Real Sociedad,5203,Sergio Busquets i Burgos,MID,Center Defensive Midfield,93.08,1,L,0,0.0,0,0.0304,0,113.0,104.0,15.0,16.0,15.0,9.0,0,5.0,92.0,1.0,6.0,16.0
266664,2016-04-09,La Liga,Barcelona,Real Sociedad,5211,Jordi Alba Ramos,MID,Left Center Midfield,34.97,0,L,0,0.0,0,0.0982,0,25.0,17.0,0.0,0.0,4.0,4.0,0,0,14.0,0.0,0.0,1.0
266664,2016-04-09,La Liga,Barcelona,Real Sociedad,5213,Gerard Piqué Bernabéu,DEF,Right Center Back,93.08,1,L,0,0.0,0,0.1171,0,71.0,66.0,13.0,8.0,9.0,7.0,0,1.0,55.0,0.0,4.0,14.0
266664,2016-04-09,La Liga,Barcelona,Real Sociedad,5216,Andrés Iniesta Luján,MID,Right Center Midfield,48.08,0,L,0.0,0.0,0.1286,0,2.0,35.0,30.0,12.0,4.0,13.0,1.0,0,2.0,35.0,2.0,9.0,12.0
266664,2016-04-09,La Liga,Barcelona,Real Sociedad,5470,Ivan Rakitić,MID,Right Center Midfield,22.62,0,L,0,0.0,0,0.0446,0,22.0,19.0,4.0,3.0,3.0,2.0,0,0,20.0,0.0,4.0,5.0
266664,2016-04-09,La Liga,Barcelona,Real Sociedad,5503,Lionel Andrés Messi Cuccittini,FWD,Right Wing,93.08,1,L,0.0,0.0,0.5148,0,7.0,59.0,46.0,5.0,5.0,4.0,3.0,0,0,65.0,2.0,11.0,5.0
266664,2016-04-09,La Liga,Barcelona,Real Sociedad,5506,Javier Alejandro Mascherano,DEF,Left Center Back,93.08,1,L,0,0.0,0,0,0,73.0,55.0,11.0,13.0,17.0,7.0,1.0,2.0,60.0,6.0,16.0,11.0
266664,2016-04-09,La Liga,Barcelona,Real Sociedad,6379,Sergi Roberto Carnicer,DEF,Left Back,70.47,1,L,0,0.0,0,0.0405,0,61.0,54.0,4.0,2.0,9.0,5.0,3.0,2.0,51.0,6.0,1.0,5.0
266664,2016-04-09,La Liga,Barcelona,Real Sociedad,6616,Munir El Haddadi Mohamed,FWD,Center Forward,93.08,1,L,0.0,0.0,0.0486,0.2997,1.0,20.0,15.0,1.0,1.0,9.0,2.0,0,1.0,15.0,0.0,1.0,2.0
266664,2016-04-09,La Liga,Barcelona,Real Sociedad,6998,Rafael Alcântara do Nascimento,MID,Right Center Midfield,45.0,1,L,0,0.0,0,0,0,36.0,30.0,0.0,1.0,10.0,4.0,1.0,1.0,32.0,0.0,2.0,0.0
266664,2016-04-09,La Liga,Barcelona,Real Sociedad,11094,Arda Turan,MID,Left Center Midfield,58.12,1,L,0.0,0.0,0.1407,0,1.0,52.0,49.0,7.0,4.0,6.0,3.0,2.0,2.0,50.0,2.0,3.0,7.0
3879810,2016-04-09,Serie A,Juventus,AC Milan,3477,Álvaro Borja Morata Martín,MID,Right Center Forward,66.78,1,W,0,1.0,0,0.5127,0,18.0,15.0,1.0,0.0,10.0,0,0,1.0,27.0,1.0,1.0,4.0
3879810,2016-04-09,Serie A,Juventus,AC Milan,5472,Mario Mandžukić,MID,Left Center Forward,94.97,1,W,1.0,0.0,0.4014,0,2.0,22.0,16.0,1.0,1.0,18.0,3.0,0,1.0,12.0,1.0,1.0,1.0
3879810,2016-04-09,Serie A,Juventus,AC Milan,5541,Stephan Lichtsteiner,DEF,Right Wing Back,80.42,1,W,0.0,0.0,0.2035,0,2.0,29.0,20.0,5.0,2.0,10.0,4.0,0,0,23.0,3.0,7.0,5.0
3879810,2016-04-09,Serie A,Juventus,AC Milan,5689,Juan Guillermo Cuadrado Bello,DEF,Right Wing Back,14.55,0,W,0,0.0,0,0,0,10.0,10.0,1.0,1.0,3.0,3.0,0,1.0,12.0,2.0,1.0,1.0
3879810,2016-04-09,Serie A,Juventus,AC Milan,6584,Simone Zaza,MID,Right Center Forward,28.18,0,W,0,0.0,0,0,0,7.0,6.0,0.0,0.0,8.0,1.0,0,0,9.0,0.0,0.0,0.0
3879810,2016-04-09,Serie A,Juventus,AC Milan,6940,Kwadwo Asamoah,MID,Left Center Midfield,84.18,1,W,0.0,0.0,0.047,0,2.0,46.0,40.0,4.0,2.0,3.0,7.0,0,0,46.0,4.0,2.0,4.0
3879810,2016-04-09,Serie A,Juventus,AC Milan,6943,Andrea Barzagli,DEF,Right Center Back,94.97,1,W,0,0.0,0,0,0,50.0,40.0,11.0,7.0,8.0,7.0,0,1.0,34.0,0.0,4.0,11.0
3879810,2016-04-09,Serie A,Juventus,AC Milan,6945,Alex Sandro Lobo Silva,DEF,Left Wing Back,94.97,1,W,0,0.0,0,0,0,62.0,52.0,4.0,4.0,17.0,8.0,2.0,5.0,55.0,8.0,3.0,4.0
3879810,2016-04-09,Serie A,Juventus,AC Milan,6949,Gianluigi Buffon,GK,Goalkeeper,94.97,1,W,0,0.0,0,0,0,25.0,19.0,1.0,1.0,0,4.0,0,0,12.0,0.0,0.0,1.0
3879810,2016-04-09,Serie A,Juventus,AC Milan,6953,Daniele Rugani,DEF,Left Center Back,94.97,1,W,0,0.0,0,0,0,68.0,62.0,9.0,4.0,13.0,9.0,1.0,2.0,53.0,4.0,3.0,9.0
3879810,2016-04-09,Serie A,Juventus,AC Milan,7173,Leonardo Bonucci,DEF,Center Back,94.97,1,W,0,0.0,0,0,0,46.0,42.0,10.0,4.0,5.0,4.0,1.0,0,33.0,0.0,0.0,10.0
3879810,2016-04-09,Serie A,Juventus,AC Milan,8294,Claudio Marchisio,MID,Center Defensive Midfield,94.97,1,W,0.0,1.0,0.0383,0.0753,1.0,65.0,53.0,12.0,4.0,11.0,8.0,3.0,2.0,42.0,1.0,5.0,13.0
3879810,2016-04-09,Serie A,Juventus,AC Milan,20004,Paul Pogba,MID,Right Center Midfield,94.97,1,W,1.0,0.0,0.1536,0.1504,3.0,43.0,33.0,5.0,4.0,19.0,7.0,0,6.0,50.0,7.0,3.0,7.0
3879810,2016-04-09,Serie A,Juventus,AC Milan,20008,Patrice Evra,MID,Left Center Midfield,10.78,0,W,0,0.0,0,0,0,8.0,5.0,0.0,0.0,2.0,2.0,0,1.0,5.0,0.0,0.0,0.0
3901208,2016-04-09,Ligue 1,Paris Saint-Germain,Guingamp,2999,Presnel Kimpembe,DEF,Left Center Back,92.97,1,W,0,0.0,0,0,0,64.0,55.0,3.0,0.0,14.0,6.0,2.0,6.0,45.0,1.0,0.0,3.0
3901208,2016-04-09,Ligue 1,Paris Saint-Germain,Guingamp,3025,Christopher Nkunku,MID,Right Center Midfield,92.97,1,W,0,0.0,0,0.0447,0,81.0,76.0,9.0,4.0,17.0,2.0,1.0,3.0,73.0,4.0,3.0,11.0
3901208,2016-04-09,Ligue 1,Paris Saint-Germain,Guingamp,3745,Lucas Rodrigues Moura da Silva,FWD,Right Wing,92.97,1,W,2.0,0.0,1.372,0.0739,4.0,63.0,46.0,3.0,2.0,14.0,9.0,0,3.0,66.0,2.0,6.0,5.0
3901208,2016-04-09,Ligue 1,Paris Saint-Germain,Guingamp,4326,Layvin Kurzawa,DEF,Left Back,92.97,1,W,0.0,1.0,0.2161,0.1529,4.0,57.0,50.0,3.0,2.0,9.0,4.0,3.0,3.0,46.0,4.0,0.0,4.0
3901208,2016-04-09,Ligue 1,Paris Saint-Germain,Guingamp,4372,Marcos Aoás Corrêa,DEF,Right Center Back,87.22,1,W,0,0.0,0,0,0,68.0,64.0,4.0,3.0,14.0,6.0,0,3.0,49.0,0.0,1.0,4.0
3901208,2016-04-09,Ligue 1,Paris Saint-Germain,Guingamp,4375,Blaise Matuidi,MID,Left Center Midfield,92.97,1,W,0.0,0.0,0.1879,0.0797,1.0,96.0,85.0,11.0,9.0,30.0,8.0,1.0,1.0,81.0,9.0,7.0,13.0
3901208,2016-04-09,Ligue 1,Paris Saint-Germain,Guingamp,4440,Kevin Trapp,GK,Goalkeeper,45.0,1,W,0,0.0,0,0,0,8.0,7.0,0.0,0.0,1.0,2.0,0,0,3.0,0.0,0.0,0.0
3901208,2016-04-09,Ligue 1,Paris Saint-Germain,Guingamp,4902,Kevin Rimane,DEF,Right Center Back,5.75,0,W,0,0.0,0,0,0,8.0,8.0,2.0,0.0,0,0,0,0,4.0,0.0,0.0,2.0
3901208,2016-04-09,Ligue 1,Paris Saint-Germain,Guingamp,7236,Yakou Meïté,FWD,Center Forward,2.38,0,W,0,0,0,0,0,0,0,0,0,0,0,0,0,0,0,0,0
3901208,2016-04-09,Ligue 1,Paris Saint-Germain,Guingamp,7469,Salvatore Sirigu,GK,Goalkeeper,47.97,0,W,0,0.0,0,0,0,23.0,21.0,1.0,0.0,0,1.0,0,0,10.0,0.0,0.0,1.0
3901208,2016-04-09,Ligue 1,Paris Saint-Germain,Guingamp,8510,Jean-Kévin Augustin,FWD,Center Forward,90.58,1,W,0.0,0.0,0.0737,0,1.0,18.0,13.0,0.0,0.0,9.0,2.0,0,1.0,21.0,2.0,0.0,0.0
3901208,2016-04-09,Ligue 1,Paris Saint-Germain,Guingamp,8515,Benjamin Stambouli,MID,Center Defensive Midfield,92.97,1,W,0,0.0,0,0.0995,0,109.0,100.0,13.0,6.0,21.0,9.0,1.0,8.0,83.0,2.0,5.0,13.0
3901208,2016-04-09,Ligue 1,Paris Saint-Germain,Guingamp,20048,Gregory van der Wiel,DEF,Right Back,92.97,1,W,0.0,0.0,0.0491,0,1.0,96.0,85.0,4.0,5.0,9.0,3.0,3.0,2.0,74.0,3.0,3.0,4.0
3901208,2016-04-09,Ligue 1,Paris Saint-Germain,Guingamp,34539,Hervin Scicchitano Ongenda,FWD,Left Wing,92.97,1,W,0.0,0.0,0.0561,0.2984,3.0,71.0,59.0,3.0,4.0,13.0,4.0,1.0,0,65.0,5.0,2.0,6.0
3890519,2016-04-10,Bundesliga,Bayer Leverkusen,FC Köln,3058,Javier Hernández Balcázar,FWD,Center Forward,72.38,1,W,1.0,0.0,0.3197,0,2.0,22.0,16.0,0.0,1.0,6.0,3.0,0,0,27.0,2.0,0.0,0.0
3890519,2016-04-10,Bundesliga,Bayer Leverkusen,FC Köln,5555,Julian Brandt,MID,Left Midfield,97.57,1,W,1.0,0.0,0.2572,0.0077,2.0,50.0,35.0,3.0,3.0,9.0,9.0,2.0,0,49.0,9.0,3.0,4.0
3890519,2016-04-10,Bundesliga,Bayer Leverkusen,FC Köln,6309,Tin Jedvaj,DEF,Right Back,97.57,1,W,0,0.0,0,0,0,30.0,18.0,4.0,6.0,15.0,2.0,2.0,2.0,18.0,1.0,4.0,4.0
3890519,2016-04-10,Bundesliga,Bayer Leverkusen,FC Köln,7039,Hakan Çalhanoğlu,MID,Center Attacking Midfield,97.57,1,W,0.0,0.0,0.0803,0.2649,4.0,49.0,38.0,4.0,2.0,16.0,4.0,0,0,40.0,1.0,6.0,6.0
3890519,2016-04-10,Bundesliga,Bayer Leverkusen,FC Köln,8210,Charles Mariano Aránguiz Sandoval,FWD,Center Forward,25.18,0,W,0,0.0,0,0,0,11.0,11.0,1.0,1.0,7.0,1.0,0,0,8.0,0.0,0.0,1.0
3890519,2016-04-10,Bundesliga,Bayer Leverkusen,FC Köln,8212,Wendell Nascimento Borges,DEF,Left Back,97.57,1,W,0,0.0,0,0,0,51.0,41.0,9.0,3.0,18.0,2.0,1.0,4.0,40.0,3.0,0.0,9.0
3890519,2016-04-10,Bundesliga,Bayer Leverkusen,FC Köln,8213,Karim Bellarabi,MID,Right Midfield,55.57,1,W,0.0,2.0,0.0226,0.5168,2.0,20.0,11.0,2.0,1.0,13.0,0,1.0,2.0,26.0,4.0,2.0,4.0
3890519,2016-04-10,Bundesliga,Bayer Leverkusen,FC Köln,8219,Admir Mehmedi,MID,Right Midfield,18.5,0,W,0,0.0,0,0,0,5.0,5.0,0.0,0.0,2.0,1.0,0,0,6.0,1.0,0.0,0.0
3890519,2016-04-10,Bundesliga,Bayer Leverkusen,FC Köln,8221,Jonathan Tah,DEF,Right Center Back,97.57,1,W,0,0.0,0,0,0,46.0,40.0,5.0,3.0,8.0,7.0,0,1.0,39.0,0.0,2.0,5.0
3890519,2016-04-10,Bundesliga,Bayer Leverkusen,FC Köln,8805,Christoph Kramer,MID,Right Defensive Midfield,97.57,1,W,0,0.0,0,0,0,63.0,56.0,10.0,10.0,14.0,5.0,2.0,2.0,54.0,2.0,4.0,10.0
3890519,2016-04-10,Bundesliga,Bayer Leverkusen,FC Köln,9363,André Ramalho Silva,DEF,Left Center Back,97.57,1,W,0,0.0,0,0,0,45.0,40.0,8.0,3.0,10.0,3.0,0,0,38.0,1.0,2.0,8.0
3890519,2016-04-10,Bundesliga,Bayer Leverkusen,FC Köln,11394,Stefan Kießling,MID,Right Midfield,42.0,0,W,0.0,0.0,0.2134,0,1.0,14.0,7.0,1.0,1.0,8.0,1.0,0,0,7.0,0.0,2.0,1.0
3890519,2016-04-10,Bundesliga,Bayer Leverkusen,FC Köln,15581,Bernd Leno,GK,Goalkeeper,97.57,1,W,0,0.0,0,0,0,45.0,29.0,9.0,2.0,0,9.0,0,0,27.0,0.0,0.0,9.0
3890519,2016-04-10,Bundesliga,Bayer Leverkusen,FC Köln,24428,Vladlen Yurchenko,MID,Left Defensive Midfield,79.07,1,W,0.0,0.0,0.0384,0.0095,1.0,50.0,42.0,2.0,3.0,11.0,6.0,3.0,1.0,44.0,0.0,4.0,3.0
3890521,2016-04-16,Bundesliga,Bayer Leverkusen,Eintracht Frankfurt,3058,Javier Hernández Balcázar,FWD,Center Forward,69.07,1,W,0.0,0.0,0.1462,0,2.0,14.0,10.0,2.0,1.0,9.0,0,0,0,9.0,0.0,1.0,2.0
3890521,2016-04-16,Bundesliga,Bayer Leverkusen,Eintracht Frankfurt,5555,Julian Brandt,FWD,Left Wing,93.02,1,W,1.0,0.0,0.7531,0.0705,3.0,41.0,30.0,5.0,4.0,22.0,3.0,0,1.0,35.0,8.0,5.0,6.0
3890521,2016-04-16,Bundesliga,Bayer Leverkusen,Eintracht Frankfurt,6309,Tin Jedvaj,DEF,Right Back,93.02,1,W,0,0.0,0,0,0,36.0,26.0,5.0,4.0,18.0,3.0,3.0,3.0,23.0,5.0,3.0,5.0
3890521,2016-04-16,Bundesliga,Bayer Leverkusen,Eintracht Frankfurt,7039,Hakan Çalhanoğlu,MID,Center Attacking Midfield,58.45,1,W,0,0.0,0,0.1869,0,29.0,21.0,6.0,2.0,14.0,1.0,0,1.0,18.0,0.0,9.0,7.0
3890521,2016-04-16,Bundesliga,Bayer Leverkusen,Eintracht Frankfurt,8210,Charles Mariano Aránguiz Sandoval,MID,Left Defensive Midfield,93.02,1,W,0,1.0,0,0.0503,0,59.0,45.0,10.0,4.0,24.0,11.0,1.0,0,38.0,0.0,5.0,10.0
3890521,2016-04-16,Bundesliga,Bayer Leverkusen,Eintracht Frankfurt,8211,Benjamin Henrichs,DEF,Left Back,93.02,1,W,0,0.0,0,0,0,37.0,27.0,7.0,3.0,18.0,3.0,3.0,3.0,18.0,0.0,4.0,7.0
3890521,2016-04-16,Bundesliga,Bayer Leverkusen,Eintracht Frankfurt,8213,Karim Bellarabi,FWD,Right Wing,93.02,1,W,1.0,1.0,0.1593,0.5552,5.0,24.0,14.0,0.0,1.0,27.0,8.0,0,3.0,32.0,5.0,1.0,1.0
3890521,2016-04-16,Bundesliga,Bayer Leverkusen,Eintracht Frankfurt,8221,Jonathan Tah,DEF,Right Center Back,93.02,1,W,0,0.0,0,0,0,70.0,60.0,5.0,2.0,8.0,7.0,4.0,5.0,61.0,1.0,2.0,5.0
3890521,2016-04-16,Bundesliga,Bayer Leverkusen,Eintracht Frankfurt,8222,Kevin Kampl,FWD,Center Forward,23.95,0,W,1.0,0.0,0.0304,0,1.0,16.0,12.0,0.0,0.0,3.0,3.0,0,0,15.0,0.0,2.0,0.0
3890521,2016-04-16,Bundesliga,Bayer Leverkusen,Eintracht Frankfurt,8805,Christoph Kramer,DEF,Left Center Back,93.02,1,W,0,0.0,0,0,0,93.0,81.0,9.0,6.0,13.0,9.0,0,6.0,67.0,2.0,5.0,9.0
3890521,2016-04-16,Bundesliga,Bayer Leverkusen,Eintracht Frankfurt,11394,Stefan Kießling,MID,Center Attacking Midfield,34.57,0,W,0,0.0,0,0,0,5.0,4.0,1.0,1.0,10.0,1.0,1.0,1.0,2.0,0.0,1.0,1.0
3890521,2016-04-16,Bundesliga,Bayer Leverkusen,Eintracht Frankfurt,15581,Bernd Leno,GK,Goalkeeper,93.02,1,W,0,0.0,0,0,0,47.0,35.0,1.0,0.0,0,7.0,0,0,19.0,0.0,0.0,1.0
3890521,2016-04-16,Bundesliga,Bayer Leverkusen,Eintracht Frankfurt,21168,Marlon Frey,MID,Right Defensive Midfield,10.22,0,W,0,0.0,0,0,0,4.0,2.0,0.0,0.0,3.0,2.0,0,0,5.0,1.0,0.0,0.0
3890521,2016-04-16,Bundesliga,Bayer Leverkusen,Eintracht Frankfurt,24428,Vladlen Yurchenko,MID,Right Defensive Midfield,82.8,1,W,0.0,0.0,0.0171,0.0218,1.0,51.0,44.0,10.0,8.0,25.0,2.0,5.0,2.0,32.0,0.0,6.0,11.0
3901216,2016-04-16,Ligue 1,Paris Saint-Germain,Stade Malherbe Caen,2995,Ángel Fabián Di María Hernández,MID,Right Center Midfield,66.75,1,W,1.0,1.0,0.2218,0.1683,1.0,60.0,46.0,10.0,6.0,14.0,3.0,2.0,1.0,51.0,6.0,6.0,13.0
3901216,2016-04-16,Ligue 1,Paris Saint-Germain,Stade Malherbe Caen,2999,Presnel Kimpembe,DEF,Left Center Back,92.02,1,W,0,0.0,0,0.1252,0,99.0,91.0,9.0,2.0,17.0,3.0,2.0,6.0,76.0,0.0,1.0,9.0
3901216,2016-04-16,Ligue 1,Paris Saint-Germain,Stade Malherbe Caen,3672,Zlatan Ibrahimović,FWD,Center Forward,92.02,1,W,2.0,2.0,0.4962,0.9523,6.0,37.0,28.0,6.0,2.0,6.0,4.0,0,0,40.0,1.0,5.0,8.0
3901216,2016-04-16,Ligue 1,Paris Saint-Germain,Stade Malherbe Caen,3745,Lucas Rodrigues Moura da Silva,FWD,Right Wing,92.02,1,W,0.0,0.0,0.8756,0.1918,5.0,38.0,29.0,6.0,1.0,7.0,10.0,1.0,1.0,46.0,5.0,3.0,8.0
3901216,2016-04-16,Ligue 1,Paris Saint-Germain,Stade Malherbe Caen,4319,Edinson Roberto Cavani Gómez,FWD,Left Wing,92.02,1,W,1.0,1.0,1.2153,0.1932,4.0,46.0,40.0,4.0,4.0,6.0,3.0,0,1.0,27.0,3.0,3.0,5.0
3901216,2016-04-16,Ligue 1,Paris Saint-Germain,Stade Malherbe Caen,4326,Layvin Kurzawa,DEF,Left Back,92.02,1,W,0.0,1.0,0.109,0.1551,1.0,58.0,52.0,2.0,3.0,7.0,9.0,3.0,6.0,41.0,1.0,2.0,2.0
3901216,2016-04-16,Ligue 1,Paris Saint-Germain,Stade Malherbe Caen,4372,Marcos Aoás Corrêa,DEF,Right Center Back,92.02,1,W,0.0,0.0,0.0546,0,1.0,99.0,90.0,9.0,2.0,3.0,5.0,0,1.0,78.0,0.0,0.0,9.0
3901216,2016-04-16,Ligue 1,Paris Saint-Germain,Stade Malherbe Caen,4375,Blaise Matuidi,MID,Left Center Midfield,67.03,1,W,1.0,1.0,0.2114,1.0846,2.0,58.0,53.0,8.0,3.0,18.0,3.0,0,2.0,44.0,1.0,0.0,11.0
3901216,2016-04-16,Ligue 1,Paris Saint-Germain,Stade Malherbe Caen,7264,Thimotee Taufflieb,DEF,Right Back,5.43,0,W,0,0.0,0,0,0,8.0,8.0,0.0,0.0,1.0,0,0,0,6.0,0.0,0.0,0.0
3901216,2016-04-16,Ligue 1,Paris Saint-Germain,Stade Malherbe Caen,7469,Salvatore Sirigu,GK,Goalkeeper,92.02,1,W,0,0.0,0,0,0,51.0,43.0,1.0,0.0,0,8.0,0,0,29.0,0.0,0.0,1.0
3901216,2016-04-16,Ligue 1,Paris Saint-Germain,Stade Malherbe Caen,8515,Benjamin Stambouli,MID,Center Defensive Midfield,92.02,1,W,0,0.0,0,0,0,86.0,80.0,6.0,1.0,21.0,5.0,2.0,2.0,61.0,1.0,1.0,6.0
3901216,2016-04-16,Ligue 1,Paris Saint-Germain,Stade Malherbe Caen,20048,Gregory van der Wiel,DEF,Right Back,86.58,1,W,0.0,0.0,0.1404,0.2163,1.0,64.0,58.0,6.0,3.0,11.0,4.0,1.0,4.0,38.0,2.0,3.0,6.0
3901216,2016-04-16,Ligue 1,Paris Saint-Germain,Stade Malherbe Caen,26613,Maxwell Scherrer Cabelino Andrade,MID,Right Defensive Midfield,24.98,0,W,1.0,0.0,0.1932,0,1.0,34.0,33.0,5.0,2.0,3.0,1.0,1.0,1.0,28.0,0.0,1.0,5.0
3901216,2016-04-16,Ligue 1,Paris Saint-Germain,Stade Malherbe Caen,34539,Hervin Scicchitano Ongenda,MID,Center Attacking Midfield,25.27,0,W,0,0.0,0,0.2054,0,27.0,27.0,3.0,2.0,3.0,1.0,1.0,0,26.0,1.0,3.0,4.0
3754009,2016-04-17,Premier League,Arsenal,Crystal Palace,3385,Alexis Alejandro Sánchez Sánchez,FWD,Right Wing,94.07,1,D,1.0,0.0,0.4289,0.3638,6.0,70.0,52.0,9.0,3.0,10.0,9.0,0,0,69.0,5.0,6.0,10.0
3754009,2016-04-17,Premier League,Arsenal,Crystal Palace,3394,Laurent Koscielny,DEF,Left Center Back,94.07,1,D,0.0,0.0,0.0581,0,1.0,71.0,65.0,8.0,5.0,14.0,3.0,2.0,2.0,56.0,5.0,3.0,8.0
3754009,2016-04-17,Premier League,Arsenal,Crystal Palace,3437,Francis Joseph Coquelin,MID,Left Defensive Midfield,94.07,1,D,0,0.0,0,0.231,0,82.0,71.0,13.0,14.0,20.0,7.0,3.0,5.0,68.0,0.0,7.0,14.0
3754009,2016-04-17,Premier League,Arsenal,Crystal Palace,3461,Petr Čech,GK,Goalkeeper,94.07,1,D,0,0.0,0,0,0,21.0,11.0,2.0,0.0,0,2.0,0,0,8.0,0.0,0.0,2.0
3754009,2016-04-17,Premier League,Arsenal,Crystal Palace,3496,Mesut Özil,MID,Center Attacking Midfield,94.07,1,D,0.0,0.0,0.3304,0.4884,2.0,103.0,86.0,16.0,10.0,21.0,6.0,0,1.0,79.0,4.0,13.0,20.0
3754009,2016-04-17,Premier League,Arsenal,Crystal Palace,3498,Ignacio Monreal Eraso,DEF,Left Back,94.07,1,D,0.0,0.0,0.0656,0,2.0,53.0,49.0,3.0,3.0,12.0,2.0,0,2.0,40.0,4.0,1.0,3.0
3754009,2016-04-17,Premier League,Arsenal,Crystal Palace,3511,Héctor Bellerín Moruno,DEF,Right Back,94.07,1,D,0,0.0,0,0.0376,0,84.0,72.0,5.0,2.0,9.0,6.0,1.0,1.0,68.0,3.0,3.0,6.0
3754009,2016-04-17,Premier League,Arsenal,Crystal Palace,3517,Aaron Ramsey,FWD,Left Wing,19.25,0,D,0,0.0,0,0,0,22.0,21.0,6.0,4.0,12.0,3.0,0,0,20.0,2.0,5.0,6.0
3754009,2016-04-17,Premier League,Arsenal,Crystal Palace,3568,Mohamed Naser Elsayed Elneny,MID,Right Defensive Midfield,83.88,1,D,0.0,0.0,0.1253,0,3.0,120.0,108.0,14.0,9.0,18.0,5.0,1.0,0,102.0,3.0,8.0,14.0
3754009,2016-04-17,Premier League,Arsenal,Crystal Palace,3569,Daniel Nii Tackie Mensah Welbeck,FWD,Center Forward,74.47,1,D,0.0,1.0,0.3576,0.1232,4.0,10.0,8.0,2.0,0.0,14.0,2.0,0,2.0,13.0,1.0,3.0,2.0
3754009,2016-04-17,Premier League,Arsenal,Crystal Palace,3604,Olivier Giroud,FWD,Center Forward,19.6,0,D,0.0,0.0,0.0906,0,1.0,7.0,5.0,0.0,0.0,5.0,0,0,0,4.0,0.0,0.0,0.0
3754009,2016-04-17,Premier League,Arsenal,Crystal Palace,3647,Alex Iwobi,FWD,Left Wing,74.82,1,D,0.0,0.0,0.231,0.0501,1.0,48.0,44.0,5.0,5.0,20.0,2.0,1.0,2.0,51.0,4.0,5.0,7.0
3754009,2016-04-17,Premier League,Arsenal,Crystal Palace,3668,Theo Walcott,MID,Right Defensive Midfield,10.18,0,D,0,0.0,0,0,0,5.0,4.0,0.0,0.0,3.0,2.0,0,0,6.0,3.0,0.0,0.0
3754009,2016-04-17,Premier League,Arsenal,Crystal Palace,6746,Gabriel Armando de Abreu,DEF,Right Center Back,94.07,1,D,0.0,0.0,0.0491,0,1.0,82.0,81.0,9.0,2.0,10.0,4.0,1.0,4.0,72.0,3.0,0.0,9.0
266557,2016-04-17,La Liga,Barcelona,Valencia,4320,Neymar da Silva Santos Junior,FWD,Left Wing,92.0,1,L,0.0,0.0,0.447,0.0589,5.0,49.0,34.0,4.0,1.0,9.0,3.0,0,0,65.0,4.0,6.0,5.0
266557,2016-04-17,La Liga,Barcelona,Valencia,4691,Claudio Andrés Bravo Muñoz,GK,Goalkeeper,92.0,1,L,0,0.0,0,0,0,21.0,20.0,1.0,0.0,0,1.0,0,0,16.0,0.0,0.0,1.0
266557,2016-04-17,La Liga,Barcelona,Valencia,5203,Sergio Busquets i Burgos,MID,Center Defensive Midfield,92.0,1,L,0,0.0,0,0,0,78.0,68.0,10.0,11.0,27.0,8.0,0,4.0,70.0,2.0,8.0,10.0
266557,2016-04-17,La Liga,Barcelona,Valencia,5211,Jordi Alba Ramos,DEF,Left Back,92.0,1,L,0,1.0,0,0.357,0,67.0,57.0,8.0,8.0,10.0,6.0,0,0,52.0,0.0,3.0,11.0
266557,2016-04-17,La Liga,Barcelona,Valencia,5213,Gerard Piqué Bernabéu,DEF,Right Center Back,92.0,1,L,0.0,0.0,0.2621,0,2.0,93.0,84.0,15.0,13.0,16.0,8.0,0,6.0,85.0,1.0,9.0,15.0
266557,2016-04-17,La Liga,Barcelona,Valencia,5216,Andrés Iniesta Luján,MID,Left Center Midfield,92.0,1,L,0,0.0,0,0.2363,0,60.0,46.0,13.0,6.0,16.0,7.0,0,0,59.0,8.0,14.0,14.0
266557,2016-04-17,La Liga,Barcelona,Valencia,5246,Luis Alberto Suárez Díaz,FWD,Center Forward,92.0,1,L,0.0,0.0,0.4363,0.4068,3.0,22.0,17.0,0.0,0.0,11.0,2.0,1.0,1.0,28.0,2.0,0.0,4.0
266557,2016-04-17,La Liga,Barcelona,Valencia,5470,Ivan Rakitić,MID,Right Center Midfield,92.0,1,L,0.0,0.0,0.4033,0.3148,3.0,70.0,56.0,5.0,3.0,24.0,6.0,0,3.0,55.0,3.0,3.0,9.0
266557,2016-04-17,La Liga,Barcelona,Valencia,5503,Lionel Andrés Messi Cuccittini,FWD,Right Wing,92.0,1,L,1.0,0.0,0.6567,0.2954,7.0,56.0,45.0,12.0,4.0,5.0,1.0,0,0,62.0,10.0,12.0,14.0
266557,2016-04-17,La Liga,Barcelona,Valencia,5506,Javier Alejandro Mascherano,DEF,Left Center Back,92.0,1,L,0,0.0,0,0.4561,0,82.0,76.0,26.0,14.0,19.0,6.0,2.0,5.0,71.0,6.0,10.0,27.0
266557,2016-04-17,La Liga,Barcelona,Valencia,6379,Sergi Roberto Carnicer,DEF,Right Back,92.0,1,L,0.0,0.0,0.0566,0,2.0,88.0,79.0,5.0,3.0,9.0,6.0,1.0,1.0,66.0,2.0,2.0,5.0
3879820,2016-04-17,Serie A,Juventus,Palermo,3477,Álvaro Borja Morata Martín,MID,Right Center Forward,25.57,0,W,0.0,2.0,0.1041,0.5128,2.0,11.0,9.0,1.0,0.0,3.0,1.0,1.0,0,15.0,5.0,0.0,2.0
3879820,2016-04-17,Serie A,Juventus,Palermo,3951,Mario Lemina,MID,Center Defensive Midfield,77.77,0,W,0.0,0.0,0.0073,0,1.0,56.0,46.0,7.0,6.0,13.0,5.0,2.0,2.0,45.0,1.0,2.0,7.0
3879820,2016-04-17,Serie A,Juventus,Palermo,5472,Mario Mandžukić,MID,Left Center Forward,93.05,1,W,0.0,0.0,0.221,0.0618,1.0,21.0,17.0,0.0,1.0,14.0,2.0,1.0,2.0,18.0,1.0,1.0,1.0
3879820,2016-04-17,Serie A,Juventus,Palermo,5566,Sami Khedira,MID,Right Center Midfield,78.02,1,W,1.0,0.0,0.1549,0,3.0,30.0,22.0,3.0,3.0,17.0,4.0,1.0,2.0,30.0,1.0,3.0,3.0
3879820,2016-04-17,Serie A,Juventus,Palermo,5689,Juan Guillermo Cuadrado Bello,DEF,Right Wing Back,93.05,1,W,1.0,0.0,0.1583,0.1268,1.0,65.0,53.0,3.0,0.0,14.0,5.0,2.0,3.0,58.0,5.0,6.0,4.0
3879820,2016-04-17,Serie A,Juventus,Palermo,5743,Paulo Bruno Exequiel Dybala,MID,Right Center Forward,67.48,1,W,0.0,0.0,0.1646,0.393,2.0,42.0,32.0,7.0,3.0,18.0,5.0,2.0,2.0,38.0,4.0,9.0,9.0
3879820,2016-04-17,Serie A,Juventus,Palermo,6943,Andrea Barzagli,DEF,Right Center Back,93.05,1,W,0,0.0,0,0,0,65.0,59.0,16.0,3.0,7.0,1.0,1.0,1.0,52.0,1.0,3.0,16.0
3879820,2016-04-17,Serie A,Juventus,Palermo,6949,Gianluigi Buffon,GK,Goalkeeper,93.05,1,W,0,0.0,0,0,0,26.0,26.0,1.0,0.0,0,1.0,0,0,13.0,0.0,0.0,1.0
3879820,2016-04-17,Serie A,Juventus,Palermo,6953,Daniele Rugani,DEF,Left Center Back,93.05,1,W,0,0.0,0,0,0,71.0,66.0,9.0,3.0,11.0,4.0,2.0,3.0,62.0,2.0,2.0,9.0
3879820,2016-04-17,Serie A,Juventus,Palermo,7173,Leonardo Bonucci,DEF,Center Back,93.05,1,W,0,0.0,0,0,0,83.0,72.0,14.0,6.0,13.0,3.0,1.0,1.0,64.0,0.0,2.0,14.0
3879820,2016-04-17,Serie A,Juventus,Palermo,7952,Simone Padoin,MID,Right Center Midfield,15.03,0,W,1.0,0.0,0.1813,0,1.0,4.0,4.0,0.0,0.0,6.0,0,0,0,5.0,0.0,0.0,0.0
3879820,2016-04-17,Serie A,Juventus,Palermo,8294,Claudio Marchisio,MID,Center Defensive Midfield,15.28,1,W,0,0.0,0,0,0,10.0,9.0,1.0,0.0,1.0,0,0,1.0,8.0,0.0,0.0,1.0
3879820,2016-04-17,Serie A,Juventus,Palermo,20004,Paul Pogba,MID,Left Center Midfield,93.05,1,W,1.0,1.0,0.4917,0.089,5.0,52.0,40.0,11.0,5.0,16.0,6.0,0,3.0,57.0,7.0,3.0,11.0
3879820,2016-04-17,Serie A,Juventus,Palermo,20008,Patrice Evra,DEF,Left Wing Back,93.05,1,W,0.0,0.0,0.0954,0.0643,1.0,49.0,42.0,6.0,4.0,12.0,3.0,2.0,5.0,40.0,4.0,2.0,7.0
266310,2016-04-20,La Liga,Barcelona,RC Deportivo La Coruña,4320,Neymar da Silva Santos Junior,FWD,Left Wing,90.07,1,W,1.0,0.0,0.5395,0.6402,2.0,55.0,49.0,4.0,2.0,13.0,2.0,0,1.0,64.0,11.0,3.0,5.0
266310,2016-04-20,La Liga,Barcelona,RC Deportivo La Coruña,4324,Daniel Alves da Silva,DEF,Right Back,90.07,1,W,0,0.0,0,0,0,107.0,101.0,13.0,6.0,24.0,3.0,2.0,2.0,80.0,7.0,5.0,13.0
266310,2016-04-20,La Liga,Barcelona,RC Deportivo La Coruña,4691,Claudio Andrés Bravo Muñoz,GK,Goalkeeper,90.07,1,W,0,0.0,0,0,0,26.0,25.0,1.0,0.0,0,0,0,0,7.0,0.0,0.0,1.0
266310,2016-04-20,La Liga,Barcelona,RC Deportivo La Coruña,5203,Sergio Busquets i Burgos,MID,Center Defensive Midfield,71.0,1,W,0,0.0,0,0.095,0,54.0,53.0,8.0,3.0,20.0,1.0,2.0,0,36.0,1.0,1.0,9.0
266310,2016-04-20,La Liga,Barcelona,RC Deportivo La Coruña,5211,Jordi Alba Ramos,DEF,Left Back,69.47,1,W,0,0.0,0,0,0,78.0,72.0,12.0,8.0,9.0,4.0,3.0,2.0,68.0,1.0,6.0,12.0
266310,2016-04-20,La Liga,Barcelona,RC Deportivo La Coruña,5216,Andrés Iniesta Luján,MID,Left Center Midfield,57.58,1,W,0,0.0,0,0.1817,0,66.0,62.0,19.0,15.0,12.0,1.0,1.0,0,55.0,3.0,14.0,19.0
266310,2016-04-20,La Liga,Barcelona,RC Deportivo La Coruña,5246,Luis Alberto Suárez Díaz,FWD,Center Forward,90.07,1,W,4.0,3.0,2.5653,1.0251,8.0,29.0,27.0,3.0,0.0,13.0,1.0,0,0,23.0,1.0,1.0,6.0
266310,2016-04-20,La Liga,Barcelona,RC Deportivo La Coruña,5470,Ivan Rakitić,MID,Right Center Midfield,90.07,1,W,1.0,1.0,0.3067,0.3604,3.0,74.0,66.0,5.0,7.0,27.0,2.0,0,4.0,53.0,1.0,2.0,6.0
266310,2016-04-20,La Liga,Barcelona,RC Deportivo La Coruña,5503,Lionel Andrés Messi Cuccittini,FWD,Right Wing,90.07,1,W,1.0,2.0,0.3538,0.9103,3.0,80.0,72.0,13.0,6.0,3.0,0,0,0,66.0,9.0,14.0,13.0
266310,2016-04-20,La Liga,Barcelona,RC Deportivo La Coruña,5506,Javier Alejandro Mascherano,DEF,Left Center Back,90.07,1,W,0,0.0,0,0,0,53.0,47.0,8.0,1.0,13.0,0,5.0,1.0,34.0,0.0,1.0,8.0
266310,2016-04-20,La Liga,Barcelona,RC Deportivo La Coruña,6379,Sergi Roberto Carnicer,MID,Left Center Midfield,32.48,0,W,0,0.0,0,0,0,34.0,32.0,4.0,1.0,15.0,3.0,0,1.0,29.0,1.0,1.0,4.0
266310,2016-04-20,La Liga,Barcelona,RC Deportivo La Coruña,6998,Rafael Alcântara do Nascimento,MID,Center Defensive Midfield,19.07,0,W,0,0.0,0,0,0,18.0,18.0,4.0,1.0,6.0,0,0,0,16.0,3.0,0.0,4.0
266310,2016-04-20,La Liga,Barcelona,RC Deportivo La Coruña,7068,Marc Bartra Aregall,DEF,Right Center Back,90.07,1,W,1.0,0.0,0.2688,0,1.0,54.0,48.0,8.0,3.0,7.0,2.0,3.0,0,38.0,1.0,2.0,8.0
266310,2016-04-20,La Liga,Barcelona,RC Deportivo La Coruña,22102,Adriano Correia Claro,DEF,Left Back,20.6,0,W,0,0.0,0,0,0,20.0,20.0,3.0,0.0,5.0,0,0,0,17.0,0.0,0.0,3.0
3879833,2016-04-20,Serie A,Juventus,Lazio,5472,Mario Mandžukić,MID,Left Center Forward,90.18,1,W,1.0,0.0,0.7021,0,1.0,24.0,16.0,2.0,1.0,17.0,2.0,2.0,1.0,15.0,1.0,1.0,2.0
3879833,2016-04-20,Serie A,Juventus,Lazio,5541,Stephan Lichtsteiner,DEF,Right Wing Back,90.18,1,W,0,0.0,0,0.5298,0,48.0,34.0,5.0,1.0,4.0,4.0,2.0,0,34.0,3.0,3.0,6.0
3879833,2016-04-20,Serie A,Juventus,Lazio,5566,Sami Khedira,MID,Right Center Midfield,69.32,1,W,0.0,1.0,0.0321,0.9249,1.0,33.0,30.0,3.0,1.0,5.0,3.0,0,1.0,26.0,2.0,1.0,5.0
3879833,2016-04-20,Serie A,Juventus,Lazio,5743,Paulo Bruno Exequiel Dybala,MID,Right Center Forward,74.4,1,W,2.0,0.0,1.8717,0.0252,6.0,45.0,33.0,7.0,3.0,12.0,4.0,1.0,0,38.0,3.0,3.0,8.0
3879833,2016-04-20,Serie A,Juventus,Lazio,6584,Simone Zaza,MID,Right Center Forward,15.78,0,W,0.0,0.0,0.1042,0,2.0,5.0,5.0,2.0,1.0,1.0,0,0,0,4.0,0.0,1.0,2.0
3879833,2016-04-20,Serie A,Juventus,Lazio,6940,Kwadwo Asamoah,MID,Left Center Midfield,8.9,0,W,0,0.0,0,0.0846,0,7.0,6.0,1.0,1.0,0,1.0,0,0,6.0,0.0,0.0,2.0
3879833,2016-04-20,Serie A,Juventus,Lazio,6943,Andrea Barzagli,DEF,Right Center Back,90.18,1,W,0,0.0,0,0.0305,0,71.0,65.0,6.0,2.0,6.0,3.0,1.0,1.0,42.0,0.0,0.0,7.0
3879833,2016-04-20,Serie A,Juventus,Lazio,6945,Alex Sandro Lobo Silva,DEF,Left Wing Back,90.18,1,W,0.0,0.0,0.0948,0.0895,2.0,60.0,44.0,4.0,3.0,11.0,7.0,4.0,3.0,47.0,6.0,3.0,5.0
3879833,2016-04-20,Serie A,Juventus,Lazio,6949,Gianluigi Buffon,GK,Goalkeeper,90.18,1,W,0,0.0,0,0,0,18.0,14.0,0.0,0.0,0,1.0,0,0,3.0,0.0,0.0,0.0
3879833,2016-04-20,Serie A,Juventus,Lazio,6953,Daniele Rugani,DEF,Left Center Back,90.18,1,W,0,0.0,0,0,0,71.0,66.0,9.0,2.0,5.0,3.0,0,1.0,54.0,0.0,3.0,9.0
3879833,2016-04-20,Serie A,Juventus,Lazio,7013,Stefano Sturaro,MID,Right Center Midfield,20.87,0,W,0,0.0,0,0,0,9.0,6.0,0.0,0.0,3.0,0,0,1.0,8.0,1.0,0.0,0.0
3879833,2016-04-20,Serie A,Juventus,Lazio,7173,Leonardo Bonucci,DEF,Center Back,90.18,1,W,0,0.0,0,0,0,86.0,76.0,17.0,6.0,7.0,6.0,0,2.0,63.0,0.0,1.0,17.0
3879833,2016-04-20,Serie A,Juventus,Lazio,20004,Paul Pogba,MID,Left Center Midfield,81.28,1,W,0.0,0.0,0.5697,0.032,5.0,42.0,35.0,4.0,1.0,8.0,4.0,1.0,0,31.0,1.0,2.0,4.0
3879833,2016-04-20,Serie A,Juventus,Lazio,25345,Anderson Hernanes de Carvalho Andrade,MID,Center Defensive Midfield,90.18,1,W,0.0,0.0,0.0673,0.1061,2.0,73.0,65.0,4.0,3.0,14.0,10.0,2.0,1.0,52.0,0.0,3.0,6.0
3754284,2016-04-21,Premier League,Arsenal,West Bromwich Albion,3385,Alexis Alejandro Sánchez Sánchez,FWD,Right Wing,85.07,1,W,2.0,0.0,0.1256,0.2091,2.0,54.0,44.0,5.0,3.0,13.0,5.0,1.0,1.0,64.0,2.0,4.0,7.0
3754284,2016-04-21,Premier League,Arsenal,West Bromwich Albion,3394,Laurent Koscielny,DEF,Left Center Back,92.23,1,W,0,0.0,0,0,0,62.0,58.0,3.0,0.0,8.0,2.0,3.0,1.0,50.0,1.0,0.0,3.0
3754284,2016-04-21,Premier League,Arsenal,West Bromwich Albion,3437,Francis Joseph Coquelin,FWD,Left Wing,10.98,0,W,0,0.0,0,0,0,17.0,17.0,2.0,2.0,0,1.0,0,0,16.0,0.0,0.0,2.0
3754284,2016-04-21,Premier League,Arsenal,West Bromwich Albion,3461,Petr Čech,GK,Goalkeeper,92.23,1,W,0,0.0,0,0,0,26.0,18.0,6.0,1.0,0,6.0,0,0,18.0,0.0,0.0,6.0
3754284,2016-04-21,Premier League,Arsenal,West Bromwich Albion,3475,Per Mertesacker,DEF,Right Center Back,92.23,1,W,0,0.0,0,0,0,72.0,65.0,4.0,0.0,6.0,2.0,0,0,49.0,1.0,0.0,4.0
3754284,2016-04-21,Premier League,Arsenal,West Bromwich Albion,3496,Mesut Özil,MID,Center Attacking Midfield,85.27,1,W,0.0,0.0,0.5067,0.0677,4.0,79.0,65.0,14.0,9.0,11.0,6.0,0,1.0,83.0,4.0,12.0,15.0
3754284,2016-04-21,Premier League,Arsenal,West Bromwich Albion,3498,Ignacio Monreal Eraso,DEF,Left Back,92.23,1,W,0,0.0,0,0.1921,0,62.0,56.0,7.0,1.0,5.0,1.0,6.0,0,51.0,0.0,1.0,8.0
3754284,2016-04-21,Premier League,Arsenal,West Bromwich Albion,3511,Héctor Bellerín Moruno,DEF,Right Back,92.23,1,W,0.0,0.0,0.0569,0.0574,2.0,63.0,58.0,8.0,2.0,8.0,4.0,1.0,1.0,48.0,1.0,2.0,9.0
3754284,2016-04-21,Premier League,Arsenal,West Bromwich Albion,3517,Aaron Ramsey,MID,Left Defensive Midfield,92.23,1,W,0.0,1.0,0.0422,0.1122,1.0,115.0,103.0,17.0,12.0,25.0,5.0,0,6.0,108.0,4.0,10.0,19.0
3754284,2016-04-21,Premier League,Arsenal,West Bromwich Albion,3568,Mohamed Naser Elsayed Elneny,MID,Right Defensive Midfield,92.23,1,W,0.0,0.0,0.0262,0,1.0,98.0,91.0,10.0,10.0,19.0,4.0,5.0,0,90.0,0.0,7.0,10.0
3754284,2016-04-21,Premier League,Arsenal,West Bromwich Albion,3604,Olivier Giroud,FWD,Center Forward,92.23,1,W,0.0,0.0,0.4486,0.0898,4.0,37.0,33.0,2.0,3.0,7.0,1.0,0,0,35.0,0.0,1.0,4.0
3754284,2016-04-21,Premier League,Arsenal,West Bromwich Albion,3647,Alex Iwobi,FWD,Left Wing,81.25,1,W,0.0,0.0,0.0463,0.1557,1.0,56.0,51.0,6.0,5.0,8.0,2.0,4.0,0,57.0,13.0,3.0,8.0
3754284,2016-04-21,Premier League,Arsenal,West Bromwich Albion,3668,Theo Walcott,FWD,Right Wing,7.17,0,W,0,0.0,0,0,0,5.0,4.0,2.0,2.0,0,3.0,0,0,5.0,0.0,1.0,2.0
3754284,2016-04-21,Premier League,Arsenal,West Bromwich Albion,5581,Joel Nathaniel Campbell Samuels,FWD,Left Wing,6.97,0,W,0.0,0.0,0.066,0.3289,1.0,14.0,10.0,0.0,0.0,0,2.0,0,0,15.0,0.0,2.0,2.0
265944,2016-04-23,La Liga,Barcelona,Sporting Gijón,4320,Neymar da Silva Santos Junior,FWD,Left Wing,91.98,1,W,1.0,0.0,1.0018,0.3338,3.0,55.0,45.0,2.0,0.0,11.0,5.0,0,1.0,62.0,9.0,3.0,5.0
265944,2016-04-23,La Liga,Barcelona,Sporting Gijón,4324,Daniel Alves da Silva,DEF,Right Back,46.98,0,W,0,0.0,0,0.0555,0,59.0,52.0,7.0,5.0,3.0,3.0,0,0,50.0,2.0,5.0,9.0
265944,2016-04-23,La Liga,Barcelona,Sporting Gijón,4691,Claudio Andrés Bravo Muñoz,GK,Goalkeeper,91.98,1,W,0,0.0,0,0,0,13.0,12.0,0.0,0.0,0,1.0,0,0,7.0,0.0,0.0,0.0
265944,2016-04-23,La Liga,Barcelona,Sporting Gijón,5203,Sergio Busquets i Burgos,MID,Center Defensive Midfield,91.98,1,W,0,0.0,0,0,0,81.0,78.0,13.0,8.0,13.0,2.0,1.0,1.0,63.0,1.0,3.0,13.0
265944,2016-04-23,La Liga,Barcelona,Sporting Gijón,5211,Jordi Alba Ramos,DEF,Left Back,91.98,1,W,0.0,0.0,0.0135,0,1.0,97.0,79.0,14.0,4.0,14.0,5.0,0,1.0,58.0,1.0,8.0,14.0
265944,2016-04-23,La Liga,Barcelona,Sporting Gijón,5213,Gerard Piqué Bernabéu,DEF,Right Center Back,65.4,1,W,0,0.0,0,0,0,49.0,46.0,12.0,7.0,5.0,3.0,0,0,40.0,4.0,6.0,12.0
265944,2016-04-23,La Liga,Barcelona,Sporting Gijón,5216,Andrés Iniesta Luján,MID,Left Center Midfield,91.98,1,W,0.0,1.0,0.1011,0.4378,3.0,79.0,69.0,21.0,9.0,15.0,6.0,0,1.0,70.0,3.0,14.0,22.0
265944,2016-04-23,La Liga,Barcelona,Sporting Gijón,5246,Luis Alberto Suárez Díaz,FWD,Center Forward,91.98,1,W,4.0,0.0,2.4214,0.1903,6.0,28.0,19.0,1.0,1.0,9.0,2.0,0,0,27.0,2.0,2.0,3.0
265944,2016-04-23,La Liga,Barcelona,Sporting Gijón,5470,Ivan Rakitić,MID,Right Center Midfield,74.75,1,W,0.0,0.0,0.0062,0.068,1.0,76.0,65.0,10.0,5.0,11.0,6.0,2.0,0,52.0,2.0,3.0,10.0
265944,2016-04-23,La Liga,Barcelona,Sporting Gijón,5503,Lionel Andrés Messi Cuccittini,FWD,Right Wing,91.98,1,W,1.0,1.0,1.0004,0.4902,7.0,74.0,58.0,14.0,7.0,4.0,3.0,0,0,78.0,8.0,13.0,15.0
265944,2016-04-23,La Liga,Barcelona,Sporting Gijón,5506,Javier Alejandro Mascherano,DEF,Left Center Back,91.98,1,W,0,0.0,0,0.0386,0,67.0,66.0,18.0,5.0,13.0,2.0,2.0,2.0,57.0,2.0,3.0,19.0
265944,2016-04-23,La Liga,Barcelona,Sporting Gijón,6379,Sergi Roberto Carnicer,DEF,Right Back,45.0,1,W,0.0,0.0,0.0416,0.3738,1.0,42.0,37.0,4.0,2.0,2.0,4.0,1.0,2.0,31.0,2.0,1.0,5.0
265944,2016-04-23,La Liga,Barcelona,Sporting Gijón,7068,Marc Bartra Aregall,DEF,Right Center Back,26.58,0,W,0.0,0.0,0.1362,0,1.0,12.0,12.0,2.0,2.0,0,0,0,0,10.0,0.0,2.0,2.0
265944,2016-04-23,La Liga,Barcelona,Sporting Gijón,11094,Arda Turan,MID,Right Center Midfield,17.23,0,W,0,0.0,0,0,0,12.0,10.0,2.0,1.0,6.0,0,0,1.0,11.0,0.0,0.0,2.0
3890534,2016-04-23,Bundesliga,Bayer Leverkusen,Schalke 04,3058,Javier Hernández Balcázar,FWD,Center Forward,94.12,1,W,1.0,0.0,0.1648,0.3866,1.0,18.0,15.0,2.0,0.0,16.0,2.0,1.0,1.0,13.0,1.0,2.0,3.0
3890534,2016-04-23,Bundesliga,Bayer Leverkusen,Schalke 04,5555,Julian Brandt,FWD,Left Wing,94.12,1,W,1.0,1.0,0.4715,0.2236,5.0,43.0,34.0,4.0,0.0,25.0,6.0,0,2.0,37.0,5.0,3.0,5.0
3890534,2016-04-23,Bundesliga,Bayer Leverkusen,Schalke 04,6309,Tin Jedvaj,DEF,Right Back,31.12,1,W,0,0.0,0,0,0,9.0,4.0,1.0,2.0,12.0,0,1.0,3.0,1.0,0.0,3.0,1.0
3890534,2016-04-23,Bundesliga,Bayer Leverkusen,Schalke 04,8210,Charles Mariano Aránguiz Sandoval,MID,Left Defensive Midfield,94.12,1,W,0.0,0.0,0.3468,0.064,4.0,41.0,30.0,9.0,6.0,26.0,5.0,1.0,1.0,25.0,0.0,7.0,9.0
3890534,2016-04-23,Bundesliga,Bayer Leverkusen,Schalke 04,8211,Benjamin Henrichs,DEF,Right Back,63.0,0,W,0,1.0,0,0.016,0,27.0,19.0,3.0,1.0,25.0,6.0,1.0,1.0,19.0,1.0,4.0,3.0
3890534,2016-04-23,Bundesliga,Bayer Leverkusen,Schalke 04,8212,Wendell Nascimento Borges,DEF,Left Back,94.12,1,W,0,0.0,0,0,0,44.0,34.0,6.0,3.0,23.0,7.0,2.0,2.0,33.0,3.0,0.0,6.0
3890534,2016-04-23,Bundesliga,Bayer Leverkusen,Schalke 04,8213,Karim Bellarabi,FWD,Right Wing,94.12,1,W,1.0,1.0,0.1041,0.2222,4.0,27.0,20.0,3.0,3.0,27.0,9.0,0,2.0,43.0,8.0,1.0,5.0
3890534,2016-04-23,Bundesliga,Bayer Leverkusen,Schalke 04,8221,Jonathan Tah,DEF,Right Center Back,94.12,1,W,0,0.0,0,0,0,42.0,36.0,5.0,2.0,10.0,7.0,1.0,1.0,30.0,0.0,1.0,5.0
3890534,2016-04-23,Bundesliga,Bayer Leverkusen,Schalke 04,8222,Kevin Kampl,MID,Center Attacking Midfield,94.12,1,W,0.0,0.0,0.1742,0.0305,2.0,41.0,29.0,8.0,3.0,40.0,9.0,2.0,1.0,43.0,4.0,5.0,8.0
3890534,2016-04-23,Bundesliga,Bayer Leverkusen,Schalke 04,8573,Ömer Toprak,DEF,Left Center Back,64.82,1,W,0,0.0,0,0.1143,0,52.0,43.0,10.0,6.0,7.0,6.0,1.0,3.0,33.0,0.0,3.0,10.0
3890534,2016-04-23,Bundesliga,Bayer Leverkusen,Schalke 04,8969,Lars Bender,MID,Right Defensive Midfield,45.0,1,W,0,0.0,0,0,0,20.0,13.0,4.0,1.0,31.0,1.0,2.0,4.0,12.0,0.0,0.0,4.0
3890534,2016-04-23,Bundesliga,Bayer Leverkusen,Schalke 04,9363,André Ramalho Silva,DEF,Left Center Back,29.3,0,W,0,0.0,0,0,0,7.0,4.0,0.0,0.0,5.0,1.0,1.0,0,1.0,0.0,2.0,0.0
3890534,2016-04-23,Bundesliga,Bayer Leverkusen,Schalke 04,11394,Stefan Kießling,MID,Right Defensive Midfield,49.12,0,W,0.0,0.0,0.3704,0,1.0,13.0,7.0,1.0,1.0,7.0,2.0,0,0,7.0,2.0,4.0,1.0
3890534,2016-04-23,Bundesliga,Bayer Leverkusen,Schalke 04,15581,Bernd Leno,GK,Goalkeeper,94.12,1,W,0,0.0,0,0,0,41.0,25.0,7.0,3.0,0,4.0,0,0,17.0,0.0,0.0,7.0
3753990,2016-04-24,Premier League,Arsenal,Sunderland,3385,Alexis Alejandro Sánchez Sánchez,FWD,Right Wing,94.07,1,D,0.0,0.0,0.2686,0.1076,5.0,52.0,36.0,8.0,3.0,11.0,6.0,1.0,0,65.0,4.0,10.0,9.0
3753990,2016-04-24,Premier League,Arsenal,Sunderland,3388,Jack Wilshere,MID,Center Attacking Midfield,10.65,0,D,0,0.0,0,0,0,9.0,9.0,1.0,1.0,4.0,1.0,0,0,12.0,1.0,0.0,1.0
3753990,2016-04-24,Premier League,Arsenal,Sunderland,3394,Laurent Koscielny,DEF,Left Center Back,94.07,1,D,0,0.0,0,0,0,62.0,56.0,8.0,3.0,5.0,8.0,1.0,2.0,41.0,3.0,1.0,8.0
3753990,2016-04-24,Premier League,Arsenal,Sunderland,3461,Petr Čech,GK,Goalkeeper,94.07,1,D,0,0.0,0,0,0,41.0,22.0,9.0,4.0,0,7.0,0,0,21.0,0.0,0.0,9.0
3753990,2016-04-24,Premier League,Arsenal,Sunderland,3475,Per Mertesacker,DEF,Right Center Back,94.07,1,D,0.0,0.0,0.1632,0,2.0,54.0,48.0,4.0,1.0,1.0,1.0,0,0,28.0,0.0,2.0,4.0
3753990,2016-04-24,Premier League,Arsenal,Sunderland,3496,Mesut Özil,MID,Center Attacking Midfield,83.42,1,D,0.0,0.0,0.0289,0.2358,1.0,68.0,53.0,9.0,6.0,9.0,5.0,0,0,54.0,4.0,9.0,13.0
3753990,2016-04-24,Premier League,Arsenal,Sunderland,3498,Ignacio Monreal Eraso,DEF,Left Back,94.07,1,D,0,0.0,0,0.0638,0,71.0,58.0,8.0,3.0,14.0,5.0,1.0,2.0,38.0,2.0,2.0,9.0
3753990,2016-04-24,Premier League,Arsenal,Sunderland,3511,Héctor Bellerín Moruno,DEF,Right Back,94.07,1,D,0.0,0.0,0.0324,0,1.0,51.0,44.0,4.0,3.0,3.0,3.0,0,0,38.0,3.0,6.0,4.0
3753990,2016-04-24,Premier League,Arsenal,Sunderland,3517,Aaron Ramsey,MID,Left Defensive Midfield,94.07,1,D,0.0,0.0,0.0602,0.0521,2.0,108.0,92.0,12.0,7.0,12.0,9.0,2.0,0,90.0,2.0,6.0,14.0
3753990,2016-04-24,Premier League,Arsenal,Sunderland,3568,Mohamed Naser Elsayed Elneny,MID,Right Defensive Midfield,94.07,1,D,0.0,0.0,0.0448,0.0265,2.0,88.0,85.0,14.0,12.0,23.0,4.0,1.0,2.0,78.0,4.0,5.0,15.0
3753990,2016-04-24,Premier League,Arsenal,Sunderland,3569,Daniel Nii Tackie Mensah Welbeck,FWD,Center Forward,23.43,0,D,0.0,0.0,0.0557,0.0433,1.0,8.0,7.0,1.0,0.0,4.0,1.0,0,0,11.0,0.0,0.0,2.0
3753990,2016-04-24,Premier League,Arsenal,Sunderland,3604,Olivier Giroud,FWD,Center Forward,70.63,1,D,0.0,0.0,0.0734,0.3206,2.0,28.0,16.0,1.0,1.0,8.0,1.0,0,1.0,15.0,1.0,1.0,5.0
3753990,2016-04-24,Premier League,Arsenal,Sunderland,3647,Alex Iwobi,FWD,Left Wing,70.37,1,D,0.0,0.0,0.6108,0,4.0,50.0,42.0,7.0,5.0,6.0,5.0,0,0,51.0,3.0,5.0,7.0
3753990,2016-04-24,Premier League,Arsenal,Sunderland,3668,Theo Walcott,FWD,Left Wing,23.7,0,D,0,0.0,0,0,0,10.0,5.0,0.0,0.0,1.0,3.0,0,1.0,10.0,2.0,0.0,0.0
3879839,2016-04-24,Serie A,Juventus,Fiorentina,3477,Álvaro Borja Morata Martín,MID,Right Center Forward,24.78,0,W,1.0,0.0,0.6592,0,1.0,4.0,3.0,0.0,0.0,9.0,3.0,1.0,0,6.0,1.0,0.0,0.0
3879839,2016-04-24,Serie A,Juventus,Fiorentina,3951,Mario Lemina,MID,Center Defensive Midfield,94.13,1,W,0,0.0,0,0,0,40.0,34.0,10.0,3.0,26.0,6.0,2.0,4.0,34.0,1.0,4.0,10.0
3879839,2016-04-24,Serie A,Juventus,Fiorentina,5472,Mario Mandžukić,MID,Left Center Forward,94.13,1,W,1.0,0.0,0.2298,0.4331,1.0,22.0,15.0,1.0,1.0,21.0,1.0,2.0,0,15.0,3.0,2.0,3.0
3879839,2016-04-24,Serie A,Juventus,Fiorentina,5541,Stephan Lichtsteiner,DEF,Right Wing Back,87.3,1,W,0,0.0,0,0,0,37.0,29.0,2.0,0.0,8.0,2.0,1.0,1.0,25.0,2.0,2.0,2.0
3879839,2016-04-24,Serie A,Juventus,Fiorentina,5566,Sami Khedira,MID,Right Center Midfield,94.13,1,W,0,0.0,0,0,0,30.0,25.0,2.0,2.0,21.0,2.0,1.0,2.0,28.0,0.0,1.0,2.0
3879839,2016-04-24,Serie A,Juventus,Fiorentina,5689,Juan Guillermo Cuadrado Bello,DEF,Right Wing Back,6.83,0,W,0,0,0,0,0,0,0,0,0,3.0,0,0,0,0,0,0,0
3879839,2016-04-24,Serie A,Juventus,Fiorentina,5743,Paulo Bruno Exequiel Dybala,MID,Right Center Forward,69.35,1,W,0.0,0.0,0.0158,0,1.0,34.0,27.0,7.0,4.0,16.0,4.0,0,1.0,35.0,7.0,6.0,7.0
3879839,2016-04-24,Serie A,Juventus,Fiorentina,6940,Kwadwo Asamoah,MID,Left Center Midfield,10.45,0,W,0,0.0,0,0,0,2.0,1.0,1.0,0.0,2.0,1.0,0,0,3.0,0.0,1.0,1.0
3879839,2016-04-24,Serie A,Juventus,Fiorentina,6943,Andrea Barzagli,DEF,Right Center Back,94.13,1,W,0,0.0,0,0,0,40.0,37.0,2.0,1.0,8.0,2.0,0,0,37.0,0.0,0.0,2.0
3879839,2016-04-24,Serie A,Juventus,Fiorentina,6949,Gianluigi Buffon,GK,Goalkeeper,94.13,1,W,0,0.0,0,0,0,32.0,24.0,1.0,0.0,0,7.0,0,0,13.0,0.0,0.0,1.0
3879839,2016-04-24,Serie A,Juventus,Fiorentina,6953,Daniele Rugani,DEF,Left Center Back,94.13,1,W,0,0.0,0,0,0,51.0,42.0,6.0,1.0,24.0,3.0,1.0,4.0,40.0,0.0,0.0,6.0
3879839,2016-04-24,Serie A,Juventus,Fiorentina,7173,Leonardo Bonucci,DEF,Center Back,94.13,1,W,0,0.0,0,0,0,47.0,38.0,3.0,1.0,15.0,4.0,1.0,3.0,37.0,0.0,0.0,3.0
3879839,2016-04-24,Serie A,Juventus,Fiorentina,20004,Paul Pogba,MID,Left Center Midfield,83.68,1,W,0.0,1.0,0.3915,0.2298,2.0,51.0,45.0,8.0,4.0,26.0,6.0,1.0,2.0,60.0,6.0,4.0,9.0
3879839,2016-04-24,Serie A,Juventus,Fiorentina,20008,Patrice Evra,DEF,Left Wing Back,94.13,1,W,0.0,0.0,0.0985,0,1.0,46.0,34.0,0.0,2.0,17.0,1.0,0,3.0,31.0,0.0,0.0,0.0
3901233,2016-04-29,Ligue 1,Paris Saint-Germain,Rennes,2995,Ángel Fabián Di María Hernández,FWD,Right Wing,68.43,1,W,0.0,1.0,0.1516,1.2656,3.0,64.0,48.0,12.0,10.0,5.0,0,1.0,0,53.0,9.0,14.0,16.0
3901233,2016-04-29,Ligue 1,Paris Saint-Germain,Rennes,3166,Marco Verratti,MID,Right Center Midfield,32.32,0,W,0,1.0,0,0.1125,0,42.0,38.0,4.0,2.0,4.0,2.0,0,2.0,32.0,0.0,3.0,4.0
3901233,2016-04-29,Ligue 1,Paris Saint-Germain,Rennes,3295,Thiago Emiliano da Silva,DEF,Left Center Back,92.07,1,W,0.0,0.0,0.0756,0,1.0,79.0,71.0,10.0,1.0,6.0,4.0,1.0,3.0,53.0,0.0,2.0,10.0
3901233,2016-04-29,Ligue 1,Paris Saint-Germain,Rennes,3481,Serge Aurier,DEF,Right Back,92.07,1,W,0,0.0,0,0,0,75.0,66.0,4.0,4.0,14.0,4.0,0,2.0,51.0,1.0,0.0,4.0
3901233,2016-04-29,Ligue 1,Paris Saint-Germain,Rennes,3672,Zlatan Ibrahimović,FWD,Center Forward,92.07,1,W,2.0,0.0,1.4899,0.1092,8.0,63.0,51.0,7.0,4.0,3.0,5.0,2.0,0,46.0,3.0,7.0,9.0
3901233,2016-04-29,Ligue 1,Paris Saint-Germain,Rennes,3745,Lucas Rodrigues Moura da Silva,FWD,Right Wing,23.63,0,W,0.0,0.0,0.2066,0.1255,2.0,5.0,4.0,0.0,0.0,5.0,1.0,0,2.0,6.0,2.0,0.0,1.0
3901233,2016-04-29,Ligue 1,Paris Saint-Germain,Rennes,3956,David Luiz Moreira Marinho,MID,Center Defensive Midfield,24.03,0,W,0,0.0,0,0.1684,0,21.0,18.0,2.0,2.0,3.0,1.0,1.0,0,15.0,2.0,3.0,3.0
3901233,2016-04-29,Ligue 1,Paris Saint-Germain,Rennes,4319,Edinson Roberto Cavani Gómez,FWD,Left Wing,92.07,1,W,1.0,1.0,1.8202,0.5224,7.0,37.0,29.0,1.0,0.0,5.0,5.0,0,0,21.0,1.0,2.0,4.0
3901233,2016-04-29,Ligue 1,Paris Saint-Germain,Rennes,4325,Thiago Motta,MID,Center Defensive Midfield,68.03,1,W,0,0.0,0,0,0,108.0,102.0,18.0,8.0,8.0,3.0,0,2.0,72.0,1.0,1.0,18.0
3901233,2016-04-29,Ligue 1,Paris Saint-Germain,Rennes,4370,Javier Matías Pastore,MID,Left Center Midfield,92.07,1,W,0.0,1.0,0.4953,0.3537,4.0,100.0,85.0,17.0,10.0,10.0,8.0,0,2.0,75.0,8.0,14.0,18.0
3901233,2016-04-29,Ligue 1,Paris Saint-Germain,Rennes,4372,Marcos Aoás Corrêa,DEF,Right Center Back,92.07,1,W,0.0,0.0,0.0807,0.2621,1.0,73.0,73.0,11.0,4.0,12.0,3.0,1.0,0,55.0,0.0,2.0,12.0
3901233,2016-04-29,Ligue 1,Paris Saint-Germain,Rennes,4440,Kevin Trapp,GK,Goalkeeper,92.07,1,W,0,0.0,0,0,0,28.0,26.0,0.0,0.0,0,6.0,0,0,16.0,0.0,0.0,0.0
3901233,2016-04-29,Ligue 1,Paris Saint-Germain,Rennes,8515,Benjamin Stambouli,MID,Right Center Midfield,59.75,1,W,0,0.0,0,0,0,66.0,62.0,10.0,7.0,15.0,4.0,1.0,2.0,35.0,1.0,6.0,10.0
3901233,2016-04-29,Ligue 1,Paris Saint-Germain,Rennes,26613,Maxwell Scherrer Cabelino Andrade,DEF,Left Back,92.07,1,W,1.0,0.0,0.4352,0.6302,1.0,86.0,83.0,6.0,7.0,8.0,4.0,0,3.0,55.0,4.0,2.0,7.0
3754184,2016-04-30,Premier League,Arsenal,Norwich City,3385,Alexis Alejandro Sánchez Sánchez,FWD,Right Wing,83.4,1,W,0.0,0.0,0.1473,0,3.0,52.0,38.0,6.0,2.0,15.0,5.0,1.0,0,56.0,5.0,7.0,6.0
3754184,2016-04-30,Premier League,Arsenal,Norwich City,3394,Laurent Koscielny,DEF,Left Center Back,94.55,1,W,0.0,0.0,0.0672,0,1.0,57.0,50.0,10.0,4.0,13.0,0,2.0,4.0,33.0,4.0,0.0,10.0
3754184,2016-04-30,Premier League,Arsenal,Norwich City,3437,Francis Joseph Coquelin,FWD,Left Wing,11.15,0,W,0,0.0,0,0,0,2.0,2.0,0.0,0.0,2.0,1.0,0,0,3.0,0.0,0.0,0.0
3754184,2016-04-30,Premier League,Arsenal,Norwich City,3461,Petr Čech,GK,Goalkeeper,94.55,1,W,0,0.0,0,0,0,41.0,19.0,9.0,3.0,0,7.0,0,0,21.0,0.0,0.0,9.0
3754184,2016-04-30,Premier League,Arsenal,Norwich City,3475,Per Mertesacker,DEF,Right Center Back,50.1,1,W,0.0,0.0,0.0546,0,1.0,49.0,46.0,4.0,1.0,4.0,3.0,1.0,1.0,30.0,3.0,0.0,4.0
3754184,2016-04-30,Premier League,Arsenal,Norwich City,3496,Mesut Özil,MID,Center Attacking Midfield,94.55,1,W,0.0,0.0,0.0198,0.3112,1.0,96.0,77.0,14.0,8.0,13.0,9.0,0,2.0,71.0,0.0,8.0,17.0
3754184,2016-04-30,Premier League,Arsenal,Norwich City,3498,Ignacio Monreal Eraso,DEF,Left Back,94.55,1,W,0,0.0,0,0,0,84.0,77.0,12.0,6.0,13.0,1.0,5.0,5.0,57.0,2.0,3.0,12.0
3754184,2016-04-30,Premier League,Arsenal,Norwich City,3511,Héctor Bellerín Moruno,DEF,Right Back,94.55,1,W,0,0.0,0,0,0,59.0,48.0,4.0,5.0,7.0,2.0,3.0,0,41.0,3.0,3.0,4.0
3754184,2016-04-30,Premier League,Arsenal,Norwich City,3517,Aaron Ramsey,MID,Left Defensive Midfield,94.55,1,W,0,0.0,0,0.1987,0,100.0,90.0,15.0,7.0,27.0,8.0,2.0,2.0,88.0,2.0,7.0,16.0
3754184,2016-04-30,Premier League,Arsenal,Norwich City,3568,Mohamed Naser Elsayed Elneny,MID,Right Defensive Midfield,94.55,1,W,0.0,0.0,0.1655,0.0323,3.0,87.0,80.0,7.0,7.0,30.0,8.0,2.0,3.0,66.0,2.0,5.0,8.0
3754184,2016-04-30,Premier League,Arsenal,Norwich City,3569,Daniel Nii Tackie Mensah Welbeck,FWD,Left Wing,39.33,0,W,1.0,0.0,0.0723,0.0256,1.0,24.0,22.0,1.0,2.0,11.0,3.0,0,1.0,21.0,3.0,0.0,2.0
3754184,2016-04-30,Premier League,Arsenal,Norwich City,3604,Olivier Giroud,FWD,Center Forward,94.55,1,W,0.0,1.0,0.2491,0.1801,2.0,32.0,24.0,0.0,1.0,17.0,0,0,0,10.0,0.0,1.0,3.0
3754184,2016-04-30,Premier League,Arsenal,Norwich City,3647,Alex Iwobi,FWD,Left Wing,55.22,1,W,0.0,0.0,0.039,0,2.0,37.0,29.0,3.0,1.0,15.0,5.0,3.0,1.0,40.0,5.0,3.0,3.0
3754184,2016-04-30,Premier League,Arsenal,Norwich City,6746,Gabriel Armando de Abreu,DEF,Right Center Back,44.45,0,W,0,0.0,0,0,0,19.0,18.0,1.0,0.0,1.0,2.0,2.0,0,10.0,0.0,0.0,1.0
266986,2016-04-30,La Liga,Barcelona,Real Betis,4320,Neymar da Silva Santos Junior,FWD,Left Wing,93.03,1,W,0.0,0.0,0.1957,0.2111,3.0,52.0,41.0,3.0,2.0,12.0,1.0,1.0,1.0,57.0,6.0,4.0,5.0
266986,2016-04-30,La Liga,Barcelona,Real Betis,4324,Daniel Alves da Silva,DEF,Right Back,73.68,1,W,0,0.0,0,0.1075,0,66.0,57.0,9.0,5.0,9.0,3.0,0,0,58.0,4.0,5.0,10.0
266986,2016-04-30,La Liga,Barcelona,Real Betis,4691,Claudio Andrés Bravo Muñoz,GK,Goalkeeper,88.05,1,W,0,0.0,0,0,0,13.0,13.0,0.0,0.0,0,1.0,0,0,8.0,0.0,0.0,0.0
266986,2016-04-30,La Liga,Barcelona,Real Betis,5203,Sergio Busquets i Burgos,MID,Center Defensive Midfield,93.03,1,W,0,0.0,0,0,0,91.0,85.0,9.0,12.0,26.0,6.0,1.0,1.0,78.0,5.0,6.0,9.0
266986,2016-04-30,La Liga,Barcelona,Real Betis,5211,Jordi Alba Ramos,DEF,Left Back,93.03,1,W,0,0.0,0,0.0601,0,88.0,77.0,6.0,4.0,8.0,5.0,1.0,1.0,61.0,1.0,0.0,7.0
266986,2016-04-30,La Liga,Barcelona,Real Betis,5213,Gerard Piqué Bernabéu,DEF,Right Center Back,93.03,1,W,0,0.0,0,0,0,91.0,86.0,21.0,11.0,1.0,6.0,1.0,1.0,79.0,7.0,7.0,21.0
266986,2016-04-30,La Liga,Barcelona,Real Betis,5216,Andrés Iniesta Luján,MID,Left Center Midfield,93.03,1,W,0.0,0.0,0.0407,0.0773,1.0,103.0,95.0,29.0,21.0,23.0,7.0,1.0,5.0,94.0,6.0,21.0,30.0
266986,2016-04-30,La Liga,Barcelona,Real Betis,5246,Luis Alberto Suárez Díaz,FWD,Center Forward,93.03,1,W,1.0,0.0,0.8207,0,4.0,24.0,18.0,2.0,0.0,13.0,1.0,1.0,1.0,26.0,0.0,1.0,2.0
266986,2016-04-30,La Liga,Barcelona,Real Betis,5470,Ivan Rakitić,MID,Right Center Midfield,86.08,1,W,1.0,0.0,0.9582,0,2.0,59.0,54.0,3.0,4.0,21.0,5.0,1.0,4.0,53.0,1.0,4.0,3.0
266986,2016-04-30,La Liga,Barcelona,Real Betis,5503,Lionel Andrés Messi Cuccittini,FWD,Right Wing,93.03,1,W,0.0,2.0,0.1186,1.6067,2.0,83.0,61.0,14.0,10.0,8.0,6.0,0,1.0,89.0,2.0,21.0,16.0
266986,2016-04-30,La Liga,Barcelona,Real Betis,5506,Javier Alejandro Mascherano,DEF,Left Center Back,93.03,1,W,0,0.0,0,0,0,91.0,88.0,19.0,17.0,10.0,8.0,1.0,2.0,86.0,7.0,9.0,19.0
266986,2016-04-30,La Liga,Barcelona,Real Betis,6379,Sergi Roberto Carnicer,DEF,Right Back,19.35,0,W,0,0.0,0,0,0,13.0,10.0,2.0,2.0,2.0,1.0,0,1.0,8.0,0.0,2.0,2.0
266986,2016-04-30,La Liga,Barcelona,Real Betis,11094,Arda Turan,MID,Right Center Midfield,6.95,0,W,0,0.0,0,0,0,2.0,2.0,0.0,0.0,2.0,0,0,0,2.0,0.0,0.0,0.0
266986,2016-04-30,La Liga,Barcelona,Real Betis,20055,Marc-André ter Stegen,GK,Goalkeeper,4.98,0,W,0,0.0,0,0,0,1.0,1.0,0.0,0.0,0,0,0,0,0,0,0.0,0.0
3890540,2016-04-30,Bundesliga,Bayer Leverkusen,Hertha Berlin,3058,Javier Hernández Balcázar,FWD,Center Forward,89.1,1,W,0.0,0.0,0.0063,0.5159,1.0,33.0,24.0,6.0,5.0,3.0,1.0,0,0,27.0,1.0,5.0,6.0
3890540,2016-04-30,Bundesliga,Bayer Leverkusen,Hertha Berlin,5494,Robbie Kruse,FWD,Left Wing,3.92,0,W,0,0.0,0,0,0,1.0,0.0,0.0,0.0,0,0,0,0,0,0,0.0,0.0
3890540,2016-04-30,Bundesliga,Bayer Leverkusen,Hertha Berlin,5555,Julian Brandt,FWD,Left Wing,73.53,1,W,1.0,0.0,0.1197,0,1.0,23.0,20.0,0.0,0.0,7.0,4.0,1.0,1.0,21.0,0.0,0.0,0.0
3890540,2016-04-30,Bundesliga,Bayer Leverkusen,Hertha Berlin,7039,Hakan Çalhanoğlu,MID,Center Attacking Midfield,90.37,1,W,0.0,0.0,0.1774,0.2956,3.0,53.0,30.0,5.0,2.0,5.0,1.0,0,4.0,31.0,0.0,10.0,10.0
3890540,2016-04-30,Bundesliga,Bayer Leverkusen,Hertha Berlin,8210,Charles Mariano Aránguiz Sandoval,MID,Left Defensive Midfield,94.28,1,W,0.0,0.0,0.0594,0.1302,3.0,53.0,45.0,8.0,2.0,24.0,8.0,2.0,3.0,39.0,0.0,3.0,8.0
3890540,2016-04-30,Bundesliga,Bayer Leverkusen,Hertha Berlin,8211,Benjamin Henrichs,DEF,Left Back,94.28,1,W,0,0.0,0,0,0,42.0,35.0,1.0,3.0,16.0,9.0,3.0,6.0,28.0,2.0,2.0,1.0
3890540,2016-04-30,Bundesliga,Bayer Leverkusen,Hertha Berlin,8213,Karim Bellarabi,FWD,Right Wing,94.28,1,W,0.0,0.0,0.7087,0.116,5.0,40.0,29.0,2.0,4.0,14.0,5.0,1.0,0,41.0,4.0,4.0,3.0
3890540,2016-04-30,Bundesliga,Bayer Leverkusen,Hertha Berlin,8222,Kevin Kampl,MID,Right Defensive Midfield,94.28,1,W,0,0.0,0,0,0,59.0,47.0,3.0,2.0,18.0,7.0,2.0,0,50.0,2.0,6.0,3.0
3890540,2016-04-30,Bundesliga,Bayer Leverkusen,Hertha Berlin,8573,Ömer Toprak,FWD,Center Forward,5.18,0,W,0,0.0,0,0,0,3.0,2.0,0.0,0.0,1.0,2.0,0,0,3.0,0.0,0.0,0.0
3890540,2016-04-30,Bundesliga,Bayer Leverkusen,Hertha Berlin,8805,Christoph Kramer,DEF,Left Center Back,94.28,1,W,0.0,0.0,0.0382,0,1.0,58.0,52.0,5.0,1.0,18.0,5.0,0,4.0,45.0,1.0,1.0,5.0
3890540,2016-04-30,Bundesliga,Bayer Leverkusen,Hertha Berlin,8969,Lars Bender,DEF,Right Back,94.28,1,W,1.0,0.0,0.3803,0,2.0,48.0,36.0,9.0,5.0,20.0,2.0,1.0,4.0,22.0,1.0,7.0,9.0
3890540,2016-04-30,Bundesliga,Bayer Leverkusen,Hertha Berlin,9363,André Ramalho Silva,DEF,Right Center Back,94.28,1,W,0.0,0.0,0.1133,0,2.0,54.0,46.0,9.0,4.0,9.0,1.0,2.0,1.0,37.0,0.0,2.0,9.0
3890540,2016-04-30,Bundesliga,Bayer Leverkusen,Hertha Berlin,11394,Stefan Kießling,FWD,Right Wing,20.75,0,W,0.0,0.0,0.1072,0,1.0,2.0,0.0,0.0,0.0,0,2.0,0,0,4.0,1.0,0.0,0.0
3890540,2016-04-30,Bundesliga,Bayer Leverkusen,Hertha Berlin,15581,Bernd Leno,GK,Goalkeeper,94.28,1,W,0,0.0,0,0,0,36.0,18.0,4.0,1.0,0,2.0,0,0,21.0,0.0,0.0,4.0
3879850,2016-05-01,Serie A,Juventus,Carpi,3477,Álvaro Borja Morata Martín,MID,Left Center Forward,45.0,1,W,0.0,0.0,0.0739,0,2.0,20.0,16.0,0.0,0.0,5.0,2.0,0,0,26.0,0.0,0.0,0.0
3879850,2016-05-01,Serie A,Juventus,Carpi,5472,Mario Mandžukić,MID,Right Center Forward,93.22,1,W,0.0,0.0,0.191,0.2489,2.0,33.0,22.0,1.0,3.0,11.0,1.0,0,0,19.0,1.0,1.0,3.0
3879850,2016-05-01,Serie A,Juventus,Carpi,5541,Stephan Lichtsteiner,DEF,Right Wing Back,19.85,0,W,0,0.0,0,0.2108,0,24.0,22.0,3.0,0.0,4.0,1.0,0,0,17.0,2.0,1.0,4.0
3879850,2016-05-01,Serie A,Juventus,Carpi,5689,Juan Guillermo Cuadrado Bello,DEF,Right Wing Back,73.37,1,W,0,0.0,0,0.1138,0,82.0,67.0,8.0,1.0,13.0,5.0,2.0,1.0,64.0,8.0,5.0,10.0
3879850,2016-05-01,Serie A,Juventus,Carpi,6584,Simone Zaza,MID,Left Center Forward,48.22,0,W,1.0,0.0,0.2642,0,4.0,10.0,8.0,0.0,0.0,10.0,0,0,1.0,11.0,0.0,0.0,0.0
3879850,2016-05-01,Serie A,Juventus,Carpi,6940,Kwadwo Asamoah,MID,Left Center Midfield,84.63,1,W,0.0,1.0,0.0399,0.0295,1.0,67.0,64.0,10.0,10.0,15.0,8.0,0,4.0,63.0,2.0,6.0,11.0
3879850,2016-05-01,Serie A,Juventus,Carpi,6945,Alex Sandro Lobo Silva,DEF,Left Wing Back,93.22,1,W,0.0,0.0,0.01,0.0816,1.0,69.0,62.0,5.0,3.0,13.0,6.0,1.0,1.0,53.0,4.0,3.0,6.0
3879850,2016-05-01,Serie A,Juventus,Carpi,6949,Gianluigi Buffon,GK,Goalkeeper,93.22,1,W,0,0.0,0,0,0,43.0,39.0,1.0,0.0,0,9.0,0,0,23.0,0.0,0.0,1.0
3879850,2016-05-01,Serie A,Juventus,Carpi,6953,Daniele Rugani,DEF,Right Center Back,93.22,1,W,0.0,0.0,0.0656,0,1.0,62.0,60.0,10.0,5.0,20.0,3.0,1.0,4.0,56.0,2.0,2.0,10.0
3879850,2016-05-01,Serie A,Juventus,Carpi,7013,Stefano Sturaro,MID,Right Center Midfield,8.58,0,W,0,0.0,0,0,0,4.0,4.0,0.0,0.0,2.0,0,0,0,3.0,0.0,0.0,0.0
3879850,2016-05-01,Serie A,Juventus,Carpi,7173,Leonardo Bonucci,DEF,Center Back,93.22,1,W,0.0,0.0,0.3053,0.13,2.0,55.0,49.0,10.0,4.0,10.0,6.0,2.0,2.0,44.0,4.0,3.0,10.0
3879850,2016-05-01,Serie A,Juventus,Carpi,20004,Paul Pogba,MID,Right Center Midfield,93.22,1,W,0.0,1.0,0.2618,0.1468,5.0,99.0,77.0,18.0,10.0,14.0,8.0,1.0,1.0,96.0,8.0,13.0,21.0
3879850,2016-05-01,Serie A,Juventus,Carpi,20008,Patrice Evra,DEF,Left Center Back,93.22,1,W,0,0.0,0,0,0,91.0,87.0,18.0,8.0,5.0,2.0,1.0,3.0,67.0,6.0,4.0,18.0
3879850,2016-05-01,Serie A,Juventus,Carpi,25345,Anderson Hernanes de Carvalho Andrade,MID,Center Defensive Midfield,93.22,1,W,1.0,0.0,0.0946,0.0293,3.0,83.0,74.0,7.0,13.0,19.0,9.0,2.0,4.0,68.0,1.0,2.0,8.0
3890550,2016-05-07,Bundesliga,Bayer Leverkusen,Borussia Mönchengladbach,3058,Javier Hernández Balcázar,MID,Right Center Forward,92.07,1,L,0.0,1.0,0.0878,0.4695,3.0,32.0,23.0,4.0,3.0,5.0,3.0,1.0,1.0,29.0,3.0,6.0,5.0
3890550,2016-05-07,Bundesliga,Bayer Leverkusen,Borussia Mönchengladbach,5494,Robbie Kruse,MID,Right Midfield,92.07,1,L,0.0,0.0,0.128,0.1064,1.0,44.0,28.0,3.0,0.0,37.0,3.0,1.0,2.0,36.0,3.0,4.0,6.0
3890550,2016-05-07,Bundesliga,Bayer Leverkusen,Borussia Mönchengladbach,6309,Tin Jedvaj,MID,Left Defensive Midfield,47.07,0,L,0,0.0,0,0.0278,0,31.0,16.0,7.0,6.0,12.0,7.0,0,1.0,21.0,3.0,3.0,8.0
3890550,2016-05-07,Bundesliga,Bayer Leverkusen,Borussia Mönchengladbach,7039,Hakan Çalhanoğlu,MID,Left Midfield,80.98,1,L,0.0,0.0,0.3953,0.7575,4.0,38.0,29.0,9.0,4.0,16.0,7.0,0,2.0,28.0,1.0,6.0,12.0
3890550,2016-05-07,Bundesliga,Bayer Leverkusen,Borussia Mönchengladbach,8210,Charles Mariano Aránguiz Sandoval,MID,Right Defensive Midfield,92.07,1,L,1.0,0.0,0.6418,0,4.0,37.0,24.0,4.0,3.0,24.0,5.0,0,1.0,30.0,1.0,3.0,4.0
3890550,2016-05-07,Bundesliga,Bayer Leverkusen,Borussia Mönchengladbach,8211,Benjamin Henrichs,DEF,Left Back,92.07,1,L,0,0.0,0,0.0619,0,41.0,29.0,6.0,3.0,9.0,5.0,5.0,2.0,27.0,2.0,7.0,6.0
3890550,2016-05-07,Bundesliga,Bayer Leverkusen,Borussia Mönchengladbach,8219,Admir Mehmedi,MID,Left Midfield,11.08,0,L,0,0.0,0,0.0281,0,7.0,6.0,2.0,2.0,1.0,1.0,0,0,5.0,0.0,2.0,3.0
3890550,2016-05-07,Bundesliga,Bayer Leverkusen,Borussia Mönchengladbach,8573,Ömer Toprak,DEF,Left Center Back,82.98,1,L,0,0.0,0,0,0,21.0,18.0,8.0,3.0,8.0,3.0,2.0,0,11.0,0.0,2.0,8.0
3890550,2016-05-07,Bundesliga,Bayer Leverkusen,Borussia Mönchengladbach,8805,Christoph Kramer,MID,Left Defensive Midfield,45.0,1,L,0,0.0,0,0,0,21.0,13.0,3.0,3.0,20.0,3.0,0,2.0,15.0,0.0,4.0,3.0
3890550,2016-05-07,Bundesliga,Bayer Leverkusen,Borussia Mönchengladbach,8969,Lars Bender,DEF,Right Back,92.07,1,L,0,0.0,0,0,0,45.0,36.0,8.0,2.0,23.0,3.0,0,7.0,20.0,0.0,4.0,8.0
3890550,2016-05-07,Bundesliga,Bayer Leverkusen,Borussia Mönchengladbach,9363,André Ramalho Silva,DEF,Right Center Back,92.07,1,L,0,0.0,0,0,0,21.0,17.0,5.0,1.0,17.0,1.0,1.0,1.0,12.0,0.0,0.0,5.0
3890550,2016-05-07,Bundesliga,Bayer Leverkusen,Borussia Mönchengladbach,11394,Stefan Kießling,MID,Left Center Forward,92.07,1,L,0.0,0.0,0.7322,0.128,3.0,30.0,20.0,2.0,1.0,17.0,4.0,1.0,0,11.0,1.0,2.0,3.0
3890550,2016-05-07,Bundesliga,Bayer Leverkusen,Borussia Mönchengladbach,15581,Bernd Leno,GK,Goalkeeper,92.07,1,L,0,0.0,0,0,0,35.0,22.0,9.0,4.0,0,11.0,0,0,22.0,0.0,0.0,9.0
3890550,2016-05-07,Bundesliga,Bayer Leverkusen,Borussia Mönchengladbach,21168,Marlon Frey,DEF,Left Center Back,9.08,0,L,0.0,0.0,0.0281,0,1.0,2.0,1.0,0.0,0.0,0,0,0,0,2.0,0.0,0.0,0.0
3901247,2016-05-07,Ligue 1,Paris Saint-Germain,Gazélec Ajaccio,2995,Ángel Fabián Di María Hernández,FWD,Right Wing,76.85,1,W,0,2.0,0,0.4282,0,84.0,67.0,16.0,7.0,12.0,1.0,0,1.0,70.0,4.0,18.0,17.0
3901247,2016-05-07,Ligue 1,Paris Saint-Germain,Gazélec Ajaccio,3025,Christopher Nkunku,MID,Left Center Midfield,77.18,1,W,0.0,0.0,0.029,0,1.0,68.0,62.0,4.0,4.0,17.0,11.0,1.0,1.0,51.0,2.0,4.0,4.0
3901247,2016-05-07,Ligue 1,Paris Saint-Germain,Gazélec Ajaccio,3295,Thiago Emiliano da Silva,DEF,Right Center Back,92.43,1,W,0.0,0.0,0.0443,0,1.0,121.0,112.0,11.0,4.0,6.0,1.0,2.0,1.0,89.0,4.0,4.0,11.0
3901247,2016-05-07,Ligue 1,Paris Saint-Germain,Gazélec Ajaccio,3672,Zlatan Ibrahimović,FWD,Center Forward,92.43,1,W,1.0,0.0,0.5121,0,2.0,47.0,39.0,5.0,7.0,5.0,1.0,0,0,37.0,4.0,4.0,5.0
3901247,2016-05-07,Ligue 1,Paris Saint-Germain,Gazélec Ajaccio,3745,Lucas Rodrigues Moura da Silva,FWD,Left Wing,33.72,0,W,0.0,0.0,0.195,0.074,1.0,19.0,16.0,0.0,0.0,2.0,2.0,0,0,19.0,2.0,1.0,1.0
3901247,2016-05-07,Ligue 1,Paris Saint-Germain,Gazélec Ajaccio,3956,David Luiz Moreira Marinho,DEF,Left Center Back,92.43,1,W,0,0.0,0,0,0,126.0,114.0,11.0,2.0,8.0,5.0,0,1.0,107.0,1.0,1.0,11.0
3901247,2016-05-07,Ligue 1,Paris Saint-Germain,Gazélec Ajaccio,4319,Edinson Roberto Cavani Gómez,FWD,Left Wing,58.72,1,W,3.0,0.0,0.8912,0,3.0,27.0,22.0,0.0,0.0,4.0,1.0,0,0,17.0,0.0,1.0,0.0
3901247,2016-05-07,Ligue 1,Paris Saint-Germain,Gazélec Ajaccio,4325,Thiago Motta,MID,Center Defensive Midfield,92.43,1,W,0,0.0,0,0,0,116.0,107.0,11.0,5.0,17.0,4.0,1.0,0,100.0,5.0,6.0,11.0
3901247,2016-05-07,Ligue 1,Paris Saint-Germain,Gazélec Ajaccio,4326,Layvin Kurzawa,DEF,Left Back,92.43,1,W,0,1.0,0,0.5073,0,68.0,65.0,2.0,1.0,11.0,5.0,2.0,1.0,51.0,1.0,0.0,3.0
3901247,2016-05-07,Ligue 1,Paris Saint-Germain,Gazélec Ajaccio,4372,Marcos Aoás Corrêa,DEF,Right Back,92.43,1,W,0.0,0.0,0.074,0.2615,1.0,81.0,74.0,4.0,5.0,17.0,0,0,4.0,44.0,1.0,2.0,5.0
3901247,2016-05-07,Ligue 1,Paris Saint-Germain,Gazélec Ajaccio,4440,Kevin Trapp,GK,Goalkeeper,92.43,1,W,0,0.0,0,0,0,25.0,24.0,1.0,0.0,1.0,3.0,0,0,10.0,0.0,0.0,1.0
3901247,2016-05-07,Ligue 1,Paris Saint-Germain,Gazélec Ajaccio,8510,Jean-Kévin Augustin,FWD,Right Wing,15.58,0,W,0,0.0,0,0,0,1.0,1.0,0.0,0.0,5.0,0,0,0,3.0,0.0,0.0,0.0
3901247,2016-05-07,Ligue 1,Paris Saint-Germain,Gazélec Ajaccio,8515,Benjamin Stambouli,MID,Right Center Midfield,92.43,1,W,0,0.0,0,0,0,86.0,79.0,11.0,5.0,14.0,6.0,2.0,1.0,66.0,1.0,3.0,11.0
3901247,2016-05-07,Ligue 1,Paris Saint-Germain,Gazélec Ajaccio,26613,Maxwell Scherrer Cabelino Andrade,MID,Left Center Midfield,15.25,0,W,0,1.0,0,0.2506,0,11.0,11.0,4.0,4.0,1.0,0,0,0,9.0,1.0,3.0,4.0
3754314,2016-05-08,Premier League,Arsenal,Manchester City,3385,Alexis Alejandro Sánchez Sánchez,FWD,Right Wing,93.22,1,D,1.0,0.0,0.2922,0.0214,1.0,44.0,28.0,4.0,3.0,14.0,11.0,4.0,2.0,47.0,4.0,4.0,5.0
3754314,2016-05-08,Premier League,Arsenal,Manchester City,3388,Jack Wilshere,FWD,Left Wing,68.98,0,D,0,0.0,0,0,0,31.0,27.0,2.0,2.0,11.0,6.0,0,1.0,36.0,4.0,1.0,2.0
3754314,2016-05-08,Premier League,Arsenal,Manchester City,3394,Laurent Koscielny,DEF,Left Center Back,93.22,1,D,0,0.0,0,0,0,31.0,23.0,6.0,3.0,6.0,4.0,5.0,1.0,12.0,1.0,1.0,6.0
3754314,2016-05-08,Premier League,Arsenal,Manchester City,3437,Francis Joseph Coquelin,MID,Right Defensive Midfield,17.33,0,D,0,0.0,0,0,0,5.0,3.0,0.0,0.0,6.0,2.0,1.0,2.0,6.0,1.0,0.0,0.0
3754314,2016-05-08,Premier League,Arsenal,Manchester City,3461,Petr Čech,GK,Goalkeeper,93.22,1,D,0,0.0,0,0,0,31.0,18.0,13.0,2.0,0,6.0,0,0,10.0,0.0,0.0,13.0
3754314,2016-05-08,Premier League,Arsenal,Manchester City,3498,Ignacio Monreal Eraso,DEF,Left Back,93.22,1,D,0,0.0,0,0,0,39.0,20.0,2.0,1.0,13.0,6.0,2.0,2.0,23.0,0.0,6.0,2.0
3754314,2016-05-08,Premier League,Arsenal,Manchester City,3511,Héctor Bellerín Moruno,DEF,Right Back,93.22,1,D,0,0.0,0,0,0,42.0,33.0,1.0,2.0,7.0,4.0,5.0,2.0,32.0,3.0,0.0,1.0
3754314,2016-05-08,Premier League,Arsenal,Manchester City,3517,Aaron Ramsey,MID,Left Defensive Midfield,93.22,1,D,0.0,0.0,0.0214,0,1.0,51.0,36.0,6.0,5.0,25.0,10.0,1.0,7.0,53.0,2.0,4.0,6.0
3754314,2016-05-08,Premier League,Arsenal,Manchester City,3568,Mohamed Naser Elsayed Elneny,MID,Right Defensive Midfield,75.88,1,D,0,1.0,0,0.1988,0,33.0,28.0,3.0,2.0,17.0,3.0,1.0,0,22.0,1.0,1.0,4.0
3754314,2016-05-08,Premier League,Arsenal,Manchester City,3569,Daniel Nii Tackie Mensah Welbeck,FWD,Left Wing,24.23,1,D,0,0.0,0,0,0,2.0,0.0,0.0,0.0,8.0,1.0,2.0,3.0,4.0,0.0,0.0,0.0
3754314,2016-05-08,Premier League,Arsenal,Manchester City,3604,Olivier Giroud,FWD,Center Forward,93.22,1,D,1.0,1.0,0.2473,0.6187,2.0,31.0,23.0,2.0,1.0,12.0,7.0,0,3.0,28.0,0.0,1.0,4.0
3754314,2016-05-08,Premier League,Arsenal,Manchester City,3647,Alex Iwobi,MID,Center Attacking Midfield,58.58,1,D,0,0.0,0,0,0,17.0,14.0,2.0,1.0,8.0,3.0,0,0,22.0,1.0,1.0,2.0
3754314,2016-05-08,Premier League,Arsenal,Manchester City,3668,Theo Walcott,FWD,Left Wing,34.63,0,D,0.0,0.0,0.3265,0,1.0,5.0,2.0,0.0,0.0,3.0,0,0,0,7.0,2.0,0.0,0.0
3754314,2016-05-08,Premier League,Arsenal,Manchester City,6746,Gabriel Armando de Abreu,DEF,Right Center Back,93.22,1,D,0,0.0,0,0,0,36.0,30.0,3.0,2.0,4.0,4.0,4.0,2.0,15.0,0.0,1.0,3.0
265958,2016-05-08,La Liga,Barcelona,Espanyol,4320,Neymar da Silva Santos Junior,FWD,Left Wing,92.62,1,W,1.0,1.0,0.7059,0.4353,3.0,65.0,48.0,4.0,4.0,17.0,3.0,1.0,2.0,63.0,7.0,7.0,7.0
265958,2016-05-08,La Liga,Barcelona,Espanyol,4324,Daniel Alves da Silva,DEF,Right Back,92.62,1,W,0,0.0,0,0,0,81.0,65.0,8.0,4.0,12.0,10.0,1.0,2.0,67.0,7.0,6.0,8.0
265958,2016-05-08,La Liga,Barcelona,Espanyol,5203,Sergio Busquets i Burgos,MID,Center Defensive Midfield,92.62,1,W,0,0.0,0,0,0,69.0,63.0,10.0,4.0,20.0,4.0,0,2.0,41.0,0.0,2.0,10.0
265958,2016-05-08,La Liga,Barcelona,Espanyol,5211,Jordi Alba Ramos,DEF,Left Back,69.25,1,W,0,0.0,0,0.1004,0,59.0,57.0,10.0,7.0,4.0,4.0,0,1.0,38.0,0.0,4.0,11.0
265958,2016-05-08,La Liga,Barcelona,Espanyol,5213,Gerard Piqué Bernabéu,DEF,Right Center Back,92.62,1,W,0,0.0,0,0,0,59.0,54.0,11.0,7.0,7.0,4.0,2.0,0,49.0,4.0,4.0,11.0
265958,2016-05-08,La Liga,Barcelona,Espanyol,5216,Andrés Iniesta Luján,MID,Right Center Midfield,72.62,1,W,0,0.0,0,0,0,44.0,36.0,4.0,6.0,9.0,4.0,0,1.0,39.0,6.0,5.0,4.0
265958,2016-05-08,La Liga,Barcelona,Espanyol,5246,Luis Alberto Suárez Díaz,FWD,Center Forward,92.62,1,W,2.0,1.0,0.6554,0.5919,3.0,18.0,15.0,1.0,1.0,5.0,4.0,0,1.0,24.0,3.0,1.0,3.0
265958,2016-05-08,La Liga,Barcelona,Espanyol,5470,Ivan Rakitić,MID,Left Center Midfield,72.9,1,W,0.0,0.0,0.0423,0,1.0,41.0,39.0,2.0,1.0,10.0,3.0,0,1.0,32.0,1.0,0.0,2.0
265958,2016-05-08,La Liga,Barcelona,Espanyol,5503,Lionel Andrés Messi Cuccittini,FWD,Right Wing,92.62,1,W,1.0,1.0,0.7599,0.5572,6.0,63.0,51.0,13.0,8.0,4.0,4.0,0,0,60.0,3.0,11.0,15.0
265958,2016-05-08,La Liga,Barcelona,Espanyol,5506,Javier Alejandro Mascherano,DEF,Left Center Back,92.62,1,W,0,0.0,0,0,0,59.0,55.0,26.0,14.0,13.0,1.0,0,1.0,47.0,2.0,7.0,26.0
265958,2016-05-08,La Liga,Barcelona,Espanyol,6998,Rafael Alcântara do Nascimento,MID,Left Center Midfield,19.72,0,W,1.0,0.0,0.7632,0,1.0,16.0,14.0,0.0,1.0,1.0,3.0,0,0,13.0,1.0,0.0,0.0
265958,2016-05-08,La Liga,Barcelona,Espanyol,10609,Jérémy Mathieu,DEF,Left Back,23.37,0,W,0,0.0,0,0,0,13.0,9.0,1.0,2.0,0,0,0,0,6.0,0.0,0.0,1.0
265958,2016-05-08,La Liga,Barcelona,Espanyol,11094,Arda Turan,MID,Right Center Midfield,20.0,0,W,0,0.0,0,0,0,15.0,14.0,1.0,1.0,5.0,0,0,1.0,13.0,3.0,0.0,1.0
265958,2016-05-08,La Liga,Barcelona,Espanyol,20055,Marc-André ter Stegen,GK,Goalkeeper,92.62,1,W,0,0.0,0,0,0,23.0,22.0,0.0,0.0,0,7.0,0,0,10.0,0.0,0.0,0.0
3879864,2016-05-08,Serie A,Juventus,Hellas Verona,3579,Roberto Maximiliano Pereyra,MID,Right Center Midfield,32.82,0,L,0,0.0,0,0.0126,0,22.0,19.0,4.0,2.0,13.0,7.0,0,1.0,19.0,0.0,1.0,5.0
3879864,2016-05-08,Serie A,Juventus,Hellas Verona,3951,Mario Lemina,MID,Center Defensive Midfield,94.03,1,L,0,0.0,0,0.0056,0,52.0,45.0,12.0,8.0,16.0,6.0,1.0,2.0,44.0,4.0,4.0,12.0
3879864,2016-05-08,Serie A,Juventus,Hellas Verona,5689,Juan Guillermo Cuadrado Bello,DEF,Right Wing Back,94.03,1,L,0.0,0.0,0.0951,0.1346,3.0,69.0,60.0,6.0,5.0,14.0,4.0,0,0,57.0,12.0,5.0,8.0
3879864,2016-05-08,Serie A,Juventus,Hellas Verona,5743,Paulo Bruno Exequiel Dybala,MID,Right Center Forward,94.03,1,L,1.0,0.0,1.1548,0,6.0,33.0,24.0,7.0,7.0,9.0,5.0,0,0,35.0,4.0,2.0,7.0
3879864,2016-05-08,Serie A,Juventus,Hellas Verona,6584,Simone Zaza,MID,Left Center Forward,94.03,1,L,0.0,0.0,0.3576,0.2638,5.0,19.0,11.0,1.0,0.0,12.0,5.0,0,0,24.0,0.0,1.0,2.0
3879864,2016-05-08,Serie A,Juventus,Hellas Verona,6590,Norberto Murara Neto,GK,Goalkeeper,94.03,1,L,0,0.0,0,0,0,19.0,19.0,0.0,0.0,0,4.0,0,0,8.0,0.0,0.0,0.0
3879864,2016-05-08,Serie A,Juventus,Hellas Verona,6940,Kwadwo Asamoah,MID,Left Center Midfield,70.27,1,L,0.0,0.0,0.0126,0.2241,1.0,46.0,43.0,8.0,3.0,7.0,3.0,0,2.0,40.0,2.0,4.0,9.0
3879864,2016-05-08,Serie A,Juventus,Hellas Verona,6943,Andrea Barzagli,DEF,Right Center Back,71.58,1,L,0,0.0,0,0.0069,0,56.0,47.0,7.0,2.0,7.0,7.0,2.0,1.0,41.0,0.0,7.0,8.0
3879864,2016-05-08,Serie A,Juventus,Hellas Verona,6945,Alex Sandro Lobo Silva,DEF,Left Wing Back,91.37,1,L,0,0.0,0,0.0912,0,59.0,49.0,8.0,1.0,12.0,5.0,0,4.0,51.0,5.0,7.0,9.0
3879864,2016-05-08,Serie A,Juventus,Hellas Verona,6953,Daniele Rugani,DEF,Left Center Back,94.03,1,L,0.0,0.0,0.0069,0,1.0,76.0,69.0,19.0,8.0,14.0,3.0,4.0,3.0,58.0,2.0,4.0,19.0
3879864,2016-05-08,Serie A,Juventus,Hellas Verona,6954,Giorgio Chiellini,DEF,Right Center Back,22.45,0,L,0,0.0,0,0,0,12.0,6.0,1.0,1.0,1.0,0,0,0,8.0,2.0,3.0,1.0
3879864,2016-05-08,Serie A,Juventus,Hellas Verona,7013,Stefano Sturaro,MID,Right Center Midfield,61.22,1,L,0,0.0,0,0,0,25.0,16.0,2.0,1.0,12.0,3.0,1.0,1.0,26.0,5.0,2.0,2.0
3879864,2016-05-08,Serie A,Juventus,Hellas Verona,7173,Leonardo Bonucci,DEF,Center Back,94.03,1,L,0,0.0,0,0,0,65.0,54.0,14.0,5.0,11.0,5.0,0,2.0,48.0,0.0,4.0,14.0
3879864,2016-05-08,Serie A,Juventus,Hellas Verona,7952,Simone Padoin,MID,Left Center Midfield,23.77,0,L,0,0.0,0,0,0,16.0,14.0,0.0,0.0,1.0,0,0,0,13.0,0.0,0.0,0.0
3901253,2016-05-11,Ligue 1,Paris Saint-Germain,Bordeaux,2995,Ángel Fabián Di María Hernández,FWD,Right Wing,93.12,1,D,0.0,1.0,0.0708,0.5701,2.0,60.0,41.0,13.0,8.0,8.0,4.0,1.0,2.0,54.0,2.0,15.0,15.0
3901253,2016-05-11,Ligue 1,Paris Saint-Germain,Bordeaux,3025,Christopher Nkunku,MID,Right Center Midfield,93.12,1,D,0,0.0,0,0,0,80.0,73.0,8.0,3.0,20.0,7.0,1.0,0,70.0,2.0,2.0,8.0
3901253,2016-05-11,Ligue 1,Paris Saint-Germain,Bordeaux,3026,Adrien Rabiot,MID,Left Center Midfield,62.87,1,D,0.0,0.0,0.0403,0,1.0,66.0,61.0,6.0,2.0,21.0,6.0,0,3.0,57.0,1.0,2.0,6.0
3901253,2016-05-11,Ligue 1,Paris Saint-Germain,Bordeaux,3481,Serge Aurier,DEF,Right Back,93.12,1,D,0.0,0.0,0.2397,0.1388,3.0,76.0,62.0,4.0,2.0,11.0,4.0,2.0,3.0,57.0,2.0,3.0,5.0
3901253,2016-05-11,Ligue 1,Paris Saint-Germain,Bordeaux,3672,Zlatan Ibrahimović,FWD,Center Forward,70.32,1,D,1.0,0.0,0.3828,0.0403,2.0,24.0,14.0,1.0,2.0,2.0,1.0,0,0,19.0,0.0,3.0,2.0
3901253,2016-05-11,Ligue 1,Paris Saint-Germain,Bordeaux,3745,Lucas Rodrigues Moura da Silva,FWD,Left Wing,93.12,1,D,0.0,0.0,0.9962,0,2.0,40.0,29.0,2.0,1.0,15.0,6.0,0,5.0,43.0,5.0,4.0,2.0
3901253,2016-05-11,Ligue 1,Paris Saint-Germain,Bordeaux,3956,David Luiz Moreira Marinho,DEF,Left Center Back,93.12,1,D,0,0.0,0,0,0,119.0,102.0,21.0,5.0,7.0,3.0,3.0,0,98.0,3.0,8.0,21.0
3901253,2016-05-11,Ligue 1,Paris Saint-Germain,Bordeaux,4325,Thiago Motta,MID,Center Defensive Midfield,30.62,0,D,0,0.0,0,0,0,41.0,39.0,4.0,6.0,10.0,1.0,1.0,1.0,25.0,0.0,4.0,4.0
3901253,2016-05-11,Ligue 1,Paris Saint-Germain,Bordeaux,4326,Layvin Kurzawa,DEF,Left Back,93.12,1,D,0,0.0,0,0.0524,0,78.0,63.0,6.0,3.0,14.0,10.0,1.0,3.0,56.0,3.0,5.0,7.0
3901253,2016-05-11,Ligue 1,Paris Saint-Germain,Bordeaux,4372,Marcos Aoás Corrêa,DEF,Right Center Back,93.12,1,D,0,0.0,0,0,0,98.0,95.0,11.0,4.0,7.0,6.0,2.0,2.0,82.0,0.0,1.0,11.0
3901253,2016-05-11,Ligue 1,Paris Saint-Germain,Bordeaux,4440,Kevin Trapp,GK,Goalkeeper,93.12,1,D,0,0.0,0,0,0,29.0,24.0,0.0,0.0,0,2.0,0,0,16.0,0.0,0.0,0.0
3901253,2016-05-11,Ligue 1,Paris Saint-Germain,Bordeaux,8510,Jean-Kévin Augustin,FWD,Center Forward,22.8,0,D,0.0,0.0,0.1658,0,1.0,4.0,4.0,0.0,0.0,1.0,1.0,0,0,4.0,0.0,0.0,0.0
3901253,2016-05-11,Ligue 1,Paris Saint-Germain,Bordeaux,8515,Benjamin Stambouli,MID,Center Defensive Midfield,62.5,1,D,0,0.0,0,0,0,76.0,69.0,10.0,3.0,18.0,7.0,0,4.0,64.0,0.0,3.0,10.0
3901253,2016-05-11,Ligue 1,Paris Saint-Germain,Bordeaux,26613,Maxwell Scherrer Cabelino Andrade,MID,Left Center Midfield,30.25,0,D,0,0.0,0,0.0395,0,30.0,27.0,5.0,2.0,2.0,2.0,0,0,20.0,0.0,1.0,6.0
267506,2016-05-14,La Liga,Barcelona,Granada,4320,Neymar da Silva Santos Junior,FWD,Left Wing,93.2,1,W,0.0,1.0,0.2281,0.8449,2.0,47.0,39.0,2.0,2.0,16.0,3.0,0,1.0,57.0,11.0,1.0,5.0
267506,2016-05-14,La Liga,Barcelona,Granada,4324,Daniel Alves da Silva,DEF,Right Back,93.2,1,W,0,1.0,0,0.2765,0,61.0,48.0,8.0,2.0,20.0,5.0,1.0,3.0,46.0,2.0,6.0,9.0
267506,2016-05-14,La Liga,Barcelona,Granada,5203,Sergio Busquets i Burgos,MID,Center Defensive Midfield,87.1,1,W,0,0.0,0,0,0,61.0,55.0,3.0,1.0,13.0,4.0,1.0,3.0,52.0,2.0,2.0,3.0
267506,2016-05-14,La Liga,Barcelona,Granada,5211,Jordi Alba Ramos,DEF,Left Back,93.2,1,W,0,1.0,0,0.7552,0,54.0,49.0,6.0,4.0,20.0,4.0,1.0,5.0,38.0,2.0,3.0,7.0
267506,2016-05-14,La Liga,Barcelona,Granada,5213,Gerard Piqué Bernabéu,DEF,Right Center Back,93.2,1,W,0.0,0.0,0.2602,0,2.0,82.0,76.0,9.0,8.0,5.0,3.0,0,1.0,73.0,6.0,5.0,9.0
267506,2016-05-14,La Liga,Barcelona,Granada,5216,Andrés Iniesta Luján,MID,Left Center Midfield,93.2,1,W,0.0,0.0,0.027,0,1.0,55.0,51.0,10.0,6.0,15.0,4.0,1.0,1.0,59.0,2.0,5.0,10.0
267506,2016-05-14,La Liga,Barcelona,Granada,5246,Luis Alberto Suárez Díaz,FWD,Center Forward,93.2,1,W,3.0,0.0,1.6863,0.2281,3.0,30.0,24.0,2.0,0.0,12.0,3.0,0,3.0,39.0,1.0,1.0,4.0
267506,2016-05-14,La Liga,Barcelona,Granada,5470,Ivan Rakitić,MID,Right Center Midfield,79.2,1,W,0,0.0,0,0,0,50.0,40.0,3.0,2.0,11.0,6.0,0,2.0,47.0,0.0,2.0,3.0
267506,2016-05-14,La Liga,Barcelona,Granada,5503,Lionel Andrés Messi Cuccittini,FWD,Right Wing,93.2,1,W,0.0,0.0,0.2174,0.1041,4.0,53.0,40.0,10.0,6.0,6.0,2.0,1.0,0,59.0,3.0,10.0,12.0
267506,2016-05-14,La Liga,Barcelona,Granada,5506,Javier Alejandro Mascherano,DEF,Left Center Back,74.12,1,W,0,0.0,0,0.1831,0,59.0,56.0,14.0,6.0,12.0,1.0,0,3.0,51.0,1.0,3.0,15.0
267506,2016-05-14,La Liga,Barcelona,Granada,6379,Sergi Roberto Carnicer,MID,Center Defensive Midfield,6.1,0,W,0,0.0,0,0,0,2.0,2.0,0.0,0.0,0,0,0,0,2.0,0.0,0.0,0.0
267506,2016-05-14,La Liga,Barcelona,Granada,10609,Jérémy Mathieu,DEF,Left Center Back,19.08,0,W,0,0.0,0,0,0,3.0,2.0,1.0,0.0,2.0,0,0,0,2.0,0.0,0.0,1.0
267506,2016-05-14,La Liga,Barcelona,Granada,11094,Arda Turan,MID,Right Center Midfield,14.0,0,W,0,0.0,0,0,0,6.0,6.0,1.0,0.0,4.0,0,0,1.0,6.0,0.0,0.0,1.0
267506,2016-05-14,La Liga,Barcelona,Granada,20055,Marc-André ter Stegen,GK,Goalkeeper,93.2,1,W,0,0.0,0,0,0,32.0,26.0,1.0,1.0,0,7.0,0,0,19.0,0.0,0.0,1.0
3890563,2016-05-14,Bundesliga,Bayer Leverkusen,Ingolstadt,5555,Julian Brandt,MID,Left Midfield,94.5,1,W,0.0,1.0,0.1275,1.1406,1.0,25.0,18.0,1.0,2.0,21.0,5.0,0,0,32.0,2.0,3.0,3.0
3890563,2016-05-14,Bundesliga,Bayer Leverkusen,Ingolstadt,7039,Hakan Çalhanoğlu,MID,Left Center Forward,94.5,1,W,0.0,0.0,0.0067,0.8006,1.0,37.0,23.0,9.0,5.0,18.0,3.0,1.0,0,23.0,1.0,8.0,11.0
3890563,2016-05-14,Bundesliga,Bayer Leverkusen,Ingolstadt,8210,Charles Mariano Aránguiz Sandoval,MID,Right Defensive Midfield,94.5,1,W,1.0,0.0,0.365,0,1.0,21.0,8.0,0.0,0.0,34.0,3.0,2.0,1.0,11.0,0.0,4.0,0.0
3890563,2016-05-14,Bundesliga,Bayer Leverkusen,Ingolstadt,8211,Benjamin Henrichs,DEF,Left Back,94.5,1,W,0,0.0,0,0,0,40.0,24.0,6.0,3.0,22.0,4.0,5.0,9.0,16.0,1.0,3.0,6.0
3890563,2016-05-14,Bundesliga,Bayer Leverkusen,Ingolstadt,8213,Karim Bellarabi,MID,Right Midfield,94.5,1,W,0.0,2.0,1.5502,1.3766,4.0,24.0,15.0,4.0,2.0,21.0,5.0,0,1.0,24.0,2.0,4.0,5.0
3890563,2016-05-14,Bundesliga,Bayer Leverkusen,Ingolstadt,8219,Admir Mehmedi,MID,Right Center Forward,30.72,0,W,0.0,0.0,0.0706,0,1.0,8.0,7.0,1.0,1.0,16.0,3.0,0,0,7.0,1.0,1.0,1.0
3890563,2016-05-14,Bundesliga,Bayer Leverkusen,Ingolstadt,8222,Kevin Kampl,MID,Left Defensive Midfield,94.5,1,W,1.0,0.0,0.4398,0,1.0,44.0,35.0,14.0,4.0,26.0,11.0,2.0,2.0,38.0,4.0,5.0,14.0
3890563,2016-05-14,Bundesliga,Bayer Leverkusen,Ingolstadt,8573,Ömer Toprak,DEF,Left Center Back,94.5,1,W,0,0.0,0,0,0,24.0,16.0,2.0,0.0,16.0,5.0,6.0,3.0,14.0,0.0,0.0,2.0
3890563,2016-05-14,Bundesliga,Bayer Leverkusen,Ingolstadt,8918,Roberto Hilbert,DEF,Right Back,22.42,1,W,0,0.0,0,0,0,10.0,3.0,1.0,1.0,4.0,1.0,0,0,4.0,0.0,2.0,1.0
3890563,2016-05-14,Bundesliga,Bayer Leverkusen,Ingolstadt,9363,André Ramalho Silva,DEF,Right Center Back,94.5,1,W,0,0.0,0,0,0,28.0,21.0,6.0,0.0,20.0,5.0,1.0,3.0,17.0,0.0,0.0,6.0
3890563,2016-05-14,Bundesliga,Bayer Leverkusen,Ingolstadt,11394,Stefan Kießling,MID,Right Center Forward,63.78,1,W,1.0,0.0,0.9367,0,1.0,21.0,10.0,0.0,1.0,13.0,0,0,0,8.0,1.0,3.0,0.0
3890563,2016-05-14,Bundesliga,Bayer Leverkusen,Ingolstadt,21168,Marlon Frey,DEF,Right Back,72.08,0,W,0,0.0,0,0,0,25.0,18.0,9.0,6.0,9.0,2.0,2.0,2.0,12.0,1.0,5.0,9.0
3890563,2016-05-14,Bundesliga,Bayer Leverkusen,Ingolstadt,400627,Dario Kresic,GK,Goalkeeper,46.73,1,W,0,0.0,0,0,0,18.0,11.0,8.0,1.0,1.0,0,0,0,4.0,0.0,0.0,8.0
3890563,2016-05-14,Bundesliga,Bayer Leverkusen,Ingolstadt,401501,David Yelldell,GK,Goalkeeper,47.77,0,W,0,0.0,0,0,0,20.0,6.0,3.0,1.0,0,4.0,0,0,7.0,0.0,0.0,3.0
3879870,2016-05-14,Serie A,Juventus,Sampdoria,3477,Álvaro Borja Morata Martín,MID,Right Center Forward,23.6,0,W,0.0,0.0,0.0951,0,1.0,10.0,8.0,1.0,1.0,2.0,0,0,0,10.0,3.0,1.0,1.0
3879870,2016-05-14,Serie A,Juventus,Sampdoria,3579,Roberto Maximiliano Pereyra,MID,Right Center Midfield,64.85,1,W,0,0.0,0,0,0,42.0,38.0,3.0,2.0,17.0,3.0,0,2.0,40.0,2.0,1.0,3.0
3879870,2016-05-14,Serie A,Juventus,Sampdoria,5472,Mario Mandžukić,MID,Left Center Forward,74.37,1,W,0.0,0.0,0.0616,0.2206,1.0,21.0,16.0,1.0,0.0,12.0,1.0,0,2.0,10.0,2.0,1.0,2.0
3879870,2016-05-14,Serie A,Juventus,Sampdoria,5541,Stephan Lichtsteiner,DEF,Right Wing Back,90.02,1,W,0.0,0.0,0.3242,0,4.0,54.0,49.0,6.0,1.0,10.0,3.0,0,0,40.0,1.0,3.0,6.0
3879870,2016-05-14,Serie A,Juventus,Sampdoria,5743,Paulo Bruno Exequiel Dybala,MID,Right Center Forward,66.42,1,W,2.0,1.0,1.0061,0.4321,5.0,44.0,38.0,7.0,5.0,19.0,3.0,0,1.0,33.0,4.0,7.0,10.0
3879870,2016-05-14,Serie A,Juventus,Sampdoria,6584,Simone Zaza,MID,Left Center Forward,15.65,0,W,0,0.0,0,0,0,1.0,0.0,0.0,0.0,6.0,1.0,0,0,3.0,2.0,0.0,0.0
3879870,2016-05-14,Serie A,Juventus,Sampdoria,6590,Norberto Murara Neto,GK,Goalkeeper,90.02,1,W,0,0.0,0,0,0,11.0,11.0,0.0,0.0,0,5.0,0,0,4.0,0.0,0.0,0.0
3879870,2016-05-14,Serie A,Juventus,Sampdoria,6943,Andrea Barzagli,DEF,Center Back,90.02,1,W,0,0.0,0,0.0248,0,75.0,71.0,22.0,9.0,7.0,4.0,0,2.0,61.0,0.0,10.0,22.0
3879870,2016-05-14,Serie A,Juventus,Sampdoria,6954,Giorgio Chiellini,DEF,Left Center Back,90.02,1,W,1.0,0.0,0.3024,0.0059,3.0,78.0,73.0,18.0,9.0,7.0,8.0,1.0,2.0,58.0,1.0,8.0,18.0
3879870,2016-05-14,Serie A,Juventus,Sampdoria,7013,Stefano Sturaro,MID,Right Center Midfield,25.17,0,W,0,0.0,0,0,0,8.0,8.0,2.0,0.0,3.0,1.0,0,0,6.0,0.0,1.0,2.0
3879870,2016-05-14,Serie A,Juventus,Sampdoria,7173,Leonardo Bonucci,DEF,Right Center Back,90.02,1,W,1.0,0.0,0.5674,0,1.0,89.0,78.0,19.0,15.0,9.0,3.0,0,3.0,68.0,2.0,7.0,19.0
3879870,2016-05-14,Serie A,Juventus,Sampdoria,20004,Paul Pogba,MID,Left Center Midfield,90.02,1,W,0.0,0.0,0.0503,0.162,5.0,76.0,63.0,16.0,6.0,10.0,5.0,0,0,68.0,4.0,16.0,18.0
3879870,2016-05-14,Serie A,Juventus,Sampdoria,20008,Patrice Evra,DEF,Left Wing Back,90.02,1,W,1.0,0.0,0.1599,0.0105,1.0,73.0,64.0,13.0,5.0,7.0,2.0,3.0,0,54.0,4.0,6.0,15.0
3879870,2016-05-14,Serie A,Juventus,Sampdoria,25345,Anderson Hernanes de Carvalho Andrade,MID,Center Defensive Midfield,90.02,1,W,0.0,1.0,0.0605,0.258,3.0,56.0,49.0,11.0,6.0,16.0,5.0,2.0,0,37.0,2.0,4.0,13.0
3901261,2016-05-14,Ligue 1,Paris Saint-Germain,Nantes,2995,Ángel Fabián Di María Hernández,FWD,Right Wing,92.32,1,W,0,2.0,0,1.3449,0,79.0,53.0,13.0,4.0,16.0,6.0,1.0,1.0,69.0,4.0,12.0,17.0
3901261,2016-05-14,Ligue 1,Paris Saint-Germain,Nantes,3026,Adrien Rabiot,MID,Left Center Midfield,69.93,1,W,0,0.0,0,0,0,48.0,45.0,2.0,3.0,25.0,4.0,2.0,1.0,48.0,1.0,1.0,2.0
3901261,2016-05-14,Ligue 1,Paris Saint-Germain,Nantes,3295,Thiago Emiliano da Silva,DEF,Left Center Back,92.32,1,W,0,0.0,0,0,0,66.0,62.0,5.0,1.0,12.0,3.0,2.0,0,58.0,2.0,1.0,5.0
3901261,2016-05-14,Ligue 1,Paris Saint-Germain,Nantes,3672,Zlatan Ibrahimović,FWD,Center Forward,92.32,1,W,2.0,0.0,1.9559,0,13.0,13.0,12.0,3.0,2.0,4.0,1.0,0,0,25.0,1.0,3.0,3.0
3901261,2016-05-14,Ligue 1,Paris Saint-Germain,Nantes,3745,Lucas Rodrigues Moura da Silva,FWD,Left Wing,72.52,1,W,1.0,0.0,0.6016,0.5067,2.0,36.0,26.0,4.0,2.0,15.0,1.0,2.0,1.0,38.0,7.0,5.0,5.0
3901261,2016-05-14,Ligue 1,Paris Saint-Germain,Nantes,3956,David Luiz Moreira Marinho,DEF,Right Back,19.73,0,W,0.0,0.0,0.0538,0,1.0,15.0,14.0,0.0,0.0,1.0,1.0,0,0,12.0,0.0,0.0,0.0
3901261,2016-05-14,Ligue 1,Paris Saint-Germain,Nantes,4319,Edinson Roberto Cavani Gómez,FWD,Left Wing,19.8,0,W,0,0.0,0,0,0,7.0,7.0,1.0,0.0,1.0,0,0,0,5.0,0.0,0.0,1.0
3901261,2016-05-14,Ligue 1,Paris Saint-Germain,Nantes,4325,Thiago Motta,MID,Center Defensive Midfield,92.32,1,W,0.0,0.0,0.1911,0,1.0,86.0,84.0,6.0,6.0,30.0,1.0,1.0,2.0,76.0,2.0,2.0,6.0
3901261,2016-05-14,Ligue 1,Paris Saint-Germain,Nantes,4370,Javier Matías Pastore,MID,Right Center Midfield,92.32,1,W,0,1.0,0,0.7361,0,92.0,72.0,19.0,12.0,16.0,6.0,0,1.0,82.0,4.0,16.0,19.0
3901261,2016-05-14,Ligue 1,Paris Saint-Germain,Nantes,4372,Marcos Aoás Corrêa,DEF,Right Center Back,92.32,1,W,1.0,0.0,0.7268,0,1.0,76.0,72.0,6.0,2.0,13.0,2.0,1.0,1.0,57.0,0.0,1.0,6.0
3901261,2016-05-14,Ligue 1,Paris Saint-Germain,Nantes,4375,Blaise Matuidi,MID,Left Center Midfield,22.38,0,W,0.0,0.0,0.1096,0,1.0,13.0,13.0,0.0,1.0,2.0,0,0,0,13.0,1.0,0.0,0.0
3901261,2016-05-14,Ligue 1,Paris Saint-Germain,Nantes,7269,Nicolas Douchez,GK,Goalkeeper,92.32,1,W,0,0.0,0,0,0,33.0,30.0,0.0,0.0,0,4.0,0,0,17.0,0.0,0.0,0.0
3901261,2016-05-14,Ligue 1,Paris Saint-Germain,Nantes,20048,Gregory van der Wiel,DEF,Right Back,72.58,1,W,0,0.0,0,0,0,74.0,67.0,4.0,1.0,4.0,2.0,2.0,1.0,58.0,4.0,2.0,4.0
3901261,2016-05-14,Ligue 1,Paris Saint-Germain,Nantes,26613,Maxwell Scherrer Cabelino Andrade,DEF,Left Back,92.32,1,W,0,0.0,0,0.1397,0,55.0,48.0,3.0,2.0,8.0,0,1.0,1.0,36.0,1.0,1.0,4.0
3754041,2016-05-15,Premier League,Arsenal,Aston Villa,3385,Alexis Alejandro Sánchez Sánchez,FWD,Left Wing,92.97,1,W,0.0,0.0,0.7464,0.7149,6.0,57.0,43.0,4.0,1.0,12.0,5.0,0,0,67.0,2.0,8.0,7.0
3754041,2016-05-15,Premier League,Arsenal,Aston Villa,3388,Jack Wilshere,FWD,Right Wing,68.2,1,W,0.0,0.0,0.3143,0,1.0,37.0,32.0,2.0,1.0,18.0,2.0,0,2.0,43.0,2.0,2.0,2.0
3754041,2016-05-15,Premier League,Arsenal,Aston Villa,3394,Laurent Koscielny,DEF,Left Center Back,92.97,1,W,0,0.0,0,0,0,44.0,43.0,9.0,0.0,9.0,6.0,3.0,2.0,37.0,0.0,0.0,9.0
3754041,2016-05-15,Premier League,Arsenal,Aston Villa,3437,Francis Joseph Coquelin,MID,Left Defensive Midfield,92.97,1,W,0,0.0,0,0.0435,0,72.0,65.0,15.0,12.0,19.0,12.0,7.0,4.0,64.0,0.0,8.0,15.0
3754041,2016-05-15,Premier League,Arsenal,Aston Villa,3461,Petr Čech,GK,Goalkeeper,92.97,1,W,0,0.0,0,0,0,14.0,11.0,4.0,3.0,0,2.0,0,0,4.0,0.0,0.0,4.0
3754041,2016-05-15,Premier League,Arsenal,Aston Villa,3496,Mesut Özil,MID,Center Attacking Midfield,87.55,1,W,0,1.0,0,0.6077,0,76.0,64.0,15.0,9.0,12.0,2.0,1.0,0,68.0,2.0,7.0,17.0
3754041,2016-05-15,Premier League,Arsenal,Aston Villa,3498,Ignacio Monreal Eraso,DEF,Left Back,92.97,1,W,0,1.0,0,0.0742,0,65.0,57.0,8.0,6.0,7.0,4.0,2.0,1.0,56.0,2.0,2.0,9.0
3754041,2016-05-15,Premier League,Arsenal,Aston Villa,3511,Héctor Bellerín Moruno,DEF,Right Back,92.97,1,W,0.0,1.0,0.0448,0.3542,1.0,70.0,64.0,8.0,11.0,7.0,6.0,1.0,2.0,57.0,8.0,5.0,8.0
3754041,2016-05-15,Premier League,Arsenal,Aston Villa,3568,Mohamed Naser Elsayed Elneny,FWD,Right Wing,24.77,0,W,0.0,0.0,0.5305,0,2.0,21.0,21.0,1.0,2.0,3.0,1.0,0,0,21.0,0.0,0.0,1.0
3754041,2016-05-15,Premier League,Arsenal,Aston Villa,3604,Olivier Giroud,FWD,Center Forward,92.97,1,W,3.0,0.0,0.5829,0,4.0,23.0,14.0,1.0,2.0,12.0,1.0,0,1.0,18.0,0.0,2.0,1.0
3754041,2016-05-15,Premier League,Arsenal,Aston Villa,5581,Joel Nathaniel Campbell Samuels,MID,Right Defensive Midfield,5.27,0,W,0,0.0,0,0,0,5.0,4.0,0.0,0.0,1.0,1.0,0,0,7.0,1.0,0.0,0.0
3754041,2016-05-15,Premier League,Arsenal,Aston Villa,6746,Gabriel Armando de Abreu,DEF,Right Center Back,92.97,1,W,0.0,0.0,0.189,0,1.0,44.0,43.0,2.0,0.0,11.0,2.0,1.0,4.0,39.0,0.0,0.0,2.0
3754041,2016-05-15,Premier League,Arsenal,Aston Villa,11386,Santiago Cazorla González,MID,Right Defensive Midfield,87.7,1,W,0.0,0.0,0.1424,0.189,1.0,88.0,76.0,16.0,8.0,16.0,5.0,0,3.0,76.0,1.0,4.0,16.0
3754041,2016-05-15,Premier League,Arsenal,Aston Villa,42703,Mikel Arteta Amatriain,MID,Center Attacking Midfield,5.42,0,W,0.0,0.0,0.3724,0.4282,1.0,9.0,9.0,0.0,1.0,1.0,1.0,0,0,9.0,0.0,1.0,1.0
