match_id,date,club,player_id,player,role,state,passes,progressive_passes,shots,xg,pressures,recoveries
3829413,2015-08-07,Paris Saint-Germain,3026,Adrien Rabiot,MID,Level,27,5,1,0.04916204,6,2
3829413,2015-08-07,Paris Saint-Germain,3166,Marco Verratti,MID,Level,57,5,0,0,14,5
3829413,2015-08-07,Paris Saint-Germain,3166,Marco Verratti,MID,Leading,11,0,0,0,4,1
3829413,2015-08-07,Paris Saint-Germain,3295,Thiago Emiliano da Silva,DEF,Level,37,4,0,0,0,0
3829413,2015-08-07,Paris Saint-Germain,3295,Thiago Emiliano da Silva,DEF,Leading,7,3,0,0,2,2
3829413,2015-08-07,Paris Saint-Germain,3481,Serge Aurier,DEF,Level,24,1,0,0,13,3
3829413,2015-08-07,Paris Saint-Germain,3481,Serge Aurier,DEF,Leading,10,1,0,0,4,3
3829413,2015-08-07,Paris Saint-Germain,3745,Lucas Rodrigues Moura da Silva,FWD,Level,23,3,2,1.03779552,3,3
3829413,2015-08-07,Paris Saint-Germain,3745,Lucas Rodrigues Moura da Silva,FWD,Leading,5,2,0,0,1,4
3829413,2015-08-07,Paris Saint-Germain,3956,David Luiz Moreira Marinho,DEF,Level,31,2,0,0,7,2
3829413,2015-08-07,Paris Saint-Germain,3956,David Luiz Moreira Marinho,DEF,Leading,11,3,0,0,3,0
3829413,2015-08-07,Paris Saint-Germain,4319,Edinson Roberto Cavani Gómez,FWD,Level,18,2,0,0,6,1
3829413,2015-08-07,Paris Saint-Germain,4319,Edinson Roberto Cavani Gómez,FWD,Leading,11,0,2,0.26461683,6,2
3829413,2015-08-07,Paris Saint-Germain,4325,Thiago Motta,FWD,Level,17,2,0,0,2,0
3829413,2015-08-07,Paris Saint-Germain,4325,Thiago Motta,FWD,Leading,17,3,0,0,9,1
3829413,2015-08-07,Paris Saint-Germain,4370,Javier Matías Pastore,FWD,Level,28,3,1,0.06364755,6,2
3829413,2015-08-07,Paris Saint-Germain,4375,Blaise Matuidi,MID,Level,32,3,0,0,8,4
3829413,2015-08-07,Paris Saint-Germain,4375,Blaise Matuidi,MID,Leading,7,2,0,0,5,1
3829413,2015-08-07,Paris Saint-Germain,4440,Kevin Trapp,GK,Level,9,2,0,0,0,1
3829413,2015-08-07,Paris Saint-Germain,4440,Kevin Trapp,GK,Leading,10,1,0,0,0,1
3829413,2015-08-07,Paris Saint-Germain,8510,Jean-Kévin Augustin,FWD,Leading,1,0,0,0,0,1
3829413,2015-08-07,Paris Saint-Germain,8515,Benjamin Stambouli,MID,Leading,9,1,0,0,1,4
3829413,2015-08-07,Paris Saint-Germain,26613,Maxwell Scherrer Cabelino Andrade,DEF,Level,27,2,0,0,3,0
3829413,2015-08-07,Paris Saint-Germain,26613,Maxwell Scherrer Cabelino Andrade,DEF,Leading,16,1,0,0,2,1
3754141,2015-08-09,Arsenal,3385,Alexis Alejandro Sánchez Sánchez,DEF,Trailing,22,4,3,0.15877506,5,4
3754141,2015-08-09,Arsenal,3394,Laurent Koscielny,DEF,Level,13,4,1,0.024582975,3,2
3754141,2015-08-09,Arsenal,3394,Laurent Koscielny,DEF,Trailing,29,4,0,0,6,5
3754141,2015-08-09,Arsenal,3437,Francis Joseph Coquelin,MID,Level,24,2,0,0,6,4
3754141,2015-08-09,Arsenal,3437,Francis Joseph Coquelin,MID,Trailing,17,3,0,0,2,1
3754141,2015-08-09,Arsenal,3461,Petr Čech,GK,Level,12,5,0,0,0,2
3754141,2015-08-09,Arsenal,3461,Petr Čech,GK,Trailing,16,1,0,0,0,2
3754141,2015-08-09,Arsenal,3475,Per Mertesacker,DEF,Level,11,2,1,0.09420774,1,3
3754141,2015-08-09,Arsenal,3475,Per Mertesacker,DEF,Trailing,27,3,0,0,4,0
3754141,2015-08-09,Arsenal,3496,Mesut Özil,MID,Level,30,2,1,0.043451663,5,2
3754141,2015-08-09,Arsenal,3496,Mesut Özil,MID,Trailing,48,8,1,0.057946347,8,4
3754141,2015-08-09,Arsenal,3498,Ignacio Monreal Eraso,DEF,Level,22,2,0,0,6,0
3754141,2015-08-09,Arsenal,3498,Ignacio Monreal Eraso,DEF,Trailing,58,5,0,0,4,3
3754141,2015-08-09,Arsenal,3517,Aaron Ramsey,MID,Level,27,3,2,0.051485355999999996,8,4
3754141,2015-08-09,Arsenal,3517,Aaron Ramsey,MID,Trailing,45,10,0,0,10,3
3754141,2015-08-09,Arsenal,3525,Alex Oxlade-Chamberlain,FWD,Level,14,1,1,0.043670855,7,4
3754141,2015-08-09,Arsenal,3525,Alex Oxlade-Chamberlain,FWD,Trailing,31,8,2,0.055913387999999994,10,7
3754141,2015-08-09,Arsenal,3604,Olivier Giroud,FWD,Level,13,0,1,0.08044526,1,1
3754141,2015-08-09,Arsenal,3604,Olivier Giroud,FWD,Trailing,13,0,5,0.462890515,4,1
3754141,2015-08-09,Arsenal,3668,Theo Walcott,MID,Trailing,6,0,2,0.14044420600000002,2,2
3754141,2015-08-09,Arsenal,4428,Mathieu Debuchy,DEF,Level,23,6,0,0,4,2
3754141,2015-08-09,Arsenal,4428,Mathieu Debuchy,DEF,Trailing,21,4,1,0.029352702,2,3
3754141,2015-08-09,Arsenal,11386,Santiago Cazorla González,FWD,Level,32,6,1,0.013115857,5,4
3754141,2015-08-09,Arsenal,11386,Santiago Cazorla González,FWD,Trailing,52,10,1,0.035296515,4,4
3890260,2015-08-15,Bayer Leverkusen,3083,Heung-Min Son,FWD,Level,4,1,2,0.41902083,5,2
3890260,2015-08-15,Bayer Leverkusen,3083,Heung-Min Son,FWD,Trailing,14,0,0,0,7,3
3890260,2015-08-15,Bayer Leverkusen,5555,Julian Brandt,MID,Level,5,0,1,0.11149212,1,1
3890260,2015-08-15,Bayer Leverkusen,5555,Julian Brandt,MID,Leading,6,1,1,0.10303661,4,0
3890260,2015-08-15,Bayer Leverkusen,7039,Hakan Çalhanoğlu,MID,Level,14,1,1,0.014812021,9,2
3890260,2015-08-15,Bayer Leverkusen,7039,Hakan Çalhanoğlu,MID,Trailing,22,0,4,0.29882342300000003,7,2
3890260,2015-08-15,Bayer Leverkusen,7039,Hakan Çalhanoğlu,MID,Leading,17,1,0,0,5,4
3890260,2015-08-15,Bayer Leverkusen,8212,Wendell Nascimento Borges,DEF,Level,27,7,0,0,5,10
3890260,2015-08-15,Bayer Leverkusen,8212,Wendell Nascimento Borges,DEF,Trailing,27,3,1,0.062072188,4,1
3890260,2015-08-15,Bayer Leverkusen,8212,Wendell Nascimento Borges,DEF,Leading,5,0,1,0.06138661,2,1
3890260,2015-08-15,Bayer Leverkusen,8213,Karim Bellarabi,FWD,Level,8,0,0,0,6,3
3890260,2015-08-15,Bayer Leverkusen,8213,Karim Bellarabi,FWD,Trailing,11,2,0,0,11,3
3890260,2015-08-15,Bayer Leverkusen,8213,Karim Bellarabi,FWD,Leading,3,0,0,0,7,0
3890260,2015-08-15,Bayer Leverkusen,8219,Admir Mehmedi,MID,Level,2,0,0,0,3,1
3890260,2015-08-15,Bayer Leverkusen,8219,Admir Mehmedi,MID,Leading,14,0,2,0.35011433000000003,4,1
3890260,2015-08-15,Bayer Leverkusen,8221,Jonathan Tah,DEF,Level,10,1,0,0,6,2
3890260,2015-08-15,Bayer Leverkusen,8221,Jonathan Tah,DEF,Trailing,19,2,0,0,3,2
3890260,2015-08-15,Bayer Leverkusen,8221,Jonathan Tah,DEF,Leading,7,3,0,0,1,1
3890260,2015-08-15,Bayer Leverkusen,8313,Kyriakos Papadopoulos,DEF,Level,9,0,1,0.12714502,7,1
3890260,2015-08-15,Bayer Leverkusen,8313,Kyriakos Papadopoulos,DEF,Trailing,8,0,2,0.17272524,3,0
3890260,2015-08-15,Bayer Leverkusen,8313,Kyriakos Papadopoulos,DEF,Leading,2,1,1,0.05866001,1,1
3890260,2015-08-15,Bayer Leverkusen,8805,Christoph Kramer,MID,Level,21,1,0,0,3,2
3890260,2015-08-15,Bayer Leverkusen,8805,Christoph Kramer,MID,Trailing,29,2,0,0,8,5
3890260,2015-08-15,Bayer Leverkusen,8805,Christoph Kramer,MID,Leading,6,1,0,0,6,0
3890260,2015-08-15,Bayer Leverkusen,8918,Roberto Hilbert,DEF,Level,19,6,0,0,5,2
3890260,2015-08-15,Bayer Leverkusen,8918,Roberto Hilbert,DEF,Trailing,26,7,0,0,9,3
3890260,2015-08-15,Bayer Leverkusen,8918,Roberto Hilbert,DEF,Leading,19,4,0,0,1,2
3890260,2015-08-15,Bayer Leverkusen,8969,Lars Bender,MID,Level,10,0,0,0,2,2
3890260,2015-08-15,Bayer Leverkusen,8969,Lars Bender,MID,Trailing,26,2,1,0.02694474,8,1
3890260,2015-08-15,Bayer Leverkusen,9363,André Ramalho Silva,MID,Leading,1,0,0,0,0,0
3890260,2015-08-15,Bayer Leverkusen,11394,Stefan Kießling,FWD,Level,11,0,3,0.6903942430000001,7,0
3890260,2015-08-15,Bayer Leverkusen,11394,Stefan Kießling,FWD,Trailing,19,0,3,0.73990742,7,1
3890260,2015-08-15,Bayer Leverkusen,11394,Stefan Kießling,FWD,Leading,9,0,1,0.20278592,0,2
3890260,2015-08-15,Bayer Leverkusen,15581,Bernd Leno,GK,Level,12,3,0,0,0,4
3890260,2015-08-15,Bayer Leverkusen,15581,Bernd Leno,GK,Trailing,19,6,0,0,0,2
3890260,2015-08-15,Bayer Leverkusen,15581,Bernd Leno,GK,Leading,4,2,0,0,0,2
3754312,2015-08-16,Arsenal,3385,Alexis Alejandro Sánchez Sánchez,FWD,Level,31,7,6,0.751815952,9,9
3754312,2015-08-16,Arsenal,3385,Alexis Alejandro Sánchez Sánchez,FWD,Leading,17,1,2,0.126986401,5,3
3754312,2015-08-16,Arsenal,3394,Laurent Koscielny,DEF,Level,34,5,1,0.043047544,4,0
3754312,2015-08-16,Arsenal,3394,Laurent Koscielny,DEF,Leading,26,3,0,0,4,1
3754312,2015-08-16,Arsenal,3437,Francis Joseph Coquelin,MID,Level,40,7,0,0,15,4
3754312,2015-08-16,Arsenal,3437,Francis Joseph Coquelin,MID,Leading,14,2,0,0,6,2
3754312,2015-08-16,Arsenal,3461,Petr Čech,GK,Level,16,4,0,0,0,2
3754312,2015-08-16,Arsenal,3461,Petr Čech,GK,Leading,15,4,0,0,0,2
3754312,2015-08-16,Arsenal,3475,Per Mertesacker,DEF,Level,28,3,0,0,2,0
3754312,2015-08-16,Arsenal,3475,Per Mertesacker,DEF,Leading,21,1,0,0,2,0
3754312,2015-08-16,Arsenal,3496,Mesut Özil,MID,Level,33,5,1,0.03196157,9,1
3754312,2015-08-16,Arsenal,3496,Mesut Özil,MID,Leading,31,2,0,0,9,1
3754312,2015-08-16,Arsenal,3498,Ignacio Monreal Eraso,DEF,Level,25,3,0,0,6,0
3754312,2015-08-16,Arsenal,3498,Ignacio Monreal Eraso,DEF,Leading,33,3,0,0,9,7
3754312,2015-08-16,Arsenal,3511,Héctor Bellerín Moruno,DEF,Level,24,1,0,0,8,3
3754312,2015-08-16,Arsenal,3511,Héctor Bellerín Moruno,DEF,Leading,23,2,0,0,6,0
3754312,2015-08-16,Arsenal,3517,Aaron Ramsey,FWD,Level,38,2,2,0.1080363214,8,6
3754312,2015-08-16,Arsenal,3517,Aaron Ramsey,FWD,Leading,42,3,1,0.12823972,20,3
3754312,2015-08-16,Arsenal,3525,Alex Oxlade-Chamberlain,MID,Leading,9,1,2,0.178283485,7,4
3754312,2015-08-16,Arsenal,3528,Kieran Gibbs,MID,Leading,3,0,0,0,5,0
3754312,2015-08-16,Arsenal,3604,Olivier Giroud,FWD,Level,11,1,3,0.296878056,3,0
3754312,2015-08-16,Arsenal,3604,Olivier Giroud,FWD,Leading,13,1,0,0,5,0
3754312,2015-08-16,Arsenal,11386,Santiago Cazorla González,MID,Level,48,6,1,0.05370199,3,6
3754312,2015-08-16,Arsenal,11386,Santiago Cazorla González,MID,Leading,35,6,1,0.058958136,4,5
3754312,2015-08-16,Arsenal,42703,Mikel Arteta Amatriain,FWD,Leading,5,0,0,0,6,0
3829432,2015-08-16,Paris Saint-Germain,3166,Marco Verratti,MID,Level,24,5,0,0,0,0
3829432,2015-08-16,Paris Saint-Germain,3166,Marco Verratti,MID,Leading,118,16,0,0,10,5
3829432,2015-08-16,Paris Saint-Germain,3295,Thiago Emiliano da Silva,DEF,Level,16,2,0,0,0,1
3829432,2015-08-16,Paris Saint-Germain,3295,Thiago Emiliano da Silva,DEF,Leading,89,10,2,0.16658826,5,6
3829432,2015-08-16,Paris Saint-Germain,3481,Serge Aurier,DEF,Level,8,0,0,0,1,0
3829432,2015-08-16,Paris Saint-Germain,3481,Serge Aurier,DEF,Leading,68,4,1,0.2237682,23,4
3829432,2015-08-16,Paris Saint-Germain,3745,Lucas Rodrigues Moura da Silva,FWD,Level,12,2,3,0.175448003,0,2
3829432,2015-08-16,Paris Saint-Germain,3745,Lucas Rodrigues Moura da Silva,FWD,Leading,39,5,1,0.046555348,6,5
3829432,2015-08-16,Paris Saint-Germain,3956,David Luiz Moreira Marinho,DEF,Level,13,2,0,0,0,0
3829432,2015-08-16,Paris Saint-Germain,3956,David Luiz Moreira Marinho,DEF,Leading,80,8,3,0.207250601,4,4
3829432,2015-08-16,Paris Saint-Germain,4319,Edinson Roberto Cavani Gómez,FWD,Level,4,0,0,0,0,0
3829432,2015-08-16,Paris Saint-Germain,4319,Edinson Roberto Cavani Gómez,FWD,Leading,12,1,3,0.172981992,6,0
3829432,2015-08-16,Paris Saint-Germain,4325,Thiago Motta,MID,Level,18,3,0,0,2,0
3829432,2015-08-16,Paris Saint-Germain,4325,Thiago Motta,MID,Leading,89,14,1,0.019025786,8,3
3829432,2015-08-16,Paris Saint-Germain,4370,Javier Matías Pastore,FWD,Leading,23,9,1,0.056025844,2,1
3829432,2015-08-16,Paris Saint-Germain,4375,Blaise Matuidi,MID,Level,12,1,1,0.060586702,3,2
3829432,2015-08-16,Paris Saint-Germain,4375,Blaise Matuidi,MID,Leading,48,11,0,0,5,2
3829432,2015-08-16,Paris Saint-Germain,4440,Kevin Trapp,GK,Level,2,0,0,0,0,1
3829432,2015-08-16,Paris Saint-Germain,4440,Kevin Trapp,GK,Leading,22,0,0,0,0,4
3829432,2015-08-16,Paris Saint-Germain,8510,Jean-Kévin Augustin,FWD,Level,3,0,0,0,2,0
3829432,2015-08-16,Paris Saint-Germain,8510,Jean-Kévin Augustin,FWD,Leading,10,0,2,0.13046981600000002,12,2
3829432,2015-08-16,Paris Saint-Germain,8515,Benjamin Stambouli,MID,Leading,16,1,0,0,10,3
3829432,2015-08-16,Paris Saint-Germain,26613,Maxwell Scherrer Cabelino Andrade,DEF,Level,17,0,0,0,0,1
3829432,2015-08-16,Paris Saint-Germain,26613,Maxwell Scherrer Cabelino Andrade,DEF,Leading,65,5,0,0,3,1
3829432,2015-08-16,Paris Saint-Germain,351521,Ezequiel Iván Lavezzi,MID,Leading,10,0,0,0,4,1
3829433,2015-08-21,Paris Saint-Germain,3026,Adrien Rabiot,MID,Level,48,3,1,0.050221086,10,5
3829433,2015-08-21,Paris Saint-Germain,3026,Adrien Rabiot,MID,Leading,22,1,0,0,12,3
3829433,2015-08-21,Paris Saint-Germain,3295,Thiago Emiliano da Silva,DEF,Level,64,12,0,0,3,1
3829433,2015-08-21,Paris Saint-Germain,3295,Thiago Emiliano da Silva,DEF,Leading,15,2,0,0,6,0
3829433,2015-08-21,Paris Saint-Germain,3481,Serge Aurier,DEF,Level,49,6,0,0,15,7
3829433,2015-08-21,Paris Saint-Germain,3481,Serge Aurier,DEF,Leading,21,2,1,0.008910541,6,0
3829433,2015-08-21,Paris Saint-Germain,3745,Lucas Rodrigues Moura da Silva,FWD,Level,35,3,0,0,2,1
3829433,2015-08-21,Paris Saint-Germain,3745,Lucas Rodrigues Moura da Silva,FWD,Leading,22,3,0,0,5,2
3829433,2015-08-21,Paris Saint-Germain,3956,David Luiz Moreira Marinho,DEF,Level,65,6,1,0.048344146,7,3
3829433,2015-08-21,Paris Saint-Germain,3956,David Luiz Moreira Marinho,DEF,Leading,15,1,0,0,2,1
3829433,2015-08-21,Paris Saint-Germain,4319,Edinson Roberto Cavani Gómez,FWD,Level,14,0,3,0.120435271,9,0
3829433,2015-08-21,Paris Saint-Germain,4319,Edinson Roberto Cavani Gómez,FWD,Leading,8,0,0,0,3,2
3829433,2015-08-21,Paris Saint-Germain,4325,Thiago Motta,MID,Level,81,13,0,0,14,1
3829433,2015-08-21,Paris Saint-Germain,4325,Thiago Motta,MID,Leading,38,2,0,0,8,3
3829433,2015-08-21,Paris Saint-Germain,4370,Javier Matías Pastore,MID,Level,9,2,0,0,0,2
3829433,2015-08-21,Paris Saint-Germain,4375,Blaise Matuidi,MID,Level,56,6,1,0.101204574,10,3
3829433,2015-08-21,Paris Saint-Germain,4375,Blaise Matuidi,MID,Leading,24,2,0,0,11,1
3829433,2015-08-21,Paris Saint-Germain,4440,Kevin Trapp,GK,Level,23,1,0,0,0,2
3829433,2015-08-21,Paris Saint-Germain,4440,Kevin Trapp,GK,Leading,15,2,0,0,0,1
3829433,2015-08-21,Paris Saint-Germain,8510,Jean-Kévin Augustin,FWD,Leading,5,0,1,0.37049308,9,0
3829433,2015-08-21,Paris Saint-Germain,8515,Benjamin Stambouli,FWD,Leading,5,1,0,0,3,0
3829433,2015-08-21,Paris Saint-Germain,26613,Maxwell Scherrer Cabelino Andrade,DEF,Level,53,5,0,0,4,3
3829433,2015-08-21,Paris Saint-Germain,26613,Maxwell Scherrer Cabelino Andrade,DEF,Leading,19,1,0,0,1,1
3829433,2015-08-21,Paris Saint-Germain,351521,Ezequiel Iván Lavezzi,FWD,Level,25,2,1,0.0664733,7,2
3829433,2015-08-21,Paris Saint-Germain,351521,Ezequiel Iván Lavezzi,FWD,Leading,2,0,0,0,2,0
3890273,2015-08-22,Bayer Leverkusen,5494,Robbie Kruse,MID,Leading,5,0,0,0,7,0
3890273,2015-08-22,Bayer Leverkusen,5555,Julian Brandt,FWD,Level,8,1,1,0.18353468,5,1
3890273,2015-08-22,Bayer Leverkusen,5555,Julian Brandt,FWD,Leading,18,2,0,0,4,0
3890273,2015-08-22,Bayer Leverkusen,7039,Hakan Çalhanoğlu,FWD,Level,16,0,1,0.057670437,2,0
3890273,2015-08-22,Bayer Leverkusen,7039,Hakan Çalhanoğlu,FWD,Leading,45,4,2,0.070637473,13,6
3890273,2015-08-22,Bayer Leverkusen,8212,Wendell Nascimento Borges,DEF,Level,15,2,0,0,5,4
3890273,2015-08-22,Bayer Leverkusen,8212,Wendell Nascimento Borges,DEF,Leading,43,6,0,0,18,4
3890273,2015-08-22,Bayer Leverkusen,8213,Karim Bellarabi,FWD,Leading,11,0,0,0,11,1
3890273,2015-08-22,Bayer Leverkusen,8219,Admir Mehmedi,MID,Level,13,2,1,0.013125718,4,0
3890273,2015-08-22,Bayer Leverkusen,8219,Admir Mehmedi,MID,Leading,18,4,1,0.12571001,5,2
3890273,2015-08-22,Bayer Leverkusen,8221,Jonathan Tah,DEF,Level,12,2,0,0,0,0
3890273,2015-08-22,Bayer Leverkusen,8221,Jonathan Tah,DEF,Leading,28,6,0,0,8,3
3890273,2015-08-22,Bayer Leverkusen,8313,Kyriakos Papadopoulos,FWD,Leading,1,0,0,0,3,0
3890273,2015-08-22,Bayer Leverkusen,8805,Christoph Kramer,MID,Level,20,0,0,0,2,2
3890273,2015-08-22,Bayer Leverkusen,8805,Christoph Kramer,MID,Leading,57,7,1,0.099087544,7,10
3890273,2015-08-22,Bayer Leverkusen,8918,Roberto Hilbert,DEF,Level,15,3,0,0,2,2
3890273,2015-08-22,Bayer Leverkusen,8918,Roberto Hilbert,DEF,Leading,33,6,1,0.042761102,8,7
3890273,2015-08-22,Bayer Leverkusen,8969,Lars Bender,MID,Level,21,3,0,0,2,1
3890273,2015-08-22,Bayer Leverkusen,8969,Lars Bender,MID,Leading,39,7,2,0.052297959000000005,18,4
3890273,2015-08-22,Bayer Leverkusen,9363,André Ramalho Silva,DEF,Level,16,3,0,0,2,0
3890273,2015-08-22,Bayer Leverkusen,9363,André Ramalho Silva,DEF,Leading,33,4,1,0.2779947,9,3
3890273,2015-08-22,Bayer Leverkusen,11394,Stefan Kießling,FWD,Level,10,0,0,0,3,1
3890273,2015-08-22,Bayer Leverkusen,11394,Stefan Kießling,FWD,Leading,22,1,0,0,17,5
3890273,2015-08-22,Bayer Leverkusen,15581,Bernd Leno,GK,Level,7,0,0,0,0,1
3890273,2015-08-22,Bayer Leverkusen,15581,Bernd Leno,GK,Leading,29,6,0,0,0,5
266236,2015-08-23,Barcelona,3508,Sandro Ramírez Castillo,FWD,Leading,2,0,0,0,0,0
266236,2015-08-23,Barcelona,4324,Daniel Alves da Silva,DEF,Level,16,1,0,0,2,0
266236,2015-08-23,Barcelona,4691,Claudio Andrés Bravo Muñoz,GK,Level,45,3,0,0,0,2
266236,2015-08-23,Barcelona,4691,Claudio Andrés Bravo Muñoz,GK,Leading,21,1,0,0,0,5
266236,2015-08-23,Barcelona,5203,Sergio Busquets i Burgos,MID,Level,43,3,0,0,4,2
266236,2015-08-23,Barcelona,5203,Sergio Busquets i Burgos,MID,Leading,9,0,0,0,0,1
266236,2015-08-23,Barcelona,5211,Jordi Alba Ramos,DEF,Level,73,3,0,0,1,2
266236,2015-08-23,Barcelona,5211,Jordi Alba Ramos,DEF,Leading,30,6,0,0,1,1
266236,2015-08-23,Barcelona,5216,Andrés Iniesta Luján,MID,Level,37,3,2,0.088355057,6,2
266236,2015-08-23,Barcelona,5216,Andrés Iniesta Luján,MID,Leading,28,2,0,0,3,4
266236,2015-08-23,Barcelona,5246,Luis Alberto Suárez Díaz,FWD,Level,16,4,3,0.606032035,4,2
266236,2015-08-23,Barcelona,5246,Luis Alberto Suárez Díaz,FWD,Leading,15,1,0,0,6,0
266236,2015-08-23,Barcelona,5470,Ivan Rakitić,MID,Level,42,3,0,0,2,4
266236,2015-08-23,Barcelona,5470,Ivan Rakitić,MID,Leading,33,4,0,0,3,5
266236,2015-08-23,Barcelona,5503,Lionel Andrés Messi Cuccittini,FWD,Level,26,2,3,0.8459580529999999,3,2
266236,2015-08-23,Barcelona,5503,Lionel Andrés Messi Cuccittini,FWD,Leading,28,3,1,0.11785116,4,4
266236,2015-08-23,Barcelona,5506,Javier Alejandro Mascherano,DEF,Level,68,10,0,0,3,1
266236,2015-08-23,Barcelona,5506,Javier Alejandro Mascherano,DEF,Leading,25,2,0,0,4,3
266236,2015-08-23,Barcelona,6332,Thomas Vermaelen,DEF,Level,67,3,0,0,1,0
266236,2015-08-23,Barcelona,6332,Thomas Vermaelen,DEF,Leading,17,1,0,0,0,2
266236,2015-08-23,Barcelona,6379,Sergi Roberto Carnicer,DEF,Level,20,1,0,0,5,2
266236,2015-08-23,Barcelona,6379,Sergi Roberto Carnicer,DEF,Leading,25,3,1,0.08417314,1,2
266236,2015-08-23,Barcelona,6998,Rafael Alcântara do Nascimento,FWD,Level,23,1,0,0,6,2
266236,2015-08-23,Barcelona,6998,Rafael Alcântara do Nascimento,FWD,Leading,11,1,0,0,5,1
266236,2015-08-23,Barcelona,7068,Marc Bartra Aregall,MID,Leading,16,2,0,0,3,1
3878548,2015-08-23,Juventus,3486,Fernando Llorente Torres,MID,Trailing,4,0,0,0,0,0
3878548,2015-08-23,Juventus,3579,Roberto Maximiliano Pereyra,MID,Level,45,6,1,0.18616082,19,6
3878548,2015-08-23,Juventus,3579,Roberto Maximiliano Pereyra,MID,Trailing,0,0,0,0,0,0
3878548,2015-08-23,Juventus,5472,Mario Mandžukić,MID,Level,18,2,3,0.93775717,12,2
3878548,2015-08-23,Juventus,5472,Mario Mandžukić,MID,Trailing,3,0,1,0.106553145,1,1
3878548,2015-08-23,Juventus,5541,Stephan Lichtsteiner,DEF,Level,54,8,2,0.108784749,8,2
3878548,2015-08-23,Juventus,5541,Stephan Lichtsteiner,DEF,Trailing,2,0,0,0,0,1
3878548,2015-08-23,Juventus,5743,Paulo Bruno Exequiel Dybala,MID,Level,9,3,0,0,0,2
3878548,2015-08-23,Juventus,5743,Paulo Bruno Exequiel Dybala,MID,Trailing,7,0,0,0,6,2
3878548,2015-08-23,Juventus,6943,Andrea Barzagli,DEF,Level,63,13,1,0.018739419,6,6
3878548,2015-08-23,Juventus,6943,Andrea Barzagli,DEF,Trailing,9,2,0,0,3,0
3878548,2015-08-23,Juventus,6949,Gianluigi Buffon,GK,Level,9,0,0,0,0,2
3878548,2015-08-23,Juventus,6949,Gianluigi Buffon,GK,Trailing,4,1,0,0,0,1
3878548,2015-08-23,Juventus,6954,Giorgio Chiellini,DEF,Level,69,20,0,0,2,7
3878548,2015-08-23,Juventus,6954,Giorgio Chiellini,DEF,Trailing,9,2,0,0,3,1
3878548,2015-08-23,Juventus,7173,Leonardo Bonucci,DEF,Level,62,14,2,0.14720144000000002,5,6
3878548,2015-08-23,Juventus,7173,Leonardo Bonucci,DEF,Trailing,13,5,1,0.053495243,3,3
3878548,2015-08-23,Juventus,7952,Simone Padoin,MID,Level,45,2,2,0.113930342,11,3
3878548,2015-08-23,Juventus,7952,Simone Padoin,MID,Trailing,8,0,0,0,1,0
3878548,2015-08-23,Juventus,8217,Kingsley Coman,MID,Level,29,1,3,0.162802741,10,3
3878548,2015-08-23,Juventus,18874,Mauricio Aníbal Isla Isla,DEF,Trailing,13,2,0,0,3,2
3878548,2015-08-23,Juventus,20004,Paul Pogba,MID,Level,61,5,3,0.09107119,10,7
3878548,2015-08-23,Juventus,20004,Paul Pogba,MID,Trailing,20,5,0,0,2,4
3878548,2015-08-23,Juventus,20008,Patrice Evra,DEF,Level,46,4,2,0.042626166,8,2
3878548,2015-08-23,Juventus,20008,Patrice Evra,DEF,Trailing,5,0,0,0,0,0
3754129,2015-08-24,Arsenal,3385,Alexis Alejandro Sánchez Sánchez,FWD,Level,69,7,4,0.846603593,20,12
3754129,2015-08-24,Arsenal,3437,Francis Joseph Coquelin,MID,Level,76,11,1,0.0133034745,17,9
3754129,2015-08-24,Arsenal,3461,Petr Čech,GK,Level,29,2,0,0,0,7
3754129,2015-08-24,Arsenal,3496,Mesut Özil,MID,Level,103,8,1,0.043571517,14,5
3754129,2015-08-24,Arsenal,3498,Ignacio Monreal Eraso,DEF,Level,95,12,0,0,10,10
3754129,2015-08-24,Arsenal,3511,Héctor Bellerín Moruno,DEF,Level,53,7,1,0.07208536,11,7
3754129,2015-08-24,Arsenal,3517,Aaron Ramsey,FWD,Level,70,7,3,0.107649966,26,7
3754129,2015-08-24,Arsenal,3525,Alex Oxlade-Chamberlain,MID,Level,4,1,2,0.075582949,2,2
3754129,2015-08-24,Arsenal,3604,Olivier Giroud,FWD,Level,24,1,5,0.690344769,4,4
3754129,2015-08-24,Arsenal,3668,Theo Walcott,FWD,Level,1,0,0,0,4,0
3754129,2015-08-24,Arsenal,3713,Calum Chambers,DEF,Level,50,4,0,0,13,2
3754129,2015-08-24,Arsenal,6746,Gabriel Armando de Abreu,DEF,Level,50,1,2,0.21128843,5,8
3754129,2015-08-24,Arsenal,11386,Santiago Cazorla González,MID,Level,98,18,2,0.048469298,17,11
3754205,2015-08-29,Arsenal,3385,Alexis Alejandro Sánchez Sánchez,FWD,Level,42,3,4,0.10890922210000001,7,5
3754205,2015-08-29,Arsenal,3385,Alexis Alejandro Sánchez Sánchez,FWD,Leading,30,4,3,0.20680284799999998,7,1
3754205,2015-08-29,Arsenal,3394,Laurent Koscielny,DEF,Level,43,5,0,0,5,5
3754205,2015-08-29,Arsenal,3394,Laurent Koscielny,DEF,Leading,41,7,0,0,0,2
3754205,2015-08-29,Arsenal,3437,Francis Joseph Coquelin,MID,Level,41,3,1,0.024668336,12,2
3754205,2015-08-29,Arsenal,3437,Francis Joseph Coquelin,MID,Leading,30,2,0,0,11,3
3754205,2015-08-29,Arsenal,3461,Petr Čech,GK,Level,11,1,0,0,0,3
3754205,2015-08-29,Arsenal,3461,Petr Čech,GK,Leading,7,2,0,0,0,1
3754205,2015-08-29,Arsenal,3498,Ignacio Monreal Eraso,DEF,Level,52,5,0,0,8,0
3754205,2015-08-29,Arsenal,3498,Ignacio Monreal Eraso,DEF,Leading,34,6,1,0.043829687,6,1
3754205,2015-08-29,Arsenal,3511,Héctor Bellerín Moruno,DEF,Level,39,1,0,0,4,1
3754205,2015-08-29,Arsenal,3511,Héctor Bellerín Moruno,DEF,Leading,38,3,0,0,10,0
3754205,2015-08-29,Arsenal,3517,Aaron Ramsey,MID,Level,47,5,2,0.08779771,11,3
3754205,2015-08-29,Arsenal,3517,Aaron Ramsey,MID,Leading,52,3,0,0,1,2
3754205,2015-08-29,Arsenal,3525,Alex Oxlade-Chamberlain,FWD,Level,43,3,2,0.059664655999999996,12,3
3754205,2015-08-29,Arsenal,3525,Alex Oxlade-Chamberlain,FWD,Leading,15,0,0,0,3,2
3754205,2015-08-29,Arsenal,3604,Olivier Giroud,FWD,Leading,10,0,3,0.396470147,5,0
3754205,2015-08-29,Arsenal,3668,Theo Walcott,FWD,Level,10,0,3,0.83220854,2,2
3754205,2015-08-29,Arsenal,3668,Theo Walcott,FWD,Leading,4,0,0,0,3,0
3754205,2015-08-29,Arsenal,6746,Gabriel Armando de Abreu,DEF,Level,47,10,0,0,0,1
3754205,2015-08-29,Arsenal,6746,Gabriel Armando de Abreu,DEF,Leading,37,7,0,0,2,1
3754205,2015-08-29,Arsenal,11386,Santiago Cazorla González,MID,Level,77,19,1,0.06012873,3,3
3754205,2015-08-29,Arsenal,11386,Santiago Cazorla González,MID,Leading,54,10,2,0.06993176,5,1
3754205,2015-08-29,Arsenal,42703,Mikel Arteta Amatriain,FWD,Leading,14,2,0,0,3,1
267422,2015-08-29,Barcelona,3508,Sandro Ramírez Castillo,FWD,Leading,3,0,0,0,2,0
267422,2015-08-29,Barcelona,4320,Neymar da Silva Santos Junior,FWD,Level,49,7,2,0.163454265,6,7
267422,2015-08-29,Barcelona,4320,Neymar da Silva Santos Junior,FWD,Leading,17,0,0,0,1,0
267422,2015-08-29,Barcelona,4691,Claudio Andrés Bravo Muñoz,GK,Level,21,1,0,0,0,6
267422,2015-08-29,Barcelona,4691,Claudio Andrés Bravo Muñoz,GK,Leading,10,1,0,0,0,1
267422,2015-08-29,Barcelona,5203,Sergio Busquets i Burgos,MID,Level,54,9,2,0.071389334,7,3
267422,2015-08-29,Barcelona,5203,Sergio Busquets i Burgos,MID,Leading,23,3,0,0,1,0
267422,2015-08-29,Barcelona,5211,Jordi Alba Ramos,DEF,Level,68,7,0,0,3,6
267422,2015-08-29,Barcelona,5211,Jordi Alba Ramos,DEF,Leading,22,3,0,0,0,0
267422,2015-08-29,Barcelona,5216,Andrés Iniesta Luján,MID,Level,47,12,1,0.037785444,5,4
267422,2015-08-29,Barcelona,5216,Andrés Iniesta Luján,MID,Leading,24,2,0,0,1,0
267422,2015-08-29,Barcelona,5246,Luis Alberto Suárez Díaz,FWD,Level,12,1,4,0.264088745,3,2
267422,2015-08-29,Barcelona,5246,Luis Alberto Suárez Díaz,FWD,Leading,3,0,1,0.13889943,1,1
267422,2015-08-29,Barcelona,5470,Ivan Rakitić,MID,Level,43,9,0,0,4,5
267422,2015-08-29,Barcelona,5503,Lionel Andrés Messi Cuccittini,FWD,Level,56,16,6,0.428237236,5,2
267422,2015-08-29,Barcelona,5503,Lionel Andrés Messi Cuccittini,FWD,Leading,33,5,1,0.057921093,0,2
267422,2015-08-29,Barcelona,5506,Javier Alejandro Mascherano,DEF,Level,54,14,2,0.2429695825,7,5
267422,2015-08-29,Barcelona,5506,Javier Alejandro Mascherano,DEF,Leading,14,2,0,0,2,0
267422,2015-08-29,Barcelona,6332,Thomas Vermaelen,DEF,Level,47,12,3,0.41306553,7,7
267422,2015-08-29,Barcelona,6332,Thomas Vermaelen,DEF,Leading,20,3,0,0,0,1
267422,2015-08-29,Barcelona,6379,Sergi Roberto Carnicer,DEF,Level,40,3,0,0,3,2
267422,2015-08-29,Barcelona,6379,Sergi Roberto Carnicer,DEF,Leading,17,2,0,0,0,1
267422,2015-08-29,Barcelona,6998,Rafael Alcântara do Nascimento,MID,Level,6,1,1,0.010149043,3,0
267422,2015-08-29,Barcelona,6998,Rafael Alcântara do Nascimento,MID,Leading,13,0,0,0,2,0
267422,2015-08-29,Barcelona,10609,Jérémy Mathieu,DEF,Leading,1,0,0,0,1,0
3890278,2015-08-29,Bayer Leverkusen,5494,Robbie Kruse,MID,Trailing,7,0,0,0,11,1
3890278,2015-08-29,Bayer Leverkusen,5555,Julian Brandt,MID,Trailing,11,0,0,0,14,1
3890278,2015-08-29,Bayer Leverkusen,7039,Hakan Çalhanoğlu,MID,Level,14,1,0,0,5,3
3890278,2015-08-29,Bayer Leverkusen,7039,Hakan Çalhanoğlu,MID,Trailing,10,1,2,0.070484684,7,1
3890278,2015-08-29,Bayer Leverkusen,8212,Wendell Nascimento Borges,DEF,Level,13,3,0,0,5,3
3890278,2015-08-29,Bayer Leverkusen,8212,Wendell Nascimento Borges,DEF,Trailing,19,1,1,0.007429551,8,5
3890278,2015-08-29,Bayer Leverkusen,8213,Karim Bellarabi,MID,Level,7,1,0,0,3,1
3890278,2015-08-29,Bayer Leverkusen,8213,Karim Bellarabi,MID,Trailing,16,1,3,0.102929582,8,8
3890278,2015-08-29,Bayer Leverkusen,8219,Admir Mehmedi,MID,Level,6,1,0,0,9,0
3890278,2015-08-29,Bayer Leverkusen,8219,Admir Mehmedi,MID,Trailing,3,0,0,0,2,0
3890278,2015-08-29,Bayer Leverkusen,8221,Jonathan Tah,DEF,Level,3,0,0,0,8,1
3890278,2015-08-29,Bayer Leverkusen,8221,Jonathan Tah,DEF,Trailing,16,3,0,0,12,1
3890278,2015-08-29,Bayer Leverkusen,8313,Kyriakos Papadopoulos,DEF,Level,4,0,0,0,5,0
3890278,2015-08-29,Bayer Leverkusen,8313,Kyriakos Papadopoulos,DEF,Trailing,15,1,1,0.123875,12,2
3890278,2015-08-29,Bayer Leverkusen,8805,Christoph Kramer,MID,Level,6,0,0,0,12,1
3890278,2015-08-29,Bayer Leverkusen,8805,Christoph Kramer,MID,Trailing,19,1,0,0,15,3
3890278,2015-08-29,Bayer Leverkusen,8918,Roberto Hilbert,DEF,Level,14,1,0,0,4,2
3890278,2015-08-29,Bayer Leverkusen,8918,Roberto Hilbert,DEF,Trailing,27,6,0,0,22,3
3890278,2015-08-29,Bayer Leverkusen,8969,Lars Bender,MID,Level,14,3,0,0,6,1
3890278,2015-08-29,Bayer Leverkusen,8969,Lars Bender,MID,Trailing,25,5,0,0,21,3
3890278,2015-08-29,Bayer Leverkusen,11394,Stefan Kießling,MID,Level,7,0,1,0.0738927,6,0
3890278,2015-08-29,Bayer Leverkusen,11394,Stefan Kießling,MID,Trailing,27,1,2,0.17336328,11,4
3890278,2015-08-29,Bayer Leverkusen,15581,Bernd Leno,GK,Level,7,2,0,0,0,2
3890278,2015-08-29,Bayer Leverkusen,15581,Bernd Leno,GK,Trailing,24,12,0,0,0,0
3890278,2015-08-29,Bayer Leverkusen,20415,Sebastian Boenisch,DEF,Trailing,1,0,0,0,1,0
3878555,2015-08-30,Juventus,3477,Álvaro Borja Morata Martín,MID,Trailing,7,0,1,0.077224,4,2
3878555,2015-08-30,Juventus,3579,Roberto Maximiliano Pereyra,DEF,Trailing,24,4,0,0,5,1
3878555,2015-08-30,Juventus,5248,José Martín Cáceres Silva,DEF,Level,25,4,1,0.051068306,8,2
3878555,2015-08-30,Juventus,5248,José Martín Cáceres Silva,DEF,Trailing,15,2,0,0,5,2
3878555,2015-08-30,Juventus,5472,Mario Mandžukić,MID,Level,5,0,0,0,14,1
3878555,2015-08-30,Juventus,5472,Mario Mandžukić,MID,Trailing,0,0,0,0,0,0
3878555,2015-08-30,Juventus,5541,Stephan Lichtsteiner,DEF,Level,15,2,0,0,13,2
3878555,2015-08-30,Juventus,5541,Stephan Lichtsteiner,DEF,Trailing,6,0,0,0,0,0
3878555,2015-08-30,Juventus,5689,Juan Guillermo Cuadrado Bello,MID,Trailing,10,2,0,0,5,1
3878555,2015-08-30,Juventus,5743,Paulo Bruno Exequiel Dybala,MID,Level,11,1,0,0,13,2
3878555,2015-08-30,Juventus,5743,Paulo Bruno Exequiel Dybala,MID,Trailing,12,0,3,0.65215128,5,0
3878555,2015-08-30,Juventus,6949,Gianluigi Buffon,GK,Level,15,2,0,0,0,1
3878555,2015-08-30,Juventus,6949,Gianluigi Buffon,GK,Trailing,4,1,0,0,0,0
3878555,2015-08-30,Juventus,6954,Giorgio Chiellini,DEF,Level,36,3,0,0,5,2
3878555,2015-08-30,Juventus,6954,Giorgio Chiellini,DEF,Trailing,17,2,1,0.051507045,4,2
3878555,2015-08-30,Juventus,7013,Stefano Sturaro,MID,Level,11,0,0,0,13,4
3878555,2015-08-30,Juventus,7013,Stefano Sturaro,MID,Trailing,15,2,0,0,4,3
3878555,2015-08-30,Juventus,7173,Leonardo Bonucci,DEF,Level,31,1,0,0,3,3
3878555,2015-08-30,Juventus,7173,Leonardo Bonucci,DEF,Trailing,13,5,2,0.0714277344,0,1
3878555,2015-08-30,Juventus,7952,Simone Padoin,MID,Level,21,1,0,0,11,1
3878555,2015-08-30,Juventus,7952,Simone Padoin,MID,Trailing,7,0,0,0,2,0
3878555,2015-08-30,Juventus,20004,Paul Pogba,MID,Level,22,3,1,0.020446705,19,2
3878555,2015-08-30,Juventus,20004,Paul Pogba,MID,Trailing,11,2,1,0.10107088,4,1
3878555,2015-08-30,Juventus,20008,Patrice Evra,DEF,Level,34,3,0,0,9,1
3878555,2015-08-30,Juventus,20008,Patrice Evra,DEF,Trailing,5,1,0,0,2,1
3829450,2015-08-30,Paris Saint-Germain,2995,Ángel Fabián Di María Hernández,FWD,Leading,23,4,1,0.010121631,4,5
3829450,2015-08-30,Paris Saint-Germain,3166,Marco Verratti,MID,Level,100,20,0,0,16,3
3829450,2015-08-30,Paris Saint-Germain,3166,Marco Verratti,MID,Leading,16,1,0,0,17,1
3829450,2015-08-30,Paris Saint-Germain,3295,Thiago Emiliano da Silva,DEF,Level,51,4,1,0.1706786,8,2
3829450,2015-08-30,Paris Saint-Germain,3295,Thiago Emiliano da Silva,DEF,Leading,29,1,0,0,6,1
3829450,2015-08-30,Paris Saint-Germain,3481,Serge Aurier,DEF,Level,42,3,0,0,20,3
3829450,2015-08-30,Paris Saint-Germain,3481,Serge Aurier,DEF,Leading,17,1,1,0.18573579,9,0
3829450,2015-08-30,Paris Saint-Germain,3672,Zlatan Ibrahimović,FWD,Level,48,3,3,0.271253665,6,0
3829450,2015-08-30,Paris Saint-Germain,3672,Zlatan Ibrahimović,FWD,Leading,12,2,0,0,6,1
3829450,2015-08-30,Paris Saint-Germain,3745,Lucas Rodrigues Moura da Silva,FWD,Level,37,5,2,0.18329391099999998,8,4
3829450,2015-08-30,Paris Saint-Germain,3745,Lucas Rodrigues Moura da Silva,FWD,Leading,2,0,0,0,3,1
3829450,2015-08-30,Paris Saint-Germain,3956,David Luiz Moreira Marinho,DEF,Level,59,9,0,0,8,1
3829450,2015-08-30,Paris Saint-Germain,3956,David Luiz Moreira Marinho,DEF,Leading,40,1,0,0,6,2
3829450,2015-08-30,Paris Saint-Germain,4319,Edinson Roberto Cavani Gómez,FWD,Level,17,0,5,0.489576452,16,5
3829450,2015-08-30,Paris Saint-Germain,4319,Edinson Roberto Cavani Gómez,FWD,Leading,9,0,2,0.39375988,6,0
3829450,2015-08-30,Paris Saint-Germain,4325,Thiago Motta,MID,Level,109,10,0,0,15,3
3829450,2015-08-30,Paris Saint-Germain,4325,Thiago Motta,MID,Leading,43,5,0,0,12,0
3829450,2015-08-30,Paris Saint-Germain,4372,Marcos Aoás Corrêa,MID,Leading,21,2,0,0,3,0
3829450,2015-08-30,Paris Saint-Germain,4375,Blaise Matuidi,MID,Level,27,1,0,0,20,0
3829450,2015-08-30,Paris Saint-Germain,4375,Blaise Matuidi,MID,Leading,34,1,1,0.14255807,7,1
3829450,2015-08-30,Paris Saint-Germain,4440,Kevin Trapp,GK,Level,15,0,0,0,0,1
3829450,2015-08-30,Paris Saint-Germain,4440,Kevin Trapp,GK,Leading,13,1,0,0,0,1
3829450,2015-08-30,Paris Saint-Germain,26613,Maxwell Scherrer Cabelino Andrade,DEF,Level,37,1,1,0.08464395,4,2
3829450,2015-08-30,Paris Saint-Germain,26613,Maxwell Scherrer Cabelino Andrade,DEF,Leading,28,0,0,0,2,2
3829450,2015-08-30,Paris Saint-Germain,351521,Ezequiel Iván Lavezzi,FWD,Leading,16,1,2,0.123651728,4,3
3829453,2015-09-11,Paris Saint-Germain,2995,Ángel Fabián Di María Hernández,FWD,Level,27,2,5,0.138167172,2,1
3829453,2015-09-11,Paris Saint-Germain,2995,Ángel Fabián Di María Hernández,FWD,Leading,29,4,3,0.506407298,3,2
3829453,2015-09-11,Paris Saint-Germain,3026,Adrien Rabiot,MID,Leading,3,1,0,0,0,1
3829453,2015-09-11,Paris Saint-Germain,3026,Adrien Rabiot,MID,Level,14,2,0,0,8,0
3829453,2015-09-11,Paris Saint-Germain,3166,Marco Verratti,MID,Level,61,10,0,0,17,7
3829453,2015-09-11,Paris Saint-Germain,3166,Marco Verratti,MID,Leading,55,11,0,0,18,2
3829453,2015-09-11,Paris Saint-Germain,3295,Thiago Emiliano da Silva,DEF,Level,50,4,0,0,2,4
3829453,2015-09-11,Paris Saint-Germain,3295,Thiago Emiliano da Silva,DEF,Leading,40,3,1,0.060411923,5,2
3829453,2015-09-11,Paris Saint-Germain,3481,Serge Aurier,DEF,Level,30,0,2,0.101395726,12,3
3829453,2015-09-11,Paris Saint-Germain,3481,Serge Aurier,DEF,Leading,22,4,1,0.017162386,14,3
3829453,2015-09-11,Paris Saint-Germain,3745,Lucas Rodrigues Moura da Silva,FWD,Level,19,1,0,0,9,0
3829453,2015-09-11,Paris Saint-Germain,3745,Lucas Rodrigues Moura da Silva,FWD,Leading,25,1,0,0,3,5
3829453,2015-09-11,Paris Saint-Germain,4319,Edinson Roberto Cavani Gómez,FWD,Level,15,0,3,0.319610823,7,2
3829453,2015-09-11,Paris Saint-Germain,4319,Edinson Roberto Cavani Gómez,FWD,Leading,10,1,1,0.14737606,4,1
3829453,2015-09-11,Paris Saint-Germain,4325,Thiago Motta,MID,Level,57,13,0,0,11,0
3829453,2015-09-11,Paris Saint-Germain,4325,Thiago Motta,MID,Leading,46,3,1,0.084021986,11,1
3829453,2015-09-11,Paris Saint-Germain,4326,Layvin Kurzawa,DEF,Leading,7,1,0,0,2,0
3829453,2015-09-11,Paris Saint-Germain,4326,Layvin Kurzawa,DEF,Level,12,3,0,0,3,0
3829453,2015-09-11,Paris Saint-Germain,4372,Marcos Aoás Corrêa,DEF,Level,44,7,0,0,3,1
3829453,2015-09-11,Paris Saint-Germain,4372,Marcos Aoás Corrêa,DEF,Leading,40,2,0,0,6,0
3829453,2015-09-11,Paris Saint-Germain,4375,Blaise Matuidi,MID,Level,29,2,0,0,6,0
3829453,2015-09-11,Paris Saint-Germain,4375,Blaise Matuidi,MID,Leading,31,5,1,0.026570177,14,4
3829453,2015-09-11,Paris Saint-Germain,4440,Kevin Trapp,GK,Level,9,0,0,0,0,1
3829453,2015-09-11,Paris Saint-Germain,4440,Kevin Trapp,GK,Leading,10,1,0,0,0,1
3829453,2015-09-11,Paris Saint-Germain,26613,Maxwell Scherrer Cabelino Andrade,DEF,Level,22,2,0,0,3,2
3829453,2015-09-11,Paris Saint-Germain,26613,Maxwell Scherrer Cabelino Andrade,DEF,Leading,26,1,0,0,2,1
3829453,2015-09-11,Paris Saint-Germain,351521,Ezequiel Iván Lavezzi,FWD,Leading,6,1,0,0,0,0
3829453,2015-09-11,Paris Saint-Germain,351521,Ezequiel Iván Lavezzi,FWD,Level,10,1,1,0.057879854,1,1
3754240,2015-09-12,Arsenal,3385,Alexis Alejandro Sánchez Sánchez,FWD,Level,20,4,4,0.301904015,7,3
3754240,2015-09-12,Arsenal,3385,Alexis Alejandro Sánchez Sánchez,FWD,Leading,39,9,4,0.12616027000000002,7,3
3754240,2015-09-12,Arsenal,3394,Laurent Koscielny,DEF,Level,36,5,1,0.007404689,3,4
3754240,2015-09-12,Arsenal,3394,Laurent Koscielny,DEF,Leading,45,10,1,0.103272535,4,5
3754240,2015-09-12,Arsenal,3437,Francis Joseph Coquelin,MID,Level,21,0,1,0.018820291,4,2
3754240,2015-09-12,Arsenal,3437,Francis Joseph Coquelin,MID,Leading,37,7,1,0.024313636,9,5
3754240,2015-09-12,Arsenal,3461,Petr Čech,GK,Level,6,1,0,0,0,0
3754240,2015-09-12,Arsenal,3461,Petr Čech,GK,Leading,17,1,0,0,0,4
3754240,2015-09-12,Arsenal,3496,Mesut Özil,MID,Level,31,1,0,0,2,3
3754240,2015-09-12,Arsenal,3496,Mesut Özil,MID,Leading,46,3,1,0.09334348,5,0
3754240,2015-09-12,Arsenal,3498,Ignacio Monreal Eraso,DEF,Level,27,0,0,0,3,2
3754240,2015-09-12,Arsenal,3498,Ignacio Monreal Eraso,DEF,Leading,29,2,0,0,2,2
3754240,2015-09-12,Arsenal,3511,Héctor Bellerín Moruno,DEF,Level,24,2,0,0,2,0
3754240,2015-09-12,Arsenal,3511,Héctor Bellerín Moruno,DEF,Leading,39,3,0,0,3,3
3754240,2015-09-12,Arsenal,3517,Aaron Ramsey,FWD,Level,24,2,1,0.17661746,4,0
3754240,2015-09-12,Arsenal,3517,Aaron Ramsey,FWD,Leading,32,2,2,0.081025737,12,4
3754240,2015-09-12,Arsenal,3525,Alex Oxlade-Chamberlain,MID,Leading,7,0,0,0,0,1
3754240,2015-09-12,Arsenal,3604,Olivier Giroud,FWD,Leading,7,0,2,0.6895145,1,1
3754240,2015-09-12,Arsenal,3668,Theo Walcott,FWD,Level,5,0,4,1.1363973600000001,2,1
3754240,2015-09-12,Arsenal,3668,Theo Walcott,FWD,Leading,6,1,4,0.7485184300000001,0,1
3754240,2015-09-12,Arsenal,6746,Gabriel Armando de Abreu,DEF,Level,40,3,0,0,0,0
3754240,2015-09-12,Arsenal,6746,Gabriel Armando de Abreu,DEF,Leading,42,3,0,0,2,3
3754240,2015-09-12,Arsenal,11386,Santiago Cazorla González,MID,Level,35,7,1,0.07011031,5,3
3754240,2015-09-12,Arsenal,11386,Santiago Cazorla González,MID,Leading,55,14,3,0.12410728199999999,6,2
3754240,2015-09-12,Arsenal,42703,Mikel Arteta Amatriain,FWD,Leading,7,3,0,0,3,0
266166,2015-09-12,Barcelona,4320,Neymar da Silva Santos Junior,FWD,Level,47,7,3,0.48520572,15,5
266166,2015-09-12,Barcelona,4320,Neymar da Silva Santos Junior,FWD,Trailing,1,1,1,0.059940357,0,0
266166,2015-09-12,Barcelona,4320,Neymar da Silva Santos Junior,FWD,Leading,10,0,0,0,3,0
266166,2015-09-12,Barcelona,5203,Sergio Busquets i Burgos,MID,Level,58,8,0,0,19,4
266166,2015-09-12,Barcelona,5203,Sergio Busquets i Burgos,MID,Leading,11,1,0,0,1,0
266166,2015-09-12,Barcelona,5211,Jordi Alba Ramos,DEF,Level,70,7,0,0,11,1
266166,2015-09-12,Barcelona,5211,Jordi Alba Ramos,DEF,Trailing,1,0,0,0,0,0
266166,2015-09-12,Barcelona,5211,Jordi Alba Ramos,DEF,Leading,8,1,0,0,0,1
266166,2015-09-12,Barcelona,5216,Andrés Iniesta Luján,MID,Level,74,15,0,0,10,5
266166,2015-09-12,Barcelona,5216,Andrés Iniesta Luján,MID,Trailing,3,0,0,0,0,0
266166,2015-09-12,Barcelona,5216,Andrés Iniesta Luján,MID,Leading,13,1,0,0,1,0
266166,2015-09-12,Barcelona,5246,Luis Alberto Suárez Díaz,FWD,Level,15,0,2,0.552281576,9,5
266166,2015-09-12,Barcelona,5246,Luis Alberto Suárez Díaz,FWD,Trailing,1,0,0,0,0,0
266166,2015-09-12,Barcelona,5246,Luis Alberto Suárez Díaz,FWD,Leading,6,0,1,0.047789235,1,1
266166,2015-09-12,Barcelona,5470,Ivan Rakitić,MID,Level,52,7,1,0.06771354,7,2
266166,2015-09-12,Barcelona,5470,Ivan Rakitić,MID,Trailing,0,0,0,0,1,0
266166,2015-09-12,Barcelona,5503,Lionel Andrés Messi Cuccittini,MID,Level,20,1,1,0.20186234,0,1
266166,2015-09-12,Barcelona,5503,Lionel Andrés Messi Cuccittini,MID,Leading,9,2,2,0.133519744,2,0
266166,2015-09-12,Barcelona,5506,Javier Alejandro Mascherano,DEF,Level,79,14,0,0,9,2
266166,2015-09-12,Barcelona,5506,Javier Alejandro Mascherano,DEF,Trailing,3,1,0,0,0,0
266166,2015-09-12,Barcelona,5506,Javier Alejandro Mascherano,DEF,Leading,11,6,0,0,1,0
266166,2015-09-12,Barcelona,6332,Thomas Vermaelen,DEF,Level,26,1,0,0,2,1
266166,2015-09-12,Barcelona,6379,Sergi Roberto Carnicer,DEF,Level,79,6,1,0.035513557,11,3
266166,2015-09-12,Barcelona,6379,Sergi Roberto Carnicer,DEF,Trailing,3,0,0,0,0,1
266166,2015-09-12,Barcelona,6379,Sergi Roberto Carnicer,DEF,Leading,12,1,0,0,1,0
266166,2015-09-12,Barcelona,6998,Rafael Alcântara do Nascimento,FWD,Level,44,1,1,0.067013256,11,3
266166,2015-09-12,Barcelona,6998,Rafael Alcântara do Nascimento,FWD,Trailing,2,0,0,0,1,0
266166,2015-09-12,Barcelona,6998,Rafael Alcântara do Nascimento,FWD,Leading,10,1,0,0,3,0
266166,2015-09-12,Barcelona,10609,Jérémy Mathieu,DEF,Level,44,7,1,0.07779373,7,4
266166,2015-09-12,Barcelona,10609,Jérémy Mathieu,DEF,Trailing,2,0,0,0,0,0
266166,2015-09-12,Barcelona,10609,Jérémy Mathieu,DEF,Leading,7,0,0,0,0,1
266166,2015-09-12,Barcelona,20055,Marc-André ter Stegen,GK,Level,27,0,0,0,0,3
266166,2015-09-12,Barcelona,20055,Marc-André ter Stegen,GK,Trailing,0,0,0,0,0,0
266166,2015-09-12,Barcelona,20055,Marc-André ter Stegen,GK,Leading,7,1,0,0,0,1
3890288,2015-09-12,Bayer Leverkusen,3058,Javier Hernández Balcázar,MID,Trailing,15,0,2,0.182417875,2,3
3890288,2015-09-12,Bayer Leverkusen,5555,Julian Brandt,MID,Level,3,0,0,0,2,0
3890288,2015-09-12,Bayer Leverkusen,5555,Julian Brandt,MID,Trailing,44,2,2,0.08314703500000001,7,2
3890288,2015-09-12,Bayer Leverkusen,7039,Hakan Çalhanoğlu,MID,Level,3,1,0,0,1,0
3890288,2015-09-12,Bayer Leverkusen,7039,Hakan Çalhanoğlu,MID,Trailing,31,2,2,0.20126958,5,2
3890288,2015-09-12,Bayer Leverkusen,8212,Wendell Nascimento Borges,DEF,Level,5,0,0,0,1,0
3890288,2015-09-12,Bayer Leverkusen,8212,Wendell Nascimento Borges,DEF,Trailing,73,17,1,0.117935754,14,10
3890288,2015-09-12,Bayer Leverkusen,8213,Karim Bellarabi,MID,Level,1,0,0,0,0,0
3890288,2015-09-12,Bayer Leverkusen,8213,Karim Bellarabi,MID,Trailing,34,3,3,0.144344479,3,5
3890288,2015-09-12,Bayer Leverkusen,8219,Admir Mehmedi,MID,Trailing,13,1,0,0,1,1
3890288,2015-09-12,Bayer Leverkusen,8221,Jonathan Tah,DEF,Level,6,0,0,0,0,1
3890288,2015-09-12,Bayer Leverkusen,8221,Jonathan Tah,DEF,Trailing,60,17,0,0,15,12
3890288,2015-09-12,Bayer Leverkusen,8222,Kevin Kampl,MID,Trailing,23,3,2,0.062551983,10,1
3890288,2015-09-12,Bayer Leverkusen,8313,Kyriakos Papadopoulos,DEF,Level,4,1,0,0,2,1
3890288,2015-09-12,Bayer Leverkusen,8313,Kyriakos Papadopoulos,DEF,Trailing,71,8,1,0.2342234,3,2
3890288,2015-09-12,Bayer Leverkusen,8805,Christoph Kramer,MID,Level,4,0,0,0,1,0
3890288,2015-09-12,Bayer Leverkusen,8805,Christoph Kramer,MID,Trailing,57,11,0,0,7,3
3890288,2015-09-12,Bayer Leverkusen,8918,Roberto Hilbert,DEF,Level,3,0,0,0,0,0
3890288,2015-09-12,Bayer Leverkusen,8918,Roberto Hilbert,DEF,Trailing,65,6,0,0,10,5
3890288,2015-09-12,Bayer Leverkusen,8969,Lars Bender,MID,Level,6,2,0,0,0,1
3890288,2015-09-12,Bayer Leverkusen,8969,Lars Bender,MID,Trailing,63,8,2,0.11526004000000001,14,11
3890288,2015-09-12,Bayer Leverkusen,11394,Stefan Kießling,FWD,Level,1,0,0,0,0,0
3890288,2015-09-12,Bayer Leverkusen,11394,Stefan Kießling,FWD,Trailing,20,0,1,0.29209226,5,3
3890288,2015-09-12,Bayer Leverkusen,15581,Bernd Leno,GK,Level,1,0,0,0,0,0
3890288,2015-09-12,Bayer Leverkusen,15581,Bernd Leno,GK,Trailing,31,4,0,0,0,9
3878594,2015-09-12,Juventus,3477,Álvaro Borja Morata Martín,MID,Level,2,0,0,0,0,0
3878594,2015-09-12,Juventus,3477,Álvaro Borja Morata Martín,MID,Trailing,14,1,4,0.205384322,11,5
3878594,2015-09-12,Juventus,3579,Roberto Maximiliano Pereyra,MID,Level,10,3,0,0,7,0
3878594,2015-09-12,Juventus,3579,Roberto Maximiliano Pereyra,MID,Trailing,55,11,3,0.20212382499999998,21,4
3878594,2015-09-12,Juventus,5248,José Martín Cáceres Silva,DEF,Level,10,0,0,0,2,0
3878594,2015-09-12,Juventus,5248,José Martín Cáceres Silva,DEF,Trailing,81,9,1,0.101550095,8,4
3878594,2015-09-12,Juventus,5472,Mario Mandžukić,MID,Trailing,1,0,0,0,2,0
3878594,2015-09-12,Juventus,5472,Mario Mandžukić,MID,Level,0,0,1,0.10545278,2,0
3878594,2015-09-12,Juventus,5689,Juan Guillermo Cuadrado Bello,MID,Trailing,11,1,0,0,2,1
3878594,2015-09-12,Juventus,5689,Juan Guillermo Cuadrado Bello,MID,Level,5,0,1,0.006386248,0,0
3878594,2015-09-12,Juventus,5743,Paulo Bruno Exequiel Dybala,MID,Level,10,1,1,0.110240944,6,0
3878594,2015-09-12,Juventus,5743,Paulo Bruno Exequiel Dybala,MID,Trailing,39,3,4,1.187209693,13,3
3878594,2015-09-12,Juventus,6943,Andrea Barzagli,DEF,Level,10,3,0,0,0,1
3878594,2015-09-12,Juventus,6943,Andrea Barzagli,DEF,Trailing,74,11,0,0,8,3
3878594,2015-09-12,Juventus,6945,Alex Sandro Lobo Silva,DEF,Level,15,2,0,0,4,2
3878594,2015-09-12,Juventus,6945,Alex Sandro Lobo Silva,DEF,Trailing,68,7,0,0,7,7
3878594,2015-09-12,Juventus,6949,Gianluigi Buffon,GK,Level,2,0,0,0,0,0
3878594,2015-09-12,Juventus,6949,Gianluigi Buffon,GK,Trailing,18,0,0,0,0,2
3878594,2015-09-12,Juventus,7013,Stefano Sturaro,MID,Level,3,0,0,0,0,0
3878594,2015-09-12,Juventus,7013,Stefano Sturaro,MID,Trailing,48,3,2,0.154388296,16,1
3878594,2015-09-12,Juventus,7173,Leonardo Bonucci,DEF,Level,9,1,0,0,0,0
3878594,2015-09-12,Juventus,7173,Leonardo Bonucci,DEF,Trailing,64,14,0,0,0,4
3878594,2015-09-12,Juventus,8294,Claudio Marchisio,MID,Level,5,0,0,0,1,1
3878594,2015-09-12,Juventus,8294,Claudio Marchisio,MID,Trailing,34,8,2,0.06513905,3,5
3878594,2015-09-12,Juventus,20004,Paul Pogba,MID,Trailing,12,5,3,0.466252801,8,3
3878594,2015-09-12,Juventus,20004,Paul Pogba,MID,Level,4,0,0,0,3,2
3878594,2015-09-12,Juventus,25345,Anderson Hernanes de Carvalho Andrade,MID,Level,11,3,0,0,2,0
3878594,2015-09-12,Juventus,25345,Anderson Hernanes de Carvalho Andrade,MID,Trailing,35,4,4,0.155042868,18,6
3754217,2015-09-19,Arsenal,3385,Alexis Alejandro Sánchez Sánchez,FWD,Level,20,3,2,0.0848363773,5,4
3754217,2015-09-19,Arsenal,3385,Alexis Alejandro Sánchez Sánchez,FWD,Trailing,10,0,1,0.097416475,6,1
3754217,2015-09-19,Arsenal,3394,Laurent Koscielny,DEF,Level,21,1,0,0,7,3
3754217,2015-09-19,Arsenal,3394,Laurent Koscielny,DEF,Trailing,14,2,0,0,14,4
3754217,2015-09-19,Arsenal,3437,Francis Joseph Coquelin,MID,Level,14,2,0,0,7,2
3754217,2015-09-19,Arsenal,3461,Petr Čech,GK,Level,19,1,0,0,0,4
3754217,2015-09-19,Arsenal,3461,Petr Čech,GK,Trailing,13,0,0,0,0,1
3754217,2015-09-19,Arsenal,3496,Mesut Özil,MID,Level,29,6,0,0,10,4
3754217,2015-09-19,Arsenal,3496,Mesut Özil,MID,Trailing,4,0,0,0,3,2
3754217,2015-09-19,Arsenal,3498,Ignacio Monreal Eraso,DEF,Level,29,5,0,0,5,1
3754217,2015-09-19,Arsenal,3498,Ignacio Monreal Eraso,DEF,Trailing,14,4,0,0,5,0
3754217,2015-09-19,Arsenal,3511,Héctor Bellerín Moruno,DEF,Level,27,2,0,0,8,3
3754217,2015-09-19,Arsenal,3511,Héctor Bellerín Moruno,DEF,Trailing,16,0,0,0,10,1
3754217,2015-09-19,Arsenal,3517,Aaron Ramsey,FWD,Level,23,2,2,0.062038371999999994,14,2
3754217,2015-09-19,Arsenal,3517,Aaron Ramsey,FWD,Trailing,24,3,1,0.1675297,20,3
3754217,2015-09-19,Arsenal,3525,Alex Oxlade-Chamberlain,FWD,Trailing,8,0,0,0,6,1
3754217,2015-09-19,Arsenal,3604,Olivier Giroud,FWD,Trailing,4,1,0,0,3,1
3754217,2015-09-19,Arsenal,3668,Theo Walcott,FWD,Level,6,0,1,0.04974059,7,2
3754217,2015-09-19,Arsenal,3668,Theo Walcott,FWD,Trailing,11,1,3,0.375965337,3,1
3754217,2015-09-19,Arsenal,3713,Calum Chambers,DEF,Level,1,0,0,0,1,1
3754217,2015-09-19,Arsenal,3713,Calum Chambers,DEF,Trailing,13,0,0,0,7,1
3754217,2015-09-19,Arsenal,6746,Gabriel Armando de Abreu,DEF,Level,18,2,0,0,5,0
3754217,2015-09-19,Arsenal,11386,Santiago Cazorla González,MID,Level,43,6,0,0,7,6
3754217,2015-09-19,Arsenal,11386,Santiago Cazorla González,MID,Trailing,19,3,0,0,9,4
3829465,2015-09-19,Paris Saint-Germain,2995,Ángel Fabián Di María Hernández,FWD,Level,18,2,0,0,3,1
3829465,2015-09-19,Paris Saint-Germain,3166,Marco Verratti,MID,Level,119,29,2,0.05919408599999999,21,5
3829465,2015-09-19,Paris Saint-Germain,3166,Marco Verratti,MID,Trailing,1,1,0,0,0,0
3829465,2015-09-19,Paris Saint-Germain,3295,Thiago Emiliano da Silva,DEF,Level,64,7,1,0.057340596,6,2
3829465,2015-09-19,Paris Saint-Germain,3672,Zlatan Ibrahimović,FWD,Level,46,5,6,0.6966949619999999,6,4
3829465,2015-09-19,Paris Saint-Germain,3672,Zlatan Ibrahimović,FWD,Trailing,1,0,0,0,0,0
3829465,2015-09-19,Paris Saint-Germain,3745,Lucas Rodrigues Moura da Silva,FWD,Level,34,3,1,0.0476394,6,2
3829465,2015-09-19,Paris Saint-Germain,4319,Edinson Roberto Cavani Gómez,FWD,Level,5,0,0,0,4,0
3829465,2015-09-19,Paris Saint-Germain,4319,Edinson Roberto Cavani Gómez,FWD,Trailing,1,0,1,0.16450883,0,0
3829465,2015-09-19,Paris Saint-Germain,4326,Layvin Kurzawa,DEF,Level,69,4,1,0.054878768,13,2
3829465,2015-09-19,Paris Saint-Germain,4370,Javier Matías Pastore,MID,Level,95,15,2,0.080430559,25,10
3829465,2015-09-19,Paris Saint-Germain,4370,Javier Matías Pastore,MID,Trailing,2,1,0,0,0,0
3829465,2015-09-19,Paris Saint-Germain,4372,Marcos Aoás Corrêa,DEF,Level,67,5,1,0.025977578,9,3
3829465,2015-09-19,Paris Saint-Germain,4375,Blaise Matuidi,MID,Level,17,4,0,0,9,3
3829465,2015-09-19,Paris Saint-Germain,4440,Kevin Trapp,GK,Level,22,2,0,0,0,5
3829465,2015-09-19,Paris Saint-Germain,4440,Kevin Trapp,GK,Trailing,0,0,0,0,0,0
3829465,2015-09-19,Paris Saint-Germain,8515,Benjamin Stambouli,MID,Level,70,7,0,0,20,3
3829465,2015-09-19,Paris Saint-Germain,20048,Gregory van der Wiel,DEF,Level,57,1,0,0,10,3
3829465,2015-09-19,Paris Saint-Germain,351521,Ezequiel Iván Lavezzi,FWD,Level,37,3,2,0.153170113,4,0
266490,2015-09-20,Barcelona,3508,Sandro Ramírez Castillo,FWD,Level,11,2,1,0.11584324,13,2
266490,2015-09-20,Barcelona,3508,Sandro Ramírez Castillo,FWD,Leading,8,0,0,0,3,2
266490,2015-09-20,Barcelona,4320,Neymar da Silva Santos Junior,FWD,Level,37,5,2,0.157132045,1,3
266490,2015-09-20,Barcelona,4320,Neymar da Silva Santos Junior,FWD,Leading,26,2,2,0.40360097000000006,7,2
266490,2015-09-20,Barcelona,4324,Daniel Alves da Silva,DEF,Level,65,8,0,0,6,9
266490,2015-09-20,Barcelona,4324,Daniel Alves da Silva,DEF,Leading,56,6,0,0,4,3
266490,2015-09-20,Barcelona,5203,Sergio Busquets i Burgos,MID,Level,36,9,0,0,13,1
266490,2015-09-20,Barcelona,5203,Sergio Busquets i Burgos,MID,Leading,5,0,0,0,0,0
266490,2015-09-20,Barcelona,5470,Ivan Rakitić,MID,Level,57,10,1,0.021141276,7,4
266490,2015-09-20,Barcelona,5470,Ivan Rakitić,MID,Leading,32,6,0,0,4,1
266490,2015-09-20,Barcelona,5503,Lionel Andrés Messi Cuccittini,MID,Level,40,8,7,0.4538489150000001,3,1
266490,2015-09-20,Barcelona,5503,Lionel Andrés Messi Cuccittini,MID,Leading,21,6,3,1.6958102,2,0
266490,2015-09-20,Barcelona,5506,Javier Alejandro Mascherano,DEF,Level,42,16,0,0,9,4
266490,2015-09-20,Barcelona,5506,Javier Alejandro Mascherano,DEF,Leading,31,9,0,0,2,0
266490,2015-09-20,Barcelona,6616,Munir El Haddadi Mohamed,FWD,Level,29,1,2,0.2795652,10,0
266490,2015-09-20,Barcelona,6616,Munir El Haddadi Mohamed,FWD,Leading,23,0,0,0,4,1
266490,2015-09-20,Barcelona,6834,Gerard Gumbau Garriga,MID,Leading,11,3,0,0,9,0
266490,2015-09-20,Barcelona,7068,Marc Bartra Aregall,DEF,Level,40,6,2,0.40345427,3,2
266490,2015-09-20,Barcelona,7068,Marc Bartra Aregall,DEF,Leading,35,6,0,0,2,3
266490,2015-09-20,Barcelona,20055,Marc-André ter Stegen,GK,Level,17,1,0,0,0,1
266490,2015-09-20,Barcelona,20055,Marc-André ter Stegen,GK,Leading,16,0,0,0,0,2
266490,2015-09-20,Barcelona,22102,Adriano Correia Claro,DEF,Level,41,8,0,0,4,2
266490,2015-09-20,Barcelona,22102,Adriano Correia Claro,DEF,Leading,33,4,0,0,5,2
3890301,2015-09-20,Bayer Leverkusen,3058,Javier Hernández Balcázar,MID,Level,5,0,0,0,5,1
3890301,2015-09-20,Bayer Leverkusen,3058,Javier Hernández Balcázar,MID,Trailing,8,0,2,0.48173805,5,1
3890301,2015-09-20,Bayer Leverkusen,5555,Julian Brandt,MID,Trailing,16,0,0,0,5,2
3890301,2015-09-20,Bayer Leverkusen,7039,Hakan Çalhanoğlu,MID,Level,5,0,0,0,4,0
3890301,2015-09-20,Bayer Leverkusen,7039,Hakan Çalhanoğlu,MID,Trailing,40,9,1,0.06040305,20,5
3890301,2015-09-20,Bayer Leverkusen,8211,Benjamin Henrichs,MID,Trailing,3,1,0,0,2,0
3890301,2015-09-20,Bayer Leverkusen,8212,Wendell Nascimento Borges,DEF,Level,7,2,0,0,7,1
3890301,2015-09-20,Bayer Leverkusen,8212,Wendell Nascimento Borges,DEF,Trailing,48,4,0,0,19,9
3890301,2015-09-20,Bayer Leverkusen,8213,Karim Bellarabi,MID,Level,5,1,0,0,7,1
3890301,2015-09-20,Bayer Leverkusen,8213,Karim Bellarabi,MID,Trailing,20,3,2,0.06889776439999999,15,4
3890301,2015-09-20,Bayer Leverkusen,8219,Admir Mehmedi,MID,Trailing,19,0,0,0,13,2
3890301,2015-09-20,Bayer Leverkusen,8221,Jonathan Tah,DEF,Level,9,0,0,0,2,1
3890301,2015-09-20,Bayer Leverkusen,8221,Jonathan Tah,DEF,Trailing,37,9,1,0.022408972,8,14
3890301,2015-09-20,Bayer Leverkusen,8222,Kevin Kampl,MID,Level,8,1,0,0,3,3
3890301,2015-09-20,Bayer Leverkusen,8222,Kevin Kampl,MID,Trailing,46,4,1,0.120722994,18,10
3890301,2015-09-20,Bayer Leverkusen,8313,Kyriakos Papadopoulos,DEF,Level,8,0,0,0,4,1
3890301,2015-09-20,Bayer Leverkusen,8313,Kyriakos Papadopoulos,DEF,Trailing,25,1,0,0,9,5
3890301,2015-09-20,Bayer Leverkusen,8549,Giulio Donati,DEF,Level,11,4,0,0,7,1
3890301,2015-09-20,Bayer Leverkusen,8549,Giulio Donati,DEF,Trailing,35,8,1,0.030443912,12,4
3890301,2015-09-20,Bayer Leverkusen,8805,Christoph Kramer,MID,Level,8,1,0,0,8,2
3890301,2015-09-20,Bayer Leverkusen,8805,Christoph Kramer,MID,Trailing,13,1,0,0,5,3
3890301,2015-09-20,Bayer Leverkusen,11394,Stefan Kießling,MID,Level,5,0,0,0,4,1
3890301,2015-09-20,Bayer Leverkusen,11394,Stefan Kießling,MID,Trailing,13,1,0,0,6,1
3890301,2015-09-20,Bayer Leverkusen,15581,Bernd Leno,GK,Level,10,0,0,0,0,2
3890301,2015-09-20,Bayer Leverkusen,15581,Bernd Leno,GK,Trailing,29,3,0,0,0,6
3878609,2015-09-20,Juventus,3477,Álvaro Borja Morata Martín,FWD,Level,9,1,1,0.025717895,6,1
3878609,2015-09-20,Juventus,3579,Roberto Maximiliano Pereyra,FWD,Level,4,0,0,0,6,0
3878609,2015-09-20,Juventus,3579,Roberto Maximiliano Pereyra,FWD,Leading,26,1,1,0.0434618,15,2
3878609,2015-09-20,Juventus,3951,Mario Lemina,MID,Level,11,1,0,0,13,2
3878609,2015-09-20,Juventus,3951,Mario Lemina,MID,Leading,21,2,1,0.028190501,17,5
3878609,2015-09-20,Juventus,5472,Mario Mandžukić,FWD,Level,15,1,0,0,9,0
3878609,2015-09-20,Juventus,5472,Mario Mandžukić,FWD,Leading,15,2,1,0.17947675,12,0
3878609,2015-09-20,Juventus,5541,Stephan Lichtsteiner,DEF,Level,21,6,0,0,7,1
3878609,2015-09-20,Juventus,5541,Stephan Lichtsteiner,DEF,Leading,30,5,0,0,6,4
3878609,2015-09-20,Juventus,5689,Juan Guillermo Cuadrado Bello,FWD,Level,13,1,1,0.07959499,7,3
3878609,2015-09-20,Juventus,5689,Juan Guillermo Cuadrado Bello,FWD,Leading,20,4,2,0.170047432,16,3
3878609,2015-09-20,Juventus,6584,Simone Zaza,FWD,Leading,4,0,1,0.08459623,6,1
3878609,2015-09-20,Juventus,6943,Andrea Barzagli,DEF,Level,24,2,0,0,3,1
3878609,2015-09-20,Juventus,6943,Andrea Barzagli,DEF,Leading,47,4,0,0,9,1
3878609,2015-09-20,Juventus,6949,Gianluigi Buffon,GK,Level,13,1,0,0,0,1
3878609,2015-09-20,Juventus,6949,Gianluigi Buffon,GK,Leading,11,0,0,0,0,2
3878609,2015-09-20,Juventus,6954,Giorgio Chiellini,DEF,Level,19,2,0,0,3,3
3878609,2015-09-20,Juventus,6954,Giorgio Chiellini,DEF,Leading,48,8,0,0,9,2
3878609,2015-09-20,Juventus,7013,Stefano Sturaro,MID,Level,14,0,0,0,17,1
3878609,2015-09-20,Juventus,7013,Stefano Sturaro,MID,Leading,14,2,0,0,17,2
3878609,2015-09-20,Juventus,20004,Paul Pogba,MID,Level,14,3,2,0.6020820060000001,8,0
3878609,2015-09-20,Juventus,20004,Paul Pogba,MID,Leading,26,4,2,0.83800088,15,5
3878609,2015-09-20,Juventus,20008,Patrice Evra,DEF,Level,21,3,1,0.07290788,6,1
3878609,2015-09-20,Juventus,20008,Patrice Evra,DEF,Leading,44,3,0,0,7,0
3878609,2015-09-20,Juventus,25345,Anderson Hernanes de Carvalho Andrade,MID,Leading,7,0,0,0,4,0
3829473,2015-09-22,Paris Saint-Germain,2995,Ángel Fabián Di María Hernández,FWD,Level,12,1,1,0.022628156,0,0
3829473,2015-09-22,Paris Saint-Germain,2995,Ángel Fabián Di María Hernández,FWD,Leading,69,7,3,0.643740573,11,7
3829473,2015-09-22,Paris Saint-Germain,3166,Marco Verratti,MID,Leading,31,5,0,0,9,2
3829473,2015-09-22,Paris Saint-Germain,3295,Thiago Emiliano da Silva,DEF,Leading,21,4,0,0,4,0
3829473,2015-09-22,Paris Saint-Germain,3672,Zlatan Ibrahimović,FWD,Level,8,1,0,0,0,0
3829473,2015-09-22,Paris Saint-Germain,3672,Zlatan Ibrahimović,FWD,Leading,59,5,7,1.047507397,7,3
3829473,2015-09-22,Paris Saint-Germain,3956,David Luiz Moreira Marinho,DEF,Level,17,1,0,0,0,0
3829473,2015-09-22,Paris Saint-Germain,3956,David Luiz Moreira Marinho,DEF,Leading,50,8,0,0,6,2
3829473,2015-09-22,Paris Saint-Germain,4319,Edinson Roberto Cavani Gómez,FWD,Level,6,1,1,0.19729528,0,0
3829473,2015-09-22,Paris Saint-Germain,4319,Edinson Roberto Cavani Gómez,FWD,Leading,32,0,2,0.2003004,9,3
3829473,2015-09-22,Paris Saint-Germain,4325,Thiago Motta,MID,Level,12,0,0,0,1,3
3829473,2015-09-22,Paris Saint-Germain,4325,Thiago Motta,MID,Leading,108,10,1,0.1199959,18,2
3829473,2015-09-22,Paris Saint-Germain,4370,Javier Matías Pastore,MID,Level,30,5,1,0.053596463,1,2
3829473,2015-09-22,Paris Saint-Germain,4370,Javier Matías Pastore,MID,Leading,81,12,1,0.09552083,13,3
3829473,2015-09-22,Paris Saint-Germain,4372,Marcos Aoás Corrêa,DEF,Level,15,3,0,0,0,1
3829473,2015-09-22,Paris Saint-Germain,4372,Marcos Aoás Corrêa,DEF,Leading,70,6,1,0.1326891,16,4
3829473,2015-09-22,Paris Saint-Germain,4375,Blaise Matuidi,MID,Level,17,1,0,0,6,1
3829473,2015-09-22,Paris Saint-Germain,4375,Blaise Matuidi,MID,Leading,63,6,0,0,21,3
3829473,2015-09-22,Paris Saint-Germain,4440,Kevin Trapp,GK,Level,6,0,0,0,0,0
3829473,2015-09-22,Paris Saint-Germain,4440,Kevin Trapp,GK,Leading,17,0,0,0,0,4
3829473,2015-09-22,Paris Saint-Germain,20048,Gregory van der Wiel,DEF,Level,10,1,0,0,2,0
3829473,2015-09-22,Paris Saint-Germain,20048,Gregory van der Wiel,DEF,Leading,31,4,0,0,10,5
3829473,2015-09-22,Paris Saint-Germain,26613,Maxwell Scherrer Cabelino Andrade,DEF,Level,16,1,0,0,1,1
3829473,2015-09-22,Paris Saint-Germain,26613,Maxwell Scherrer Cabelino Andrade,DEF,Leading,60,3,1,0.16451111,8,3
3829473,2015-09-22,Paris Saint-Germain,351521,Ezequiel Iván Lavezzi,FWD,Leading,7,0,0,0,3,0
266467,2015-09-23,Barcelona,4320,Neymar da Silva Santos Junior,FWD,Level,17,0,1,0.14807738,5,3
266467,2015-09-23,Barcelona,4320,Neymar da Silva Santos Junior,FWD,Trailing,23,3,5,0.614359629,12,2
266467,2015-09-23,Barcelona,4324,Daniel Alves da Silva,DEF,Level,18,4,0,0,4,2
266467,2015-09-23,Barcelona,4324,Daniel Alves da Silva,DEF,Trailing,46,12,1,0.13019525,5,7
266467,2015-09-23,Barcelona,5203,Sergio Busquets i Burgos,MID,Level,15,0,0,0,11,1
266467,2015-09-23,Barcelona,5203,Sergio Busquets i Burgos,MID,Trailing,27,2,0,0,7,4
266467,2015-09-23,Barcelona,5213,Gerard Piqué Bernabéu,DEF,Level,23,3,0,0,4,2
266467,2015-09-23,Barcelona,5213,Gerard Piqué Bernabéu,DEF,Trailing,42,10,1,0.061653174,4,5
266467,2015-09-23,Barcelona,5216,Andrés Iniesta Luján,MID,Level,15,6,0,0,4,1
266467,2015-09-23,Barcelona,5216,Andrés Iniesta Luján,MID,Trailing,31,10,0,0,11,2
266467,2015-09-23,Barcelona,5246,Luis Alberto Suárez Díaz,FWD,Level,10,0,0,0,9,1
266467,2015-09-23,Barcelona,5246,Luis Alberto Suárez Díaz,FWD,Trailing,21,1,0,0,9,0
266467,2015-09-23,Barcelona,5470,Ivan Rakitić,MID,Trailing,19,2,0,0,2,0
266467,2015-09-23,Barcelona,5503,Lionel Andrés Messi Cuccittini,FWD,Level,18,2,3,0.169636365,0,0
266467,2015-09-23,Barcelona,5503,Lionel Andrés Messi Cuccittini,FWD,Trailing,27,5,4,0.40688273,7,3
266467,2015-09-23,Barcelona,5506,Javier Alejandro Mascherano,DEF,Level,16,1,0,0,6,1
266467,2015-09-23,Barcelona,5506,Javier Alejandro Mascherano,DEF,Trailing,39,5,0,0,12,3
266467,2015-09-23,Barcelona,6379,Sergi Roberto Carnicer,MID,Level,13,2,0,0,10,2
266467,2015-09-23,Barcelona,6379,Sergi Roberto Carnicer,MID,Trailing,16,0,0,0,5,2
266467,2015-09-23,Barcelona,6616,Munir El Haddadi Mohamed,MID,Trailing,15,0,3,0.41167655000000003,5,4
266467,2015-09-23,Barcelona,10609,Jérémy Mathieu,DEF,Level,9,0,0,0,2,4
266467,2015-09-23,Barcelona,10609,Jérémy Mathieu,DEF,Trailing,24,2,0,0,4,1
266467,2015-09-23,Barcelona,20055,Marc-André ter Stegen,GK,Level,12,1,0,0,0,0
266467,2015-09-23,Barcelona,20055,Marc-André ter Stegen,GK,Trailing,21,3,0,0,0,0
3890312,2015-09-23,Bayer Leverkusen,3058,Javier Hernández Balcázar,MID,Level,26,2,3,0.064351689,20,1
3890312,2015-09-23,Bayer Leverkusen,3058,Javier Hernández Balcázar,MID,Leading,0,0,0,0,0,0
3890312,2015-09-23,Bayer Leverkusen,7039,Hakan Çalhanoğlu,MID,Level,58,6,4,0.1676133476,8,5
3890312,2015-09-23,Bayer Leverkusen,7039,Hakan Çalhanoğlu,MID,Leading,12,2,1,0.031077199,8,0
3890312,2015-09-23,Bayer Leverkusen,8212,Wendell Nascimento Borges,DEF,Level,68,14,4,0.134456034,9,8
3890312,2015-09-23,Bayer Leverkusen,8212,Wendell Nascimento Borges,DEF,Leading,9,0,0,0,3,0
3890312,2015-09-23,Bayer Leverkusen,8213,Karim Bellarabi,MID,Level,49,2,1,0.05863923,14,3
3890312,2015-09-23,Bayer Leverkusen,8213,Karim Bellarabi,MID,Leading,4,0,0,0,3,1
3890312,2015-09-23,Bayer Leverkusen,8219,Admir Mehmedi,MID,Leading,7,0,0,0,1,0
3890312,2015-09-23,Bayer Leverkusen,8221,Jonathan Tah,DEF,Level,40,6,2,0.23080958299999998,15,5
3890312,2015-09-23,Bayer Leverkusen,8221,Jonathan Tah,DEF,Leading,6,1,0,0,2,1
3890312,2015-09-23,Bayer Leverkusen,8222,Kevin Kampl,MID,Level,38,3,1,0.06670536,11,4
3890312,2015-09-23,Bayer Leverkusen,8222,Kevin Kampl,MID,Leading,11,1,0,0,7,2
3890312,2015-09-23,Bayer Leverkusen,8313,Kyriakos Papadopoulos,MID,Leading,1,0,0,0,0,0
3890312,2015-09-23,Bayer Leverkusen,8549,Giulio Donati,DEF,Level,56,13,0,0,6,4
3890312,2015-09-23,Bayer Leverkusen,8549,Giulio Donati,DEF,Leading,15,5,0,0,6,0
3890312,2015-09-23,Bayer Leverkusen,8805,Christoph Kramer,MID,Level,65,6,0,0,7,6
3890312,2015-09-23,Bayer Leverkusen,8805,Christoph Kramer,MID,Leading,7,1,1,0.08038753,1,2
3890312,2015-09-23,Bayer Leverkusen,8969,Lars Bender,MID,Level,45,5,0,0,21,5
3890312,2015-09-23,Bayer Leverkusen,8969,Lars Bender,MID,Leading,9,0,0,0,4,1
3890312,2015-09-23,Bayer Leverkusen,9363,André Ramalho Silva,DEF,Level,67,6,1,0.026072137,12,7
3890312,2015-09-23,Bayer Leverkusen,9363,André Ramalho Silva,DEF,Leading,3,1,0,0,1,0
3890312,2015-09-23,Bayer Leverkusen,11394,Stefan Kießling,MID,Leading,10,0,2,0.63421347,8,3
3890312,2015-09-23,Bayer Leverkusen,15581,Bernd Leno,GK,Level,29,4,0,0,0,3
3890312,2015-09-23,Bayer Leverkusen,15581,Bernd Leno,GK,Leading,3,1,0,0,0,1
3879543,2015-09-23,Juventus,3579,Roberto Maximiliano Pereyra,FWD,Level,26,2,0,0,4,3
3879543,2015-09-23,Juventus,3579,Roberto Maximiliano Pereyra,FWD,Leading,24,3,2,0.07681660700000001,8,3
3879543,2015-09-23,Juventus,3951,Mario Lemina,MID,Level,37,4,0,0,8,3
3879543,2015-09-23,Juventus,3951,Mario Lemina,MID,Leading,41,9,0,0,10,2
3879543,2015-09-23,Juventus,5541,Stephan Lichtsteiner,DEF,Level,30,4,2,0.0495957,5,2
3879543,2015-09-23,Juventus,5689,Juan Guillermo Cuadrado Bello,FWD,Level,38,2,3,0.17376550600000001,14,1
3879543,2015-09-23,Juventus,5689,Juan Guillermo Cuadrado Bello,FWD,Leading,40,2,2,0.034964141,7,5
3879543,2015-09-23,Juventus,5743,Paulo Bruno Exequiel Dybala,MID,Level,2,0,1,0.03386084,1,1
3879543,2015-09-23,Juventus,5743,Paulo Bruno Exequiel Dybala,MID,Leading,25,2,5,0.204974031,3,1
3879543,2015-09-23,Juventus,6584,Simone Zaza,FWD,Level,14,0,6,0.579130253,8,1
3879543,2015-09-23,Juventus,6584,Simone Zaza,FWD,Leading,9,0,1,0.051622503,7,4
3879543,2015-09-23,Juventus,6590,Norberto Murara Neto,GK,Level,12,1,0,0,0,2
3879543,2015-09-23,Juventus,6590,Norberto Murara Neto,GK,Leading,7,0,0,0,0,1
3879543,2015-09-23,Juventus,6943,Andrea Barzagli,DEF,Level,34,5,0,0,2,2
3879543,2015-09-23,Juventus,6943,Andrea Barzagli,DEF,Leading,19,3,0,0,4,1
3879543,2015-09-23,Juventus,6945,Alex Sandro Lobo Silva,DEF,Level,42,7,1,0.04659357,3,3
3879543,2015-09-23,Juventus,6945,Alex Sandro Lobo Silva,DEF,Leading,48,7,0,0,2,4
3879543,2015-09-23,Juventus,6954,Giorgio Chiellini,DEF,Level,8,1,0,0,0,0
3879543,2015-09-23,Juventus,6954,Giorgio Chiellini,DEF,Leading,33,10,1,0.08102887,3,4
3879543,2015-09-23,Juventus,7013,Stefano Sturaro,MID,Level,32,3,1,0.11760407,9,3
3879543,2015-09-23,Juventus,7173,Leonardo Bonucci,DEF,Level,28,6,0,0,1,1
3879543,2015-09-23,Juventus,7173,Leonardo Bonucci,DEF,Leading,29,3,2,0.0455614307,2,4
3879543,2015-09-23,Juventus,20004,Paul Pogba,MID,Level,34,7,4,0.147685769,7,2
3879543,2015-09-23,Juventus,20004,Paul Pogba,MID,Leading,33,4,3,0.2455391106,8,2
3879543,2015-09-23,Juventus,25345,Anderson Hernanes de Carvalho Andrade,MID,Leading,17,3,2,0.073341685,0,1
3879543,2015-09-23,Juventus,25345,Anderson Hernanes de Carvalho Andrade,MID,Level,3,0,0,0,1,1
3754174,2015-09-26,Arsenal,3385,Alexis Alejandro Sánchez Sánchez,FWD,Level,16,1,1,0.7257534,5,2
3754174,2015-09-26,Arsenal,3385,Alexis Alejandro Sánchez Sánchez,FWD,Trailing,9,3,0,0,0,0
3754174,2015-09-26,Arsenal,3385,Alexis Alejandro Sánchez Sánchez,FWD,Leading,24,3,5,0.5543583160000001,14,4
3754174,2015-09-26,Arsenal,3394,Laurent Koscielny,DEF,Level,35,7,0,0,0,6
3754174,2015-09-26,Arsenal,3394,Laurent Koscielny,DEF,Trailing,3,2,0,0,1,0
3754174,2015-09-26,Arsenal,3394,Laurent Koscielny,DEF,Leading,24,3,0,0,2,3
3754174,2015-09-26,Arsenal,3461,Petr Čech,GK,Level,6,0,0,0,0,0
3754174,2015-09-26,Arsenal,3461,Petr Čech,GK,Trailing,1,0,0,0,0,0
3754174,2015-09-26,Arsenal,3461,Petr Čech,GK,Leading,20,3,0,0,1,1
3754174,2015-09-26,Arsenal,3475,Per Mertesacker,DEF,Level,31,6,0,0,1,1
3754174,2015-09-26,Arsenal,3475,Per Mertesacker,DEF,Trailing,1,0,0,0,0,0
3754174,2015-09-26,Arsenal,3475,Per Mertesacker,DEF,Leading,34,1,0,0,2,1
3754174,2015-09-26,Arsenal,3496,Mesut Özil,MID,Level,15,4,0,0,6,1
3754174,2015-09-26,Arsenal,3496,Mesut Özil,MID,Trailing,8,3,0,0,0,1
3754174,2015-09-26,Arsenal,3496,Mesut Özil,MID,Leading,35,9,3,0.435587913,13,4
3754174,2015-09-26,Arsenal,3498,Ignacio Monreal Eraso,DEF,Level,26,3,0,0,4,3
3754174,2015-09-26,Arsenal,3498,Ignacio Monreal Eraso,DEF,Trailing,4,1,0,0,0,1
3754174,2015-09-26,Arsenal,3498,Ignacio Monreal Eraso,DEF,Leading,25,1,0,0,5,1
3754174,2015-09-26,Arsenal,3511,Héctor Bellerín Moruno,DEF,Level,22,0,0,0,6,2
3754174,2015-09-26,Arsenal,3511,Héctor Bellerín Moruno,DEF,Trailing,0,0,0,0,3,0
3754174,2015-09-26,Arsenal,3511,Héctor Bellerín Moruno,DEF,Leading,35,5,0,0,6,6
3754174,2015-09-26,Arsenal,3517,Aaron Ramsey,FWD,Level,13,3,1,0.06502127,9,2
3754174,2015-09-26,Arsenal,3517,Aaron Ramsey,FWD,Trailing,0,0,0,0,0,0
3754174,2015-09-26,Arsenal,3517,Aaron Ramsey,FWD,Leading,28,5,2,0.116597047,9,2
3754174,2015-09-26,Arsenal,3525,Alex Oxlade-Chamberlain,FWD,Leading,5,1,0,0,1,1
3754174,2015-09-26,Arsenal,3604,Olivier Giroud,FWD,Leading,2,0,1,0.21319295,2,0
3754174,2015-09-26,Arsenal,3668,Theo Walcott,FWD,Level,6,0,0,0,1,0
3754174,2015-09-26,Arsenal,3668,Theo Walcott,FWD,Trailing,1,0,2,0.52011734,0,0
3754174,2015-09-26,Arsenal,3668,Theo Walcott,FWD,Leading,7,0,6,0.48139471200000006,1,0
3754174,2015-09-26,Arsenal,6631,Mathieu Flamini,MID,Level,4,1,0,0,3,1
3754174,2015-09-26,Arsenal,6631,Mathieu Flamini,MID,Trailing,1,0,0,0,0,0
3754174,2015-09-26,Arsenal,11386,Santiago Cazorla González,MID,Level,24,3,2,0.11817282400000001,5,1
3754174,2015-09-26,Arsenal,11386,Santiago Cazorla González,MID,Trailing,7,1,1,0.021842366,0,1
3754174,2015-09-26,Arsenal,11386,Santiago Cazorla González,MID,Leading,56,13,2,0.032603841,15,9
3754174,2015-09-26,Arsenal,42703,Mikel Arteta Amatriain,MID,Level,13,5,0,0,1,0
3754174,2015-09-26,Arsenal,42703,Mikel Arteta Amatriain,MID,Leading,37,3,0,0,13,2
267611,2015-09-26,Barcelona,3508,Sandro Ramírez Castillo,FWD,Leading,2,0,2,0.23868899600000001,5,1
267611,2015-09-26,Barcelona,4320,Neymar da Silva Santos Junior,FWD,Level,10,0,1,0.036163606,4,1
267611,2015-09-26,Barcelona,4320,Neymar da Silva Santos Junior,FWD,Leading,20,1,4,1.3144837679999999,12,2
267611,2015-09-26,Barcelona,5203,Sergio Busquets i Burgos,MID,Level,20,3,0,0,3,2
267611,2015-09-26,Barcelona,5203,Sergio Busquets i Burgos,MID,Leading,31,6,1,0.018135607,15,2
267611,2015-09-26,Barcelona,5213,Gerard Piqué Bernabéu,DEF,Level,30,3,0,0,2,5
267611,2015-09-26,Barcelona,5213,Gerard Piqué Bernabéu,DEF,Leading,51,4,0,0,3,3
267611,2015-09-26,Barcelona,5246,Luis Alberto Suárez Díaz,FWD,Level,2,0,1,0.072419174,0,2
267611,2015-09-26,Barcelona,5246,Luis Alberto Suárez Díaz,FWD,Leading,18,3,4,0.311455515,8,1
267611,2015-09-26,Barcelona,5470,Ivan Rakitić,MID,Level,19,4,0,0,2,2
267611,2015-09-26,Barcelona,5470,Ivan Rakitić,MID,Leading,64,13,1,0.048817232,9,7
267611,2015-09-26,Barcelona,5503,Lionel Andrés Messi Cuccittini,FWD,Level,5,1,0,0,0,0
267611,2015-09-26,Barcelona,5506,Javier Alejandro Mascherano,MID,Level,19,4,0,0,8,1
267611,2015-09-26,Barcelona,5506,Javier Alejandro Mascherano,MID,Leading,64,16,1,0.022485733,12,4
267611,2015-09-26,Barcelona,6379,Sergi Roberto Carnicer,DEF,Level,24,4,0,0,2,2
267611,2015-09-26,Barcelona,6379,Sergi Roberto Carnicer,DEF,Leading,60,6,0,0,8,3
267611,2015-09-26,Barcelona,6616,Munir El Haddadi Mohamed,FWD,Level,4,1,0,0,10,0
267611,2015-09-26,Barcelona,6616,Munir El Haddadi Mohamed,FWD,Leading,29,1,1,0.029136254,11,4
267611,2015-09-26,Barcelona,6834,Gerard Gumbau Garriga,DEF,Leading,1,1,0,0,0,0
267611,2015-09-26,Barcelona,7068,Marc Bartra Aregall,DEF,Level,26,7,0,0,7,1
267611,2015-09-26,Barcelona,7068,Marc Bartra Aregall,DEF,Leading,64,4,0,0,6,9
267611,2015-09-26,Barcelona,20055,Marc-André ter Stegen,GK,Level,3,0,0,0,0,0
267611,2015-09-26,Barcelona,20055,Marc-André ter Stegen,GK,Leading,28,1,0,0,0,2
267611,2015-09-26,Barcelona,22102,Adriano Correia Claro,DEF,Level,19,2,0,0,3,0
267611,2015-09-26,Barcelona,22102,Adriano Correia Claro,DEF,Leading,45,4,0,0,7,4
3890315,2015-09-26,Bayer Leverkusen,3058,Javier Hernández Balcázar,MID,Leading,6,0,2,0.096131755,2,0
3890315,2015-09-26,Bayer Leverkusen,5555,Julian Brandt,MID,Level,19,0,0,0,7,2
3890315,2015-09-26,Bayer Leverkusen,5555,Julian Brandt,MID,Leading,18,1,1,0.085670725,10,3
3890315,2015-09-26,Bayer Leverkusen,7039,Hakan Çalhanoğlu,MID,Leading,17,0,2,0.0407043378,3,2
3890315,2015-09-26,Bayer Leverkusen,8213,Karim Bellarabi,MID,Level,14,0,0,0,11,1
3890315,2015-09-26,Bayer Leverkusen,8213,Karim Bellarabi,MID,Leading,7,0,1,0.060470395,4,1
3890315,2015-09-26,Bayer Leverkusen,8219,Admir Mehmedi,MID,Level,15,1,2,0.14109282,6,2
3890315,2015-09-26,Bayer Leverkusen,8219,Admir Mehmedi,MID,Leading,25,4,0,0,9,3
3890315,2015-09-26,Bayer Leverkusen,8221,Jonathan Tah,DEF,Level,11,3,2,0.211903915,6,4
3890315,2015-09-26,Bayer Leverkusen,8221,Jonathan Tah,DEF,Leading,20,1,1,0.0850875,6,8
3890315,2015-09-26,Bayer Leverkusen,8222,Kevin Kampl,MID,Leading,17,0,2,0.25940348,4,2
3890315,2015-09-26,Bayer Leverkusen,8313,Kyriakos Papadopoulos,DEF,Level,17,3,0,0,4,1
3890315,2015-09-26,Bayer Leverkusen,8313,Kyriakos Papadopoulos,DEF,Leading,18,0,0,0,3,3
3890315,2015-09-26,Bayer Leverkusen,8549,Giulio Donati,DEF,Level,19,6,0,0,1,1
3890315,2015-09-26,Bayer Leverkusen,8549,Giulio Donati,DEF,Leading,41,11,1,0.0274564,7,4
3890315,2015-09-26,Bayer Leverkusen,8805,Christoph Kramer,MID,Level,32,5,0,0,5,3
3890315,2015-09-26,Bayer Leverkusen,8805,Christoph Kramer,MID,Leading,50,7,0,0,13,6
3890315,2015-09-26,Bayer Leverkusen,8969,Lars Bender,MID,Level,27,3,0,0,7,2
3890315,2015-09-26,Bayer Leverkusen,8969,Lars Bender,MID,Leading,52,7,1,0.019504339,17,8
3890315,2015-09-26,Bayer Leverkusen,11394,Stefan Kießling,MID,Level,12,1,0,0,4,1
3890315,2015-09-26,Bayer Leverkusen,11394,Stefan Kießling,MID,Leading,24,0,1,0.062059946,7,2
3890315,2015-09-26,Bayer Leverkusen,15581,Bernd Leno,GK,Level,17,3,0,0,0,1
3890315,2015-09-26,Bayer Leverkusen,15581,Bernd Leno,GK,Leading,19,7,0,0,0,2
3890315,2015-09-26,Bayer Leverkusen,20415,Sebastian Boenisch,DEF,Level,30,5,0,0,1,1
3890315,2015-09-26,Bayer Leverkusen,20415,Sebastian Boenisch,DEF,Leading,43,7,0,0,6,3
3879548,2015-09-26,Juventus,3477,Álvaro Borja Morata Martín,MID,Trailing,5,1,2,0.143746585,6,0
3879548,2015-09-26,Juventus,3579,Roberto Maximiliano Pereyra,MID,Level,8,2,0,0,9,2
3879548,2015-09-26,Juventus,3579,Roberto Maximiliano Pereyra,MID,Trailing,28,1,0,0,13,5
3879548,2015-09-26,Juventus,3951,Mario Lemina,MID,Level,15,3,0,0,7,0
3879548,2015-09-26,Juventus,3951,Mario Lemina,MID,Trailing,34,3,1,0.16303743,19,2
3879548,2015-09-26,Juventus,5689,Juan Guillermo Cuadrado Bello,MID,Trailing,13,2,0,0,6,2
3879548,2015-09-26,Juventus,5743,Paulo Bruno Exequiel Dybala,MID,Level,11,1,0,0,4,2
3879548,2015-09-26,Juventus,5743,Paulo Bruno Exequiel Dybala,MID,Trailing,10,2,1,0.026553797,13,1
3879548,2015-09-26,Juventus,6584,Simone Zaza,MID,Level,5,1,1,0.11490597,7,1
3879548,2015-09-26,Juventus,6584,Simone Zaza,MID,Trailing,8,0,1,0.053985994,10,3
3879548,2015-09-26,Juventus,6945,Alex Sandro Lobo Silva,DEF,Trailing,2,0,0,0,2,0
3879548,2015-09-26,Juventus,6949,Gianluigi Buffon,GK,Level,10,1,0,0,0,0
3879548,2015-09-26,Juventus,6949,Gianluigi Buffon,GK,Trailing,17,1,0,0,0,3
3879548,2015-09-26,Juventus,6954,Giorgio Chiellini,DEF,Level,28,2,0,0,3,1
3879548,2015-09-26,Juventus,6954,Giorgio Chiellini,DEF,Trailing,41,4,1,0.44130138,8,8
3879548,2015-09-26,Juventus,7173,Leonardo Bonucci,DEF,Level,27,5,0,0,1,1
3879548,2015-09-26,Juventus,7173,Leonardo Bonucci,DEF,Trailing,44,7,1,0.017734447,3,4
3879548,2015-09-26,Juventus,7952,Simone Padoin,DEF,Level,19,1,0,0,2,1
3879548,2015-09-26,Juventus,7952,Simone Padoin,DEF,Trailing,27,4,0,0,5,5
3879548,2015-09-26,Juventus,20004,Paul Pogba,MID,Level,8,0,0,0,8,1
3879548,2015-09-26,Juventus,20004,Paul Pogba,MID,Trailing,26,0,4,0.170758577,26,6
3879548,2015-09-26,Juventus,20008,Patrice Evra,DEF,Level,17,0,0,0,3,1
3879548,2015-09-26,Juventus,20008,Patrice Evra,DEF,Trailing,44,3,0,0,8,3
3879548,2015-09-26,Juventus,25345,Anderson Hernanes de Carvalho Andrade,MID,Level,25,2,0,0,7,1
3879548,2015-09-26,Juventus,25345,Anderson Hernanes de Carvalho Andrade,MID,Trailing,22,2,0,0,10,0
3829483,2015-09-26,Paris Saint-Germain,2995,Ángel Fabián Di María Hernández,FWD,Level,18,2,1,0.051465802,5,2
3829483,2015-09-26,Paris Saint-Germain,2995,Ángel Fabián Di María Hernández,FWD,Trailing,28,3,2,0.093400473,5,3
3829483,2015-09-26,Paris Saint-Germain,2995,Ángel Fabián Di María Hernández,FWD,Leading,1,0,1,0.25825605,2,1
3829483,2015-09-26,Paris Saint-Germain,3166,Marco Verratti,MID,Level,36,9,0,0,9,3
3829483,2015-09-26,Paris Saint-Germain,3166,Marco Verratti,MID,Trailing,40,11,0,0,10,7
3829483,2015-09-26,Paris Saint-Germain,3166,Marco Verratti,MID,Leading,29,0,0,0,4,1
3829483,2015-09-26,Paris Saint-Germain,3295,Thiago Emiliano da Silva,DEF,Level,27,4,0,0,2,2
3829483,2015-09-26,Paris Saint-Germain,3295,Thiago Emiliano da Silva,DEF,Trailing,30,2,0,0,2,0
3829483,2015-09-26,Paris Saint-Germain,3295,Thiago Emiliano da Silva,DEF,Leading,21,1,0,0,0,1
3829483,2015-09-26,Paris Saint-Germain,3481,Serge Aurier,DEF,Level,24,3,0,0,10,2
3829483,2015-09-26,Paris Saint-Germain,3481,Serge Aurier,DEF,Trailing,23,4,2,0.34605202,9,2
3829483,2015-09-26,Paris Saint-Germain,3481,Serge Aurier,DEF,Leading,20,1,1,0.12910184,4,1
3829483,2015-09-26,Paris Saint-Germain,3672,Zlatan Ibrahimović,FWD,Level,10,2,2,0.126624684,2,1
3829483,2015-09-26,Paris Saint-Germain,3672,Zlatan Ibrahimović,FWD,Trailing,14,0,3,0.551878474,4,4
3829483,2015-09-26,Paris Saint-Germain,3672,Zlatan Ibrahimović,FWD,Leading,9,3,0,0,1,0
3829483,2015-09-26,Paris Saint-Germain,3745,Lucas Rodrigues Moura da Silva,FWD,Level,11,0,0,0,2,0
3829483,2015-09-26,Paris Saint-Germain,3745,Lucas Rodrigues Moura da Silva,FWD,Trailing,14,0,0,0,2,0
3829483,2015-09-26,Paris Saint-Germain,4319,Edinson Roberto Cavani Gómez,FWD,Level,1,0,1,0.053787798,0,0
3829483,2015-09-26,Paris Saint-Germain,4319,Edinson Roberto Cavani Gómez,FWD,Leading,3,0,0,0,0,0
3829483,2015-09-26,Paris Saint-Germain,4325,Thiago Motta,MID,Level,8,0,0,0,3,0
3829483,2015-09-26,Paris Saint-Germain,4325,Thiago Motta,MID,Leading,31,1,0,0,2,1
3829483,2015-09-26,Paris Saint-Germain,4326,Layvin Kurzawa,DEF,Level,21,3,0,0,6,1
3829483,2015-09-26,Paris Saint-Germain,4326,Layvin Kurzawa,DEF,Trailing,25,2,0,0,6,4
3829483,2015-09-26,Paris Saint-Germain,4326,Layvin Kurzawa,DEF,Leading,19,0,0,0,3,1
3829483,2015-09-26,Paris Saint-Germain,4370,Javier Matías Pastore,MID,Level,23,3,0,0,3,3
3829483,2015-09-26,Paris Saint-Germain,4370,Javier Matías Pastore,MID,Trailing,29,4,1,0.03365926,6,2
3829483,2015-09-26,Paris Saint-Germain,4370,Javier Matías Pastore,MID,Leading,18,1,0,0,6,1
3829483,2015-09-26,Paris Saint-Germain,4372,Marcos Aoás Corrêa,DEF,Level,35,2,0,0,1,1
3829483,2015-09-26,Paris Saint-Germain,4372,Marcos Aoás Corrêa,DEF,Trailing,37,8,0,0,10,1
3829483,2015-09-26,Paris Saint-Germain,4372,Marcos Aoás Corrêa,DEF,Leading,23,0,0,0,1,0
3829483,2015-09-26,Paris Saint-Germain,4440,Kevin Trapp,GK,Level,7,1,0,0,1,1
3829483,2015-09-26,Paris Saint-Germain,4440,Kevin Trapp,GK,Trailing,8,0,0,0,0,1
3829483,2015-09-26,Paris Saint-Germain,4440,Kevin Trapp,GK,Leading,5,0,0,0,0,0
3829483,2015-09-26,Paris Saint-Germain,8515,Benjamin Stambouli,MID,Level,25,2,0,0,6,3
3829483,2015-09-26,Paris Saint-Germain,8515,Benjamin Stambouli,MID,Trailing,35,7,0,0,7,2
3829483,2015-09-26,Paris Saint-Germain,351521,Ezequiel Iván Lavezzi,FWD,Leading,10,0,1,0.10629551,0,1
3825617,2015-10-03,Barcelona,3508,Sandro Ramírez Castillo,FWD,Trailing,11,1,4,0.783010489,2,0
3825617,2015-10-03,Barcelona,4320,Neymar da Silva Santos Junior,FWD,Level,30,4,3,0.144076494,5,0
3825617,2015-10-03,Barcelona,4320,Neymar da Silva Santos Junior,FWD,Trailing,34,6,6,1.114586431,3,2
3825617,2015-10-03,Barcelona,4324,Daniel Alves da Silva,DEF,Trailing,29,3,0,0,3,1
3825617,2015-10-03,Barcelona,4691,Claudio Andrés Bravo Muñoz,GK,Level,22,1,0,0,0,1
3825617,2015-10-03,Barcelona,4691,Claudio Andrés Bravo Muñoz,GK,Trailing,10,0,0,0,0,3
3825617,2015-10-03,Barcelona,5203,Sergio Busquets i Burgos,MID,Level,28,1,0,0,12,1
3825617,2015-10-03,Barcelona,5203,Sergio Busquets i Burgos,MID,Trailing,31,3,0,0,7,4
3825617,2015-10-03,Barcelona,5211,Jordi Alba Ramos,DEF,Level,39,3,0,0,9,3
3825617,2015-10-03,Barcelona,5211,Jordi Alba Ramos,DEF,Trailing,32,1,0,0,3,4
3825617,2015-10-03,Barcelona,5213,Gerard Piqué Bernabéu,DEF,Level,31,5,2,0.43334747,6,2
3825617,2015-10-03,Barcelona,5213,Gerard Piqué Bernabéu,DEF,Trailing,24,5,1,0.12971233,1,0
3825617,2015-10-03,Barcelona,5246,Luis Alberto Suárez Díaz,FWD,Level,13,1,3,0.320102371,3,3
3825617,2015-10-03,Barcelona,5246,Luis Alberto Suárez Díaz,FWD,Trailing,9,0,3,0.08859763849999999,0,1
3825617,2015-10-03,Barcelona,5470,Ivan Rakitić,MID,Level,34,8,0,0,0,0
3825617,2015-10-03,Barcelona,5470,Ivan Rakitić,MID,Trailing,29,4,3,0.134454338,3,2
3825617,2015-10-03,Barcelona,5506,Javier Alejandro Mascherano,MID,Level,29,6,0,0,9,1
3825617,2015-10-03,Barcelona,5506,Javier Alejandro Mascherano,MID,Trailing,33,10,0,0,3,2
3825617,2015-10-03,Barcelona,6379,Sergi Roberto Carnicer,DEF,Level,38,4,1,0.029794285,3,1
3825617,2015-10-03,Barcelona,6379,Sergi Roberto Carnicer,DEF,Trailing,29,2,1,0.084569395,3,2
3825617,2015-10-03,Barcelona,6616,Munir El Haddadi Mohamed,FWD,Level,17,1,1,0.14349595,9,3
3825617,2015-10-03,Barcelona,6616,Munir El Haddadi Mohamed,FWD,Trailing,2,0,0,0,2,0
3825617,2015-10-03,Barcelona,10609,Jérémy Mathieu,DEF,Level,22,3,0,0,3,0
3825617,2015-10-03,Barcelona,10609,Jérémy Mathieu,DEF,Trailing,3,0,0,0,1,0
3754171,2015-10-04,Arsenal,3385,Alexis Alejandro Sánchez Sánchez,FWD,Level,2,1,2,0.382979563,0,0
3754171,2015-10-04,Arsenal,3385,Alexis Alejandro Sánchez Sánchez,FWD,Leading,22,4,1,0.078730255,10,10
3754171,2015-10-04,Arsenal,3437,Francis Joseph Coquelin,MID,Level,5,0,0,0,0,0
3754171,2015-10-04,Arsenal,3437,Francis Joseph Coquelin,MID,Leading,27,2,0,0,10,5
3754171,2015-10-04,Arsenal,3461,Petr Čech,GK,Leading,33,4,0,0,1,8
3754171,2015-10-04,Arsenal,3475,Per Mertesacker,DEF,Level,9,0,0,0,0,0
3754171,2015-10-04,Arsenal,3475,Per Mertesacker,DEF,Leading,35,1,0,0,9,2
3754171,2015-10-04,Arsenal,3496,Mesut Özil,MID,Level,9,3,0,0,0,0
3754171,2015-10-04,Arsenal,3496,Mesut Özil,MID,Leading,29,6,4,0.374950593,8,5
3754171,2015-10-04,Arsenal,3498,Ignacio Monreal Eraso,DEF,Level,1,0,0,0,0,0
3754171,2015-10-04,Arsenal,3498,Ignacio Monreal Eraso,DEF,Leading,34,5,0,0,11,6
3754171,2015-10-04,Arsenal,3511,Héctor Bellerín Moruno,DEF,Level,5,1,0,0,0,0
3754171,2015-10-04,Arsenal,3511,Héctor Bellerín Moruno,DEF,Leading,38,4,0,0,13,2
3754171,2015-10-04,Arsenal,3517,Aaron Ramsey,FWD,Level,9,2,0,0,0,0
3754171,2015-10-04,Arsenal,3517,Aaron Ramsey,FWD,Leading,40,1,1,0.30145916,34,7
3754171,2015-10-04,Arsenal,3525,Alex Oxlade-Chamberlain,MID,Leading,5,0,1,0.12895793,6,1
3754171,2015-10-04,Arsenal,3528,Kieran Gibbs,FWD,Leading,1,0,0,0,2,0
3754171,2015-10-04,Arsenal,3604,Olivier Giroud,FWD,Leading,3,0,1,0.20838387,6,1
3754171,2015-10-04,Arsenal,3668,Theo Walcott,FWD,Level,2,0,0,0,0,0
3754171,2015-10-04,Arsenal,3668,Theo Walcott,FWD,Leading,10,1,1,0.03948905,9,1
3754171,2015-10-04,Arsenal,6746,Gabriel Armando de Abreu,DEF,Level,5,0,0,0,0,0
3754171,2015-10-04,Arsenal,6746,Gabriel Armando de Abreu,DEF,Leading,32,1,0,0,6,1
3754171,2015-10-04,Arsenal,11386,Santiago Cazorla González,MID,Level,10,3,0,0,0,0
3754171,2015-10-04,Arsenal,11386,Santiago Cazorla González,MID,Leading,50,8,1,0.020406762,13,11
3890330,2015-10-04,Bayer Leverkusen,3058,Javier Hernández Balcázar,MID,Level,11,0,1,0.04521587,8,1
3890330,2015-10-04,Bayer Leverkusen,3058,Javier Hernández Balcázar,MID,Trailing,11,0,2,0.052655401,6,1
3890330,2015-10-04,Bayer Leverkusen,5555,Julian Brandt,MID,Level,7,1,1,0.14652488,2,0
3890330,2015-10-04,Bayer Leverkusen,7039,Hakan Çalhanoğlu,MID,Level,46,7,4,1.02486056,5,1
3890330,2015-10-04,Bayer Leverkusen,7039,Hakan Çalhanoğlu,MID,Trailing,21,3,1,0.044373438,4,1
3890330,2015-10-04,Bayer Leverkusen,8212,Wendell Nascimento Borges,DEF,Level,55,12,1,0.031993505,10,7
3890330,2015-10-04,Bayer Leverkusen,8212,Wendell Nascimento Borges,DEF,Trailing,31,3,0,0,4,3
3890330,2015-10-04,Bayer Leverkusen,8213,Karim Bellarabi,MID,Level,15,1,1,0.06078433,10,1
3890330,2015-10-04,Bayer Leverkusen,8213,Karim Bellarabi,MID,Trailing,7,0,1,0.40388784,5,1
3890330,2015-10-04,Bayer Leverkusen,8219,Admir Mehmedi,MID,Level,12,0,1,0.044632006,0,4
3890330,2015-10-04,Bayer Leverkusen,8221,Jonathan Tah,DEF,Level,41,7,0,0,2,11
3890330,2015-10-04,Bayer Leverkusen,8221,Jonathan Tah,DEF,Trailing,20,5,0,0,4,2
3890330,2015-10-04,Bayer Leverkusen,8222,Kevin Kampl,MID,Level,38,6,2,0.052646003,8,4
3890330,2015-10-04,Bayer Leverkusen,8222,Kevin Kampl,MID,Trailing,21,3,1,0.12635015,6,0
3890330,2015-10-04,Bayer Leverkusen,8313,Kyriakos Papadopoulos,DEF,Level,34,5,2,0.28338249,2,5
3890330,2015-10-04,Bayer Leverkusen,8313,Kyriakos Papadopoulos,DEF,Trailing,19,2,0,0,4,1
3890330,2015-10-04,Bayer Leverkusen,8549,Giulio Donati,DEF,Level,41,15,0,0,6,8
3890330,2015-10-04,Bayer Leverkusen,8549,Giulio Donati,DEF,Trailing,18,0,0,0,3,1
3890330,2015-10-04,Bayer Leverkusen,8805,Christoph Kramer,MID,Level,44,4,1,0.041754264,13,2
3890330,2015-10-04,Bayer Leverkusen,8805,Christoph Kramer,MID,Trailing,25,1,0,0,7,0
3890330,2015-10-04,Bayer Leverkusen,8969,Lars Bender,MID,Level,40,6,3,0.19267061000000002,21,4
3890330,2015-10-04,Bayer Leverkusen,8969,Lars Bender,MID,Trailing,25,6,0,0,7,1
3890330,2015-10-04,Bayer Leverkusen,11394,Stefan Kießling,MID,Level,6,1,0,0,4,0
3890330,2015-10-04,Bayer Leverkusen,15581,Bernd Leno,GK,Level,16,2,0,0,0,2
3890330,2015-10-04,Bayer Leverkusen,15581,Bernd Leno,GK,Trailing,14,0,0,0,0,2
3879559,2015-10-04,Juventus,3477,Álvaro Borja Morata Martín,MID,Level,5,1,3,0.265401885,3,1
3879559,2015-10-04,Juventus,3477,Álvaro Borja Morata Martín,MID,Trailing,3,1,2,0.49976358,3,1
3879559,2015-10-04,Juventus,3477,Álvaro Borja Morata Martín,MID,Leading,7,2,2,0.128651055,3,1
3879559,2015-10-04,Juventus,3951,Mario Lemina,MID,Leading,44,6,0,0,7,1
3879559,2015-10-04,Juventus,5566,Sami Khedira,MID,Level,10,2,1,0.052081075,3,2
3879559,2015-10-04,Juventus,5566,Sami Khedira,MID,Trailing,14,1,0,0,5,0
3879559,2015-10-04,Juventus,5566,Sami Khedira,MID,Leading,25,3,1,0.12314939,4,4
3879559,2015-10-04,Juventus,5689,Juan Guillermo Cuadrado Bello,MID,Level,17,1,0,0,4,0
3879559,2015-10-04,Juventus,5689,Juan Guillermo Cuadrado Bello,MID,Trailing,21,2,0,0,6,0
3879559,2015-10-04,Juventus,5689,Juan Guillermo Cuadrado Bello,MID,Leading,29,1,0,0,5,1
3879559,2015-10-04,Juventus,5743,Paulo Bruno Exequiel Dybala,MID,Level,11,2,2,0.821503672,7,3
3879559,2015-10-04,Juventus,5743,Paulo Bruno Exequiel Dybala,MID,Trailing,11,1,0,0,6,0
3879559,2015-10-04,Juventus,5743,Paulo Bruno Exequiel Dybala,MID,Leading,13,2,1,0.05595688,9,2
3879559,2015-10-04,Juventus,6584,Simone Zaza,MID,Leading,5,0,0,0,4,1
3879559,2015-10-04,Juventus,6940,Kwadwo Asamoah,MID,Leading,1,0,0,0,0,0
3879559,2015-10-04,Juventus,6943,Andrea Barzagli,DEF,Level,24,5,0,0,0,1
3879559,2015-10-04,Juventus,6943,Andrea Barzagli,DEF,Trailing,35,2,0,0,2,4
3879559,2015-10-04,Juventus,6943,Andrea Barzagli,DEF,Leading,41,6,0,0,1,0
3879559,2015-10-04,Juventus,6949,Gianluigi Buffon,GK,Level,6,0,0,0,0,0
3879559,2015-10-04,Juventus,6949,Gianluigi Buffon,GK,Trailing,9,0,0,0,0,1
3879559,2015-10-04,Juventus,6949,Gianluigi Buffon,GK,Leading,5,0,0,0,0,0
3879559,2015-10-04,Juventus,6954,Giorgio Chiellini,DEF,Level,25,3,0,0,4,1
3879559,2015-10-04,Juventus,6954,Giorgio Chiellini,DEF,Trailing,32,11,1,0.024201877,2,2
3879559,2015-10-04,Juventus,6954,Giorgio Chiellini,DEF,Leading,48,4,0,0,1,1
3879559,2015-10-04,Juventus,7173,Leonardo Bonucci,DEF,Level,20,2,0,0,1,1
3879559,2015-10-04,Juventus,7173,Leonardo Bonucci,DEF,Trailing,31,3,0,0,3,1
3879559,2015-10-04,Juventus,7173,Leonardo Bonucci,DEF,Leading,57,4,0,0,2,1
3879559,2015-10-04,Juventus,20004,Paul Pogba,MID,Level,15,0,0,0,7,2
3879559,2015-10-04,Juventus,20004,Paul Pogba,MID,Trailing,13,3,2,0.039926289000000004,6,4
3879559,2015-10-04,Juventus,20004,Paul Pogba,MID,Leading,38,5,1,0.037779454,6,4
3879559,2015-10-04,Juventus,20008,Patrice Evra,DEF,Level,17,1,0,0,3,4
3879559,2015-10-04,Juventus,20008,Patrice Evra,DEF,Trailing,20,4,2,0.17131206599999999,2,1
3879559,2015-10-04,Juventus,20008,Patrice Evra,DEF,Leading,24,3,0,0,4,0
3879559,2015-10-04,Juventus,25345,Anderson Hernanes de Carvalho Andrade,MID,Level,12,0,1,0.020679804,5,1
3879559,2015-10-04,Juventus,25345,Anderson Hernanes de Carvalho Andrade,MID,Trailing,19,4,0,0,1,2
3879559,2015-10-04,Juventus,25345,Anderson Hernanes de Carvalho Andrade,MID,Leading,9,1,1,0.020993896,1,1
3829500,2015-10-04,Paris Saint-Germain,2995,Ángel Fabián Di María Hernández,FWD,Level,22,4,3,0.24145988000000002,7,3
3829500,2015-10-04,Paris Saint-Germain,2995,Ángel Fabián Di María Hernández,FWD,Leading,21,4,1,0.12094896,7,1
3829500,2015-10-04,Paris Saint-Germain,3166,Marco Verratti,MID,Level,43,9,0,0,22,3
3829500,2015-10-04,Paris Saint-Germain,3166,Marco Verratti,MID,Leading,48,9,0,0,21,2
3829500,2015-10-04,Paris Saint-Germain,3295,Thiago Emiliano da Silva,DEF,Level,23,2,0,0,4,0
3829500,2015-10-04,Paris Saint-Germain,3295,Thiago Emiliano da Silva,DEF,Leading,25,5,0,0,5,1
3829500,2015-10-04,Paris Saint-Germain,3481,Serge Aurier,DEF,Level,24,4,0,0,17,3
3829500,2015-10-04,Paris Saint-Germain,3481,Serge Aurier,DEF,Leading,32,3,2,0.28314397,7,4
3829500,2015-10-04,Paris Saint-Germain,3672,Zlatan Ibrahimović,FWD,Level,14,2,5,1.144845495,9,4
3829500,2015-10-04,Paris Saint-Germain,3672,Zlatan Ibrahimović,FWD,Leading,17,0,1,0.7835,4,3
3829500,2015-10-04,Paris Saint-Germain,3956,David Luiz Moreira Marinho,DEF,Level,27,2,0,0,4,2
3829500,2015-10-04,Paris Saint-Germain,3956,David Luiz Moreira Marinho,DEF,Leading,22,3,0,0,8,0
3829500,2015-10-04,Paris Saint-Germain,4319,Edinson Roberto Cavani Gómez,FWD,Level,10,1,0,0,7,0
3829500,2015-10-04,Paris Saint-Germain,4319,Edinson Roberto Cavani Gómez,FWD,Leading,20,0,1,0.045516007,6,1
3829500,2015-10-04,Paris Saint-Germain,4325,Thiago Motta,MID,Level,30,4,0,0,13,2
3829500,2015-10-04,Paris Saint-Germain,4325,Thiago Motta,MID,Leading,39,2,0,0,8,2
3829500,2015-10-04,Paris Saint-Germain,4370,Javier Matías Pastore,FWD,Leading,17,1,1,0.5290182,6,0
3829500,2015-10-04,Paris Saint-Germain,4372,Marcos Aoás Corrêa,DEF,Leading,4,1,0,0,3,1
3829500,2015-10-04,Paris Saint-Germain,4375,Blaise Matuidi,MID,Level,16,0,0,0,19,1
3829500,2015-10-04,Paris Saint-Germain,4375,Blaise Matuidi,MID,Leading,32,3,1,0.032252807,13,5
3829500,2015-10-04,Paris Saint-Germain,4440,Kevin Trapp,GK,Level,15,0,0,0,0,1
3829500,2015-10-04,Paris Saint-Germain,4440,Kevin Trapp,GK,Leading,19,1,0,0,0,1
3829500,2015-10-04,Paris Saint-Germain,26613,Maxwell Scherrer Cabelino Andrade,DEF,Level,28,2,0,0,6,2
3829500,2015-10-04,Paris Saint-Germain,26613,Maxwell Scherrer Cabelino Andrade,DEF,Leading,33,3,1,0.030649405,10,3
3829500,2015-10-04,Paris Saint-Germain,351521,Ezequiel Iván Lavezzi,FWD,Leading,4,0,0,0,1,0
3753999,2015-10-17,Arsenal,3385,Alexis Alejandro Sánchez Sánchez,FWD,Level,43,6,3,0.46572372500000003,7,4
3753999,2015-10-17,Arsenal,3385,Alexis Alejandro Sánchez Sánchez,FWD,Leading,11,1,1,0.09901518,1,1
3753999,2015-10-17,Arsenal,3394,Laurent Koscielny,DEF,Level,40,4,1,0.19625592,15,4
3753999,2015-10-17,Arsenal,3394,Laurent Koscielny,DEF,Leading,12,1,0,0,3,0
3753999,2015-10-17,Arsenal,3437,Francis Joseph Coquelin,MID,Level,46,10,1,0.0538006,9,7
3753999,2015-10-17,Arsenal,3437,Francis Joseph Coquelin,MID,Leading,29,5,0,0,2,4
3753999,2015-10-17,Arsenal,3461,Petr Čech,GK,Level,16,3,0,0,0,1
3753999,2015-10-17,Arsenal,3461,Petr Čech,GK,Leading,9,5,0,0,0,2
3753999,2015-10-17,Arsenal,3475,Per Mertesacker,DEF,Level,41,4,0,0,4,4
3753999,2015-10-17,Arsenal,3475,Per Mertesacker,DEF,Leading,14,2,0,0,2,1
3753999,2015-10-17,Arsenal,3496,Mesut Özil,MID,Level,48,7,0,0,4,5
3753999,2015-10-17,Arsenal,3496,Mesut Özil,MID,Leading,26,1,0,0,3,1
3753999,2015-10-17,Arsenal,3498,Ignacio Monreal Eraso,DEF,Level,47,7,0,0,6,4
3753999,2015-10-17,Arsenal,3498,Ignacio Monreal Eraso,DEF,Leading,25,6,0,0,2,1
3753999,2015-10-17,Arsenal,3511,Héctor Bellerín Moruno,DEF,Level,50,3,0,0,8,4
3753999,2015-10-17,Arsenal,3511,Héctor Bellerín Moruno,DEF,Leading,19,1,0,0,3,1
3753999,2015-10-17,Arsenal,3517,Aaron Ramsey,FWD,Level,40,5,4,0.559080159,9,2
3753999,2015-10-17,Arsenal,3517,Aaron Ramsey,FWD,Leading,24,1,2,0.253071183,4,2
3753999,2015-10-17,Arsenal,3525,Alex Oxlade-Chamberlain,FWD,Leading,8,1,0,0,2,1
3753999,2015-10-17,Arsenal,3604,Olivier Giroud,FWD,Leading,7,1,3,0.24038895999999998,6,1
3753999,2015-10-17,Arsenal,3668,Theo Walcott,FWD,Level,9,1,1,0.09728796,5,3
3753999,2015-10-17,Arsenal,3668,Theo Walcott,FWD,Leading,0,0,0,0,0,0
3753999,2015-10-17,Arsenal,11386,Santiago Cazorla González,MID,Level,65,13,1,0.046840638,7,7
3753999,2015-10-17,Arsenal,11386,Santiago Cazorla González,MID,Leading,41,6,0,0,3,3
3753999,2015-10-17,Arsenal,42703,Mikel Arteta Amatriain,MID,Leading,10,1,0,0,2,1
3825627,2015-10-17,Barcelona,3508,Sandro Ramírez Castillo,FWD,Level,8,1,1,0.44749916,4,1
3825627,2015-10-17,Barcelona,3508,Sandro Ramírez Castillo,FWD,Trailing,2,0,0,0,0,1
3825627,2015-10-17,Barcelona,3508,Sandro Ramírez Castillo,FWD,Leading,3,0,0,0,4,2
3825627,2015-10-17,Barcelona,4320,Neymar da Silva Santos Junior,FWD,Level,15,0,4,1.0192899149999999,5,2
3825627,2015-10-17,Barcelona,4320,Neymar da Silva Santos Junior,FWD,Trailing,2,1,1,0.7835,2,1
3825627,2015-10-17,Barcelona,4320,Neymar da Silva Santos Junior,FWD,Leading,29,4,2,1.11861804,9,3
3825627,2015-10-17,Barcelona,4324,Daniel Alves da Silva,DEF,Level,22,1,0,0,4,2
3825627,2015-10-17,Barcelona,4324,Daniel Alves da Silva,DEF,Trailing,1,1,0,0,0,0
3825627,2015-10-17,Barcelona,4324,Daniel Alves da Silva,DEF,Leading,21,3,0,0,11,2
3825627,2015-10-17,Barcelona,4691,Claudio Andrés Bravo Muñoz,GK,Level,8,1,0,0,0,0
3825627,2015-10-17,Barcelona,4691,Claudio Andrés Bravo Muñoz,GK,Trailing,7,0,0,0,0,1
3825627,2015-10-17,Barcelona,4691,Claudio Andrés Bravo Muñoz,GK,Leading,39,5,0,0,0,1
3825627,2015-10-17,Barcelona,5203,Sergio Busquets i Burgos,MID,Level,11,2,0,0,7,1
3825627,2015-10-17,Barcelona,5203,Sergio Busquets i Burgos,MID,Trailing,5,1,0,0,2,0
3825627,2015-10-17,Barcelona,5203,Sergio Busquets i Burgos,MID,Leading,20,1,0,0,6,3
3825627,2015-10-17,Barcelona,5211,Jordi Alba Ramos,DEF,Level,16,0,0,0,4,0
3825627,2015-10-17,Barcelona,5211,Jordi Alba Ramos,DEF,Trailing,5,0,0,0,2,0
3825627,2015-10-17,Barcelona,5211,Jordi Alba Ramos,DEF,Leading,24,1,0,0,9,0
3825627,2015-10-17,Barcelona,5213,Gerard Piqué Bernabéu,DEF,Level,15,3,0,0,0,2
3825627,2015-10-17,Barcelona,5213,Gerard Piqué Bernabéu,DEF,Trailing,3,1,0,0,0,0
3825627,2015-10-17,Barcelona,5213,Gerard Piqué Bernabéu,DEF,Leading,32,5,0,0,8,2
3825627,2015-10-17,Barcelona,5246,Luis Alberto Suárez Díaz,FWD,Level,7,3,2,0.45852466000000003,3,1
3825627,2015-10-17,Barcelona,5246,Luis Alberto Suárez Díaz,FWD,Trailing,4,0,0,0,1,0
3825627,2015-10-17,Barcelona,5246,Luis Alberto Suárez Díaz,FWD,Leading,18,3,2,0.28167241,8,5
3825627,2015-10-17,Barcelona,5470,Ivan Rakitić,MID,Level,13,0,1,0.49186638,7,0
3825627,2015-10-17,Barcelona,5470,Ivan Rakitić,MID,Trailing,4,0,0,0,3,0
3825627,2015-10-17,Barcelona,5470,Ivan Rakitić,MID,Leading,28,3,0,0,15,5
3825627,2015-10-17,Barcelona,6379,Sergi Roberto Carnicer,MID,Level,11,1,0,0,9,1
3825627,2015-10-17,Barcelona,6379,Sergi Roberto Carnicer,MID,Trailing,7,2,0,0,0,0
3825627,2015-10-17,Barcelona,6379,Sergi Roberto Carnicer,MID,Leading,20,1,1,0.075381525,18,4
3825627,2015-10-17,Barcelona,6616,Munir El Haddadi Mohamed,FWD,Leading,8,0,0,0,6,0
3825627,2015-10-17,Barcelona,6834,Gerard Gumbau Garriga,MID,Leading,8,0,0,0,10,1
3825627,2015-10-17,Barcelona,10609,Jérémy Mathieu,DEF,Level,13,2,0,0,3,1
3825627,2015-10-17,Barcelona,10609,Jérémy Mathieu,DEF,Trailing,5,0,0,0,0,1
3825627,2015-10-17,Barcelona,10609,Jérémy Mathieu,DEF,Leading,25,2,0,0,8,4
3825627,2015-10-17,Barcelona,27318,Douglas Pereira dos Santos,DEF,Leading,3,0,0,0,4,0
3890337,2015-10-17,Bayer Leverkusen,3058,Javier Hernández Balcázar,MID,Level,22,2,3,0.306938156,12,1
3890337,2015-10-17,Bayer Leverkusen,5555,Julian Brandt,MID,Level,30,2,1,0.13512956,14,4
3890337,2015-10-17,Bayer Leverkusen,6309,Tin Jedvaj,MID,Level,15,2,0,0,12,2
3890337,2015-10-17,Bayer Leverkusen,7039,Hakan Çalhanoğlu,DEF,Level,17,4,1,0.007371807,2,5
3890337,2015-10-17,Bayer Leverkusen,8213,Karim Bellarabi,MID,Level,27,3,1,0.03724842,26,7
3890337,2015-10-17,Bayer Leverkusen,8219,Admir Mehmedi,MID,Level,11,1,0,0,9,1
3890337,2015-10-17,Bayer Leverkusen,8221,Jonathan Tah,DEF,Level,50,6,0,0,14,10
3890337,2015-10-17,Bayer Leverkusen,8313,Kyriakos Papadopoulos,DEF,Level,40,1,1,0.19860697,7,4
3890337,2015-10-17,Bayer Leverkusen,8549,Giulio Donati,DEF,Level,48,9,0,0,9,4
3890337,2015-10-17,Bayer Leverkusen,8573,Ömer Toprak,MID,Level,41,8,1,0.031295255,15,11
3890337,2015-10-17,Bayer Leverkusen,8805,Christoph Kramer,MID,Level,60,10,1,0.028578365,24,10
3890337,2015-10-17,Bayer Leverkusen,11394,Stefan Kießling,MID,Level,34,0,0,0,24,4
3890337,2015-10-17,Bayer Leverkusen,15581,Bernd Leno,GK,Level,25,3,0,0,0,4
3890337,2015-10-17,Bayer Leverkusen,20415,Sebastian Boenisch,DEF,Level,58,8,1,0.009951525,18,7
3829504,2015-10-17,Paris Saint-Germain,3026,Adrien Rabiot,MID,Level,61,8,1,0.039134357,17,4
3829504,2015-10-17,Paris Saint-Germain,3026,Adrien Rabiot,MID,Leading,13,1,0,0,8,1
3829504,2015-10-17,Paris Saint-Germain,3295,Thiago Emiliano da Silva,DEF,Level,72,13,0,0,3,4
3829504,2015-10-17,Paris Saint-Germain,3295,Thiago Emiliano da Silva,DEF,Leading,16,1,0,0,0,0
3829504,2015-10-17,Paris Saint-Germain,3481,Serge Aurier,DEF,Level,49,2,0,0,14,5
3829504,2015-10-17,Paris Saint-Germain,3481,Serge Aurier,DEF,Leading,14,1,0,0,1,4
3829504,2015-10-17,Paris Saint-Germain,3672,Zlatan Ibrahimović,FWD,Level,33,3,5,0.63795145,3,2
3829504,2015-10-17,Paris Saint-Germain,3672,Zlatan Ibrahimović,FWD,Leading,11,2,1,0.4084296,1,1
3829504,2015-10-17,Paris Saint-Germain,3745,Lucas Rodrigues Moura da Silva,FWD,Level,40,7,0,0,2,1
3829504,2015-10-17,Paris Saint-Germain,3745,Lucas Rodrigues Moura da Silva,FWD,Leading,0,0,0,0,0,0
3829504,2015-10-17,Paris Saint-Germain,4319,Edinson Roberto Cavani Gómez,FWD,Level,23,1,2,0.182987218,5,3
3829504,2015-10-17,Paris Saint-Germain,4319,Edinson Roberto Cavani Gómez,FWD,Leading,8,0,1,0.063683204,1,0
3829504,2015-10-17,Paris Saint-Germain,4325,Thiago Motta,MID,Level,16,3,0,0,1,0
3829504,2015-10-17,Paris Saint-Germain,4325,Thiago Motta,MID,Leading,20,1,0,0,2,1
3829504,2015-10-17,Paris Saint-Germain,4326,Layvin Kurzawa,DEF,Leading,5,0,0,0,3,0
3829504,2015-10-17,Paris Saint-Germain,4370,Javier Matías Pastore,MID,Level,62,16,2,0.1234865666,13,2
3829504,2015-10-17,Paris Saint-Germain,4370,Javier Matías Pastore,MID,Leading,21,4,0,0,3,3
3829504,2015-10-17,Paris Saint-Germain,4372,Marcos Aoás Corrêa,DEF,Level,81,14,0,0,6,8
3829504,2015-10-17,Paris Saint-Germain,4372,Marcos Aoás Corrêa,DEF,Leading,15,2,0,0,1,0
3829504,2015-10-17,Paris Saint-Germain,7469,Salvatore Sirigu,GK,Level,13,0,0,0,0,1
3829504,2015-10-17,Paris Saint-Germain,7469,Salvatore Sirigu,GK,Leading,6,1,0,0,0,0
3829504,2015-10-17,Paris Saint-Germain,8515,Benjamin Stambouli,MID,Level,48,5,0,0,10,2
3829504,2015-10-17,Paris Saint-Germain,26613,Maxwell Scherrer Cabelino Andrade,DEF,Level,63,2,0,0,4,6
3829504,2015-10-17,Paris Saint-Germain,26613,Maxwell Scherrer Cabelino Andrade,DEF,Leading,10,1,0,0,0,0
3829504,2015-10-17,Paris Saint-Germain,351521,Ezequiel Iván Lavezzi,FWD,Leading,15,3,0,0,5,0
3879574,2015-10-18,Juventus,3477,Álvaro Borja Morata Martín,MID,Level,26,1,0,0,15,1
3879574,2015-10-18,Juventus,5472,Mario Mandžukić,MID,Level,4,0,1,0.09156459,5,0
3879574,2015-10-18,Juventus,5566,Sami Khedira,MID,Level,53,7,1,0.45226946,7,5
3879574,2015-10-18,Juventus,5689,Juan Guillermo Cuadrado Bello,DEF,Level,60,9,4,0.162971639,18,7
3879574,2015-10-18,Juventus,5743,Paulo Bruno Exequiel Dybala,MID,Level,7,0,0,0,1,1
3879574,2015-10-18,Juventus,6584,Simone Zaza,MID,Level,21,0,3,0.09822626200000001,15,1
3879574,2015-10-18,Juventus,6943,Andrea Barzagli,DEF,Level,68,17,0,0,4,4
3879574,2015-10-18,Juventus,6949,Gianluigi Buffon,GK,Level,16,2,0,0,0,5
3879574,2015-10-18,Juventus,6954,Giorgio Chiellini,DEF,Level,51,11,0,0,13,4
3879574,2015-10-18,Juventus,7173,Leonardo Bonucci,DEF,Level,54,7,1,0.0286282,7,2
3879574,2015-10-18,Juventus,8294,Claudio Marchisio,MID,Level,70,15,2,0.06878296,12,6
3879574,2015-10-18,Juventus,20004,Paul Pogba,MID,Level,47,9,3,0.088920216,22,5
3879574,2015-10-18,Juventus,20008,Patrice Evra,DEF,Level,39,6,0,0,4,1
3754126,2015-10-24,Arsenal,3385,Alexis Alejandro Sánchez Sánchez,FWD,Level,19,3,1,0.026427459,4,4
3754126,2015-10-24,Arsenal,3385,Alexis Alejandro Sánchez Sánchez,FWD,Leading,31,2,2,0.224955926,6,3
3754126,2015-10-24,Arsenal,3394,Laurent Koscielny,DEF,Level,31,9,0,0,4,4
3754126,2015-10-24,Arsenal,3394,Laurent Koscielny,DEF,Leading,14,2,1,0.38184738,3,3
3754126,2015-10-24,Arsenal,3437,Francis Joseph Coquelin,MID,Level,25,6,0,0,5,2
3754126,2015-10-24,Arsenal,3437,Francis Joseph Coquelin,MID,Leading,35,6,1,0.011978738,9,5
3754126,2015-10-24,Arsenal,3461,Petr Čech,GK,Level,7,3,0,0,0,1
3754126,2015-10-24,Arsenal,3461,Petr Čech,GK,Leading,19,8,0,0,0,2
3754126,2015-10-24,Arsenal,3496,Mesut Özil,MID,Level,26,3,0,0,4,0
3754126,2015-10-24,Arsenal,3496,Mesut Özil,MID,Leading,50,2,2,0.087850167,5,3
3754126,2015-10-24,Arsenal,3498,Ignacio Monreal Eraso,DEF,Level,24,0,0,0,6,1
3754126,2015-10-24,Arsenal,3498,Ignacio Monreal Eraso,DEF,Leading,26,3,0,0,7,3
3754126,2015-10-24,Arsenal,3511,Héctor Bellerín Moruno,DEF,Level,29,1,0,0,2,1
3754126,2015-10-24,Arsenal,3511,Héctor Bellerín Moruno,DEF,Leading,34,4,1,0.014057545,1,3
3754126,2015-10-24,Arsenal,3525,Alex Oxlade-Chamberlain,FWD,Level,13,1,0,0,5,1
3754126,2015-10-24,Arsenal,3525,Alex Oxlade-Chamberlain,FWD,Leading,21,3,2,0.13671052,10,3
3754126,2015-10-24,Arsenal,3528,Kieran Gibbs,FWD,Leading,2,0,0,0,0,1
3754126,2015-10-24,Arsenal,3604,Olivier Giroud,FWD,Level,6,0,2,0.45252851,8,1
3754126,2015-10-24,Arsenal,3604,Olivier Giroud,FWD,Leading,27,2,4,0.73394367,14,2
3754126,2015-10-24,Arsenal,6631,Mathieu Flamini,FWD,Leading,9,0,2,0.251256045,2,0
3754126,2015-10-24,Arsenal,6746,Gabriel Armando de Abreu,DEF,Level,23,2,2,0.157151706,3,1
3754126,2015-10-24,Arsenal,6746,Gabriel Armando de Abreu,DEF,Leading,17,6,0,0,5,1
3754126,2015-10-24,Arsenal,11386,Santiago Cazorla González,MID,Level,32,4,0,0,2,1
3754126,2015-10-24,Arsenal,11386,Santiago Cazorla González,MID,Leading,56,11,0,0,9,6
3890346,2015-10-24,Bayer Leverkusen,3058,Javier Hernández Balcázar,MID,Level,17,1,3,0.69829328,8,0
3890346,2015-10-24,Bayer Leverkusen,3058,Javier Hernández Balcázar,MID,Trailing,5,0,2,0.89832521,2,1
3890346,2015-10-24,Bayer Leverkusen,3058,Javier Hernández Balcázar,MID,Leading,2,0,0,0,0,0
3890346,2015-10-24,Bayer Leverkusen,5555,Julian Brandt,MID,Level,15,0,0,0,14,2
3890346,2015-10-24,Bayer Leverkusen,5555,Julian Brandt,MID,Trailing,3,0,0,0,2,0
3890346,2015-10-24,Bayer Leverkusen,7039,Hakan Çalhanoğlu,MID,Level,43,7,2,0.176811165,26,3
3890346,2015-10-24,Bayer Leverkusen,7039,Hakan Çalhanoğlu,MID,Trailing,18,6,1,0.032794207,4,3
3890346,2015-10-24,Bayer Leverkusen,7039,Hakan Çalhanoğlu,MID,Leading,3,1,0,0,0,0
3890346,2015-10-24,Bayer Leverkusen,8212,Wendell Nascimento Borges,DEF,Level,45,9,1,0.04189378,8,4
3890346,2015-10-24,Bayer Leverkusen,8212,Wendell Nascimento Borges,DEF,Trailing,17,3,0,0,7,0
3890346,2015-10-24,Bayer Leverkusen,8212,Wendell Nascimento Borges,DEF,Leading,4,0,0,0,1,0
3890346,2015-10-24,Bayer Leverkusen,8213,Karim Bellarabi,MID,Trailing,3,0,3,0.20330320899999998,5,2
3890346,2015-10-24,Bayer Leverkusen,8213,Karim Bellarabi,MID,Level,6,1,0,0,3,2
3890346,2015-10-24,Bayer Leverkusen,8213,Karim Bellarabi,MID,Leading,0,0,0,0,2,0
3890346,2015-10-24,Bayer Leverkusen,8219,Admir Mehmedi,MID,Level,35,2,3,0.170623485,8,8
3890346,2015-10-24,Bayer Leverkusen,8219,Admir Mehmedi,MID,Trailing,14,1,1,0.018084638,4,1
3890346,2015-10-24,Bayer Leverkusen,8219,Admir Mehmedi,MID,Leading,2,0,0,0,0,0
3890346,2015-10-24,Bayer Leverkusen,8221,Jonathan Tah,DEF,Level,36,1,1,0.10708104,7,7
3890346,2015-10-24,Bayer Leverkusen,8221,Jonathan Tah,DEF,Trailing,12,2,0,0,5,1
3890346,2015-10-24,Bayer Leverkusen,8222,Kevin Kampl,MID,Level,45,8,0,0,19,9
3890346,2015-10-24,Bayer Leverkusen,8222,Kevin Kampl,MID,Trailing,16,3,0,0,6,0
3890346,2015-10-24,Bayer Leverkusen,8222,Kevin Kampl,MID,Leading,1,0,0,0,1,1
3890346,2015-10-24,Bayer Leverkusen,8313,Kyriakos Papadopoulos,DEF,Trailing,5,1,0,0,1,0
3890346,2015-10-24,Bayer Leverkusen,8313,Kyriakos Papadopoulos,DEF,Level,6,0,0,0,1,0
3890346,2015-10-24,Bayer Leverkusen,8313,Kyriakos Papadopoulos,DEF,Leading,2,0,0,0,0,0
3890346,2015-10-24,Bayer Leverkusen,8573,Ömer Toprak,DEF,Level,37,4,0,0,5,3
3890346,2015-10-24,Bayer Leverkusen,8573,Ömer Toprak,DEF,Trailing,12,2,0,0,7,0
3890346,2015-10-24,Bayer Leverkusen,11394,Stefan Kießling,MID,Level,21,1,0,0,15,5
3890346,2015-10-24,Bayer Leverkusen,11394,Stefan Kießling,MID,Trailing,9,0,1,0.5034182,8,0
3890346,2015-10-24,Bayer Leverkusen,15581,Bernd Leno,GK,Level,29,2,0,0,1,5
3890346,2015-10-24,Bayer Leverkusen,15581,Bernd Leno,GK,Trailing,9,0,0,0,0,0
3890346,2015-10-24,Bayer Leverkusen,20415,Sebastian Boenisch,DEF,Level,48,9,0,0,11,2
3890346,2015-10-24,Bayer Leverkusen,20415,Sebastian Boenisch,DEF,Trailing,17,2,1,0.112663396,2,0
3890346,2015-10-24,Bayer Leverkusen,20415,Sebastian Boenisch,DEF,Leading,1,1,0,0,0,0
3890346,2015-10-24,Bayer Leverkusen,24428,Vladlen Yurchenko,MID,Level,2,0,0,0,0,1
3890346,2015-10-24,Bayer Leverkusen,24428,Vladlen Yurchenko,MID,Leading,1,0,0,0,0,0
3825637,2015-10-25,Barcelona,3508,Sandro Ramírez Castillo,FWD,Level,12,1,2,0.34510039,5,1
3825637,2015-10-25,Barcelona,3508,Sandro Ramírez Castillo,FWD,Trailing,2,0,0,0,1,0
3825637,2015-10-25,Barcelona,3508,Sandro Ramírez Castillo,FWD,Leading,0,0,0,0,0,0
3825637,2015-10-25,Barcelona,4320,Neymar da Silva Santos Junior,FWD,Level,27,1,1,0.0097258985,2,1
3825637,2015-10-25,Barcelona,4320,Neymar da Silva Santos Junior,FWD,Trailing,11,2,0,0,0,0
3825637,2015-10-25,Barcelona,4320,Neymar da Silva Santos Junior,FWD,Leading,17,2,1,0.08776306,8,1
3825637,2015-10-25,Barcelona,4324,Daniel Alves da Silva,DEF,Level,40,8,1,0.0215953,8,5
3825637,2015-10-25,Barcelona,4324,Daniel Alves da Silva,DEF,Trailing,11,1,0,0,2,0
3825637,2015-10-25,Barcelona,4324,Daniel Alves da Silva,DEF,Leading,33,2,0,0,6,2
3825637,2015-10-25,Barcelona,4691,Claudio Andrés Bravo Muñoz,GK,Level,15,1,0,0,1,1
3825637,2015-10-25,Barcelona,4691,Claudio Andrés Bravo Muñoz,GK,Trailing,3,0,0,0,0,1
3825637,2015-10-25,Barcelona,4691,Claudio Andrés Bravo Muñoz,GK,Leading,15,2,0,0,0,2
3825637,2015-10-25,Barcelona,5203,Sergio Busquets i Burgos,MID,Level,25,2,0,0,5,1
3825637,2015-10-25,Barcelona,5203,Sergio Busquets i Burgos,MID,Trailing,11,4,0,0,1,0
3825637,2015-10-25,Barcelona,5203,Sergio Busquets i Burgos,MID,Leading,22,8,0,0,6,5
3825637,2015-10-25,Barcelona,5211,Jordi Alba Ramos,DEF,Level,45,2,0,0,3,3
3825637,2015-10-25,Barcelona,5211,Jordi Alba Ramos,DEF,Trailing,11,0,0,0,1,1
3825637,2015-10-25,Barcelona,5211,Jordi Alba Ramos,DEF,Leading,26,4,0,0,4,4
3825637,2015-10-25,Barcelona,5213,Gerard Piqué Bernabéu,DEF,Level,28,7,0,0,1,2
3825637,2015-10-25,Barcelona,5213,Gerard Piqué Bernabéu,DEF,Trailing,9,3,0,0,0,1
3825637,2015-10-25,Barcelona,5213,Gerard Piqué Bernabéu,DEF,Leading,25,5,0,0,3,3
3825637,2015-10-25,Barcelona,5246,Luis Alberto Suárez Díaz,FWD,Level,11,2,2,0.327855846,3,1
3825637,2015-10-25,Barcelona,5246,Luis Alberto Suárez Díaz,FWD,Trailing,4,0,1,0.57605565,1,1
3825637,2015-10-25,Barcelona,5246,Luis Alberto Suárez Díaz,FWD,Leading,11,2,3,0.15058712000000002,5,4
3825637,2015-10-25,Barcelona,5470,Ivan Rakitić,MID,Level,19,2,1,0.019664891,10,1
3825637,2015-10-25,Barcelona,5470,Ivan Rakitić,MID,Trailing,7,1,0,0,0,0
3825637,2015-10-25,Barcelona,5470,Ivan Rakitić,MID,Leading,33,5,1,0.07924604,6,2
3825637,2015-10-25,Barcelona,5506,Javier Alejandro Mascherano,MID,Level,29,7,0,0,9,1
3825637,2015-10-25,Barcelona,5506,Javier Alejandro Mascherano,MID,Trailing,9,0,0,0,1,1
3825637,2015-10-25,Barcelona,5506,Javier Alejandro Mascherano,MID,Leading,27,4,0,0,5,1
3825637,2015-10-25,Barcelona,6616,Munir El Haddadi Mohamed,FWD,Leading,13,1,0,0,5,1
3825637,2015-10-25,Barcelona,7068,Marc Bartra Aregall,DEF,Level,38,4,0,0,4,5
3825637,2015-10-25,Barcelona,7068,Marc Bartra Aregall,DEF,Trailing,6,0,1,0.09349664,2,0
3825637,2015-10-25,Barcelona,7068,Marc Bartra Aregall,DEF,Leading,4,0,0,0,0,1
3825637,2015-10-25,Barcelona,10609,Jérémy Mathieu,DEF,Leading,27,3,0,0,1,0
3879580,2015-10-25,Juventus,3477,Álvaro Borja Morata Martín,MID,Leading,5,0,1,0.009933951,5,2
3879580,2015-10-25,Juventus,3579,Roberto Maximiliano Pereyra,MID,Level,22,1,0,0,4,1
3879580,2015-10-25,Juventus,3579,Roberto Maximiliano Pereyra,MID,Leading,2,1,0,0,1,1
3879580,2015-10-25,Juventus,5472,Mario Mandžukić,MID,Level,3,0,1,0.1211512,6,0
3879580,2015-10-25,Juventus,5472,Mario Mandžukić,MID,Leading,5,1,1,0.6053396,15,1
3879580,2015-10-25,Juventus,5566,Sami Khedira,MID,Level,14,1,0,0,7,0
3879580,2015-10-25,Juventus,5566,Sami Khedira,MID,Leading,50,3,2,0.09129006,11,4
3879580,2015-10-25,Juventus,5743,Paulo Bruno Exequiel Dybala,MID,Level,15,3,2,0.095845285,5,2
3879580,2015-10-25,Juventus,5743,Paulo Bruno Exequiel Dybala,MID,Leading,40,5,7,0.7985973739999999,9,3
3879580,2015-10-25,Juventus,6940,Kwadwo Asamoah,MID,Leading,54,1,0,0,7,2
3879580,2015-10-25,Juventus,6949,Gianluigi Buffon,GK,Level,9,0,0,0,0,1
3879580,2015-10-25,Juventus,6949,Gianluigi Buffon,GK,Leading,14,1,0,0,0,3
3879580,2015-10-25,Juventus,6954,Giorgio Chiellini,DEF,Level,18,4,0,0,6,3
3879580,2015-10-25,Juventus,6954,Giorgio Chiellini,DEF,Leading,68,3,0,0,6,2
3879580,2015-10-25,Juventus,7013,Stefano Sturaro,MID,Leading,2,0,0,0,1,0
3879580,2015-10-25,Juventus,7173,Leonardo Bonucci,DEF,Level,31,6,1,0.038185604,1,0
3879580,2015-10-25,Juventus,7173,Leonardo Bonucci,DEF,Leading,57,10,0,0,3,3
3879580,2015-10-25,Juventus,7952,Simone Padoin,DEF,Level,21,2,0,0,4,3
3879580,2015-10-25,Juventus,7952,Simone Padoin,DEF,Leading,33,2,0,0,10,1
3879580,2015-10-25,Juventus,8294,Claudio Marchisio,MID,Level,35,10,1,0.018213915,2,0
3879580,2015-10-25,Juventus,8294,Claudio Marchisio,MID,Leading,112,19,0,0,9,4
3879580,2015-10-25,Juventus,20004,Paul Pogba,MID,Level,22,6,2,0.045901547,7,5
3879580,2015-10-25,Juventus,20004,Paul Pogba,MID,Leading,51,3,1,0.7835,11,4
3879580,2015-10-25,Juventus,20008,Patrice Evra,DEF,Level,21,2,0,0,1,2
3879580,2015-10-25,Juventus,20008,Patrice Evra,DEF,Leading,38,0,0,0,10,3
3829519,2015-10-25,Paris Saint-Germain,2995,Ángel Fabián Di María Hernández,FWD,Level,24,2,0,0,3,0
3829519,2015-10-25,Paris Saint-Germain,2995,Ángel Fabián Di María Hernández,FWD,Leading,65,5,3,0.376767486,12,9
3829519,2015-10-25,Paris Saint-Germain,3026,Adrien Rabiot,MID,Level,28,2,0,0,5,2
3829519,2015-10-25,Paris Saint-Germain,3026,Adrien Rabiot,MID,Leading,38,2,0,0,11,4
3829519,2015-10-25,Paris Saint-Germain,3166,Marco Verratti,MID,Level,39,5,0,0,3,1
3829519,2015-10-25,Paris Saint-Germain,3166,Marco Verratti,MID,Leading,107,11,0,0,18,2
3829519,2015-10-25,Paris Saint-Germain,3295,Thiago Emiliano da Silva,DEF,Level,31,3,1,0.025306119,1,0
3829519,2015-10-25,Paris Saint-Germain,3295,Thiago Emiliano da Silva,DEF,Leading,63,4,0,0,11,2
3829519,2015-10-25,Paris Saint-Germain,3672,Zlatan Ibrahimović,FWD,Level,16,2,1,0.072255485,4,1
3829519,2015-10-25,Paris Saint-Germain,3672,Zlatan Ibrahimović,FWD,Leading,30,3,4,1.1914095463,3,2
3829519,2015-10-25,Paris Saint-Germain,3745,Lucas Rodrigues Moura da Silva,FWD,Leading,22,1,2,0.126050835,3,2
3829519,2015-10-25,Paris Saint-Germain,4319,Edinson Roberto Cavani Gómez,FWD,Level,12,0,1,0.057717584,1,1
3829519,2015-10-25,Paris Saint-Germain,4319,Edinson Roberto Cavani Gómez,FWD,Leading,24,2,4,1.3476261699999998,7,3
3829519,2015-10-25,Paris Saint-Germain,4325,Thiago Motta,MID,Level,40,7,1,0.16076134,7,0
3829519,2015-10-25,Paris Saint-Germain,4325,Thiago Motta,MID,Leading,94,15,0,0,18,1
3829519,2015-10-25,Paris Saint-Germain,4326,Layvin Kurzawa,DEF,Level,14,0,1,0.3384294,1,1
3829519,2015-10-25,Paris Saint-Germain,4326,Layvin Kurzawa,DEF,Leading,45,3,2,0.10846919,13,5
3829519,2015-10-25,Paris Saint-Germain,4372,Marcos Aoás Corrêa,DEF,Level,26,2,0,0,3,1
3829519,2015-10-25,Paris Saint-Germain,4372,Marcos Aoás Corrêa,DEF,Leading,54,0,0,0,11,4
3829519,2015-10-25,Paris Saint-Germain,4375,Blaise Matuidi,MID,Leading,20,3,1,0.32108843,5,3
3829519,2015-10-25,Paris Saint-Germain,4440,Kevin Trapp,GK,Level,8,0,0,0,0,0
3829519,2015-10-25,Paris Saint-Germain,4440,Kevin Trapp,GK,Leading,22,2,0,0,0,3
3829519,2015-10-25,Paris Saint-Germain,20048,Gregory van der Wiel,DEF,Level,25,0,0,0,3,2
3829519,2015-10-25,Paris Saint-Germain,20048,Gregory van der Wiel,DEF,Leading,51,2,0,0,21,2
3829519,2015-10-25,Paris Saint-Germain,351521,Ezequiel Iván Lavezzi,FWD,Leading,1,0,0,0,4,0
3879591,2015-10-28,Juventus,3477,Álvaro Borja Morata Martín,MID,Trailing,16,2,0,0,7,4
3879591,2015-10-28,Juventus,3951,Mario Lemina,MID,Level,9,0,0,0,4,1
3879591,2015-10-28,Juventus,3951,Mario Lemina,MID,Trailing,36,1,1,0.022994595,18,8
3879591,2015-10-28,Juventus,5472,Mario Mandžukić,MID,Level,2,0,0,0,4,0
3879591,2015-10-28,Juventus,5472,Mario Mandžukić,MID,Trailing,14,1,1,0.11519378,7,2
3879591,2015-10-28,Juventus,5689,Juan Guillermo Cuadrado Bello,MID,Level,8,0,0,0,9,0
3879591,2015-10-28,Juventus,5689,Juan Guillermo Cuadrado Bello,MID,Trailing,42,8,2,0.043214131,11,5
3879591,2015-10-28,Juventus,5743,Paulo Bruno Exequiel Dybala,MID,Level,8,0,0,0,5,0
3879591,2015-10-28,Juventus,5743,Paulo Bruno Exequiel Dybala,MID,Trailing,33,1,1,0.03597975,8,3
3879591,2015-10-28,Juventus,6584,Simone Zaza,MID,Trailing,5,0,0,0,2,0
3879591,2015-10-28,Juventus,6943,Andrea Barzagli,DEF,Level,12,1,0,0,0,1
3879591,2015-10-28,Juventus,6943,Andrea Barzagli,DEF,Trailing,62,7,1,0.022483248,4,4
3879591,2015-10-28,Juventus,6945,Alex Sandro Lobo Silva,DEF,Level,9,1,0,0,5,1
3879591,2015-10-28,Juventus,6945,Alex Sandro Lobo Silva,DEF,Trailing,61,6,0,0,12,4
3879591,2015-10-28,Juventus,6949,Gianluigi Buffon,GK,Level,2,0,0,0,0,0
3879591,2015-10-28,Juventus,6949,Gianluigi Buffon,GK,Trailing,27,5,0,0,0,4
3879591,2015-10-28,Juventus,6954,Giorgio Chiellini,DEF,Level,12,3,0,0,5,0
3879591,2015-10-28,Juventus,6954,Giorgio Chiellini,DEF,Trailing,20,1,0,0,4,1
3879591,2015-10-28,Juventus,7013,Stefano Sturaro,MID,Level,7,1,1,0.029241743,7,3
3879591,2015-10-28,Juventus,7013,Stefano Sturaro,MID,Trailing,56,4,1,0.0277619,19,4
3879591,2015-10-28,Juventus,7173,Leonardo Bonucci,DEF,Level,16,1,0,0,2,0
3879591,2015-10-28,Juventus,7173,Leonardo Bonucci,DEF,Trailing,57,14,2,0.100264963,1,6
3879591,2015-10-28,Juventus,20004,Paul Pogba,MID,Level,5,0,0,0,4,1
3879591,2015-10-28,Juventus,20004,Paul Pogba,MID,Trailing,48,3,2,0.08450360400000001,15,2
3879591,2015-10-28,Juventus,25345,Anderson Hernanes de Carvalho Andrade,MID,Trailing,15,2,2,0.045955659999999995,0,1
3900490,2015-10-30,Paris Saint-Germain,2995,Ángel Fabián Di María Hernández,FWD,Level,69,17,4,0.23319236800000004,21,3
3900490,2015-10-30,Paris Saint-Germain,2995,Ángel Fabián Di María Hernández,FWD,Leading,4,0,1,0.026581995,0,0
3900490,2015-10-30,Paris Saint-Germain,3026,Adrien Rabiot,MID,Level,75,14,1,0.0071094735,36,4
3900490,2015-10-30,Paris Saint-Germain,3026,Adrien Rabiot,MID,Leading,13,2,0,0,4,3
3900490,2015-10-30,Paris Saint-Germain,3166,Marco Verratti,MID,Level,16,4,0,0,6,0
3900490,2015-10-30,Paris Saint-Germain,3166,Marco Verratti,MID,Leading,26,3,0,0,4,1
3900490,2015-10-30,Paris Saint-Germain,3295,Thiago Emiliano da Silva,DEF,Level,50,5,0,0,3,3
3900490,2015-10-30,Paris Saint-Germain,3295,Thiago Emiliano da Silva,DEF,Leading,16,1,0,0,1,0
3900490,2015-10-30,Paris Saint-Germain,3481,Serge Aurier,DEF,Level,66,5,1,0.16523466,10,3
3900490,2015-10-30,Paris Saint-Germain,3481,Serge Aurier,DEF,Leading,13,2,0,0,3,1
3900490,2015-10-30,Paris Saint-Germain,3745,Lucas Rodrigues Moura da Silva,FWD,Level,51,6,3,0.12978705299999999,7,5
3900490,2015-10-30,Paris Saint-Germain,3745,Lucas Rodrigues Moura da Silva,FWD,Leading,9,1,0,0,3,0
3900490,2015-10-30,Paris Saint-Germain,4325,Thiago Motta,MID,Level,16,4,0,0,7,0
3900490,2015-10-30,Paris Saint-Germain,4325,Thiago Motta,MID,Leading,36,3,0,0,4,1
3900490,2015-10-30,Paris Saint-Germain,4375,Blaise Matuidi,MID,Level,57,8,0,0,15,2
3900490,2015-10-30,Paris Saint-Germain,4440,Kevin Trapp,GK,Level,17,1,0,0,0,2
3900490,2015-10-30,Paris Saint-Germain,4440,Kevin Trapp,GK,Leading,4,0,0,0,0,0
3900490,2015-10-30,Paris Saint-Germain,8510,Jean-Kévin Augustin,FWD,Leading,2,0,0,0,6,1
3900490,2015-10-30,Paris Saint-Germain,8515,Benjamin Stambouli,MID,Level,54,8,0,0,16,3
3900490,2015-10-30,Paris Saint-Germain,20048,Gregory van der Wiel,DEF,Level,62,1,0,0,15,9
3900490,2015-10-30,Paris Saint-Germain,20048,Gregory van der Wiel,DEF,Leading,9,0,0,0,2,0
3900490,2015-10-30,Paris Saint-Germain,26613,Maxwell Scherrer Cabelino Andrade,DEF,Level,76,15,1,0.019769037,9,6
3900490,2015-10-30,Paris Saint-Germain,26613,Maxwell Scherrer Cabelino Andrade,DEF,Leading,20,0,0,0,4,2
3900490,2015-10-30,Paris Saint-Germain,351521,Ezequiel Iván Lavezzi,FWD,Level,20,0,2,0.090079325,18,0
3900490,2015-10-30,Paris Saint-Germain,351521,Ezequiel Iván Lavezzi,FWD,Leading,11,3,0,0,6,1
3753983,2015-10-31,Arsenal,3385,Alexis Alejandro Sánchez Sánchez,FWD,Level,25,3,0,0,10,3
3753983,2015-10-31,Arsenal,3385,Alexis Alejandro Sánchez Sánchez,FWD,Leading,31,6,3,0.176480183,11,3
3753983,2015-10-31,Arsenal,3394,Laurent Koscielny,DEF,Level,31,9,0,0,3,4
3753983,2015-10-31,Arsenal,3394,Laurent Koscielny,DEF,Leading,19,2,2,0.69803755,3,4
3753983,2015-10-31,Arsenal,3437,Francis Joseph Coquelin,MID,Level,23,5,0,0,5,4
3753983,2015-10-31,Arsenal,3437,Francis Joseph Coquelin,MID,Leading,19,1,0,0,9,2
3753983,2015-10-31,Arsenal,3461,Petr Čech,GK,Level,17,3,0,0,0,1
3753983,2015-10-31,Arsenal,3461,Petr Čech,GK,Leading,12,2,0,0,0,1
3753983,2015-10-31,Arsenal,3475,Per Mertesacker,DEF,Level,27,4,0,0,0,1
3753983,2015-10-31,Arsenal,3475,Per Mertesacker,DEF,Leading,14,4,0,0,0,1
3753983,2015-10-31,Arsenal,3496,Mesut Özil,MID,Level,30,2,0,0,12,1
3753983,2015-10-31,Arsenal,3496,Mesut Özil,MID,Leading,31,3,1,0.060334682,5,4
3753983,2015-10-31,Arsenal,3498,Ignacio Monreal Eraso,DEF,Level,30,1,1,0.058628954,8,3
3753983,2015-10-31,Arsenal,3498,Ignacio Monreal Eraso,DEF,Leading,20,4,0,0,13,2
3753983,2015-10-31,Arsenal,3511,Héctor Bellerín Moruno,DEF,Level,14,4,0,0,10,0
3753983,2015-10-31,Arsenal,3511,Héctor Bellerín Moruno,DEF,Leading,20,1,0,0,2,1
3753983,2015-10-31,Arsenal,3528,Kieran Gibbs,FWD,Leading,4,1,0,0,4,0
3753983,2015-10-31,Arsenal,3604,Olivier Giroud,FWD,Level,16,0,2,0.32578116,11,1
3753983,2015-10-31,Arsenal,3604,Olivier Giroud,FWD,Leading,7,0,0,0,7,0
3753983,2015-10-31,Arsenal,3647,Alex Iwobi,FWD,Leading,2,0,0,0,0,0
3753983,2015-10-31,Arsenal,3713,Calum Chambers,FWD,Leading,8,0,0,0,5,2
3753983,2015-10-31,Arsenal,5581,Joel Nathaniel Campbell Samuels,FWD,Level,15,0,2,0.086039073,10,4
3753983,2015-10-31,Arsenal,5581,Joel Nathaniel Campbell Samuels,FWD,Leading,7,1,2,0.24209240399999998,8,0
3753983,2015-10-31,Arsenal,11386,Santiago Cazorla González,MID,Level,43,14,0,0,3,1
3753983,2015-10-31,Arsenal,11386,Santiago Cazorla González,MID,Leading,37,7,0,0,5,5
3825645,2015-10-31,Barcelona,3508,Sandro Ramírez Castillo,MID,Leading,4,1,0,0,6,1
3825645,2015-10-31,Barcelona,4320,Neymar da Silva Santos Junior,FWD,Level,38,3,0,0,1,2
3825645,2015-10-31,Barcelona,4320,Neymar da Silva Santos Junior,FWD,Leading,43,8,2,0.222192785,14,2
3825645,2015-10-31,Barcelona,4324,Daniel Alves da Silva,DEF,Level,33,3,0,0,6,1
3825645,2015-10-31,Barcelona,4324,Daniel Alves da Silva,DEF,Leading,39,2,3,0.053106903,10,5
3825645,2015-10-31,Barcelona,4691,Claudio Andrés Bravo Muñoz,GK,Level,11,0,0,0,0,3
3825645,2015-10-31,Barcelona,4691,Claudio Andrés Bravo Muñoz,GK,Leading,19,0,0,0,0,3
3825645,2015-10-31,Barcelona,5203,Sergio Busquets i Burgos,MID,Level,43,4,0,0,13,0
3825645,2015-10-31,Barcelona,5203,Sergio Busquets i Burgos,MID,Leading,55,9,0,0,11,4
3825645,2015-10-31,Barcelona,5211,Jordi Alba Ramos,DEF,Level,42,3,0,0,8,5
3825645,2015-10-31,Barcelona,5211,Jordi Alba Ramos,DEF,Leading,59,5,2,0.34516990799999997,8,7
3825645,2015-10-31,Barcelona,5213,Gerard Piqué Bernabéu,DEF,Level,36,7,0,0,2,4
3825645,2015-10-31,Barcelona,5213,Gerard Piqué Bernabéu,DEF,Leading,41,3,0,0,3,2
3825645,2015-10-31,Barcelona,5216,Andrés Iniesta Luján,FWD,Leading,42,9,0,0,2,1
3825645,2015-10-31,Barcelona,5246,Luis Alberto Suárez Díaz,FWD,Level,10,1,1,0.48497155,6,2
3825645,2015-10-31,Barcelona,5246,Luis Alberto Suárez Díaz,FWD,Leading,18,2,3,0.254740643,9,3
3825645,2015-10-31,Barcelona,5470,Ivan Rakitić,MID,Level,32,6,1,0.024978967,5,2
3825645,2015-10-31,Barcelona,5470,Ivan Rakitić,MID,Leading,54,4,0,0,8,3
3825645,2015-10-31,Barcelona,6379,Sergi Roberto Carnicer,MID,Level,32,5,1,0.034872316,7,1
3825645,2015-10-31,Barcelona,6379,Sergi Roberto Carnicer,MID,Leading,30,3,0,0,3,1
3825645,2015-10-31,Barcelona,6616,Munir El Haddadi Mohamed,FWD,Level,17,0,1,0.55472696,3,0
3825645,2015-10-31,Barcelona,6616,Munir El Haddadi Mohamed,FWD,Leading,4,0,0,0,2,0
3825645,2015-10-31,Barcelona,10609,Jérémy Mathieu,DEF,Level,31,3,0,0,5,0
3825645,2015-10-31,Barcelona,10609,Jérémy Mathieu,DEF,Leading,42,3,1,0.008478975,1,0
3890350,2015-10-31,Bayer Leverkusen,3058,Javier Hernández Balcázar,FWD,Level,14,1,1,0.11575911,12,4
3890350,2015-10-31,Bayer Leverkusen,3058,Javier Hernández Balcázar,FWD,Trailing,1,0,1,0.3118091,2,0
3890350,2015-10-31,Bayer Leverkusen,5555,Julian Brandt,MID,Level,1,0,0,0,1,0
3890350,2015-10-31,Bayer Leverkusen,5555,Julian Brandt,MID,Trailing,10,0,0,0,3,1
3890350,2015-10-31,Bayer Leverkusen,7039,Hakan Çalhanoğlu,MID,Level,47,2,0,0,11,3
3890350,2015-10-31,Bayer Leverkusen,7039,Hakan Çalhanoğlu,MID,Trailing,2,1,1,0.10882663,1,0
3890350,2015-10-31,Bayer Leverkusen,8212,Wendell Nascimento Borges,DEF,Level,44,8,1,0.0075364304,14,4
3890350,2015-10-31,Bayer Leverkusen,8212,Wendell Nascimento Borges,DEF,Trailing,11,2,1,0.04195478,9,0
3890350,2015-10-31,Bayer Leverkusen,8213,Karim Bellarabi,FWD,Level,29,4,1,0.014653592,29,4
3890350,2015-10-31,Bayer Leverkusen,8213,Karim Bellarabi,FWD,Trailing,2,0,2,0.026346306599999997,6,4
3890350,2015-10-31,Bayer Leverkusen,8219,Admir Mehmedi,FWD,Level,32,2,1,0.1707477,18,3
3890350,2015-10-31,Bayer Leverkusen,8219,Admir Mehmedi,FWD,Trailing,4,0,0,0,8,0
3890350,2015-10-31,Bayer Leverkusen,8221,Jonathan Tah,DEF,Level,35,5,0,0,9,7
3890350,2015-10-31,Bayer Leverkusen,8221,Jonathan Tah,DEF,Trailing,14,1,0,0,0,0
3890350,2015-10-31,Bayer Leverkusen,8222,Kevin Kampl,MID,Level,38,3,2,0.0263521047,16,8
3890350,2015-10-31,Bayer Leverkusen,8222,Kevin Kampl,MID,Trailing,10,2,0,0,4,1
3890350,2015-10-31,Bayer Leverkusen,8313,Kyriakos Papadopoulos,DEF,Level,24,3,1,0.03791051,18,3
3890350,2015-10-31,Bayer Leverkusen,8313,Kyriakos Papadopoulos,DEF,Trailing,3,1,0,0,0,0
3890350,2015-10-31,Bayer Leverkusen,8549,Giulio Donati,DEF,Level,35,6,0,0,12,3
3890350,2015-10-31,Bayer Leverkusen,8549,Giulio Donati,DEF,Trailing,15,2,0,0,2,1
3890350,2015-10-31,Bayer Leverkusen,8573,Ömer Toprak,DEF,Trailing,11,3,1,0.05191938,1,2
3890350,2015-10-31,Bayer Leverkusen,8805,Christoph Kramer,MID,Level,40,4,1,0.10168782,25,8
3890350,2015-10-31,Bayer Leverkusen,8805,Christoph Kramer,MID,Trailing,21,1,0,0,7,4
3890350,2015-10-31,Bayer Leverkusen,11394,Stefan Kießling,MID,Trailing,6,0,0,0,3,0
3890350,2015-10-31,Bayer Leverkusen,15581,Bernd Leno,GK,Level,23,2,0,0,1,2
3890350,2015-10-31,Bayer Leverkusen,15581,Bernd Leno,GK,Trailing,11,0,0,0,0,4
3879597,2015-10-31,Juventus,3477,Álvaro Borja Morata Martín,MID,Level,15,0,1,0.04692659,4,2
3879597,2015-10-31,Juventus,3477,Álvaro Borja Morata Martín,MID,Leading,11,0,0,0,5,0
3879597,2015-10-31,Juventus,5472,Mario Mandžukić,MID,Level,2,1,0,0,2,1
3879597,2015-10-31,Juventus,5472,Mario Mandžukić,MID,Leading,1,0,0,0,0,0
3879597,2015-10-31,Juventus,5566,Sami Khedira,MID,Level,3,0,0,0,2,0
3879597,2015-10-31,Juventus,5689,Juan Guillermo Cuadrado Bello,MID,Level,18,0,2,0.9052349470000001,6,3
3879597,2015-10-31,Juventus,5689,Juan Guillermo Cuadrado Bello,MID,Leading,11,1,0,0,6,0
3879597,2015-10-31,Juventus,5743,Paulo Bruno Exequiel Dybala,MID,Level,28,1,2,0.13147304199999998,6,2
3879597,2015-10-31,Juventus,5743,Paulo Bruno Exequiel Dybala,MID,Leading,16,2,1,0.06361376,3,3
3879597,2015-10-31,Juventus,6943,Andrea Barzagli,DEF,Level,51,15,0,0,6,3
3879597,2015-10-31,Juventus,6943,Andrea Barzagli,DEF,Leading,26,2,0,0,2,1
3879597,2015-10-31,Juventus,6945,Alex Sandro Lobo Silva,MID,Level,6,0,0,0,2,0
3879597,2015-10-31,Juventus,6949,Gianluigi Buffon,GK,Level,12,1,0,0,0,4
3879597,2015-10-31,Juventus,6949,Gianluigi Buffon,GK,Leading,7,0,0,0,0,1
3879597,2015-10-31,Juventus,7173,Leonardo Bonucci,DEF,Level,49,12,1,0.039481238,7,3
3879597,2015-10-31,Juventus,7173,Leonardo Bonucci,DEF,Leading,28,5,0,0,8,0
3879597,2015-10-31,Juventus,7952,Simone Padoin,DEF,Level,39,7,0,0,4,2
3879597,2015-10-31,Juventus,7952,Simone Padoin,DEF,Leading,16,2,0,0,1,1
3879597,2015-10-31,Juventus,8294,Claudio Marchisio,MID,Level,38,2,2,0.072730972,5,2
3879597,2015-10-31,Juventus,8294,Claudio Marchisio,MID,Leading,18,4,0,0,2,1
3879597,2015-10-31,Juventus,20004,Paul Pogba,MID,Level,37,6,6,0.896425383,7,8
3879597,2015-10-31,Juventus,20004,Paul Pogba,MID,Leading,14,0,0,0,9,1
3879597,2015-10-31,Juventus,20008,Patrice Evra,DEF,Level,43,1,0,0,2,0
3879597,2015-10-31,Juventus,20008,Patrice Evra,DEF,Leading,25,1,0,0,4,1
3879597,2015-10-31,Juventus,25345,Anderson Hernanes de Carvalho Andrade,MID,Level,57,4,2,0.059393124,10,4
3879597,2015-10-31,Juventus,25345,Anderson Hernanes de Carvalho Andrade,MID,Leading,27,4,0,0,3,2
3890359,2015-11-07,Bayer Leverkusen,3058,Javier Hernández Balcázar,FWD,Level,13,0,1,0.04341235,8,3
3890359,2015-11-07,Bayer Leverkusen,3058,Javier Hernández Balcázar,FWD,Trailing,11,0,1,0.17230676,3,1
3890359,2015-11-07,Bayer Leverkusen,5555,Julian Brandt,FWD,Level,10,2,0,0,12,2
3890359,2015-11-07,Bayer Leverkusen,5555,Julian Brandt,FWD,Trailing,14,2,0,0,3,1
3890359,2015-11-07,Bayer Leverkusen,7039,Hakan Çalhanoğlu,MID,Level,26,2,2,0.06038464,13,2
3890359,2015-11-07,Bayer Leverkusen,7039,Hakan Çalhanoğlu,MID,Trailing,17,1,1,0.03649645,6,1
3890359,2015-11-07,Bayer Leverkusen,8212,Wendell Nascimento Borges,DEF,Level,21,1,0,0,9,6
3890359,2015-11-07,Bayer Leverkusen,8212,Wendell Nascimento Borges,DEF,Trailing,15,0,0,0,4,2
3890359,2015-11-07,Bayer Leverkusen,8213,Karim Bellarabi,FWD,Level,11,2,1,0.025145005,5,2
3890359,2015-11-07,Bayer Leverkusen,8213,Karim Bellarabi,FWD,Trailing,7,3,2,0.084939315,2,0
3890359,2015-11-07,Bayer Leverkusen,8219,Admir Mehmedi,FWD,Level,16,0,0,0,7,2
3890359,2015-11-07,Bayer Leverkusen,8219,Admir Mehmedi,FWD,Trailing,12,1,0,0,1,3
3890359,2015-11-07,Bayer Leverkusen,8221,Jonathan Tah,DEF,Level,15,4,0,0,6,2
3890359,2015-11-07,Bayer Leverkusen,8221,Jonathan Tah,DEF,Trailing,13,0,0,0,2,1
3890359,2015-11-07,Bayer Leverkusen,8222,Kevin Kampl,MID,Level,27,2,0,0,9,5
3890359,2015-11-07,Bayer Leverkusen,8222,Kevin Kampl,MID,Trailing,19,3,1,0.13505788,7,3
3890359,2015-11-07,Bayer Leverkusen,8313,Kyriakos Papadopoulos,DEF,Level,13,1,0,0,3,0
3890359,2015-11-07,Bayer Leverkusen,8313,Kyriakos Papadopoulos,DEF,Trailing,6,0,0,0,5,0
3890359,2015-11-07,Bayer Leverkusen,8573,Ömer Toprak,MID,Level,19,2,0,0,8,1
3890359,2015-11-07,Bayer Leverkusen,8573,Ömer Toprak,MID,Trailing,14,0,0,0,4,2
3890359,2015-11-07,Bayer Leverkusen,9363,André Ramalho Silva,FWD,Level,8,0,0,0,3,0
3890359,2015-11-07,Bayer Leverkusen,9363,André Ramalho Silva,FWD,Trailing,15,4,0,0,7,1
3890359,2015-11-07,Bayer Leverkusen,11394,Stefan Kießling,DEF,Trailing,5,0,0,0,7,0
3890359,2015-11-07,Bayer Leverkusen,15581,Bernd Leno,GK,Level,23,7,0,0,0,3
3890359,2015-11-07,Bayer Leverkusen,15581,Bernd Leno,GK,Trailing,13,4,0,0,0,3
3890359,2015-11-07,Bayer Leverkusen,20415,Sebastian Boenisch,DEF,Level,32,5,0,0,10,5
3890359,2015-11-07,Bayer Leverkusen,20415,Sebastian Boenisch,DEF,Trailing,18,5,3,0.109841657,6,4
3900501,2015-11-07,Paris Saint-Germain,2995,Ángel Fabián Di María Hernández,FWD,Level,3,0,1,0.008475669,0,1
3900501,2015-11-07,Paris Saint-Germain,2995,Ángel Fabián Di María Hernández,FWD,Leading,70,6,2,0.133833385,9,2
3900501,2015-11-07,Paris Saint-Germain,3026,Adrien Rabiot,MID,Level,7,0,0,0,2,0
3900501,2015-11-07,Paris Saint-Germain,3026,Adrien Rabiot,MID,Leading,87,14,0,0,24,4
3900501,2015-11-07,Paris Saint-Germain,3295,Thiago Emiliano da Silva,DEF,Level,7,0,0,0,0,0
3900501,2015-11-07,Paris Saint-Germain,3295,Thiago Emiliano da Silva,DEF,Leading,77,20,0,0,6,2
3900501,2015-11-07,Paris Saint-Germain,3672,Zlatan Ibrahimović,FWD,Level,2,0,0,0,0,0
3900501,2015-11-07,Paris Saint-Germain,3672,Zlatan Ibrahimović,FWD,Leading,59,5,5,0.8477297400000001,4,5
3900501,2015-11-07,Paris Saint-Germain,3745,Lucas Rodrigues Moura da Silva,FWD,Leading,10,0,2,0.124699754,8,3
3900501,2015-11-07,Paris Saint-Germain,3956,David Luiz Moreira Marinho,DEF,Level,4,1,0,0,2,0
3900501,2015-11-07,Paris Saint-Germain,3956,David Luiz Moreira Marinho,DEF,Leading,66,11,0,0,10,8
3900501,2015-11-07,Paris Saint-Germain,4319,Edinson Roberto Cavani Gómez,FWD,Level,0,0,0,0,2,0
3900501,2015-11-07,Paris Saint-Germain,4319,Edinson Roberto Cavani Gómez,FWD,Leading,20,1,2,0.158578346,5,2
3900501,2015-11-07,Paris Saint-Germain,4325,Thiago Motta,MID,Level,12,2,0,0,2,0
3900501,2015-11-07,Paris Saint-Germain,4325,Thiago Motta,MID,Leading,96,25,0,0,20,4
3900501,2015-11-07,Paris Saint-Germain,4326,Layvin Kurzawa,DEF,Level,7,0,0,0,2,0
3900501,2015-11-07,Paris Saint-Germain,4326,Layvin Kurzawa,DEF,Leading,71,4,1,0.04341521,14,1
3900501,2015-11-07,Paris Saint-Germain,4375,Blaise Matuidi,MID,Level,7,3,0,0,5,1
3900501,2015-11-07,Paris Saint-Germain,4375,Blaise Matuidi,MID,Leading,72,12,0,0,32,3
3900501,2015-11-07,Paris Saint-Germain,4440,Kevin Trapp,GK,Level,1,0,0,0,0,0
3900501,2015-11-07,Paris Saint-Germain,4440,Kevin Trapp,GK,Leading,20,1,0,0,0,2
3900501,2015-11-07,Paris Saint-Germain,8515,Benjamin Stambouli,MID,Leading,9,0,0,0,6,0
3900501,2015-11-07,Paris Saint-Germain,20048,Gregory van der Wiel,DEF,Level,6,0,0,0,0,1
3900501,2015-11-07,Paris Saint-Germain,20048,Gregory van der Wiel,DEF,Leading,86,8,1,0.026732286,10,2
3900501,2015-11-07,Paris Saint-Germain,351521,Ezequiel Iván Lavezzi,FWD,Leading,19,1,1,0.36713967,5,3
3754265,2015-11-08,Arsenal,3385,Alexis Alejandro Sánchez Sánchez,FWD,Level,22,4,1,0.08123945,4,2
3754265,2015-11-08,Arsenal,3385,Alexis Alejandro Sánchez Sánchez,FWD,Trailing,15,4,1,0.39932612,8,1
3754265,2015-11-08,Arsenal,3394,Laurent Koscielny,DEF,Level,18,3,0,0,6,5
3754265,2015-11-08,Arsenal,3394,Laurent Koscielny,DEF,Trailing,24,2,1,0.025913833,5,4
3754265,2015-11-08,Arsenal,3437,Francis Joseph Coquelin,MID,Level,16,2,0,0,19,3
3754265,2015-11-08,Arsenal,3437,Francis Joseph Coquelin,MID,Trailing,20,2,0,0,7,5
3754265,2015-11-08,Arsenal,3461,Petr Čech,GK,Level,19,6,0,0,0,5
3754265,2015-11-08,Arsenal,3461,Petr Čech,GK,Trailing,24,5,0,0,0,4
3754265,2015-11-08,Arsenal,3475,Per Mertesacker,DEF,Level,24,1,1,0.10778651,3,2
3754265,2015-11-08,Arsenal,3475,Per Mertesacker,DEF,Trailing,26,6,0,0,1,2
3754265,2015-11-08,Arsenal,3496,Mesut Özil,MID,Level,37,5,0,0,8,3
3754265,2015-11-08,Arsenal,3496,Mesut Özil,MID,Trailing,30,5,0,0,13,2
3754265,2015-11-08,Arsenal,3498,Ignacio Monreal Eraso,DEF,Level,34,4,0,0,9,1
3754265,2015-11-08,Arsenal,3498,Ignacio Monreal Eraso,DEF,Trailing,26,1,0,0,5,0
3754265,2015-11-08,Arsenal,3528,Kieran Gibbs,FWD,Trailing,2,0,1,0.31126413,1,0
3754265,2015-11-08,Arsenal,3528,Kieran Gibbs,FWD,Level,5,0,0,0,3,1
3754265,2015-11-08,Arsenal,3604,Olivier Giroud,FWD,Level,18,0,2,0.111235487,10,1
3754265,2015-11-08,Arsenal,3604,Olivier Giroud,FWD,Trailing,12,0,2,0.50337088,7,0
3754265,2015-11-08,Arsenal,4428,Mathieu Debuchy,DEF,Level,29,7,0,0,4,3
3754265,2015-11-08,Arsenal,4428,Mathieu Debuchy,DEF,Trailing,28,7,0,0,15,2
3754265,2015-11-08,Arsenal,5581,Joel Nathaniel Campbell Samuels,FWD,Level,9,2,0,0,7,4
3754265,2015-11-08,Arsenal,5581,Joel Nathaniel Campbell Samuels,FWD,Trailing,14,0,1,0.034040026,11,2
3754265,2015-11-08,Arsenal,6631,Mathieu Flamini,MID,Trailing,13,4,0,0,8,1
3754265,2015-11-08,Arsenal,6631,Mathieu Flamini,MID,Level,11,4,0,0,2,1
3754265,2015-11-08,Arsenal,11386,Santiago Cazorla González,MID,Level,21,4,0,0,2,2
3754265,2015-11-08,Arsenal,11386,Santiago Cazorla González,MID,Trailing,7,2,0,0,5,2
3754265,2015-11-08,Arsenal,42703,Mikel Arteta Amatriain,DEF,Level,10,2,0,0,0,0
3825660,2015-11-08,Barcelona,3508,Sandro Ramírez Castillo,FWD,Leading,3,1,0,0,0,0
3825660,2015-11-08,Barcelona,4320,Neymar da Silva Santos Junior,FWD,Level,49,5,3,0.39699416400000004,11,2
3825660,2015-11-08,Barcelona,4320,Neymar da Silva Santos Junior,FWD,Leading,23,3,1,0.097391985,3,3
3825660,2015-11-08,Barcelona,4324,Daniel Alves da Silva,DEF,Level,57,9,2,0.2311312,11,8
3825660,2015-11-08,Barcelona,4324,Daniel Alves da Silva,DEF,Leading,26,6,0,0,0,1
3825660,2015-11-08,Barcelona,4691,Claudio Andrés Bravo Muñoz,GK,Level,18,0,0,0,0,0
3825660,2015-11-08,Barcelona,4691,Claudio Andrés Bravo Muñoz,GK,Leading,5,1,0,0,0,0
3825660,2015-11-08,Barcelona,5203,Sergio Busquets i Burgos,MID,Level,67,10,0,0,13,6
3825660,2015-11-08,Barcelona,5203,Sergio Busquets i Burgos,MID,Leading,27,5,0,0,7,0
3825660,2015-11-08,Barcelona,5211,Jordi Alba Ramos,DEF,Level,56,10,0,0,6,2
3825660,2015-11-08,Barcelona,5211,Jordi Alba Ramos,DEF,Leading,37,5,0,0,2,1
3825660,2015-11-08,Barcelona,5213,Gerard Piqué Bernabéu,DEF,Level,47,8,0,0,4,2
3825660,2015-11-08,Barcelona,5213,Gerard Piqué Bernabéu,DEF,Leading,11,1,0,0,2,1
3825660,2015-11-08,Barcelona,5216,Andrés Iniesta Luján,MID,Level,40,8,1,0.08203911,16,2
3825660,2015-11-08,Barcelona,5216,Andrés Iniesta Luján,MID,Leading,31,9,1,0.48845795,7,3
3825660,2015-11-08,Barcelona,5246,Luis Alberto Suárez Díaz,FWD,Level,15,3,4,0.19315598,7,1
3825660,2015-11-08,Barcelona,5246,Luis Alberto Suárez Díaz,FWD,Leading,11,1,3,0.913092837,2,1
3825660,2015-11-08,Barcelona,6379,Sergi Roberto Carnicer,MID,Level,37,7,0,0,10,4
3825660,2015-11-08,Barcelona,6379,Sergi Roberto Carnicer,MID,Leading,28,6,2,0.140616658,3,1
3825660,2015-11-08,Barcelona,6616,Munir El Haddadi Mohamed,FWD,Level,19,1,1,0.15156482,4,1
3825660,2015-11-08,Barcelona,6616,Munir El Haddadi Mohamed,FWD,Leading,12,3,0,0,2,2
3825660,2015-11-08,Barcelona,7068,Marc Bartra Aregall,DEF,Leading,8,1,0,0,0,0
3825660,2015-11-08,Barcelona,10609,Jérémy Mathieu,DEF,Level,50,10,2,0.175399314,6,2
3825660,2015-11-08,Barcelona,10609,Jérémy Mathieu,DEF,Leading,10,0,0,0,5,0
3879613,2015-11-08,Juventus,3477,Álvaro Borja Morata Martín,FWD,Level,13,0,0,0,5,0
3879613,2015-11-08,Juventus,3477,Álvaro Borja Morata Martín,FWD,Trailing,7,0,0,0,4,0
3879613,2015-11-08,Juventus,3477,Álvaro Borja Morata Martín,FWD,Leading,11,0,0,0,7,1
3879613,2015-11-08,Juventus,5472,Mario Mandžukić,FWD,Level,6,0,1,0.36819923,11,0
3879613,2015-11-08,Juventus,5472,Mario Mandžukić,FWD,Trailing,3,0,1,0.20798233,4,0
3879613,2015-11-08,Juventus,5472,Mario Mandžukić,FWD,Leading,22,1,3,0.5001820965,10,2
3879613,2015-11-08,Juventus,5541,Stephan Lichtsteiner,DEF,Level,20,0,0,0,0,1
3879613,2015-11-08,Juventus,5541,Stephan Lichtsteiner,DEF,Trailing,11,2,0,0,1,1
3879613,2015-11-08,Juventus,5541,Stephan Lichtsteiner,DEF,Leading,24,2,1,0.38121843,5,1
3879613,2015-11-08,Juventus,5566,Sami Khedira,MID,Level,12,2,0,0,5,1
3879613,2015-11-08,Juventus,5566,Sami Khedira,MID,Trailing,7,0,0,0,1,0
3879613,2015-11-08,Juventus,5566,Sami Khedira,MID,Leading,28,3,0,0,8,3
3879613,2015-11-08,Juventus,5689,Juan Guillermo Cuadrado Bello,FWD,Level,19,5,0,0,8,3
3879613,2015-11-08,Juventus,5689,Juan Guillermo Cuadrado Bello,FWD,Trailing,8,0,0,0,1,0
3879613,2015-11-08,Juventus,5689,Juan Guillermo Cuadrado Bello,FWD,Leading,18,1,0,0,8,0
3879613,2015-11-08,Juventus,5743,Paulo Bruno Exequiel Dybala,FWD,Leading,14,1,1,0.45370695,7,4
3879613,2015-11-08,Juventus,6943,Andrea Barzagli,DEF,Level,15,1,0,0,4,1
3879613,2015-11-08,Juventus,6943,Andrea Barzagli,DEF,Trailing,6,0,0,0,4,2
3879613,2015-11-08,Juventus,6943,Andrea Barzagli,DEF,Leading,31,3,0,0,10,3
3879613,2015-11-08,Juventus,6949,Gianluigi Buffon,GK,Level,14,0,0,0,0,1
3879613,2015-11-08,Juventus,6949,Gianluigi Buffon,GK,Trailing,5,0,0,0,0,1
3879613,2015-11-08,Juventus,6949,Gianluigi Buffon,GK,Leading,27,2,0,0,0,2
3879613,2015-11-08,Juventus,6954,Giorgio Chiellini,FWD,Leading,18,2,0,0,1,2
3879613,2015-11-08,Juventus,7173,Leonardo Bonucci,DEF,Level,16,2,0,0,3,2
3879613,2015-11-08,Juventus,7173,Leonardo Bonucci,DEF,Trailing,9,1,0,0,0,0
3879613,2015-11-08,Juventus,7173,Leonardo Bonucci,DEF,Leading,33,5,0,0,1,1
3879613,2015-11-08,Juventus,7952,Simone Padoin,DEF,Leading,3,0,0,0,1,1
3879613,2015-11-08,Juventus,8294,Claudio Marchisio,MID,Level,14,4,0,0,4,5
3879613,2015-11-08,Juventus,8294,Claudio Marchisio,MID,Trailing,10,1,0,0,7,0
3879613,2015-11-08,Juventus,8294,Claudio Marchisio,MID,Leading,33,7,1,0.014182657,7,2
3879613,2015-11-08,Juventus,20004,Paul Pogba,MID,Level,17,1,1,0.018004682,8,1
3879613,2015-11-08,Juventus,20004,Paul Pogba,MID,Trailing,9,1,0,0,1,2
3879613,2015-11-08,Juventus,20004,Paul Pogba,MID,Leading,22,2,1,0.008749014,13,5
3879613,2015-11-08,Juventus,20008,Patrice Evra,DEF,Level,20,2,1,0.031032491,1,0
3879613,2015-11-08,Juventus,20008,Patrice Evra,DEF,Trailing,10,3,0,0,0,0
3879613,2015-11-08,Juventus,20008,Patrice Evra,DEF,Leading,32,2,0,0,3,2
3754301,2015-11-21,Arsenal,3385,Alexis Alejandro Sánchez Sánchez,FWD,Level,20,3,2,0.058406156,5,1
3754301,2015-11-21,Arsenal,3385,Alexis Alejandro Sánchez Sánchez,FWD,Leading,2,0,0,0,0,0
3754301,2015-11-21,Arsenal,3385,Alexis Alejandro Sánchez Sánchez,FWD,Trailing,46,7,0,0,4,7
3754301,2015-11-21,Arsenal,3394,Laurent Koscielny,DEF,Level,22,1,0,0,3,1
3754301,2015-11-21,Arsenal,3394,Laurent Koscielny,DEF,Leading,0,0,0,0,0,0
3754301,2015-11-21,Arsenal,3394,Laurent Koscielny,DEF,Trailing,43,1,1,0.040550172,4,6
3754301,2015-11-21,Arsenal,3437,Francis Joseph Coquelin,MID,Level,10,2,0,0,2,1
3754301,2015-11-21,Arsenal,3461,Petr Čech,GK,Level,12,0,0,0,0,1
3754301,2015-11-21,Arsenal,3461,Petr Čech,GK,Leading,1,0,0,0,0,0
3754301,2015-11-21,Arsenal,3461,Petr Čech,GK,Trailing,9,0,0,0,0,3
3754301,2015-11-21,Arsenal,3475,Per Mertesacker,DEF,Level,37,8,0,0,0,1
3754301,2015-11-21,Arsenal,3475,Per Mertesacker,DEF,Leading,1,0,0,0,0,0
3754301,2015-11-21,Arsenal,3475,Per Mertesacker,DEF,Trailing,51,4,0,0,2,2
3754301,2015-11-21,Arsenal,3496,Mesut Özil,MID,Level,41,4,0,0,5,2
3754301,2015-11-21,Arsenal,3496,Mesut Özil,MID,Leading,1,0,0,0,1,0
3754301,2015-11-21,Arsenal,3496,Mesut Özil,MID,Trailing,56,7,2,0.12775050999999998,4,5
3754301,2015-11-21,Arsenal,3498,Ignacio Monreal Eraso,DEF,Level,16,1,0,0,0,2
3754301,2015-11-21,Arsenal,3498,Ignacio Monreal Eraso,DEF,Leading,4,0,0,0,0,1
3754301,2015-11-21,Arsenal,3498,Ignacio Monreal Eraso,DEF,Trailing,50,1,0,0,7,1
3754301,2015-11-21,Arsenal,3511,Héctor Bellerín Moruno,DEF,Level,15,0,0,0,4,1
3754301,2015-11-21,Arsenal,3511,Héctor Bellerín Moruno,DEF,Leading,3,0,0,0,1,1
3754301,2015-11-21,Arsenal,3511,Héctor Bellerín Moruno,DEF,Trailing,36,3,0,0,3,4
3754301,2015-11-21,Arsenal,3528,Kieran Gibbs,FWD,Level,11,0,0,0,9,2
3754301,2015-11-21,Arsenal,3528,Kieran Gibbs,FWD,Leading,0,0,1,0.07206807,3,0
3754301,2015-11-21,Arsenal,3528,Kieran Gibbs,FWD,Trailing,7,1,2,0.246829864,5,3
3754301,2015-11-21,Arsenal,3604,Olivier Giroud,FWD,Level,5,0,1,0.113309294,7,1
3754301,2015-11-21,Arsenal,3604,Olivier Giroud,FWD,Leading,5,0,0,0,0,0
3754301,2015-11-21,Arsenal,3604,Olivier Giroud,FWD,Trailing,6,0,0,0,1,1
3754301,2015-11-21,Arsenal,5581,Joel Nathaniel Campbell Samuels,FWD,Trailing,11,2,2,0.31255866,2,0
3754301,2015-11-21,Arsenal,6631,Mathieu Flamini,MID,Trailing,53,7,0,0,3,3
3754301,2015-11-21,Arsenal,11386,Santiago Cazorla González,MID,Level,47,2,0,0,5,4
3754301,2015-11-21,Arsenal,11386,Santiago Cazorla González,MID,Leading,5,0,0,0,1,1
3754301,2015-11-21,Arsenal,11386,Santiago Cazorla González,MID,Trailing,78,9,2,0.808806512,5,4
3754301,2015-11-21,Arsenal,42703,Mikel Arteta Amatriain,MID,Level,14,0,0,0,4,0
3754301,2015-11-21,Arsenal,42703,Mikel Arteta Amatriain,MID,Leading,0,0,0,0,2,0
3754301,2015-11-21,Arsenal,42703,Mikel Arteta Amatriain,MID,Trailing,6,3,0,0,1,0
266424,2015-11-21,Barcelona,4320,Neymar da Silva Santos Junior,FWD,Level,9,0,1,0.1260353,1,0
266424,2015-11-21,Barcelona,4320,Neymar da Silva Santos Junior,FWD,Leading,50,3,3,0.248640079,7,4
266424,2015-11-21,Barcelona,4324,Daniel Alves da Silva,DEF,Level,13,1,0,0,3,2
266424,2015-11-21,Barcelona,4324,Daniel Alves da Silva,DEF,Leading,61,6,0,0,8,5
266424,2015-11-21,Barcelona,4691,Claudio Andrés Bravo Muñoz,GK,Level,3,0,0,0,0,1
266424,2015-11-21,Barcelona,4691,Claudio Andrés Bravo Muñoz,GK,Leading,36,3,0,0,0,3
266424,2015-11-21,Barcelona,5203,Sergio Busquets i Burgos,MID,Level,9,0,0,0,4,0
266424,2015-11-21,Barcelona,5203,Sergio Busquets i Burgos,MID,Leading,58,2,0,0,16,4
266424,2015-11-21,Barcelona,5211,Jordi Alba Ramos,DEF,Level,14,0,0,0,1,0
266424,2015-11-21,Barcelona,5211,Jordi Alba Ramos,DEF,Leading,71,8,0,0,6,4
266424,2015-11-21,Barcelona,5213,Gerard Piqué Bernabéu,DEF,Level,13,5,0,0,1,0
266424,2015-11-21,Barcelona,5213,Gerard Piqué Bernabéu,DEF,Leading,36,3,0,0,1,3
266424,2015-11-21,Barcelona,5216,Andrés Iniesta Luján,MID,Level,11,0,0,0,2,0
266424,2015-11-21,Barcelona,5216,Andrés Iniesta Luján,MID,Leading,59,9,1,0.11742188,14,1
266424,2015-11-21,Barcelona,5246,Luis Alberto Suárez Díaz,FWD,Level,3,1,1,0.25853002,5,1
266424,2015-11-21,Barcelona,5246,Luis Alberto Suárez Díaz,FWD,Leading,30,4,3,0.9393765199999999,8,3
266424,2015-11-21,Barcelona,5470,Ivan Rakitić,MID,Level,14,0,0,0,1,4
266424,2015-11-21,Barcelona,5470,Ivan Rakitić,MID,Leading,35,2,3,0.23433263799999998,7,2
266424,2015-11-21,Barcelona,5503,Lionel Andrés Messi Cuccittini,MID,Leading,34,5,2,0.15168181,5,1
266424,2015-11-21,Barcelona,5506,Javier Alejandro Mascherano,DEF,Level,10,2,0,0,1,0
266424,2015-11-21,Barcelona,5506,Javier Alejandro Mascherano,DEF,Leading,10,1,0,0,3,0
266424,2015-11-21,Barcelona,6379,Sergi Roberto Carnicer,FWD,Level,12,1,0,0,0,1
266424,2015-11-21,Barcelona,6379,Sergi Roberto Carnicer,FWD,Leading,37,0,1,0.1296575,15,3
266424,2015-11-21,Barcelona,6616,Munir El Haddadi Mohamed,MID,Leading,5,0,3,0.273692239,1,2
266424,2015-11-21,Barcelona,10609,Jérémy Mathieu,DEF,Leading,38,0,0,0,3,2
3890370,2015-11-21,Bayer Leverkusen,3058,Javier Hernández Balcázar,FWD,Level,4,0,1,0.92671907,3,1
3890370,2015-11-21,Bayer Leverkusen,3058,Javier Hernández Balcázar,FWD,Leading,6,1,1,0.27849498,4,0
3890370,2015-11-21,Bayer Leverkusen,7039,Hakan Çalhanoğlu,FWD,Level,18,2,1,0.024741,3,4
3890370,2015-11-21,Bayer Leverkusen,7039,Hakan Çalhanoğlu,FWD,Leading,32,4,3,0.205491892,16,6
3890370,2015-11-21,Bayer Leverkusen,8212,Wendell Nascimento Borges,DEF,Level,17,2,0,0,1,0
3890370,2015-11-21,Bayer Leverkusen,8212,Wendell Nascimento Borges,DEF,Leading,39,7,1,0.035746112,12,4
3890370,2015-11-21,Bayer Leverkusen,8213,Karim Bellarabi,FWD,Level,14,1,0,0,8,1
3890370,2015-11-21,Bayer Leverkusen,8213,Karim Bellarabi,FWD,Leading,20,3,1,0.01667424,15,3
3890370,2015-11-21,Bayer Leverkusen,8219,Admir Mehmedi,MID,Level,7,0,1,0.18980916,6,0
3890370,2015-11-21,Bayer Leverkusen,8219,Admir Mehmedi,MID,Leading,18,0,0,0,17,2
3890370,2015-11-21,Bayer Leverkusen,8221,Jonathan Tah,DEF,Level,23,2,0,0,0,1
3890370,2015-11-21,Bayer Leverkusen,8221,Jonathan Tah,DEF,Leading,29,5,0,0,2,3
3890370,2015-11-21,Bayer Leverkusen,8222,Kevin Kampl,MID,Level,28,4,1,0.02013389,5,2
3890370,2015-11-21,Bayer Leverkusen,8222,Kevin Kampl,MID,Leading,40,5,1,0.05456891,13,4
3890370,2015-11-21,Bayer Leverkusen,8549,Giulio Donati,DEF,Level,23,5,1,0.01370499,2,2
3890370,2015-11-21,Bayer Leverkusen,8549,Giulio Donati,DEF,Leading,39,8,0,0,10,1
3890370,2015-11-21,Bayer Leverkusen,8573,Ömer Toprak,DEF,Level,18,1,0,0,3,0
3890370,2015-11-21,Bayer Leverkusen,8573,Ömer Toprak,DEF,Leading,36,2,0,0,8,5
3890370,2015-11-21,Bayer Leverkusen,8805,Christoph Kramer,MID,Level,25,1,0,0,8,1
3890370,2015-11-21,Bayer Leverkusen,8805,Christoph Kramer,MID,Leading,26,2,1,0.043818757,19,1
3890370,2015-11-21,Bayer Leverkusen,9363,André Ramalho Silva,FWD,Leading,2,0,0,0,2,0
3890370,2015-11-21,Bayer Leverkusen,11394,Stefan Kießling,FWD,Leading,8,0,3,0.23685599400000001,6,3
3890370,2015-11-21,Bayer Leverkusen,15581,Bernd Leno,GK,Level,8,0,0,0,0,1
3890370,2015-11-21,Bayer Leverkusen,15581,Bernd Leno,GK,Leading,28,3,0,0,0,3
3890370,2015-11-21,Bayer Leverkusen,24428,Vladlen Yurchenko,FWD,Leading,4,0,0,0,2,0
3879618,2015-11-21,Juventus,3477,Álvaro Borja Morata Martín,MID,Leading,5,0,0,0,6,0
3879618,2015-11-21,Juventus,5472,Mario Mandžukić,MID,Level,15,1,0,0,19,0
3879618,2015-11-21,Juventus,5472,Mario Mandžukić,MID,Leading,4,0,1,0.3923379,10,1
3879618,2015-11-21,Juventus,5541,Stephan Lichtsteiner,DEF,Level,42,8,0,0,12,6
3879618,2015-11-21,Juventus,5541,Stephan Lichtsteiner,DEF,Leading,8,1,0,0,6,0
3879618,2015-11-21,Juventus,5743,Paulo Bruno Exequiel Dybala,MID,Level,35,3,2,0.18788211999999999,14,5
3879618,2015-11-21,Juventus,5743,Paulo Bruno Exequiel Dybala,MID,Leading,4,0,1,0.03713195,3,0
3879618,2015-11-21,Juventus,6943,Andrea Barzagli,DEF,Level,54,10,0,0,6,3
3879618,2015-11-21,Juventus,6943,Andrea Barzagli,DEF,Leading,7,0,1,0.0892285,3,1
3879618,2015-11-21,Juventus,6945,Alex Sandro Lobo Silva,DEF,Level,35,5,1,0.086573094,5,1
3879618,2015-11-21,Juventus,6945,Alex Sandro Lobo Silva,DEF,Leading,14,2,1,0.007567766,6,2
3879618,2015-11-21,Juventus,6949,Gianluigi Buffon,GK,Level,15,0,0,0,0,3
3879618,2015-11-21,Juventus,6949,Gianluigi Buffon,GK,Leading,6,1,0,0,0,3
3879618,2015-11-21,Juventus,6954,Giorgio Chiellini,DEF,Level,62,15,0,0,8,5
3879618,2015-11-21,Juventus,6954,Giorgio Chiellini,DEF,Leading,13,3,0,0,5,1
3879618,2015-11-21,Juventus,7013,Stefano Sturaro,MID,Level,32,2,0,0,10,6
3879618,2015-11-21,Juventus,7013,Stefano Sturaro,MID,Leading,8,0,1,0.06723215,8,1
3879618,2015-11-21,Juventus,7173,Leonardo Bonucci,MID,Level,16,3,1,0.010572768,2,1
3879618,2015-11-21,Juventus,7173,Leonardo Bonucci,MID,Leading,9,0,0,0,3,0
3879618,2015-11-21,Juventus,8294,Claudio Marchisio,MID,Level,58,11,2,0.041147176,13,7
3879618,2015-11-21,Juventus,8294,Claudio Marchisio,MID,Leading,15,6,0,0,9,4
3879618,2015-11-21,Juventus,20004,Paul Pogba,MID,Level,27,4,2,0.036334377699999997,12,8
3879618,2015-11-21,Juventus,20004,Paul Pogba,MID,Leading,20,5,0,0,7,5
3879618,2015-11-21,Juventus,20008,Patrice Evra,DEF,Level,17,2,0,0,3,3
3879618,2015-11-21,Juventus,25345,Anderson Hernanes de Carvalho Andrade,MID,Level,15,1,4,0.14708804199999997,5,2
3900511,2015-11-21,Paris Saint-Germain,2999,Presnel Kimpembe,DEF,Level,42,4,0,0,3,1
3900511,2015-11-21,Paris Saint-Germain,2999,Presnel Kimpembe,DEF,Leading,14,3,0,0,2,1
3900511,2015-11-21,Paris Saint-Germain,3026,Adrien Rabiot,MID,Level,29,4,0,0,7,3
3900511,2015-11-21,Paris Saint-Germain,3026,Adrien Rabiot,MID,Leading,45,6,1,0.013872718,24,7
3900511,2015-11-21,Paris Saint-Germain,3295,Thiago Emiliano da Silva,DEF,Level,29,4,0,0,2,1
3900511,2015-11-21,Paris Saint-Germain,3295,Thiago Emiliano da Silva,DEF,Leading,49,4,0,0,7,3
3900511,2015-11-21,Paris Saint-Germain,3672,Zlatan Ibrahimović,FWD,Level,12,2,2,0.20958322000000001,2,3
3900511,2015-11-21,Paris Saint-Germain,3672,Zlatan Ibrahimović,FWD,Leading,27,0,2,0.21559861,10,1
3900511,2015-11-21,Paris Saint-Germain,3745,Lucas Rodrigues Moura da Silva,FWD,Level,8,0,0,0,0,0
3900511,2015-11-21,Paris Saint-Germain,3745,Lucas Rodrigues Moura da Silva,FWD,Leading,31,4,1,0.009325295,10,2
3900511,2015-11-21,Paris Saint-Germain,4325,Thiago Motta,MID,Level,45,7,0,0,1,0
3900511,2015-11-21,Paris Saint-Germain,4325,Thiago Motta,MID,Leading,67,9,0,0,16,0
3900511,2015-11-21,Paris Saint-Germain,4372,Marcos Aoás Corrêa,DEF,Leading,21,0,0,0,9,1
3900511,2015-11-21,Paris Saint-Germain,4375,Blaise Matuidi,MID,Level,24,0,0,0,5,0
3900511,2015-11-21,Paris Saint-Germain,4375,Blaise Matuidi,MID,Leading,31,5,1,0.47202614,25,4
3900511,2015-11-21,Paris Saint-Germain,4440,Kevin Trapp,GK,Level,10,0,0,0,0,1
3900511,2015-11-21,Paris Saint-Germain,4440,Kevin Trapp,GK,Leading,29,5,0,0,0,2
3900511,2015-11-21,Paris Saint-Germain,8510,Jean-Kévin Augustin,FWD,Leading,2,0,0,0,2,0
3900511,2015-11-21,Paris Saint-Germain,8515,Benjamin Stambouli,FWD,Leading,6,1,0,0,6,0
3900511,2015-11-21,Paris Saint-Germain,20048,Gregory van der Wiel,DEF,Level,21,1,0,0,3,1
3900511,2015-11-21,Paris Saint-Germain,20048,Gregory van der Wiel,DEF,Leading,43,6,0,0,7,2
3900511,2015-11-21,Paris Saint-Germain,26613,Maxwell Scherrer Cabelino Andrade,DEF,Level,23,0,0,0,0,3
3900511,2015-11-21,Paris Saint-Germain,26613,Maxwell Scherrer Cabelino Andrade,DEF,Leading,42,2,0,0,7,2
3900511,2015-11-21,Paris Saint-Germain,34539,Hervin Scicchitano Ongenda,FWD,Level,15,1,1,0.48136625,8,0
3900511,2015-11-21,Paris Saint-Germain,34539,Hervin Scicchitano Ongenda,FWD,Leading,32,2,0,0,15,5
266885,2015-11-28,Barcelona,4320,Neymar da Silva Santos Junior,FWD,Level,11,2,1,0.2318389,4,0
266885,2015-11-28,Barcelona,4320,Neymar da Silva Santos Junior,FWD,Leading,38,4,1,0.34958535,6,4
266885,2015-11-28,Barcelona,4324,Daniel Alves da Silva,DEF,Level,21,0,0,0,3,2
266885,2015-11-28,Barcelona,4324,Daniel Alves da Silva,DEF,Leading,27,0,0,0,6,1
266885,2015-11-28,Barcelona,4691,Claudio Andrés Bravo Muñoz,GK,Level,21,0,0,0,0,6
266885,2015-11-28,Barcelona,4691,Claudio Andrés Bravo Muñoz,GK,Leading,29,1,0,0,0,3
266885,2015-11-28,Barcelona,5203,Sergio Busquets i Burgos,MID,Level,13,0,0,0,2,0
266885,2015-11-28,Barcelona,5203,Sergio Busquets i Burgos,MID,Leading,49,9,0,0,12,6
266885,2015-11-28,Barcelona,5211,Jordi Alba Ramos,DEF,Leading,16,4,0,0,4,2
266885,2015-11-28,Barcelona,5213,Gerard Piqué Bernabéu,DEF,Level,26,5,0,0,1,4
266885,2015-11-28,Barcelona,5213,Gerard Piqué Bernabéu,DEF,Leading,43,4,0,0,4,1
266885,2015-11-28,Barcelona,5216,Andrés Iniesta Luján,MID,Level,19,2,1,0.22545692,0,3
266885,2015-11-28,Barcelona,5216,Andrés Iniesta Luján,MID,Leading,36,5,0,0,8,2
266885,2015-11-28,Barcelona,5246,Luis Alberto Suárez Díaz,FWD,Level,8,1,1,0.15507527,2,1
266885,2015-11-28,Barcelona,5246,Luis Alberto Suárez Díaz,FWD,Leading,17,2,1,0.08731187,4,5
266885,2015-11-28,Barcelona,5470,Ivan Rakitić,MID,Level,11,1,0,0,1,0
266885,2015-11-28,Barcelona,5470,Ivan Rakitić,MID,Leading,33,5,0,0,9,7
266885,2015-11-28,Barcelona,5503,Lionel Andrés Messi Cuccittini,FWD,Level,9,3,0,0,0,0
266885,2015-11-28,Barcelona,5503,Lionel Andrés Messi Cuccittini,FWD,Leading,23,5,7,1.440702377,0,2
266885,2015-11-28,Barcelona,5506,Javier Alejandro Mascherano,DEF,Level,21,2,0,0,2,0
266885,2015-11-28,Barcelona,5506,Javier Alejandro Mascherano,DEF,Leading,25,3,0,0,1,2
266885,2015-11-28,Barcelona,7068,Marc Bartra Aregall,DEF,Leading,14,0,0,0,1,0
266885,2015-11-28,Barcelona,10609,Jérémy Mathieu,DEF,Level,25,2,0,0,0,0
266885,2015-11-28,Barcelona,10609,Jérémy Mathieu,DEF,Leading,18,0,0,0,5,1
266885,2015-11-28,Barcelona,22102,Adriano Correia Claro,DEF,Leading,18,1,0,0,6,4
3900521,2015-11-28,Paris Saint-Germain,2995,Ángel Fabián Di María Hernández,MID,Level,23,2,0,0,2,1
3900521,2015-11-28,Paris Saint-Germain,2995,Ángel Fabián Di María Hernández,MID,Leading,72,4,1,0.057919633,5,5
3900521,2015-11-28,Paris Saint-Germain,3026,Adrien Rabiot,MID,Level,15,4,0,0,9,1
3900521,2015-11-28,Paris Saint-Germain,3026,Adrien Rabiot,MID,Leading,44,6,1,0.022345392,15,2
3900521,2015-11-28,Paris Saint-Germain,3295,Thiago Emiliano da Silva,DEF,Level,26,6,2,0.72343034,1,1
3900521,2015-11-28,Paris Saint-Germain,3295,Thiago Emiliano da Silva,DEF,Leading,62,7,0,0,7,6
3900521,2015-11-28,Paris Saint-Germain,3672,Zlatan Ibrahimović,MID,Level,10,0,0,0,2,1
3900521,2015-11-28,Paris Saint-Germain,3672,Zlatan Ibrahimović,MID,Leading,41,10,4,0.970201114,5,6
3900521,2015-11-28,Paris Saint-Germain,3745,Lucas Rodrigues Moura da Silva,MID,Level,7,1,0,0,4,1
3900521,2015-11-28,Paris Saint-Germain,3745,Lucas Rodrigues Moura da Silva,MID,Leading,34,3,4,0.511870416,8,3
3900521,2015-11-28,Paris Saint-Germain,3956,David Luiz Moreira Marinho,DEF,Level,30,2,0,0,3,1
3900521,2015-11-28,Paris Saint-Germain,3956,David Luiz Moreira Marinho,DEF,Leading,55,5,0,0,5,2
3900521,2015-11-28,Paris Saint-Germain,4319,Edinson Roberto Cavani Gómez,MID,Level,9,0,3,0.50021991,0,0
3900521,2015-11-28,Paris Saint-Germain,4319,Edinson Roberto Cavani Gómez,MID,Leading,27,0,3,0.194848341,13,4
3900521,2015-11-28,Paris Saint-Germain,4325,Thiago Motta,MID,Leading,36,5,0,0,6,0
3900521,2015-11-28,Paris Saint-Germain,4326,Layvin Kurzawa,DEF,Level,20,0,0,0,2,1
3900521,2015-11-28,Paris Saint-Germain,4326,Layvin Kurzawa,DEF,Leading,57,3,2,0.439515333,14,4
3900521,2015-11-28,Paris Saint-Germain,4375,Blaise Matuidi,MID,Leading,26,4,0,0,9,0
3900521,2015-11-28,Paris Saint-Germain,4440,Kevin Trapp,GK,Level,4,1,0,0,0,1
3900521,2015-11-28,Paris Saint-Germain,4440,Kevin Trapp,GK,Leading,17,0,0,0,0,1
3900521,2015-11-28,Paris Saint-Germain,8510,Jean-Kévin Augustin,FWD,Leading,8,1,1,0.033070795,3,2
3900521,2015-11-28,Paris Saint-Germain,8515,Benjamin Stambouli,MID,Level,16,3,0,0,6,0
3900521,2015-11-28,Paris Saint-Germain,8515,Benjamin Stambouli,MID,Leading,54,9,0,0,21,3
3900521,2015-11-28,Paris Saint-Germain,20048,Gregory van der Wiel,DEF,Level,14,1,0,0,3,2
3900521,2015-11-28,Paris Saint-Germain,20048,Gregory van der Wiel,DEF,Leading,47,3,0,0,9,5
3754038,2015-11-29,Arsenal,3385,Alexis Alejandro Sánchez Sánchez,FWD,Level,23,5,2,0.11987167,7,4
3754038,2015-11-29,Arsenal,3385,Alexis Alejandro Sánchez Sánchez,FWD,Leading,11,2,0,0,1,1
3754038,2015-11-29,Arsenal,3394,Laurent Koscielny,DEF,Level,13,2,0,0,0,0
3754038,2015-11-29,Arsenal,3461,Petr Čech,GK,Level,20,6,0,0,0,1
3754038,2015-11-29,Arsenal,3461,Petr Čech,GK,Leading,2,0,0,0,0,0
3754038,2015-11-29,Arsenal,3475,Per Mertesacker,DEF,Level,67,7,0,0,1,4
3754038,2015-11-29,Arsenal,3475,Per Mertesacker,DEF,Leading,5,0,0,0,0,0
3754038,2015-11-29,Arsenal,3496,Mesut Özil,MID,Level,61,9,5,0.969500993,25,1
3754038,2015-11-29,Arsenal,3496,Mesut Özil,MID,Leading,12,1,0,0,2,1
3754038,2015-11-29,Arsenal,3498,Ignacio Monreal Eraso,DEF,Level,70,4,0,0,9,3
3754038,2015-11-29,Arsenal,3498,Ignacio Monreal Eraso,DEF,Leading,8,0,0,0,1,0
3754038,2015-11-29,Arsenal,3511,Héctor Bellerín Moruno,DEF,Level,71,5,1,0.012547296,13,4
3754038,2015-11-29,Arsenal,3511,Héctor Bellerín Moruno,DEF,Leading,6,1,0,0,4,0
3754038,2015-11-29,Arsenal,3517,Aaron Ramsey,FWD,Level,38,7,0,0,10,1
3754038,2015-11-29,Arsenal,3517,Aaron Ramsey,FWD,Leading,3,0,1,0.02642899,9,0
3754038,2015-11-29,Arsenal,3525,Alex Oxlade-Chamberlain,FWD,Level,22,3,0,0,5,2
3754038,2015-11-29,Arsenal,3604,Olivier Giroud,FWD,Level,18,1,2,0.3698258,26,0
3754038,2015-11-29,Arsenal,3604,Olivier Giroud,FWD,Leading,4,0,0,0,5,0
3754038,2015-11-29,Arsenal,5581,Joel Nathaniel Campbell Samuels,FWD,Level,15,1,0,0,9,0
3754038,2015-11-29,Arsenal,6631,Mathieu Flamini,MID,Level,55,8,0,0,29,2
3754038,2015-11-29,Arsenal,6631,Mathieu Flamini,MID,Leading,7,2,0,0,7,1
3754038,2015-11-29,Arsenal,6746,Gabriel Armando de Abreu,DEF,Level,58,4,0,0,7,6
3754038,2015-11-29,Arsenal,6746,Gabriel Armando de Abreu,DEF,Leading,6,1,0,0,1,0
3754038,2015-11-29,Arsenal,11386,Santiago Cazorla González,MID,Level,77,11,1,0.059266306,17,6
3754038,2015-11-29,Arsenal,11386,Santiago Cazorla González,MID,Leading,8,1,0,0,4,1
3890382,2015-11-29,Bayer Leverkusen,3058,Javier Hernández Balcázar,FWD,Level,13,1,1,0.09087308,9,2
3890382,2015-11-29,Bayer Leverkusen,3058,Javier Hernández Balcázar,FWD,Trailing,7,1,3,0.231526293,4,2
3890382,2015-11-29,Bayer Leverkusen,5555,Julian Brandt,FWD,Level,7,0,0,0,8,0
3890382,2015-11-29,Bayer Leverkusen,5555,Julian Brandt,FWD,Trailing,19,3,0,0,8,1
3890382,2015-11-29,Bayer Leverkusen,7039,Hakan Çalhanoğlu,FWD,Level,24,3,2,0.034563275,14,2
3890382,2015-11-29,Bayer Leverkusen,8212,Wendell Nascimento Borges,DEF,Trailing,10,2,0,0,3,0
3890382,2015-11-29,Bayer Leverkusen,8212,Wendell Nascimento Borges,DEF,Level,2,0,0,0,0,0
3890382,2015-11-29,Bayer Leverkusen,8213,Karim Bellarabi,FWD,Level,17,2,2,0.48189305,20,4
3890382,2015-11-29,Bayer Leverkusen,8213,Karim Bellarabi,FWD,Trailing,16,1,1,0.06414034,12,3
3890382,2015-11-29,Bayer Leverkusen,8219,Admir Mehmedi,MID,Level,23,3,3,0.115062838,21,2
3890382,2015-11-29,Bayer Leverkusen,8219,Admir Mehmedi,MID,Trailing,3,1,0,0,3,0
3890382,2015-11-29,Bayer Leverkusen,8221,Jonathan Tah,DEF,Level,37,7,0,0,8,6
3890382,2015-11-29,Bayer Leverkusen,8221,Jonathan Tah,DEF,Trailing,18,0,0,0,7,4
3890382,2015-11-29,Bayer Leverkusen,8222,Kevin Kampl,MID,Level,46,7,1,0.078985274,15,9
3890382,2015-11-29,Bayer Leverkusen,8222,Kevin Kampl,MID,Trailing,21,3,2,0.07034211900000001,13,3
3890382,2015-11-29,Bayer Leverkusen,8549,Giulio Donati,DEF,Level,34,8,0,0,15,1
3890382,2015-11-29,Bayer Leverkusen,8549,Giulio Donati,DEF,Trailing,18,3,0,0,5,1
3890382,2015-11-29,Bayer Leverkusen,8573,Ömer Toprak,DEF,Level,37,4,1,0.04564445,6,2
3890382,2015-11-29,Bayer Leverkusen,8573,Ömer Toprak,DEF,Trailing,24,4,1,0.39006433,3,1
3890382,2015-11-29,Bayer Leverkusen,8805,Christoph Kramer,MID,Level,46,4,1,0.0708208,22,5
3890382,2015-11-29,Bayer Leverkusen,8805,Christoph Kramer,MID,Trailing,29,4,0,0,8,2
3890382,2015-11-29,Bayer Leverkusen,11394,Stefan Kießling,MID,Trailing,10,0,0,0,8,0
3890382,2015-11-29,Bayer Leverkusen,11394,Stefan Kießling,MID,Level,3,0,0,0,1,0
3890382,2015-11-29,Bayer Leverkusen,15581,Bernd Leno,GK,Level,20,1,0,0,0,5
3890382,2015-11-29,Bayer Leverkusen,15581,Bernd Leno,GK,Trailing,5,0,0,0,0,1
3890382,2015-11-29,Bayer Leverkusen,20415,Sebastian Boenisch,DEF,Level,30,4,0,0,8,1
3890382,2015-11-29,Bayer Leverkusen,20415,Sebastian Boenisch,DEF,Trailing,8,0,0,0,6,2
3879630,2015-11-29,Juventus,3477,Álvaro Borja Morata Martín,MID,Leading,14,1,0,0,12,1
3879630,2015-11-29,Juventus,5472,Mario Mandžukić,MID,Level,11,0,2,0.47441843,10,0
3879630,2015-11-29,Juventus,5472,Mario Mandžukić,MID,Leading,4,0,0,0,6,1
3879630,2015-11-29,Juventus,5541,Stephan Lichtsteiner,DEF,Leading,18,3,0,0,4,1
3879630,2015-11-29,Juventus,5689,Juan Guillermo Cuadrado Bello,DEF,Level,43,2,2,0.030226455,4,3
3879630,2015-11-29,Juventus,5689,Juan Guillermo Cuadrado Bello,DEF,Leading,5,0,1,0.019701209,4,0
3879630,2015-11-29,Juventus,5743,Paulo Bruno Exequiel Dybala,MID,Level,27,3,2,0.126673311,12,1
3879630,2015-11-29,Juventus,5743,Paulo Bruno Exequiel Dybala,MID,Leading,9,0,0,0,3,1
3879630,2015-11-29,Juventus,6584,Simone Zaza,MID,Leading,6,1,1,0.10744552,1,0
3879630,2015-11-29,Juventus,6943,Andrea Barzagli,DEF,Level,45,8,0,0,5,5
3879630,2015-11-29,Juventus,6943,Andrea Barzagli,DEF,Leading,18,3,0,0,6,1
3879630,2015-11-29,Juventus,6949,Gianluigi Buffon,GK,Level,16,0,0,0,0,4
3879630,2015-11-29,Juventus,6949,Gianluigi Buffon,GK,Leading,8,0,0,0,0,1
3879630,2015-11-29,Juventus,6954,Giorgio Chiellini,DEF,Level,54,11,1,0.047418494,7,4
3879630,2015-11-29,Juventus,6954,Giorgio Chiellini,DEF,Leading,28,1,0,0,3,0
3879630,2015-11-29,Juventus,7013,Stefano Sturaro,MID,Level,30,4,1,0.1695571,18,6
3879630,2015-11-29,Juventus,7013,Stefano Sturaro,MID,Leading,20,2,1,0.24574737,10,2
3879630,2015-11-29,Juventus,7173,Leonardo Bonucci,DEF,Level,60,17,1,0.101868644,4,4
3879630,2015-11-29,Juventus,7173,Leonardo Bonucci,DEF,Leading,33,4,0,0,3,0
3879630,2015-11-29,Juventus,8294,Claudio Marchisio,MID,Level,39,11,0,0,9,2
3879630,2015-11-29,Juventus,8294,Claudio Marchisio,MID,Leading,29,1,0,0,7,2
3879630,2015-11-29,Juventus,20004,Paul Pogba,MID,Level,34,6,2,0.031703248,13,2
3879630,2015-11-29,Juventus,20004,Paul Pogba,MID,Leading,18,2,2,0.054325638,3,0
3879630,2015-11-29,Juventus,20008,Patrice Evra,DEF,Level,42,3,1,0.15330486,6,5
3879630,2015-11-29,Juventus,20008,Patrice Evra,DEF,Leading,32,2,0,0,4,1
3900532,2015-12-01,Paris Saint-Germain,2995,Ángel Fabián Di María Hernández,FWD,Level,105,23,2,0.152618536,5,6
3900532,2015-12-01,Paris Saint-Germain,3026,Adrien Rabiot,MID,Level,111,11,1,0.06500695,19,14
3900532,2015-12-01,Paris Saint-Germain,3295,Thiago Emiliano da Silva,DEF,Level,120,13,0,0,5,14
3900532,2015-12-01,Paris Saint-Germain,3481,Serge Aurier,DEF,Level,51,4,1,0.08528275,19,5
3900532,2015-12-01,Paris Saint-Germain,3672,Zlatan Ibrahimović,FWD,Level,13,2,1,0.07055698,0,0
3900532,2015-12-01,Paris Saint-Germain,3745,Lucas Rodrigues Moura da Silva,FWD,Level,34,1,2,0.143291116,14,3
3900532,2015-12-01,Paris Saint-Germain,3956,David Luiz Moreira Marinho,DEF,Level,112,15,0,0,4,10
3900532,2015-12-01,Paris Saint-Germain,4319,Edinson Roberto Cavani Gómez,FWD,Level,23,1,3,0.16458574799999998,13,0
3900532,2015-12-01,Paris Saint-Germain,4325,Thiago Motta,MID,Level,101,10,0,0,12,3
3900532,2015-12-01,Paris Saint-Germain,4375,Blaise Matuidi,MID,Level,48,5,0,0,8,4
3900532,2015-12-01,Paris Saint-Germain,4440,Kevin Trapp,GK,Level,19,0,0,0,0,2
3900532,2015-12-01,Paris Saint-Germain,26613,Maxwell Scherrer Cabelino Andrade,DEF,Level,68,4,1,0.07204306,3,4
3900532,2015-12-01,Paris Saint-Germain,351521,Ezequiel Iván Lavezzi,MID,Level,23,1,1,0.058951605,3,1
3879637,2015-12-04,Juventus,3477,Álvaro Borja Morata Martín,MID,Leading,3,0,0,0,4,0
3879637,2015-12-04,Juventus,5472,Mario Mandžukić,MID,Level,2,0,0,0,3,0
3879637,2015-12-04,Juventus,5472,Mario Mandžukić,MID,Leading,24,1,0,0,26,1
3879637,2015-12-04,Juventus,5541,Stephan Lichtsteiner,DEF,Level,1,1,0,0,0,0
3879637,2015-12-04,Juventus,5541,Stephan Lichtsteiner,DEF,Leading,37,5,0,0,12,3
3879637,2015-12-04,Juventus,5689,Juan Guillermo Cuadrado Bello,MID,Leading,3,0,0,0,5,1
3879637,2015-12-04,Juventus,5743,Paulo Bruno Exequiel Dybala,MID,Level,0,0,1,0.019507311,0,1
3879637,2015-12-04,Juventus,5743,Paulo Bruno Exequiel Dybala,MID,Leading,30,3,3,0.131342665,13,9
3879637,2015-12-04,Juventus,6940,Kwadwo Asamoah,MID,Level,3,1,0,0,1,0
3879637,2015-12-04,Juventus,6940,Kwadwo Asamoah,MID,Leading,17,1,1,0.040440053,10,1
3879637,2015-12-04,Juventus,6943,Andrea Barzagli,DEF,Level,1,0,0,0,2,1
3879637,2015-12-04,Juventus,6943,Andrea Barzagli,DEF,Leading,32,3,0,0,13,4
3879637,2015-12-04,Juventus,6945,Alex Sandro Lobo Silva,DEF,Level,5,0,0,0,1,0
3879637,2015-12-04,Juventus,6945,Alex Sandro Lobo Silva,DEF,Leading,31,5,0,0,19,3
3879637,2015-12-04,Juventus,6949,Gianluigi Buffon,GK,Level,3,0,0,0,0,0
3879637,2015-12-04,Juventus,6949,Gianluigi Buffon,GK,Leading,25,4,0,0,0,8
3879637,2015-12-04,Juventus,6954,Giorgio Chiellini,DEF,Level,5,0,0,0,1,2
3879637,2015-12-04,Juventus,6954,Giorgio Chiellini,DEF,Leading,42,3,0,0,11,3
3879637,2015-12-04,Juventus,7013,Stefano Sturaro,MID,Level,1,0,0,0,2,0
3879637,2015-12-04,Juventus,7013,Stefano Sturaro,MID,Leading,31,3,0,0,21,3
3879637,2015-12-04,Juventus,7173,Leonardo Bonucci,DEF,Level,3,0,0,0,0,0
3879637,2015-12-04,Juventus,7173,Leonardo Bonucci,DEF,Leading,36,8,1,0.020197356,10,4
3879637,2015-12-04,Juventus,8294,Claudio Marchisio,MID,Level,3,1,0,0,3,1
3879637,2015-12-04,Juventus,8294,Claudio Marchisio,MID,Leading,41,5,1,0.02251146,32,13
3879637,2015-12-04,Juventus,20008,Patrice Evra,MID,Leading,12,1,0,0,7,0
3900540,2015-12-04,Paris Saint-Germain,2995,Ángel Fabián Di María Hernández,FWD,Level,24,5,0,0,3,2
3900540,2015-12-04,Paris Saint-Germain,2995,Ángel Fabián Di María Hernández,FWD,Leading,42,13,3,0.202244086,8,4
3900540,2015-12-04,Paris Saint-Germain,3026,Adrien Rabiot,MID,Leading,44,3,1,0.1621519,12,6
3900540,2015-12-04,Paris Saint-Germain,3295,Thiago Emiliano da Silva,DEF,Level,48,8,0,0,2,2
3900540,2015-12-04,Paris Saint-Germain,3295,Thiago Emiliano da Silva,DEF,Leading,63,5,0,0,1,0
3900540,2015-12-04,Paris Saint-Germain,3481,Serge Aurier,DEF,Level,28,4,1,0.07209094,3,2
3900540,2015-12-04,Paris Saint-Germain,3481,Serge Aurier,DEF,Leading,48,2,0,0,15,3
3900540,2015-12-04,Paris Saint-Germain,3672,Zlatan Ibrahimović,FWD,Level,28,0,2,0.35661509,5,2
3900540,2015-12-04,Paris Saint-Germain,3672,Zlatan Ibrahimović,FWD,Leading,14,1,4,1.078099258,5,1
3900540,2015-12-04,Paris Saint-Germain,3745,Lucas Rodrigues Moura da Silva,FWD,Leading,10,1,0,0,1,1
3900540,2015-12-04,Paris Saint-Germain,4319,Edinson Roberto Cavani Gómez,FWD,Level,10,0,1,0.85981816,9,0
3900540,2015-12-04,Paris Saint-Germain,4319,Edinson Roberto Cavani Gómez,FWD,Leading,22,2,1,0.034545027,6,4
3900540,2015-12-04,Paris Saint-Germain,4325,Thiago Motta,MID,Level,49,8,0,0,12,4
3900540,2015-12-04,Paris Saint-Germain,4325,Thiago Motta,MID,Leading,44,5,1,0.15706013,16,1
3900540,2015-12-04,Paris Saint-Germain,4326,Layvin Kurzawa,DEF,Level,17,1,0,0,1,3
3900540,2015-12-04,Paris Saint-Germain,4326,Layvin Kurzawa,DEF,Leading,55,4,1,0.022960303,9,1
3900540,2015-12-04,Paris Saint-Germain,4372,Marcos Aoás Corrêa,DEF,Level,40,6,0,0,4,3
3900540,2015-12-04,Paris Saint-Germain,4372,Marcos Aoás Corrêa,DEF,Leading,44,4,0,0,1,1
3900540,2015-12-04,Paris Saint-Germain,4375,Blaise Matuidi,MID,Level,23,2,0,0,5,2
3900540,2015-12-04,Paris Saint-Germain,4375,Blaise Matuidi,MID,Leading,18,5,0,0,5,1
3900540,2015-12-04,Paris Saint-Germain,4440,Kevin Trapp,GK,Level,4,0,0,0,0,0
3900540,2015-12-04,Paris Saint-Germain,4440,Kevin Trapp,GK,Leading,20,2,0,0,0,1
3900540,2015-12-04,Paris Saint-Germain,8515,Benjamin Stambouli,MID,Level,32,4,0,0,11,1
3900540,2015-12-04,Paris Saint-Germain,8515,Benjamin Stambouli,MID,Leading,40,4,1,0.26344922,16,5
3900540,2015-12-04,Paris Saint-Germain,351521,Ezequiel Iván Lavezzi,MID,Leading,20,4,0,0,2,0
3754160,2015-12-05,Arsenal,3394,Laurent Koscielny,DEF,Level,29,5,0,0,3,2
3754160,2015-12-05,Arsenal,3394,Laurent Koscielny,DEF,Leading,21,3,0,0,4,2
3754160,2015-12-05,Arsenal,3461,Petr Čech,GK,Level,14,3,0,0,0,3
3754160,2015-12-05,Arsenal,3461,Petr Čech,GK,Leading,15,3,0,0,0,1
3754160,2015-12-05,Arsenal,3475,Per Mertesacker,DEF,Level,30,5,0,0,1,2
3754160,2015-12-05,Arsenal,3475,Per Mertesacker,DEF,Leading,21,2,0,0,1,1
3754160,2015-12-05,Arsenal,3496,Mesut Özil,MID,Level,59,6,1,0.024718713,2,0
3754160,2015-12-05,Arsenal,3496,Mesut Özil,MID,Leading,49,4,0,0,3,4
3754160,2015-12-05,Arsenal,3498,Ignacio Monreal Eraso,DEF,Level,51,5,0,0,1,4
3754160,2015-12-05,Arsenal,3498,Ignacio Monreal Eraso,DEF,Leading,43,6,0,0,5,2
3754160,2015-12-05,Arsenal,3511,Héctor Bellerín Moruno,DEF,Level,33,3,0,0,4,2
3754160,2015-12-05,Arsenal,3511,Héctor Bellerín Moruno,DEF,Leading,35,3,1,0.045087036,1,3
3754160,2015-12-05,Arsenal,3517,Aaron Ramsey,MID,Level,78,12,4,0.320630627,2,5
3754160,2015-12-05,Arsenal,3517,Aaron Ramsey,MID,Leading,45,10,3,0.8695900999999999,4,5
3754160,2015-12-05,Arsenal,3525,Alex Oxlade-Chamberlain,FWD,Level,27,2,1,0.029070292,4,1
3754160,2015-12-05,Arsenal,3525,Alex Oxlade-Chamberlain,FWD,Leading,4,1,0,0,0,1
3754160,2015-12-05,Arsenal,3528,Kieran Gibbs,FWD,Leading,17,4,0,0,4,0
3754160,2015-12-05,Arsenal,3604,Olivier Giroud,FWD,Level,11,0,1,0.11984975,2,0
3754160,2015-12-05,Arsenal,3604,Olivier Giroud,FWD,Leading,8,0,1,0.07143857,2,0
3754160,2015-12-05,Arsenal,3668,Theo Walcott,FWD,Leading,10,0,1,0.030138908,1,0
3754160,2015-12-05,Arsenal,3713,Calum Chambers,FWD,Leading,3,0,2,0.18610070499999998,3,0
3754160,2015-12-05,Arsenal,5581,Joel Nathaniel Campbell Samuels,FWD,Level,28,1,1,0.14589794,6,3
3754160,2015-12-05,Arsenal,5581,Joel Nathaniel Campbell Samuels,FWD,Leading,8,0,0,0,2,0
3754160,2015-12-05,Arsenal,6631,Mathieu Flamini,MID,Level,65,13,0,0,4,4
3754160,2015-12-05,Arsenal,6631,Mathieu Flamini,MID,Leading,40,6,0,0,1,3
267274,2015-12-05,Barcelona,4320,Neymar da Silva Santos Junior,FWD,Level,47,4,1,0.19611926,3,3
267274,2015-12-05,Barcelona,4320,Neymar da Silva Santos Junior,FWD,Leading,24,3,1,0.11946791,7,1
267274,2015-12-05,Barcelona,4324,Daniel Alves da Silva,DEF,Level,41,2,0,0,10,4
267274,2015-12-05,Barcelona,4324,Daniel Alves da Silva,DEF,Leading,27,2,0,0,4,4
267274,2015-12-05,Barcelona,4691,Claudio Andrés Bravo Muñoz,GK,Level,15,0,0,0,0,3
267274,2015-12-05,Barcelona,4691,Claudio Andrés Bravo Muñoz,GK,Leading,5,0,0,0,0,0
267274,2015-12-05,Barcelona,5203,Sergio Busquets i Burgos,MID,Level,58,4,1,0.020989403,15,3
267274,2015-12-05,Barcelona,5203,Sergio Busquets i Burgos,MID,Leading,38,5,0,0,4,3
267274,2015-12-05,Barcelona,5211,Jordi Alba Ramos,DEF,Level,66,6,0,0,5,4
267274,2015-12-05,Barcelona,5211,Jordi Alba Ramos,DEF,Leading,18,1,0,0,2,1
267274,2015-12-05,Barcelona,5213,Gerard Piqué Bernabéu,DEF,Level,53,7,0,0,3,3
267274,2015-12-05,Barcelona,5213,Gerard Piqué Bernabéu,DEF,Leading,21,4,0,0,2,4
267274,2015-12-05,Barcelona,5216,Andrés Iniesta Luján,MID,Level,67,15,0,0,11,3
267274,2015-12-05,Barcelona,5216,Andrés Iniesta Luján,MID,Leading,32,3,0,0,5,2
267274,2015-12-05,Barcelona,5246,Luis Alberto Suárez Díaz,FWD,Level,18,1,3,0.209292029,12,3
267274,2015-12-05,Barcelona,5246,Luis Alberto Suárez Díaz,FWD,Leading,9,1,1,0.0663994,3,1
267274,2015-12-05,Barcelona,5470,Ivan Rakitić,MID,Level,37,0,2,0.110449396,11,5
267274,2015-12-05,Barcelona,5470,Ivan Rakitić,MID,Leading,27,2,0,0,5,1
267274,2015-12-05,Barcelona,5503,Lionel Andrés Messi Cuccittini,FWD,Level,35,6,7,0.603388754,7,5
267274,2015-12-05,Barcelona,5503,Lionel Andrés Messi Cuccittini,FWD,Leading,24,2,0,0,3,1
267274,2015-12-05,Barcelona,5506,Javier Alejandro Mascherano,DEF,Level,67,9,0,0,1,3
267274,2015-12-05,Barcelona,5506,Javier Alejandro Mascherano,DEF,Leading,29,1,0,0,3,2
3890390,2015-12-05,Bayer Leverkusen,3058,Javier Hernández Balcázar,FWD,Level,4,0,1,0.14535828,9,0
3890390,2015-12-05,Bayer Leverkusen,3058,Javier Hernández Balcázar,FWD,Trailing,14,2,3,0.7096462800000001,6,0
3890390,2015-12-05,Bayer Leverkusen,5555,Julian Brandt,MID,Level,4,0,0,0,3,1
3890390,2015-12-05,Bayer Leverkusen,5555,Julian Brandt,MID,Trailing,3,0,0,0,4,0
3890390,2015-12-05,Bayer Leverkusen,7039,Hakan Çalhanoğlu,MID,Trailing,22,3,0,0,9,3
3890390,2015-12-05,Bayer Leverkusen,8212,Wendell Nascimento Borges,MID,Trailing,26,3,0,0,12,1
3890390,2015-12-05,Bayer Leverkusen,8212,Wendell Nascimento Borges,MID,Level,15,0,0,0,6,6
3890390,2015-12-05,Bayer Leverkusen,8213,Karim Bellarabi,FWD,Level,14,0,0,0,18,3
3890390,2015-12-05,Bayer Leverkusen,8213,Karim Bellarabi,FWD,Trailing,22,1,0,0,23,5
3890390,2015-12-05,Bayer Leverkusen,8219,Admir Mehmedi,FWD,Level,17,2,0,0,16,5
3890390,2015-12-05,Bayer Leverkusen,8219,Admir Mehmedi,FWD,Trailing,12,2,0,0,14,1
3890390,2015-12-05,Bayer Leverkusen,8221,Jonathan Tah,DEF,Level,19,3,1,0.0618549,2,0
3890390,2015-12-05,Bayer Leverkusen,8221,Jonathan Tah,DEF,Trailing,31,2,1,0.026640542,13,6
3890390,2015-12-05,Bayer Leverkusen,8222,Kevin Kampl,MID,Level,13,2,0,0,11,0
3890390,2015-12-05,Bayer Leverkusen,8222,Kevin Kampl,MID,Trailing,37,7,0,0,18,8
3890390,2015-12-05,Bayer Leverkusen,8549,Giulio Donati,DEF,Level,20,2,0,0,9,2
3890390,2015-12-05,Bayer Leverkusen,8549,Giulio Donati,DEF,Trailing,13,0,0,0,7,0
3890390,2015-12-05,Bayer Leverkusen,8573,Ömer Toprak,DEF,Level,13,1,0,0,5,0
3890390,2015-12-05,Bayer Leverkusen,8573,Ömer Toprak,DEF,Trailing,38,6,1,0.025237907,5,3
3890390,2015-12-05,Bayer Leverkusen,8805,Christoph Kramer,MID,Level,20,3,0,0,9,1
3890390,2015-12-05,Bayer Leverkusen,8805,Christoph Kramer,MID,Trailing,35,3,0,0,24,2
3890390,2015-12-05,Bayer Leverkusen,8918,Roberto Hilbert,DEF,Trailing,24,3,0,0,4,1
3890390,2015-12-05,Bayer Leverkusen,15581,Bernd Leno,GK,Level,8,0,0,0,0,2
3890390,2015-12-05,Bayer Leverkusen,15581,Bernd Leno,GK,Trailing,19,2,0,0,0,1
3890390,2015-12-05,Bayer Leverkusen,20415,Sebastian Boenisch,DEF,Level,5,1,0,0,1,0
3890390,2015-12-05,Bayer Leverkusen,20415,Sebastian Boenisch,DEF,Trailing,7,0,0,0,2,0
266961,2015-12-12,Barcelona,3508,Sandro Ramírez Castillo,FWD,Level,15,0,0,0,7,2
266961,2015-12-12,Barcelona,3508,Sandro Ramírez Castillo,FWD,Leading,5,1,0,0,2,0
266961,2015-12-12,Barcelona,4324,Daniel Alves da Silva,DEF,Level,63,6,1,0.018323367,6,5
266961,2015-12-12,Barcelona,4324,Daniel Alves da Silva,DEF,Leading,50,3,1,0.025375439,11,4
266961,2015-12-12,Barcelona,4691,Claudio Andrés Bravo Muñoz,GK,Level,13,0,0,0,0,0
266961,2015-12-12,Barcelona,4691,Claudio Andrés Bravo Muñoz,GK,Leading,17,1,0,0,0,3
266961,2015-12-12,Barcelona,5203,Sergio Busquets i Burgos,MID,Level,27,8,0,0,8,2
266961,2015-12-12,Barcelona,5203,Sergio Busquets i Burgos,MID,Leading,37,5,0,0,11,1
266961,2015-12-12,Barcelona,5211,Jordi Alba Ramos,DEF,Level,39,5,0,0,1,1
266961,2015-12-12,Barcelona,5211,Jordi Alba Ramos,DEF,Leading,42,3,0,0,5,3
266961,2015-12-12,Barcelona,5213,Gerard Piqué Bernabéu,DEF,Level,21,1,0,0,2,4
266961,2015-12-12,Barcelona,5213,Gerard Piqué Bernabéu,DEF,Leading,14,3,0,0,3,1
266961,2015-12-12,Barcelona,5216,Andrés Iniesta Luján,MID,Level,49,14,0,0,8,5
266961,2015-12-12,Barcelona,5216,Andrés Iniesta Luján,MID,Leading,58,12,2,0.07198797900000001,8,6
266961,2015-12-12,Barcelona,5246,Luis Alberto Suárez Díaz,FWD,Level,19,3,3,0.35854324400000004,6,2
266961,2015-12-12,Barcelona,5246,Luis Alberto Suárez Díaz,FWD,Leading,22,1,2,0.116122018,10,2
266961,2015-12-12,Barcelona,5470,Ivan Rakitić,MID,Level,37,3,0,0,13,0
266961,2015-12-12,Barcelona,5470,Ivan Rakitić,MID,Leading,52,9,2,0.079571573,9,1
266961,2015-12-12,Barcelona,5503,Lionel Andrés Messi Cuccittini,FWD,Level,45,10,5,0.26283307899999997,2,0
266961,2015-12-12,Barcelona,5503,Lionel Andrés Messi Cuccittini,FWD,Leading,50,4,3,0.107863455,2,0
266961,2015-12-12,Barcelona,5506,Javier Alejandro Mascherano,DEF,Level,17,3,0,0,7,2
266961,2015-12-12,Barcelona,5506,Javier Alejandro Mascherano,DEF,Leading,10,0,0,0,8,1
266961,2015-12-12,Barcelona,6379,Sergi Roberto Carnicer,MID,Leading,4,1,0,0,2,1
266961,2015-12-12,Barcelona,6379,Sergi Roberto Carnicer,MID,Level,9,2,0,0,2,1
266961,2015-12-12,Barcelona,6616,Munir El Haddadi Mohamed,FWD,Leading,1,0,0,0,11,0
266961,2015-12-12,Barcelona,6616,Munir El Haddadi Mohamed,FWD,Level,2,0,0,0,1,0
266961,2015-12-12,Barcelona,10609,Jérémy Mathieu,DEF,Leading,5,0,0,0,2,0
266961,2015-12-12,Barcelona,10609,Jérémy Mathieu,DEF,Level,4,0,0,0,0,0
3890395,2015-12-12,Bayer Leverkusen,3058,Javier Hernández Balcázar,MID,Level,9,0,0,0,1,2
3890395,2015-12-12,Bayer Leverkusen,3058,Javier Hernández Balcázar,MID,Leading,9,1,3,1.543517723,6,0
3890395,2015-12-12,Bayer Leverkusen,7039,Hakan Çalhanoğlu,MID,Level,20,1,1,0.00870333,6,4
3890395,2015-12-12,Bayer Leverkusen,7039,Hakan Çalhanoğlu,MID,Leading,30,6,2,0.0391234914,11,3
3890395,2015-12-12,Bayer Leverkusen,8212,Wendell Nascimento Borges,DEF,Level,30,3,0,0,5,2
3890395,2015-12-12,Bayer Leverkusen,8212,Wendell Nascimento Borges,DEF,Leading,24,1,0,0,19,5
3890395,2015-12-12,Bayer Leverkusen,8213,Karim Bellarabi,MID,Level,16,0,0,0,5,3
3890395,2015-12-12,Bayer Leverkusen,8213,Karim Bellarabi,MID,Leading,14,1,4,0.215270276,20,5
3890395,2015-12-12,Bayer Leverkusen,8219,Admir Mehmedi,MID,Leading,3,0,0,0,5,0
3890395,2015-12-12,Bayer Leverkusen,8221,Jonathan Tah,DEF,Level,6,0,0,0,3,1
3890395,2015-12-12,Bayer Leverkusen,8221,Jonathan Tah,DEF,Leading,8,1,0,0,9,3
3890395,2015-12-12,Bayer Leverkusen,8222,Kevin Kampl,MID,Level,24,4,0,0,6,5
3890395,2015-12-12,Bayer Leverkusen,8222,Kevin Kampl,MID,Leading,30,7,0,0,17,9
3890395,2015-12-12,Bayer Leverkusen,8549,Giulio Donati,DEF,Leading,22,4,0,0,9,2
3890395,2015-12-12,Bayer Leverkusen,8573,Ömer Toprak,DEF,Level,26,1,0,0,4,4
3890395,2015-12-12,Bayer Leverkusen,8573,Ömer Toprak,DEF,Leading,15,1,0,0,6,5
3890395,2015-12-12,Bayer Leverkusen,8805,Christoph Kramer,MID,Level,21,2,0,0,11,4
3890395,2015-12-12,Bayer Leverkusen,8805,Christoph Kramer,MID,Leading,29,6,0,0,21,9
3890395,2015-12-12,Bayer Leverkusen,8918,Roberto Hilbert,DEF,Level,21,2,0,0,8,5
3890395,2015-12-12,Bayer Leverkusen,8918,Roberto Hilbert,DEF,Leading,4,1,0,0,3,1
3890395,2015-12-12,Bayer Leverkusen,11394,Stefan Kießling,MID,Level,14,1,1,0.27561885,7,4
3890395,2015-12-12,Bayer Leverkusen,11394,Stefan Kießling,MID,Leading,23,2,3,0.240131755,24,5
3890395,2015-12-12,Bayer Leverkusen,15581,Bernd Leno,GK,Level,15,3,0,0,1,0
3890395,2015-12-12,Bayer Leverkusen,15581,Bernd Leno,GK,Leading,15,7,0,0,0,3
3890395,2015-12-12,Bayer Leverkusen,21168,Marlon Frey,MID,Leading,3,0,0,0,1,0
3754117,2015-12-13,Arsenal,3394,Laurent Koscielny,DEF,Level,3,2,0,0,1,1
3754117,2015-12-13,Arsenal,3394,Laurent Koscielny,DEF,Leading,57,9,1,0.057764526,3,3
3754117,2015-12-13,Arsenal,3461,Petr Čech,GK,Level,2,0,0,0,0,1
3754117,2015-12-13,Arsenal,3461,Petr Čech,GK,Leading,36,8,0,0,0,6
3754117,2015-12-13,Arsenal,3475,Per Mertesacker,DEF,Level,2,0,0,0,1,0
3754117,2015-12-13,Arsenal,3475,Per Mertesacker,DEF,Leading,58,10,0,0,0,1
3754117,2015-12-13,Arsenal,3496,Mesut Özil,MID,Level,4,0,0,0,1,0
3754117,2015-12-13,Arsenal,3496,Mesut Özil,MID,Leading,45,6,0,0,13,1
3754117,2015-12-13,Arsenal,3498,Ignacio Monreal Eraso,DEF,Level,4,0,0,0,1,0
3754117,2015-12-13,Arsenal,3498,Ignacio Monreal Eraso,DEF,Leading,59,3,0,0,9,3
3754117,2015-12-13,Arsenal,3511,Héctor Bellerín Moruno,DEF,Level,4,0,0,0,0,1
3754117,2015-12-13,Arsenal,3511,Héctor Bellerín Moruno,DEF,Leading,42,2,1,0.10026226,11,0
3754117,2015-12-13,Arsenal,3517,Aaron Ramsey,MID,Level,7,0,0,0,4,0
3754117,2015-12-13,Arsenal,3517,Aaron Ramsey,MID,Leading,73,13,3,0.771214875,21,9
3754117,2015-12-13,Arsenal,3525,Alex Oxlade-Chamberlain,FWD,Leading,13,2,1,0.06298616,8,2
3754117,2015-12-13,Arsenal,3528,Kieran Gibbs,FWD,Leading,15,1,1,0.044319924,6,2
3754117,2015-12-13,Arsenal,3604,Olivier Giroud,FWD,Level,0,0,1,0.7835,0,0
3754117,2015-12-13,Arsenal,3604,Olivier Giroud,FWD,Leading,38,1,1,0.083645426,15,4
3754117,2015-12-13,Arsenal,3668,Theo Walcott,FWD,Level,2,0,0,0,0,0
3754117,2015-12-13,Arsenal,3668,Theo Walcott,FWD,Leading,13,1,0,0,7,1
3754117,2015-12-13,Arsenal,3713,Calum Chambers,MID,Leading,4,0,0,0,3,0
3754117,2015-12-13,Arsenal,5581,Joel Nathaniel Campbell Samuels,FWD,Level,3,0,0,0,3,1
3754117,2015-12-13,Arsenal,5581,Joel Nathaniel Campbell Samuels,FWD,Leading,17,0,0,0,16,5
3754117,2015-12-13,Arsenal,6631,Mathieu Flamini,MID,Level,7,1,0,0,2,1
3754117,2015-12-13,Arsenal,6631,Mathieu Flamini,MID,Leading,48,7,0,0,14,1
3879653,2015-12-13,Juventus,3477,Álvaro Borja Morata Martín,MID,Leading,1,0,0,0,8,0
3879653,2015-12-13,Juventus,5472,Mario Mandžukić,MID,Level,15,0,2,0.283615116,28,1
3879653,2015-12-13,Juventus,5472,Mario Mandžukić,MID,Trailing,2,0,0,0,0,0
3879653,2015-12-13,Juventus,5472,Mario Mandžukić,MID,Leading,1,1,1,0.026643954,0,1
3879653,2015-12-13,Juventus,5566,Sami Khedira,MID,Trailing,1,0,0,0,1,0
3879653,2015-12-13,Juventus,5566,Sami Khedira,MID,Level,21,1,0,0,16,0
3879653,2015-12-13,Juventus,5689,Juan Guillermo Cuadrado Bello,DEF,Trailing,4,1,1,0.03717154,0,0
3879653,2015-12-13,Juventus,5689,Juan Guillermo Cuadrado Bello,DEF,Level,24,1,1,0.026207007,11,3
3879653,2015-12-13,Juventus,5689,Juan Guillermo Cuadrado Bello,DEF,Leading,4,1,0,0,1,0
3879653,2015-12-13,Juventus,5743,Paulo Bruno Exequiel Dybala,MID,Level,21,4,5,0.969694034,17,4
3879653,2015-12-13,Juventus,5743,Paulo Bruno Exequiel Dybala,MID,Trailing,1,0,0,0,1,1
3879653,2015-12-13,Juventus,5743,Paulo Bruno Exequiel Dybala,MID,Leading,4,0,1,0.40364948,4,1
3879653,2015-12-13,Juventus,6943,Andrea Barzagli,DEF,Trailing,4,1,0,0,0,1
3879653,2015-12-13,Juventus,6943,Andrea Barzagli,DEF,Level,47,5,0,0,6,4
3879653,2015-12-13,Juventus,6943,Andrea Barzagli,DEF,Leading,5,1,0,0,0,0
3879653,2015-12-13,Juventus,6945,Alex Sandro Lobo Silva,DEF,Level,3,1,0,0,0,2
3879653,2015-12-13,Juventus,6945,Alex Sandro Lobo Silva,DEF,Leading,5,0,0,0,4,2
3879653,2015-12-13,Juventus,6949,Gianluigi Buffon,GK,Trailing,0,0,0,0,0,0
3879653,2015-12-13,Juventus,6949,Gianluigi Buffon,GK,Level,14,3,0,0,0,1
3879653,2015-12-13,Juventus,6949,Gianluigi Buffon,GK,Leading,2,0,0,0,0,1
3879653,2015-12-13,Juventus,6954,Giorgio Chiellini,DEF,Level,45,11,0,0,10,3
3879653,2015-12-13,Juventus,6954,Giorgio Chiellini,DEF,Trailing,1,1,0,0,1,0
3879653,2015-12-13,Juventus,6954,Giorgio Chiellini,DEF,Leading,5,1,0,0,0,1
3879653,2015-12-13,Juventus,7013,Stefano Sturaro,MID,Level,2,0,0,0,9,0
3879653,2015-12-13,Juventus,7013,Stefano Sturaro,MID,Leading,1,0,1,0.04799572,5,0
3879653,2015-12-13,Juventus,7173,Leonardo Bonucci,DEF,Level,32,4,2,0.027634152000000002,4,3
3879653,2015-12-13,Juventus,7173,Leonardo Bonucci,DEF,Trailing,1,0,0,0,0,0
3879653,2015-12-13,Juventus,7173,Leonardo Bonucci,DEF,Leading,2,0,0,0,0,0
3879653,2015-12-13,Juventus,8294,Claudio Marchisio,MID,Level,40,4,0,0,24,6
3879653,2015-12-13,Juventus,8294,Claudio Marchisio,MID,Trailing,1,0,0,0,3,0
3879653,2015-12-13,Juventus,8294,Claudio Marchisio,MID,Leading,2,0,0,0,4,0
3879653,2015-12-13,Juventus,20004,Paul Pogba,MID,Level,38,6,2,0.0146014662,21,5
3879653,2015-12-13,Juventus,20004,Paul Pogba,MID,Trailing,4,1,0,0,1,1
3879653,2015-12-13,Juventus,20004,Paul Pogba,MID,Leading,6,1,0,0,4,1
3879653,2015-12-13,Juventus,20008,Patrice Evra,DEF,Level,42,3,0,0,8,3
3879653,2015-12-13,Juventus,20008,Patrice Evra,DEF,Trailing,3,1,0,0,0,0
3900557,2015-12-13,Paris Saint-Germain,2995,Ángel Fabián Di María Hernández,FWD,Level,10,2,0,0,3,0
3900557,2015-12-13,Paris Saint-Germain,2995,Ángel Fabián Di María Hernández,FWD,Leading,53,4,1,0.10060252,19,4
3900557,2015-12-13,Paris Saint-Germain,3026,Adrien Rabiot,MID,Level,9,1,0,0,3,0
3900557,2015-12-13,Paris Saint-Germain,3026,Adrien Rabiot,MID,Leading,47,5,0,0,24,4
3900557,2015-12-13,Paris Saint-Germain,3166,Marco Verratti,MID,Leading,38,2,0,0,7,3
3900557,2015-12-13,Paris Saint-Germain,3295,Thiago Emiliano da Silva,DEF,Level,18,2,0,0,0,0
3900557,2015-12-13,Paris Saint-Germain,3295,Thiago Emiliano da Silva,DEF,Leading,88,11,0,0,8,6
3900557,2015-12-13,Paris Saint-Germain,3481,Serge Aurier,DEF,Level,11,0,0,0,2,0
3900557,2015-12-13,Paris Saint-Germain,3481,Serge Aurier,DEF,Leading,63,0,1,0.423238,25,10
3900557,2015-12-13,Paris Saint-Germain,3672,Zlatan Ibrahimović,FWD,Level,2,0,2,0.42007816,0,1
3900557,2015-12-13,Paris Saint-Germain,3672,Zlatan Ibrahimović,FWD,Leading,29,2,1,0.7835,13,2
3900557,2015-12-13,Paris Saint-Germain,3745,Lucas Rodrigues Moura da Silva,MID,Leading,4,1,1,0.26904482,4,0
3900557,2015-12-13,Paris Saint-Germain,3956,David Luiz Moreira Marinho,DEF,Level,15,1,0,0,1,1
3900557,2015-12-13,Paris Saint-Germain,3956,David Luiz Moreira Marinho,DEF,Leading,72,3,2,0.23305642,11,0
3900557,2015-12-13,Paris Saint-Germain,4319,Edinson Roberto Cavani Gómez,FWD,Level,0,0,0,0,1,0
3900557,2015-12-13,Paris Saint-Germain,4319,Edinson Roberto Cavani Gómez,FWD,Leading,21,2,3,0.46213253000000004,17,1
3900557,2015-12-13,Paris Saint-Germain,4325,Thiago Motta,MID,Level,6,0,0,0,4,0
3900557,2015-12-13,Paris Saint-Germain,4325,Thiago Motta,MID,Leading,75,5,0,0,17,2
3900557,2015-12-13,Paris Saint-Germain,4372,Marcos Aoás Corrêa,MID,Leading,6,0,0,0,5,0
3900557,2015-12-13,Paris Saint-Germain,4375,Blaise Matuidi,MID,Level,9,0,0,0,3,0
3900557,2015-12-13,Paris Saint-Germain,4375,Blaise Matuidi,MID,Leading,33,4,0,0,33,3
3900557,2015-12-13,Paris Saint-Germain,4440,Kevin Trapp,GK,Leading,31,3,0,0,0,3
3900557,2015-12-13,Paris Saint-Germain,26613,Maxwell Scherrer Cabelino Andrade,DEF,Level,8,0,0,0,1,0
3900557,2015-12-13,Paris Saint-Germain,26613,Maxwell Scherrer Cabelino Andrade,DEF,Leading,51,2,0,0,5,2
3890409,2015-12-19,Bayer Leverkusen,3058,Javier Hernández Balcázar,MID,Level,17,2,1,0.12704092,3,4
3890409,2015-12-19,Bayer Leverkusen,3058,Javier Hernández Balcázar,MID,Leading,1,0,0,0,1,0
3890409,2015-12-19,Bayer Leverkusen,5555,Julian Brandt,MID,Leading,1,1,0,0,0,1
3890409,2015-12-19,Bayer Leverkusen,7039,Hakan Çalhanoğlu,MID,Level,48,2,2,0.081161394,6,5
3890409,2015-12-19,Bayer Leverkusen,8212,Wendell Nascimento Borges,DEF,Level,42,3,0,0,8,4
3890409,2015-12-19,Bayer Leverkusen,8212,Wendell Nascimento Borges,DEF,Leading,10,1,0,0,6,1
3890409,2015-12-19,Bayer Leverkusen,8213,Karim Bellarabi,MID,Level,20,2,1,0.017182102,13,6
3890409,2015-12-19,Bayer Leverkusen,8213,Karim Bellarabi,MID,Leading,3,1,0,0,2,0
3890409,2015-12-19,Bayer Leverkusen,8219,Admir Mehmedi,MID,Leading,5,0,1,0.09257951,2,0
3890409,2015-12-19,Bayer Leverkusen,8221,Jonathan Tah,DEF,Level,26,8,1,0.070381336,8,8
3890409,2015-12-19,Bayer Leverkusen,8221,Jonathan Tah,DEF,Leading,3,0,0,0,1,0
3890409,2015-12-19,Bayer Leverkusen,8222,Kevin Kampl,MID,Level,29,5,1,0.009306078,12,9
3890409,2015-12-19,Bayer Leverkusen,8222,Kevin Kampl,MID,Leading,7,0,0,0,3,1
3890409,2015-12-19,Bayer Leverkusen,8313,Kyriakos Papadopoulos,MID,Leading,3,0,0,0,2,0
3890409,2015-12-19,Bayer Leverkusen,8549,Giulio Donati,DEF,Level,33,10,0,0,11,6
3890409,2015-12-19,Bayer Leverkusen,8549,Giulio Donati,DEF,Leading,2,0,0,0,0,0
3890409,2015-12-19,Bayer Leverkusen,8573,Ömer Toprak,DEF,Level,20,2,0,0,7,4
3890409,2015-12-19,Bayer Leverkusen,8573,Ömer Toprak,DEF,Leading,4,0,0,0,3,0
3890409,2015-12-19,Bayer Leverkusen,8805,Christoph Kramer,MID,Level,29,2,0,0,37,5
3890409,2015-12-19,Bayer Leverkusen,8805,Christoph Kramer,MID,Leading,2,0,0,0,5,0
3890409,2015-12-19,Bayer Leverkusen,11394,Stefan Kießling,MID,Level,23,1,2,0.37093244999999997,11,3
3890409,2015-12-19,Bayer Leverkusen,11394,Stefan Kießling,MID,Leading,8,0,0,0,2,1
3890409,2015-12-19,Bayer Leverkusen,15581,Bernd Leno,GK,Level,30,5,0,0,0,7
3890409,2015-12-19,Bayer Leverkusen,15581,Bernd Leno,GK,Leading,5,3,0,0,0,1
3900562,2015-12-19,Paris Saint-Germain,2995,Ángel Fabián Di María Hernández,FWD,Level,16,2,2,0.15586075,2,2
3900562,2015-12-19,Paris Saint-Germain,2995,Ángel Fabián Di María Hernández,FWD,Leading,63,4,1,0.18465468,17,8
3900562,2015-12-19,Paris Saint-Germain,3026,Adrien Rabiot,MID,Leading,29,2,0,0,7,3
3900562,2015-12-19,Paris Saint-Germain,3166,Marco Verratti,MID,Level,16,2,0,0,7,0
3900562,2015-12-19,Paris Saint-Germain,3166,Marco Verratti,MID,Leading,108,11,0,0,11,4
3900562,2015-12-19,Paris Saint-Germain,3295,Thiago Emiliano da Silva,DEF,Level,16,2,0,0,1,0
3900562,2015-12-19,Paris Saint-Germain,3295,Thiago Emiliano da Silva,DEF,Leading,64,6,1,0.054926645,5,3
3900562,2015-12-19,Paris Saint-Germain,3481,Serge Aurier,DEF,Level,18,0,0,0,6,2
3900562,2015-12-19,Paris Saint-Germain,3481,Serge Aurier,DEF,Leading,44,3,1,0.020946974,8,7
3900562,2015-12-19,Paris Saint-Germain,3672,Zlatan Ibrahimović,FWD,Level,8,1,0,0,1,1
3900562,2015-12-19,Paris Saint-Germain,3672,Zlatan Ibrahimović,FWD,Leading,45,5,5,0.912644228,8,6
3900562,2015-12-19,Paris Saint-Germain,3745,Lucas Rodrigues Moura da Silva,FWD,Level,8,0,0,0,1,1
3900562,2015-12-19,Paris Saint-Germain,3745,Lucas Rodrigues Moura da Silva,FWD,Leading,29,2,5,0.572419961,5,2
3900562,2015-12-19,Paris Saint-Germain,3956,David Luiz Moreira Marinho,DEF,Level,9,1,0,0,1,1
3900562,2015-12-19,Paris Saint-Germain,3956,David Luiz Moreira Marinho,DEF,Leading,47,1,0,0,7,3
3900562,2015-12-19,Paris Saint-Germain,4325,Thiago Motta,MID,Level,29,4,0,0,4,1
3900562,2015-12-19,Paris Saint-Germain,4325,Thiago Motta,MID,Leading,82,5,1,0.17405199,9,3
3900562,2015-12-19,Paris Saint-Germain,4372,Marcos Aoás Corrêa,MID,Leading,11,0,0,0,9,0
3900562,2015-12-19,Paris Saint-Germain,4375,Blaise Matuidi,MID,Level,14,0,0,0,4,0
3900562,2015-12-19,Paris Saint-Germain,4375,Blaise Matuidi,MID,Leading,65,6,0,0,12,5
3900562,2015-12-19,Paris Saint-Germain,4440,Kevin Trapp,GK,Level,6,0,0,0,0,0
3900562,2015-12-19,Paris Saint-Germain,4440,Kevin Trapp,GK,Leading,24,2,0,0,0,3
3900562,2015-12-19,Paris Saint-Germain,26613,Maxwell Scherrer Cabelino Andrade,DEF,Level,23,2,0,0,3,2
3900562,2015-12-19,Paris Saint-Germain,26613,Maxwell Scherrer Cabelino Andrade,DEF,Leading,45,3,0,0,0,3
3900562,2015-12-19,Paris Saint-Germain,351521,Ezequiel Iván Lavezzi,FWD,Leading,9,0,2,0.28484339000000003,5,0
3879660,2015-12-20,Juventus,3477,Álvaro Borja Morata Martín,MID,Leading,8,0,0,0,8,1
3879660,2015-12-20,Juventus,5472,Mario Mandžukić,MID,Level,12,0,1,0.20839594,7,1
3879660,2015-12-20,Juventus,5472,Mario Mandžukić,MID,Trailing,3,0,1,0.18556732,1,1
3879660,2015-12-20,Juventus,5472,Mario Mandžukić,MID,Leading,30,0,0,0,18,1
3879660,2015-12-20,Juventus,5541,Stephan Lichtsteiner,DEF,Leading,3,0,0,0,4,1
3879660,2015-12-20,Juventus,5566,Sami Khedira,MID,Level,15,1,2,0.047163848,7,1
3879660,2015-12-20,Juventus,5566,Sami Khedira,MID,Trailing,3,1,1,0.26710606,0,0
3879660,2015-12-20,Juventus,5566,Sami Khedira,MID,Leading,30,3,0,0,10,1
3879660,2015-12-20,Juventus,5689,Juan Guillermo Cuadrado Bello,DEF,Level,21,1,0,0,7,4
3879660,2015-12-20,Juventus,5689,Juan Guillermo Cuadrado Bello,DEF,Trailing,1,0,0,0,0,0
3879660,2015-12-20,Juventus,5689,Juan Guillermo Cuadrado Bello,DEF,Leading,31,2,0,0,7,2
3879660,2015-12-20,Juventus,5743,Paulo Bruno Exequiel Dybala,MID,Level,16,1,1,0.019455016,8,0
3879660,2015-12-20,Juventus,5743,Paulo Bruno Exequiel Dybala,MID,Trailing,2,0,1,0.33584067,1,1
3879660,2015-12-20,Juventus,5743,Paulo Bruno Exequiel Dybala,MID,Leading,17,2,0,0,5,1
3879660,2015-12-20,Juventus,6943,Andrea Barzagli,DEF,Level,40,5,0,0,2,3
3879660,2015-12-20,Juventus,6943,Andrea Barzagli,DEF,Trailing,3,0,0,0,0,0
3879660,2015-12-20,Juventus,6943,Andrea Barzagli,DEF,Leading,13,1,0,0,4,1
3879660,2015-12-20,Juventus,6949,Gianluigi Buffon,GK,Level,9,0,0,0,0,3
3879660,2015-12-20,Juventus,6949,Gianluigi Buffon,GK,Trailing,1,0,0,0,0,0
3879660,2015-12-20,Juventus,6949,Gianluigi Buffon,GK,Leading,21,2,0,0,0,2
3879660,2015-12-20,Juventus,6953,Daniele Rugani,DEF,Leading,33,5,0,0,6,3
3879660,2015-12-20,Juventus,6954,Giorgio Chiellini,DEF,Level,53,14,1,0.13778849,6,5
3879660,2015-12-20,Juventus,6954,Giorgio Chiellini,DEF,Trailing,5,2,0,0,0,0
3879660,2015-12-20,Juventus,6954,Giorgio Chiellini,DEF,Leading,35,7,0,0,4,3
3879660,2015-12-20,Juventus,7173,Leonardo Bonucci,DEF,Level,30,5,0,0,3,1
3879660,2015-12-20,Juventus,7173,Leonardo Bonucci,DEF,Trailing,5,0,0,0,1,1
3879660,2015-12-20,Juventus,7173,Leonardo Bonucci,DEF,Leading,29,0,0,0,7,1
3879660,2015-12-20,Juventus,8294,Claudio Marchisio,MID,Level,50,11,1,0.016162248,6,1
3879660,2015-12-20,Juventus,8294,Claudio Marchisio,MID,Trailing,7,3,0,0,0,0
3879660,2015-12-20,Juventus,8294,Claudio Marchisio,MID,Leading,46,8,0,0,17,6
3879660,2015-12-20,Juventus,20004,Paul Pogba,MID,Level,28,1,0,0,10,3
3879660,2015-12-20,Juventus,20004,Paul Pogba,MID,Trailing,2,0,0,0,1,0
3879660,2015-12-20,Juventus,20004,Paul Pogba,MID,Leading,26,2,1,0.24627352,13,2
3879660,2015-12-20,Juventus,20008,Patrice Evra,DEF,Level,25,2,0,0,4,1
3879660,2015-12-20,Juventus,20008,Patrice Evra,DEF,Trailing,1,0,0,0,0,0
3879660,2015-12-20,Juventus,20008,Patrice Evra,DEF,Leading,26,3,0,0,5,0
3754296,2015-12-21,Arsenal,3394,Laurent Koscielny,DEF,Level,26,13,0,0,4,4
3754296,2015-12-21,Arsenal,3394,Laurent Koscielny,DEF,Leading,15,5,0,0,5,2
3754296,2015-12-21,Arsenal,3461,Petr Čech,GK,Level,8,2,0,0,0,2
3754296,2015-12-21,Arsenal,3461,Petr Čech,GK,Leading,17,7,0,0,0,1
3754296,2015-12-21,Arsenal,3475,Per Mertesacker,DEF,Level,22,5,0,0,2,0
3754296,2015-12-21,Arsenal,3475,Per Mertesacker,DEF,Leading,11,4,0,0,2,1
3754296,2015-12-21,Arsenal,3496,Mesut Özil,MID,Level,21,2,0,0,3,1
3754296,2015-12-21,Arsenal,3496,Mesut Özil,MID,Leading,26,3,0,0,11,4
3754296,2015-12-21,Arsenal,3498,Ignacio Monreal Eraso,DEF,Level,23,2,0,0,6,2
3754296,2015-12-21,Arsenal,3498,Ignacio Monreal Eraso,DEF,Leading,32,7,0,0,9,0
3754296,2015-12-21,Arsenal,3511,Héctor Bellerín Moruno,DEF,Level,22,2,0,0,2,2
3754296,2015-12-21,Arsenal,3511,Héctor Bellerín Moruno,DEF,Leading,20,3,0,0,4,3
3754296,2015-12-21,Arsenal,3517,Aaron Ramsey,MID,Level,31,4,0,0,4,5
3754296,2015-12-21,Arsenal,3517,Aaron Ramsey,MID,Leading,29,1,3,0.88823425,14,8
3754296,2015-12-21,Arsenal,3525,Alex Oxlade-Chamberlain,MID,Leading,9,2,0,0,4,1
3754296,2015-12-21,Arsenal,3528,Kieran Gibbs,FWD,Leading,8,0,0,0,10,0
3754296,2015-12-21,Arsenal,3604,Olivier Giroud,FWD,Level,8,0,0,0,10,1
3754296,2015-12-21,Arsenal,3604,Olivier Giroud,FWD,Leading,23,0,1,0.10357236,13,3
3754296,2015-12-21,Arsenal,3668,Theo Walcott,FWD,Level,8,2,1,0.034853064,8,1
3754296,2015-12-21,Arsenal,3668,Theo Walcott,FWD,Leading,16,3,1,0.041459296,6,3
3754296,2015-12-21,Arsenal,3713,Calum Chambers,FWD,Leading,0,0,0,0,3,1
3754296,2015-12-21,Arsenal,5581,Joel Nathaniel Campbell Samuels,FWD,Level,6,0,0,0,10,1
3754296,2015-12-21,Arsenal,5581,Joel Nathaniel Campbell Samuels,FWD,Leading,13,1,2,0.28585738,8,4
3754296,2015-12-21,Arsenal,6631,Mathieu Flamini,MID,Level,17,1,0,0,3,0
3754296,2015-12-21,Arsenal,6631,Mathieu Flamini,MID,Leading,16,0,0,0,4,2
3754309,2015-12-26,Arsenal,3394,Laurent Koscielny,DEF,Level,10,0,0,0,1,4
3754309,2015-12-26,Arsenal,3394,Laurent Koscielny,DEF,Trailing,39,7,0,0,10,10
3754309,2015-12-26,Arsenal,3461,Petr Čech,GK,Level,3,0,0,0,0,0
3754309,2015-12-26,Arsenal,3461,Petr Čech,GK,Trailing,25,2,0,0,0,3
3754309,2015-12-26,Arsenal,3475,Per Mertesacker,DEF,Level,10,3,0,0,0,1
3754309,2015-12-26,Arsenal,3475,Per Mertesacker,DEF,Trailing,48,4,0,0,1,1
3754309,2015-12-26,Arsenal,3496,Mesut Özil,MID,Level,10,0,0,0,2,0
3754309,2015-12-26,Arsenal,3496,Mesut Özil,MID,Trailing,58,5,1,0.38586125,2,0
3754309,2015-12-26,Arsenal,3498,Ignacio Monreal Eraso,DEF,Level,16,2,1,0.090159394,2,2
3754309,2015-12-26,Arsenal,3498,Ignacio Monreal Eraso,DEF,Trailing,55,5,0,0,9,2
3754309,2015-12-26,Arsenal,3511,Héctor Bellerín Moruno,DEF,Level,15,1,0,0,0,0
3754309,2015-12-26,Arsenal,3511,Héctor Bellerín Moruno,DEF,Trailing,55,4,0,0,2,2
3754309,2015-12-26,Arsenal,3517,Aaron Ramsey,MID,Level,15,1,0,0,1,2
3754309,2015-12-26,Arsenal,3517,Aaron Ramsey,MID,Trailing,76,19,1,0.033079468,14,3
3754309,2015-12-26,Arsenal,3525,Alex Oxlade-Chamberlain,FWD,Trailing,14,0,0,0,4,3
3754309,2015-12-26,Arsenal,3604,Olivier Giroud,FWD,Level,8,0,2,0.09164302399999999,3,0
3754309,2015-12-26,Arsenal,3604,Olivier Giroud,FWD,Trailing,20,0,1,0.04935862,4,0
3754309,2015-12-26,Arsenal,3647,Alex Iwobi,FWD,Trailing,5,0,0,0,0,0
3754309,2015-12-26,Arsenal,3668,Theo Walcott,FWD,Level,5,0,0,0,1,2
3754309,2015-12-26,Arsenal,3668,Theo Walcott,FWD,Trailing,18,0,2,0.14186603,2,3
3754309,2015-12-26,Arsenal,3713,Calum Chambers,MID,Trailing,15,0,0,0,3,3
3754309,2015-12-26,Arsenal,5581,Joel Nathaniel Campbell Samuels,FWD,Level,7,1,0,0,6,1
3754309,2015-12-26,Arsenal,5581,Joel Nathaniel Campbell Samuels,FWD,Trailing,17,0,0,0,7,3
3754309,2015-12-26,Arsenal,6631,Mathieu Flamini,MID,Level,11,0,0,0,2,2
3754309,2015-12-26,Arsenal,6631,Mathieu Flamini,MID,Trailing,38,3,0,0,8,3
3754173,2015-12-28,Arsenal,3461,Petr Čech,GK,Level,13,3,0,0,0,2
3754173,2015-12-28,Arsenal,3461,Petr Čech,GK,Leading,18,3,0,0,0,4
3754173,2015-12-28,Arsenal,3475,Per Mertesacker,DEF,Level,20,2,0,0,1,1
3754173,2015-12-28,Arsenal,3475,Per Mertesacker,DEF,Leading,24,4,1,0.53635293,2,3
3754173,2015-12-28,Arsenal,3496,Mesut Özil,MID,Level,22,7,0,0,7,0
3754173,2015-12-28,Arsenal,3496,Mesut Özil,MID,Leading,50,9,2,0.35733210000000004,14,1
3754173,2015-12-28,Arsenal,3498,Ignacio Monreal Eraso,DEF,Leading,5,0,0,0,0,0
3754173,2015-12-28,Arsenal,3511,Héctor Bellerín Moruno,DEF,Level,18,3,0,0,2,1
3754173,2015-12-28,Arsenal,3511,Héctor Bellerín Moruno,DEF,Leading,45,6,0,0,8,1
3754173,2015-12-28,Arsenal,3517,Aaron Ramsey,MID,Level,28,4,0,0,12,3
3754173,2015-12-28,Arsenal,3517,Aaron Ramsey,MID,Leading,45,7,0,0,14,6
3754173,2015-12-28,Arsenal,3525,Alex Oxlade-Chamberlain,FWD,Level,14,1,0,0,9,1
3754173,2015-12-28,Arsenal,3525,Alex Oxlade-Chamberlain,FWD,Leading,29,5,1,0.098797314,16,5
3754173,2015-12-28,Arsenal,3528,Kieran Gibbs,DEF,Level,28,1,0,0,4,0
3754173,2015-12-28,Arsenal,3528,Kieran Gibbs,DEF,Leading,40,6,0,0,4,5
3754173,2015-12-28,Arsenal,3604,Olivier Giroud,FWD,Level,6,0,0,0,6,0
3754173,2015-12-28,Arsenal,3604,Olivier Giroud,FWD,Leading,14,2,3,0.301142056,11,4
3754173,2015-12-28,Arsenal,3668,Theo Walcott,FWD,Level,7,2,0,0,3,4
3754173,2015-12-28,Arsenal,3668,Theo Walcott,FWD,Leading,14,2,3,0.24410349799999997,12,0
3754173,2015-12-28,Arsenal,3713,Calum Chambers,MID,Level,17,2,0,0,5,3
3754173,2015-12-28,Arsenal,3713,Calum Chambers,MID,Leading,42,6,0,0,8,5
3754173,2015-12-28,Arsenal,5581,Joel Nathaniel Campbell Samuels,FWD,Leading,4,0,0,0,9,0
3754173,2015-12-28,Arsenal,6746,Gabriel Armando de Abreu,DEF,Level,30,1,1,0.14371033,1,3
3754173,2015-12-28,Arsenal,6746,Gabriel Armando de Abreu,DEF,Leading,35,2,2,0.0701049105,1,2
267327,2015-12-30,Barcelona,4320,Neymar da Silva Santos Junior,FWD,Level,14,2,2,0.959716,2,0
267327,2015-12-30,Barcelona,4320,Neymar da Silva Santos Junior,FWD,Leading,33,3,2,0.39362054,6,0
267327,2015-12-30,Barcelona,4324,Daniel Alves da Silva,DEF,Level,29,0,0,0,12,4
267327,2015-12-30,Barcelona,4324,Daniel Alves da Silva,DEF,Leading,52,5,1,0.036286946,15,2
267327,2015-12-30,Barcelona,4691,Claudio Andrés Bravo Muñoz,GK,Level,6,0,0,0,0,3
267327,2015-12-30,Barcelona,4691,Claudio Andrés Bravo Muñoz,GK,Leading,25,0,0,0,0,2
267327,2015-12-30,Barcelona,5203,Sergio Busquets i Burgos,MID,Level,19,4,0,0,9,0
267327,2015-12-30,Barcelona,5203,Sergio Busquets i Burgos,MID,Leading,27,3,0,0,6,0
267327,2015-12-30,Barcelona,5246,Luis Alberto Suárez Díaz,FWD,Level,5,0,0,0,2,1
267327,2015-12-30,Barcelona,5246,Luis Alberto Suárez Díaz,FWD,Leading,17,1,4,1.02709653,9,1
267327,2015-12-30,Barcelona,5470,Ivan Rakitić,MID,Level,11,2,1,0.025387459,4,2
267327,2015-12-30,Barcelona,5470,Ivan Rakitić,MID,Leading,46,8,0,0,16,2
267327,2015-12-30,Barcelona,5503,Lionel Andrés Messi Cuccittini,FWD,Level,20,1,1,0.039353047,0,0
267327,2015-12-30,Barcelona,5503,Lionel Andrés Messi Cuccittini,FWD,Leading,35,6,5,0.976810853,8,0
267327,2015-12-30,Barcelona,5506,Javier Alejandro Mascherano,DEF,Level,27,4,0,0,0,3
267327,2015-12-30,Barcelona,5506,Javier Alejandro Mascherano,DEF,Leading,44,7,0,0,10,2
267327,2015-12-30,Barcelona,6332,Thomas Vermaelen,DEF,Level,20,2,0,0,1,2
267327,2015-12-30,Barcelona,6332,Thomas Vermaelen,DEF,Leading,43,2,0,0,3,3
267327,2015-12-30,Barcelona,6379,Sergi Roberto Carnicer,MID,Level,19,3,0,0,5,2
267327,2015-12-30,Barcelona,6379,Sergi Roberto Carnicer,MID,Leading,27,4,0,0,8,4
267327,2015-12-30,Barcelona,6616,Munir El Haddadi Mohamed,MID,Leading,7,0,0,0,3,1
267327,2015-12-30,Barcelona,7068,Marc Bartra Aregall,MID,Leading,17,3,0,0,2,2
267327,2015-12-30,Barcelona,10609,Jérémy Mathieu,DEF,Level,22,1,0,0,1,1
267327,2015-12-30,Barcelona,10609,Jérémy Mathieu,DEF,Leading,29,1,0,0,3,3
267327,2015-12-30,Barcelona,22102,Adriano Correia Claro,DEF,Leading,16,2,0,0,5,1
3754069,2016-01-02,Arsenal,3394,Laurent Koscielny,DEF,Level,31,7,2,0.5659696599999999,9,4
3754069,2016-01-02,Arsenal,3394,Laurent Koscielny,DEF,Leading,5,0,0,0,3,1
3754069,2016-01-02,Arsenal,3461,Petr Čech,GK,Level,26,4,0,0,0,5
3754069,2016-01-02,Arsenal,3461,Petr Čech,GK,Leading,6,2,0,0,0,1
3754069,2016-01-02,Arsenal,3475,Per Mertesacker,DEF,Level,56,17,0,0,2,2
3754069,2016-01-02,Arsenal,3475,Per Mertesacker,DEF,Leading,3,1,0,0,0,1
3754069,2016-01-02,Arsenal,3496,Mesut Özil,MID,Level,52,3,0,0,12,1
3754069,2016-01-02,Arsenal,3496,Mesut Özil,MID,Leading,19,3,1,0.052807998,4,4
3754069,2016-01-02,Arsenal,3498,Ignacio Monreal Eraso,DEF,Level,43,6,0,0,12,3
3754069,2016-01-02,Arsenal,3498,Ignacio Monreal Eraso,DEF,Leading,11,2,1,0.044672597,8,0
3754069,2016-01-02,Arsenal,3511,Héctor Bellerín Moruno,DEF,Level,46,2,0,0,8,2
3754069,2016-01-02,Arsenal,3511,Héctor Bellerín Moruno,DEF,Leading,5,1,0,0,2,0
3754069,2016-01-02,Arsenal,3517,Aaron Ramsey,MID,Level,55,12,1,0.10793358,28,4
3754069,2016-01-02,Arsenal,3517,Aaron Ramsey,MID,Leading,20,6,2,0.36319042999999995,5,4
3754069,2016-01-02,Arsenal,3525,Alex Oxlade-Chamberlain,FWD,Level,38,6,2,0.1241342953,9,2
3754069,2016-01-02,Arsenal,3528,Kieran Gibbs,FWD,Leading,5,0,0,0,7,0
3754069,2016-01-02,Arsenal,3604,Olivier Giroud,FWD,Level,22,2,4,0.398006716,13,1
3754069,2016-01-02,Arsenal,3604,Olivier Giroud,FWD,Leading,7,0,0,0,2,0
3754069,2016-01-02,Arsenal,3668,Theo Walcott,FWD,Level,21,0,0,0,14,2
3754069,2016-01-02,Arsenal,3668,Theo Walcott,FWD,Leading,2,0,1,0.16870451,0,2
3754069,2016-01-02,Arsenal,3713,Calum Chambers,FWD,Leading,4,1,0,0,4,0
3754069,2016-01-02,Arsenal,5581,Joel Nathaniel Campbell Samuels,FWD,Leading,9,1,0,0,8,2
3754069,2016-01-02,Arsenal,6631,Mathieu Flamini,MID,Level,30,6,1,0.034217745,22,2
3754069,2016-01-02,Arsenal,6631,Mathieu Flamini,MID,Leading,6,1,0,0,5,1
266670,2016-01-02,Barcelona,4320,Neymar da Silva Santos Junior,FWD,Level,60,2,2,0.304490087,15,4
266670,2016-01-02,Barcelona,4324,Daniel Alves da Silva,DEF,Level,77,9,0,0,22,10
266670,2016-01-02,Barcelona,4691,Claudio Andrés Bravo Muñoz,GK,Level,29,0,0,0,0,4
266670,2016-01-02,Barcelona,5203,Sergio Busquets i Burgos,MID,Level,74,10,1,0.06614917,23,4
266670,2016-01-02,Barcelona,5211,Jordi Alba Ramos,DEF,Level,75,9,1,0.17061263,13,6
266670,2016-01-02,Barcelona,5213,Gerard Piqué Bernabéu,DEF,Level,72,14,0,0,9,5
266670,2016-01-02,Barcelona,5216,Andrés Iniesta Luján,MID,Level,68,10,1,0.017755473,15,8
266670,2016-01-02,Barcelona,5246,Luis Alberto Suárez Díaz,FWD,Level,25,0,1,0.20868659,7,1
266670,2016-01-02,Barcelona,5470,Ivan Rakitić,MID,Level,46,7,0,0,16,3
266670,2016-01-02,Barcelona,5503,Lionel Andrés Messi Cuccittini,FWD,Level,45,4,4,0.24276848,10,6
266670,2016-01-02,Barcelona,5506,Javier Alejandro Mascherano,DEF,Level,59,11,0,0,9,3
266670,2016-01-02,Barcelona,6379,Sergi Roberto Carnicer,MID,Level,13,0,0,0,8,1
3879670,2016-01-06,Juventus,3477,Álvaro Borja Morata Martín,MID,Level,5,0,0,0,4,1
3879670,2016-01-06,Juventus,3477,Álvaro Borja Morata Martín,MID,Leading,23,2,2,0.17239868600000002,26,2
3879670,2016-01-06,Juventus,5248,José Martín Cáceres Silva,DEF,Level,2,1,0,0,1,0
3879670,2016-01-06,Juventus,5248,José Martín Cáceres Silva,DEF,Leading,40,1,0,0,2,2
3879670,2016-01-06,Juventus,5541,Stephan Lichtsteiner,DEF,Level,2,0,1,0.04232231,0,0
3879670,2016-01-06,Juventus,5541,Stephan Lichtsteiner,DEF,Leading,36,5,0,0,14,1
3879670,2016-01-06,Juventus,5566,Sami Khedira,MID,Level,2,0,0,0,3,0
3879670,2016-01-06,Juventus,5566,Sami Khedira,MID,Leading,21,1,0,0,26,0
3879670,2016-01-06,Juventus,5743,Paulo Bruno Exequiel Dybala,MID,Level,2,1,1,0.051548745,2,0
3879670,2016-01-06,Juventus,5743,Paulo Bruno Exequiel Dybala,MID,Leading,40,6,2,0.032464086,21,7
3879670,2016-01-06,Juventus,6584,Simone Zaza,MID,Leading,3,0,2,0.63791212,3,2
3879670,2016-01-06,Juventus,6945,Alex Sandro Lobo Silva,DEF,Level,5,1,0,0,1,0
3879670,2016-01-06,Juventus,6945,Alex Sandro Lobo Silva,DEF,Leading,42,8,1,0.029289983,26,4
3879670,2016-01-06,Juventus,6949,Gianluigi Buffon,GK,Level,2,0,0,0,0,1
3879670,2016-01-06,Juventus,6949,Gianluigi Buffon,GK,Leading,18,2,0,0,0,3
3879670,2016-01-06,Juventus,6953,Daniele Rugani,DEF,Leading,9,0,0,0,1,0
3879670,2016-01-06,Juventus,6954,Giorgio Chiellini,DEF,Level,7,2,0,0,1,0
3879670,2016-01-06,Juventus,6954,Giorgio Chiellini,DEF,Leading,71,12,1,0.03525815,11,3
3879670,2016-01-06,Juventus,7013,Stefano Sturaro,MID,Leading,16,0,0,0,13,1
3879670,2016-01-06,Juventus,7173,Leonardo Bonucci,DEF,Level,5,1,0,0,0,0
3879670,2016-01-06,Juventus,7173,Leonardo Bonucci,DEF,Leading,71,7,1,0.23358981,1,4
3879670,2016-01-06,Juventus,8294,Claudio Marchisio,MID,Level,3,0,0,0,0,0
3879670,2016-01-06,Juventus,8294,Claudio Marchisio,MID,Leading,60,7,1,0.050824273,20,4
3879670,2016-01-06,Juventus,20004,Paul Pogba,MID,Level,4,2,1,0.0435967,1,3
3879670,2016-01-06,Juventus,20004,Paul Pogba,MID,Leading,47,7,2,0.0350851794,17,7
3900570,2016-01-08,Paris Saint-Germain,2995,Ángel Fabián Di María Hernández,FWD,Level,22,0,0,0,1,0
3900570,2016-01-08,Paris Saint-Germain,2995,Ángel Fabián Di María Hernández,FWD,Leading,73,6,1,0.023670115,9,2
3900570,2016-01-08,Paris Saint-Germain,3166,Marco Verratti,MID,Level,36,6,0,0,7,3
3900570,2016-01-08,Paris Saint-Germain,3166,Marco Verratti,MID,Leading,68,7,0,0,8,1
3900570,2016-01-08,Paris Saint-Germain,3295,Thiago Emiliano da Silva,DEF,Level,23,3,1,0.2306968,3,3
3900570,2016-01-08,Paris Saint-Germain,3295,Thiago Emiliano da Silva,DEF,Leading,43,4,0,0,1,3
3900570,2016-01-08,Paris Saint-Germain,3481,Serge Aurier,DEF,Level,24,1,0,0,4,4
3900570,2016-01-08,Paris Saint-Germain,3481,Serge Aurier,DEF,Leading,37,0,1,0.015012047,10,5
3900570,2016-01-08,Paris Saint-Germain,3672,Zlatan Ibrahimović,FWD,Level,16,3,0,0,3,0
3900570,2016-01-08,Paris Saint-Germain,3672,Zlatan Ibrahimović,FWD,Leading,41,2,2,0.18212696750000001,2,1
3900570,2016-01-08,Paris Saint-Germain,3745,Lucas Rodrigues Moura da Silva,FWD,Level,15,2,0,0,2,3
3900570,2016-01-08,Paris Saint-Germain,3745,Lucas Rodrigues Moura da Silva,FWD,Leading,37,1,3,0.22197233500000002,8,5
3900570,2016-01-08,Paris Saint-Germain,3956,David Luiz Moreira Marinho,DEF,Level,26,4,0,0,2,0
3900570,2016-01-08,Paris Saint-Germain,3956,David Luiz Moreira Marinho,DEF,Leading,48,2,0,0,5,1
3900570,2016-01-08,Paris Saint-Germain,4325,Thiago Motta,MID,Level,41,4,1,0.9368823,8,0
3900570,2016-01-08,Paris Saint-Germain,4325,Thiago Motta,MID,Leading,124,11,0,0,9,2
3900570,2016-01-08,Paris Saint-Germain,4370,Javier Matías Pastore,MID,Leading,53,11,2,0.09937691600000001,3,3
3900570,2016-01-08,Paris Saint-Germain,4372,Marcos Aoás Corrêa,DEF,Leading,12,0,0,0,1,0
3900570,2016-01-08,Paris Saint-Germain,4375,Blaise Matuidi,MID,Level,24,3,0,0,8,1
3900570,2016-01-08,Paris Saint-Germain,4375,Blaise Matuidi,MID,Leading,67,7,0,0,10,1
3900570,2016-01-08,Paris Saint-Germain,4440,Kevin Trapp,GK,Level,9,1,0,0,0,0
3900570,2016-01-08,Paris Saint-Germain,4440,Kevin Trapp,GK,Leading,5,0,0,0,0,2
3900570,2016-01-08,Paris Saint-Germain,26613,Maxwell Scherrer Cabelino Andrade,DEF,Level,20,4,0,0,0,2
3900570,2016-01-08,Paris Saint-Germain,26613,Maxwell Scherrer Cabelino Andrade,DEF,Leading,60,5,2,0.070038163,1,3
3900570,2016-01-08,Paris Saint-Germain,351521,Ezequiel Iván Lavezzi,MID,Leading,10,2,0,0,2,2
266620,2016-01-09,Barcelona,4320,Neymar da Silva Santos Junior,FWD,Level,8,1,0,0,0,0
266620,2016-01-09,Barcelona,4320,Neymar da Silva Santos Junior,FWD,Leading,63,8,5,0.607951942,10,9
266620,2016-01-09,Barcelona,4324,Daniel Alves da Silva,DEF,Leading,43,3,0,0,7,1
266620,2016-01-09,Barcelona,4691,Claudio Andrés Bravo Muñoz,GK,Level,5,1,0,0,0,0
266620,2016-01-09,Barcelona,4691,Claudio Andrés Bravo Muñoz,GK,Leading,19,2,0,0,0,1
266620,2016-01-09,Barcelona,5211,Jordi Alba Ramos,DEF,Level,8,1,1,0.36216584,2,0
266620,2016-01-09,Barcelona,5211,Jordi Alba Ramos,DEF,Leading,60,4,0,0,18,1
266620,2016-01-09,Barcelona,5213,Gerard Piqué Bernabéu,DEF,Level,6,1,0,0,1,1
266620,2016-01-09,Barcelona,5213,Gerard Piqué Bernabéu,DEF,Leading,65,7,0,0,7,9
266620,2016-01-09,Barcelona,5246,Luis Alberto Suárez Díaz,FWD,Level,5,0,0,0,1,0
266620,2016-01-09,Barcelona,5246,Luis Alberto Suárez Díaz,FWD,Leading,35,3,4,0.5847785915000001,9,4
266620,2016-01-09,Barcelona,5470,Ivan Rakitić,MID,Level,4,0,1,0.01968325,0,1
266620,2016-01-09,Barcelona,5470,Ivan Rakitić,MID,Leading,61,10,1,0.019964434,31,2
266620,2016-01-09,Barcelona,5503,Lionel Andrés Messi Cuccittini,FWD,Level,7,2,1,0.44654724,1,0
266620,2016-01-09,Barcelona,5503,Lionel Andrés Messi Cuccittini,FWD,Leading,62,4,4,1.1678125179999999,8,4
266620,2016-01-09,Barcelona,6332,Thomas Vermaelen,DEF,Level,4,0,0,0,0,0
266620,2016-01-09,Barcelona,6332,Thomas Vermaelen,DEF,Leading,35,3,0,0,9,1
266620,2016-01-09,Barcelona,6379,Sergi Roberto Carnicer,MID,Level,11,0,0,0,0,0
266620,2016-01-09,Barcelona,6379,Sergi Roberto Carnicer,MID,Leading,67,8,0,0,37,4
266620,2016-01-09,Barcelona,6400,Aleix Vidal Parreu,DEF,Level,9,1,0,0,1,0
266620,2016-01-09,Barcelona,6400,Aleix Vidal Parreu,DEF,Leading,37,6,0,0,10,0
266620,2016-01-09,Barcelona,11094,Arda Turan,MID,Level,5,0,0,0,1,0
266620,2016-01-09,Barcelona,11094,Arda Turan,MID,Leading,60,5,0,0,27,11
266620,2016-01-09,Barcelona,22102,Adriano Correia Claro,MID,Leading,12,2,0,0,12,1
3879684,2016-01-10,Juventus,3477,Álvaro Borja Morata Martín,MID,Level,9,0,1,0.014233427,6,0
3879684,2016-01-10,Juventus,3477,Álvaro Borja Morata Martín,MID,Leading,17,0,1,0.3088625,16,2
3879684,2016-01-10,Juventus,5541,Stephan Lichtsteiner,DEF,Level,19,0,0,0,1,0
3879684,2016-01-10,Juventus,5541,Stephan Lichtsteiner,DEF,Leading,19,4,0,0,3,2
3879684,2016-01-10,Juventus,5566,Sami Khedira,MID,Level,8,1,0,0,3,0
3879684,2016-01-10,Juventus,5566,Sami Khedira,MID,Leading,25,2,2,0.5334110400000001,19,2
3879684,2016-01-10,Juventus,5689,Juan Guillermo Cuadrado Bello,DEF,Leading,15,0,0,0,4,1
3879684,2016-01-10,Juventus,5743,Paulo Bruno Exequiel Dybala,MID,Level,8,0,0,0,7,2
3879684,2016-01-10,Juventus,5743,Paulo Bruno Exequiel Dybala,MID,Leading,36,3,2,0.064064069,16,6
3879684,2016-01-10,Juventus,6584,Simone Zaza,MID,Leading,4,0,0,0,2,0
3879684,2016-01-10,Juventus,6949,Gianluigi Buffon,GK,Level,3,0,0,0,0,1
3879684,2016-01-10,Juventus,6949,Gianluigi Buffon,GK,Leading,21,2,0,0,0,3
3879684,2016-01-10,Juventus,6953,Daniele Rugani,DEF,Level,14,2,0,0,0,0
3879684,2016-01-10,Juventus,6953,Daniele Rugani,DEF,Leading,27,3,0,0,12,0
3879684,2016-01-10,Juventus,6954,Giorgio Chiellini,DEF,Level,19,3,1,0.051258095,0,1
3879684,2016-01-10,Juventus,6954,Giorgio Chiellini,DEF,Leading,55,8,0,0,12,2
3879684,2016-01-10,Juventus,7173,Leonardo Bonucci,DEF,Level,24,7,0,0,0,0
3879684,2016-01-10,Juventus,7173,Leonardo Bonucci,DEF,Leading,47,5,0,0,7,3
3879684,2016-01-10,Juventus,7952,Simone Padoin,MID,Leading,1,0,0,0,0,0
3879684,2016-01-10,Juventus,20004,Paul Pogba,MID,Level,6,2,2,0.131445844,5,2
3879684,2016-01-10,Juventus,20004,Paul Pogba,MID,Leading,19,1,2,0.057541395999999995,13,6
3879684,2016-01-10,Juventus,20008,Patrice Evra,DEF,Level,11,2,0,0,1,1
3879684,2016-01-10,Juventus,20008,Patrice Evra,DEF,Leading,40,7,0,0,9,3
3879684,2016-01-10,Juventus,25345,Anderson Hernanes de Carvalho Andrade,MID,Level,12,1,1,0.021885905,2,1
3879684,2016-01-10,Juventus,25345,Anderson Hernanes de Carvalho Andrade,MID,Leading,45,9,1,0.027347036,10,6
3754305,2016-01-13,Arsenal,3394,Laurent Koscielny,DEF,Level,18,7,0,0,4,2
3754305,2016-01-13,Arsenal,3394,Laurent Koscielny,DEF,Trailing,4,0,0,0,1,0
3754305,2016-01-13,Arsenal,3394,Laurent Koscielny,DEF,Leading,7,1,0,0,2,0
3754305,2016-01-13,Arsenal,3461,Petr Čech,GK,Level,29,13,0,0,0,5
3754305,2016-01-13,Arsenal,3461,Petr Čech,GK,Trailing,7,2,0,0,0,1
3754305,2016-01-13,Arsenal,3461,Petr Čech,GK,Leading,9,1,0,0,0,1
3754305,2016-01-13,Arsenal,3475,Per Mertesacker,DEF,Level,18,1,0,0,1,0
3754305,2016-01-13,Arsenal,3475,Per Mertesacker,DEF,Trailing,9,0,0,0,0,0
3754305,2016-01-13,Arsenal,3475,Per Mertesacker,DEF,Leading,6,0,0,0,2,1
3754305,2016-01-13,Arsenal,3496,Mesut Özil,MID,Level,19,4,0,0,6,0
3754305,2016-01-13,Arsenal,3496,Mesut Özil,MID,Trailing,6,3,0,0,1,0
3754305,2016-01-13,Arsenal,3496,Mesut Özil,MID,Leading,16,1,1,0.039013248,4,2
3754305,2016-01-13,Arsenal,3498,Ignacio Monreal Eraso,DEF,Level,17,2,0,0,8,1
3754305,2016-01-13,Arsenal,3498,Ignacio Monreal Eraso,DEF,Trailing,2,0,0,0,1,0
3754305,2016-01-13,Arsenal,3498,Ignacio Monreal Eraso,DEF,Leading,16,4,0,0,4,3
3754305,2016-01-13,Arsenal,3511,Héctor Bellerín Moruno,DEF,Level,17,2,0,0,3,1
3754305,2016-01-13,Arsenal,3511,Héctor Bellerín Moruno,DEF,Trailing,6,1,0,0,3,0
3754305,2016-01-13,Arsenal,3511,Héctor Bellerín Moruno,DEF,Leading,11,2,0,0,7,3
3754305,2016-01-13,Arsenal,3517,Aaron Ramsey,MID,Level,31,5,0,0,17,6
3754305,2016-01-13,Arsenal,3517,Aaron Ramsey,MID,Trailing,11,1,2,0.277247934,1,0
3754305,2016-01-13,Arsenal,3517,Aaron Ramsey,MID,Leading,10,1,0,0,14,4
3754305,2016-01-13,Arsenal,3525,Alex Oxlade-Chamberlain,FWD,Leading,2,1,0,0,3,2
3754305,2016-01-13,Arsenal,3525,Alex Oxlade-Chamberlain,FWD,Level,1,0,0,0,1,0
3754305,2016-01-13,Arsenal,3528,Kieran Gibbs,FWD,Leading,4,1,0,0,7,0
3754305,2016-01-13,Arsenal,3528,Kieran Gibbs,FWD,Level,0,0,0,0,1,0
3754305,2016-01-13,Arsenal,3604,Olivier Giroud,FWD,Level,21,1,3,0.91993449,17,4
3754305,2016-01-13,Arsenal,3604,Olivier Giroud,FWD,Trailing,4,0,1,0.08096793,4,0
3754305,2016-01-13,Arsenal,3604,Olivier Giroud,FWD,Leading,12,1,1,0.042896602,11,0
3754305,2016-01-13,Arsenal,3668,Theo Walcott,FWD,Level,13,0,2,0.107004558,6,6
3754305,2016-01-13,Arsenal,3668,Theo Walcott,FWD,Trailing,1,0,0,0,0,0
3754305,2016-01-13,Arsenal,3668,Theo Walcott,FWD,Leading,5,1,1,0.090500586,2,1
3754305,2016-01-13,Arsenal,5581,Joel Nathaniel Campbell Samuels,FWD,Level,10,0,3,0.209710911,16,2
3754305,2016-01-13,Arsenal,5581,Joel Nathaniel Campbell Samuels,FWD,Trailing,4,1,0,0,3,0
3754305,2016-01-13,Arsenal,5581,Joel Nathaniel Campbell Samuels,FWD,Leading,8,1,0,0,9,3
3754305,2016-01-13,Arsenal,6631,Mathieu Flamini,MID,Level,22,1,0,0,5,2
3754305,2016-01-13,Arsenal,6631,Mathieu Flamini,MID,Trailing,3,0,0,0,1,0
3754305,2016-01-13,Arsenal,6631,Mathieu Flamini,MID,Leading,6,1,0,0,3,1
3754305,2016-01-13,Arsenal,42703,Mikel Arteta Amatriain,MID,Leading,0,0,0,0,1,0
3754305,2016-01-13,Arsenal,42703,Mikel Arteta Amatriain,MID,Level,3,0,0,0,1,0
3900585,2016-01-16,Paris Saint-Germain,3166,Marco Verratti,MID,Leading,29,1,0,0,3,0
3900585,2016-01-16,Paris Saint-Germain,3481,Serge Aurier,DEF,Level,69,5,0,0,16,4
3900585,2016-01-16,Paris Saint-Germain,3481,Serge Aurier,DEF,Leading,12,2,0,0,1,0
3900585,2016-01-16,Paris Saint-Germain,3672,Zlatan Ibrahimović,FWD,Level,34,2,7,0.561112237,1,4
3900585,2016-01-16,Paris Saint-Germain,3672,Zlatan Ibrahimović,FWD,Leading,13,1,1,0.0070760464,3,1
3900585,2016-01-16,Paris Saint-Germain,3745,Lucas Rodrigues Moura da Silva,FWD,Level,54,8,1,0.09025807,3,4
3900585,2016-01-16,Paris Saint-Germain,3745,Lucas Rodrigues Moura da Silva,FWD,Leading,17,0,1,0.04661663,5,2
3900585,2016-01-16,Paris Saint-Germain,3956,David Luiz Moreira Marinho,DEF,Level,74,5,1,0.060043387,3,5
3900585,2016-01-16,Paris Saint-Germain,3956,David Luiz Moreira Marinho,DEF,Leading,6,0,0,0,1,0
3900585,2016-01-16,Paris Saint-Germain,4319,Edinson Roberto Cavani Gómez,FWD,Level,27,1,0,0,4,1
3900585,2016-01-16,Paris Saint-Germain,4319,Edinson Roberto Cavani Gómez,FWD,Leading,10,1,0,0,2,0
3900585,2016-01-16,Paris Saint-Germain,4325,Thiago Motta,MID,Level,109,12,1,0.13934448,9,5
3900585,2016-01-16,Paris Saint-Germain,4325,Thiago Motta,MID,Leading,28,2,0,0,2,1
3900585,2016-01-16,Paris Saint-Germain,4370,Javier Matías Pastore,FWD,Level,12,1,0,0,1,1
3900585,2016-01-16,Paris Saint-Germain,4372,Marcos Aoás Corrêa,DEF,Level,86,12,0,0,10,1
3900585,2016-01-16,Paris Saint-Germain,4375,Blaise Matuidi,MID,Level,81,11,0,0,12,1
3900585,2016-01-16,Paris Saint-Germain,4375,Blaise Matuidi,MID,Leading,25,4,0,0,4,2
3900585,2016-01-16,Paris Saint-Germain,4440,Kevin Trapp,GK,Level,23,0,0,0,0,6
3900585,2016-01-16,Paris Saint-Germain,4440,Kevin Trapp,GK,Leading,5,1,0,0,0,0
3900585,2016-01-16,Paris Saint-Germain,8515,Benjamin Stambouli,MID,Level,65,3,0,0,14,4
3900585,2016-01-16,Paris Saint-Germain,8515,Benjamin Stambouli,MID,Leading,3,0,0,0,0,0
3900585,2016-01-16,Paris Saint-Germain,20048,Gregory van der Wiel,DEF,Level,15,0,0,0,2,1
3900585,2016-01-16,Paris Saint-Germain,20048,Gregory van der Wiel,DEF,Leading,14,0,0,0,1,2
3900585,2016-01-16,Paris Saint-Germain,26613,Maxwell Scherrer Cabelino Andrade,DEF,Level,56,5,0,0,4,1
3900585,2016-01-16,Paris Saint-Germain,26613,Maxwell Scherrer Cabelino Andrade,DEF,Leading,16,1,0,0,0,1
3754202,2016-01-17,Arsenal,3394,Laurent Koscielny,DEF,Level,41,5,0,0,8,3
3754202,2016-01-17,Arsenal,3461,Petr Čech,GK,Level,38,9,0,0,0,3
3754202,2016-01-17,Arsenal,3475,Per Mertesacker,DEF,Level,51,5,0,0,5,1
3754202,2016-01-17,Arsenal,3498,Ignacio Monreal Eraso,DEF,Level,50,4,0,0,24,3
3754202,2016-01-17,Arsenal,3511,Héctor Bellerín Moruno,DEF,Level,54,6,0,0,10,4
3754202,2016-01-17,Arsenal,3517,Aaron Ramsey,MID,Level,77,12,2,0.082773336,19,9
3754202,2016-01-17,Arsenal,3525,Alex Oxlade-Chamberlain,MID,Level,50,5,3,0.121668258,7,5
3754202,2016-01-17,Arsenal,3604,Olivier Giroud,FWD,Level,46,2,2,0.25089189,9,2
3754202,2016-01-17,Arsenal,3647,Alex Iwobi,FWD,Level,14,1,0,0,1,0
3754202,2016-01-17,Arsenal,3668,Theo Walcott,FWD,Level,24,0,0,0,5,4
3754202,2016-01-17,Arsenal,3713,Calum Chambers,MID,Level,1,0,0,0,1,1
3754202,2016-01-17,Arsenal,5581,Joel Nathaniel Campbell Samuels,FWD,Level,42,6,1,0.03684778,17,3
3754202,2016-01-17,Arsenal,6631,Mathieu Flamini,MID,Level,50,6,0,0,16,4
266149,2016-01-17,Barcelona,4320,Neymar da Silva Santos Junior,FWD,Level,3,0,0,0,0,0
266149,2016-01-17,Barcelona,4320,Neymar da Silva Santos Junior,FWD,Leading,69,6,6,0.5337871430000001,10,4
266149,2016-01-17,Barcelona,4691,Claudio Andrés Bravo Muñoz,GK,Level,4,0,0,0,1,0
266149,2016-01-17,Barcelona,4691,Claudio Andrés Bravo Muñoz,GK,Leading,26,0,0,0,0,4
266149,2016-01-17,Barcelona,5203,Sergio Busquets i Burgos,MID,Level,3,0,0,0,1,1
266149,2016-01-17,Barcelona,5203,Sergio Busquets i Burgos,MID,Leading,91,30,0,0,14,3
266149,2016-01-17,Barcelona,5211,Jordi Alba Ramos,DEF,Level,3,0,0,0,0,0
266149,2016-01-17,Barcelona,5211,Jordi Alba Ramos,DEF,Leading,60,8,0,0,6,4
266149,2016-01-17,Barcelona,5213,Gerard Piqué Bernabéu,DEF,Level,4,0,0,0,0,1
266149,2016-01-17,Barcelona,5213,Gerard Piqué Bernabéu,DEF,Leading,76,18,0,0,1,4
266149,2016-01-17,Barcelona,5216,Andrés Iniesta Luján,MID,Level,2,0,0,0,1,0
266149,2016-01-17,Barcelona,5216,Andrés Iniesta Luján,MID,Leading,80,12,0,0,5,6
266149,2016-01-17,Barcelona,5246,Luis Alberto Suárez Díaz,FWD,Level,1,1,0,0,2,0
266149,2016-01-17,Barcelona,5246,Luis Alberto Suárez Díaz,FWD,Leading,34,3,7,0.887692303,7,3
266149,2016-01-17,Barcelona,5470,Ivan Rakitić,MID,Level,1,0,0,0,0,0
266149,2016-01-17,Barcelona,5470,Ivan Rakitić,MID,Leading,50,7,3,0.36473416000000003,3,7
266149,2016-01-17,Barcelona,5503,Lionel Andrés Messi Cuccittini,FWD,Level,0,0,1,0.7835,1,0
266149,2016-01-17,Barcelona,5503,Lionel Andrés Messi Cuccittini,FWD,Leading,40,5,2,0.223873506,2,1
266149,2016-01-17,Barcelona,5506,Javier Alejandro Mascherano,DEF,Level,4,0,0,0,0,0
266149,2016-01-17,Barcelona,5506,Javier Alejandro Mascherano,DEF,Leading,69,15,0,0,6,8
266149,2016-01-17,Barcelona,6379,Sergi Roberto Carnicer,MID,Leading,30,2,0,0,2,2
266149,2016-01-17,Barcelona,6400,Aleix Vidal Parreu,DEF,Level,1,1,0,0,1,0
266149,2016-01-17,Barcelona,6400,Aleix Vidal Parreu,DEF,Leading,79,9,1,0.024603646,5,3
266149,2016-01-17,Barcelona,7068,Marc Bartra Aregall,DEF,Leading,15,1,0,0,1,3
266149,2016-01-17,Barcelona,11094,Arda Turan,FWD,Leading,30,2,0,0,1,3
3879693,2016-01-17,Juventus,3477,Álvaro Borja Morata Martín,MID,Leading,7,0,1,0.060412854,7,0
3879693,2016-01-17,Juventus,5248,José Martín Cáceres Silva,DEF,Leading,23,5,0,0,4,1
3879693,2016-01-17,Juventus,5472,Mario Mandžukić,FWD,Level,3,0,1,0.48981673,1,1
3879693,2016-01-17,Juventus,5472,Mario Mandžukić,FWD,Leading,38,5,1,0.023588974,15,2
3879693,2016-01-17,Juventus,5541,Stephan Lichtsteiner,DEF,Level,4,0,0,0,1,1
3879693,2016-01-17,Juventus,5541,Stephan Lichtsteiner,DEF,Leading,51,8,0,0,7,4
3879693,2016-01-17,Juventus,5566,Sami Khedira,MID,Level,4,0,0,0,4,0
3879693,2016-01-17,Juventus,5566,Sami Khedira,MID,Leading,63,5,2,0.65197437,10,5
3879693,2016-01-17,Juventus,5743,Paulo Bruno Exequiel Dybala,MID,Level,8,2,1,0.060026266,2,0
3879693,2016-01-17,Juventus,5743,Paulo Bruno Exequiel Dybala,MID,Leading,34,4,3,1.0595582700000001,18,4
3879693,2016-01-17,Juventus,6940,Kwadwo Asamoah,MID,Level,7,0,0,0,1,2
3879693,2016-01-17,Juventus,6940,Kwadwo Asamoah,MID,Leading,57,6,2,0.10136525299999999,13,3
3879693,2016-01-17,Juventus,6945,Alex Sandro Lobo Silva,DEF,Level,9,0,0,0,2,0
3879693,2016-01-17,Juventus,6945,Alex Sandro Lobo Silva,DEF,Leading,65,8,1,0.05428355,14,4
3879693,2016-01-17,Juventus,6949,Gianluigi Buffon,GK,Level,8,1,0,0,0,1
3879693,2016-01-17,Juventus,6949,Gianluigi Buffon,GK,Leading,20,1,0,0,0,1
3879693,2016-01-17,Juventus,6953,Daniele Rugani,DEF,Level,7,0,0,0,2,0
3879693,2016-01-17,Juventus,6953,Daniele Rugani,DEF,Leading,57,8,0,0,15,3
3879693,2016-01-17,Juventus,6954,Giorgio Chiellini,DEF,Level,8,0,1,0.045903005,2,1
3879693,2016-01-17,Juventus,6954,Giorgio Chiellini,DEF,Leading,40,6,0,0,2,3
3879693,2016-01-17,Juventus,7173,Leonardo Bonucci,DEF,Level,5,2,0,0,0,0
3879693,2016-01-17,Juventus,7173,Leonardo Bonucci,DEF,Leading,48,13,1,0.051421545,4,1
3879693,2016-01-17,Juventus,7952,Simone Padoin,DEF,Leading,4,0,0,0,1,1
3879693,2016-01-17,Juventus,8294,Claudio Marchisio,MID,Level,4,0,0,0,1,2
3879693,2016-01-17,Juventus,8294,Claudio Marchisio,MID,Leading,62,6,0,0,19,4
265894,2016-01-23,Barcelona,4691,Claudio Andrés Bravo Muñoz,GK,Leading,33,0,0,0,0,5
265894,2016-01-23,Barcelona,4691,Claudio Andrés Bravo Muñoz,GK,Level,6,0,0,0,0,0
265894,2016-01-23,Barcelona,5203,Sergio Busquets i Burgos,MID,Level,13,4,0,0,3,0
265894,2016-01-23,Barcelona,5203,Sergio Busquets i Burgos,MID,Leading,45,4,0,0,6,3
265894,2016-01-23,Barcelona,5216,Andrés Iniesta Luján,MID,Leading,57,8,0,0,8,1
265894,2016-01-23,Barcelona,5216,Andrés Iniesta Luján,MID,Level,15,2,0,0,1,5
265894,2016-01-23,Barcelona,5246,Luis Alberto Suárez Díaz,FWD,Level,5,0,1,0.07571788,0,0
265894,2016-01-23,Barcelona,5246,Luis Alberto Suárez Díaz,FWD,Leading,19,1,0,0,3,1
265894,2016-01-23,Barcelona,5470,Ivan Rakitić,FWD,Leading,14,0,0,0,10,1
265894,2016-01-23,Barcelona,5503,Lionel Andrés Messi Cuccittini,FWD,Level,18,4,3,0.6024572260000001,0,2
265894,2016-01-23,Barcelona,5503,Lionel Andrés Messi Cuccittini,FWD,Leading,35,3,3,0.322784334,10,5
265894,2016-01-23,Barcelona,5506,Javier Alejandro Mascherano,DEF,Level,12,5,0,0,1,0
265894,2016-01-23,Barcelona,5506,Javier Alejandro Mascherano,DEF,Leading,52,13,0,0,3,0
265894,2016-01-23,Barcelona,6332,Thomas Vermaelen,DEF,Level,5,0,0,0,0,0
265894,2016-01-23,Barcelona,6332,Thomas Vermaelen,DEF,Leading,18,2,0,0,2,1
265894,2016-01-23,Barcelona,6379,Sergi Roberto Carnicer,DEF,Leading,12,1,0,0,4,0
265894,2016-01-23,Barcelona,6400,Aleix Vidal Parreu,DEF,Level,25,3,0,0,1,1
265894,2016-01-23,Barcelona,6400,Aleix Vidal Parreu,DEF,Leading,54,4,0,0,11,3
265894,2016-01-23,Barcelona,6616,Munir El Haddadi Mohamed,FWD,Level,2,0,2,1.010786725,1,1
265894,2016-01-23,Barcelona,6616,Munir El Haddadi Mohamed,FWD,Leading,12,3,0,0,3,3
265894,2016-01-23,Barcelona,10609,Jérémy Mathieu,DEF,Level,3,0,0,0,0,0
265894,2016-01-23,Barcelona,10609,Jérémy Mathieu,DEF,Leading,17,1,0,0,1,0
265894,2016-01-23,Barcelona,11094,Arda Turan,MID,Leading,47,1,1,0.08370209,5,6
265894,2016-01-23,Barcelona,11094,Arda Turan,MID,Level,9,3,0,0,6,2
265894,2016-01-23,Barcelona,22102,Adriano Correia Claro,DEF,Level,22,2,1,0.03642713,3,2
265894,2016-01-23,Barcelona,22102,Adriano Correia Claro,DEF,Leading,47,9,0,0,3,4
3890415,2016-01-23,Bayer Leverkusen,3058,Javier Hernández Balcázar,MID,Level,11,2,2,0.192446112,6,2
3890415,2016-01-23,Bayer Leverkusen,3058,Javier Hernández Balcázar,MID,Trailing,11,0,1,0.1930011,3,0
3890415,2016-01-23,Bayer Leverkusen,5555,Julian Brandt,MID,Trailing,4,0,0,0,1,1
3890415,2016-01-23,Bayer Leverkusen,5555,Julian Brandt,MID,Level,13,2,0,0,1,2
3890415,2016-01-23,Bayer Leverkusen,6309,Tin Jedvaj,DEF,Level,35,4,0,0,7,1
3890415,2016-01-23,Bayer Leverkusen,6309,Tin Jedvaj,DEF,Trailing,14,1,1,0.033787046,3,1
3890415,2016-01-23,Bayer Leverkusen,7039,Hakan Çalhanoğlu,MID,Level,41,1,1,0.028632876,7,2
3890415,2016-01-23,Bayer Leverkusen,7039,Hakan Çalhanoğlu,MID,Trailing,23,2,2,0.11260687400000001,11,5
3890415,2016-01-23,Bayer Leverkusen,8212,Wendell Nascimento Borges,DEF,Level,52,3,0,0,9,3
3890415,2016-01-23,Bayer Leverkusen,8212,Wendell Nascimento Borges,DEF,Trailing,31,2,0,0,9,1
3890415,2016-01-23,Bayer Leverkusen,8213,Karim Bellarabi,MID,Level,25,1,0,0,11,5
3890415,2016-01-23,Bayer Leverkusen,8213,Karim Bellarabi,MID,Trailing,7,0,0,0,4,2
3890415,2016-01-23,Bayer Leverkusen,8221,Jonathan Tah,DEF,Level,31,7,0,0,10,3
3890415,2016-01-23,Bayer Leverkusen,8221,Jonathan Tah,DEF,Trailing,22,3,1,0.121185616,5,6
3890415,2016-01-23,Bayer Leverkusen,8222,Kevin Kampl,MID,Level,56,14,2,0.179334261,10,8
3890415,2016-01-23,Bayer Leverkusen,8222,Kevin Kampl,MID,Trailing,33,8,1,0.020404112,4,4
3890415,2016-01-23,Bayer Leverkusen,8549,Giulio Donati,DEF,Trailing,6,2,0,0,0,0
3890415,2016-01-23,Bayer Leverkusen,8549,Giulio Donati,DEF,Level,9,2,0,0,3,0
3890415,2016-01-23,Bayer Leverkusen,8573,Ömer Toprak,DEF,Level,37,7,1,0.19840348,5,3
3890415,2016-01-23,Bayer Leverkusen,8573,Ömer Toprak,DEF,Trailing,28,3,2,0.70456454,5,6
3890415,2016-01-23,Bayer Leverkusen,8805,Christoph Kramer,MID,Level,41,9,0,0,18,3
3890415,2016-01-23,Bayer Leverkusen,8805,Christoph Kramer,MID,Trailing,28,7,0,0,10,3
3890415,2016-01-23,Bayer Leverkusen,9363,André Ramalho Silva,DEF,Level,6,2,0,0,2,0
3890415,2016-01-23,Bayer Leverkusen,11394,Stefan Kießling,MID,Level,12,0,3,0.228429933,9,0
3890415,2016-01-23,Bayer Leverkusen,11394,Stefan Kießling,MID,Trailing,12,1,0,0,7,1
3890415,2016-01-23,Bayer Leverkusen,15581,Bernd Leno,GK,Level,7,1,0,0,0,2
3890415,2016-01-23,Bayer Leverkusen,15581,Bernd Leno,GK,Trailing,12,1,0,0,0,4
3900591,2016-01-23,Paris Saint-Germain,2995,Ángel Fabián Di María Hernández,FWD,Level,11,2,0,0,4,1
3900591,2016-01-23,Paris Saint-Germain,2995,Ángel Fabián Di María Hernández,FWD,Leading,15,3,3,0.35754732699999997,9,0
3900591,2016-01-23,Paris Saint-Germain,2999,Presnel Kimpembe,DEF,Leading,29,0,0,0,6,0
3900591,2016-01-23,Paris Saint-Germain,3026,Adrien Rabiot,MID,Level,33,4,0,0,7,0
3900591,2016-01-23,Paris Saint-Germain,3026,Adrien Rabiot,MID,Leading,38,3,1,0.042910684,11,1
3900591,2016-01-23,Paris Saint-Germain,3481,Serge Aurier,DEF,Level,39,3,0,0,4,1
3900591,2016-01-23,Paris Saint-Germain,3481,Serge Aurier,DEF,Leading,96,2,1,0.0062947473,9,6
3900591,2016-01-23,Paris Saint-Germain,3672,Zlatan Ibrahimović,FWD,Level,13,0,3,0.146532854,0,0
3900591,2016-01-23,Paris Saint-Germain,3672,Zlatan Ibrahimović,FWD,Leading,55,3,1,0.07954268,8,2
3900591,2016-01-23,Paris Saint-Germain,3745,Lucas Rodrigues Moura da Silva,FWD,Level,18,2,1,0.031780288,8,0
3900591,2016-01-23,Paris Saint-Germain,3745,Lucas Rodrigues Moura da Silva,FWD,Leading,47,2,1,0.15447496,17,3
3900591,2016-01-23,Paris Saint-Germain,3956,David Luiz Moreira Marinho,DEF,Level,40,5,0,0,0,3
3900591,2016-01-23,Paris Saint-Germain,3956,David Luiz Moreira Marinho,DEF,Leading,39,2,1,0.09832551,3,2
3900591,2016-01-23,Paris Saint-Germain,4319,Edinson Roberto Cavani Gómez,FWD,Leading,9,0,1,0.48587784,3,1
3900591,2016-01-23,Paris Saint-Germain,4325,Thiago Motta,MID,Level,49,8,0,0,10,3
3900591,2016-01-23,Paris Saint-Germain,4325,Thiago Motta,MID,Leading,90,8,0,0,10,2
3900591,2016-01-23,Paris Saint-Germain,4375,Blaise Matuidi,MID,Level,29,4,1,0.05210939,9,1
3900591,2016-01-23,Paris Saint-Germain,4375,Blaise Matuidi,MID,Leading,72,11,0,0,26,5
3900591,2016-01-23,Paris Saint-Germain,4440,Kevin Trapp,GK,Level,11,0,0,0,0,1
3900591,2016-01-23,Paris Saint-Germain,4440,Kevin Trapp,GK,Leading,16,0,0,0,0,0
3900591,2016-01-23,Paris Saint-Germain,8515,Benjamin Stambouli,MID,Leading,48,2,0,0,7,0
3900591,2016-01-23,Paris Saint-Germain,20048,Gregory van der Wiel,DEF,Level,23,2,1,0.22743501,6,1
3900591,2016-01-23,Paris Saint-Germain,20048,Gregory van der Wiel,DEF,Leading,29,1,1,0.5243198,14,4
3900591,2016-01-23,Paris Saint-Germain,26613,Maxwell Scherrer Cabelino Andrade,DEF,Level,39,5,0,0,2,4
3900591,2016-01-23,Paris Saint-Germain,26613,Maxwell Scherrer Cabelino Andrade,DEF,Leading,58,3,0,0,8,3
3754111,2016-01-24,Arsenal,3385,Alexis Alejandro Sánchez Sánchez,FWD,Trailing,29,8,0,0,6,1
3754111,2016-01-24,Arsenal,3394,Laurent Koscielny,DEF,Level,13,1,0,0,0,1
3754111,2016-01-24,Arsenal,3394,Laurent Koscielny,DEF,Trailing,40,10,0,0,11,0
3754111,2016-01-24,Arsenal,3461,Petr Čech,GK,Level,13,3,0,0,0,1
3754111,2016-01-24,Arsenal,3461,Petr Čech,GK,Trailing,21,4,0,0,0,6
3754111,2016-01-24,Arsenal,3475,Per Mertesacker,DEF,Level,12,1,0,0,1,0
3754111,2016-01-24,Arsenal,3496,Mesut Özil,MID,Level,18,2,0,0,5,0
3754111,2016-01-24,Arsenal,3496,Mesut Özil,MID,Trailing,55,3,0,0,9,3
3754111,2016-01-24,Arsenal,3498,Ignacio Monreal Eraso,DEF,Level,15,2,0,0,2,3
3754111,2016-01-24,Arsenal,3498,Ignacio Monreal Eraso,DEF,Trailing,45,2,1,0.057240505,4,1
3754111,2016-01-24,Arsenal,3511,Héctor Bellerín Moruno,DEF,Level,13,2,0,0,3,1
3754111,2016-01-24,Arsenal,3511,Héctor Bellerín Moruno,DEF,Trailing,42,4,0,0,7,1
3754111,2016-01-24,Arsenal,3517,Aaron Ramsey,MID,Level,14,2,0,0,7,1
3754111,2016-01-24,Arsenal,3517,Aaron Ramsey,MID,Trailing,54,10,2,0.16004206399999998,30,3
3754111,2016-01-24,Arsenal,3525,Alex Oxlade-Chamberlain,FWD,Trailing,11,0,1,0.11275692,7,1
3754111,2016-01-24,Arsenal,3604,Olivier Giroud,FWD,Level,12,0,1,0.015232528,5,2
3754111,2016-01-24,Arsenal,3668,Theo Walcott,FWD,Level,6,0,0,0,5,0
3754111,2016-01-24,Arsenal,3668,Theo Walcott,FWD,Trailing,14,0,0,0,11,2
3754111,2016-01-24,Arsenal,5581,Joel Nathaniel Campbell Samuels,FWD,Level,5,0,1,0.076220475,4,0
3754111,2016-01-24,Arsenal,5581,Joel Nathaniel Campbell Samuels,FWD,Trailing,9,0,0,0,14,0
3754111,2016-01-24,Arsenal,6631,Mathieu Flamini,MID,Level,7,0,1,0.22434199,2,1
3754111,2016-01-24,Arsenal,6631,Mathieu Flamini,MID,Trailing,21,3,2,0.395456146,7,3
3754111,2016-01-24,Arsenal,6746,Gabriel Armando de Abreu,FWD,Level,0,0,0,0,1,0
3754111,2016-01-24,Arsenal,6746,Gabriel Armando de Abreu,FWD,Trailing,36,4,1,0.10731833,9,4
3879701,2016-01-24,Juventus,3477,Álvaro Borja Morata Martín,MID,Leading,4,0,1,0.009433112,3,0
3879701,2016-01-24,Juventus,5472,Mario Mandžukić,MID,Level,17,2,0,0,18,1
3879701,2016-01-24,Juventus,5472,Mario Mandžukić,MID,Leading,5,0,0,0,2,0
3879701,2016-01-24,Juventus,5541,Stephan Lichtsteiner,DEF,Level,43,5,0,0,10,2
3879701,2016-01-24,Juventus,5566,Sami Khedira,MID,Level,68,7,1,0.08307217,14,4
3879701,2016-01-24,Juventus,5566,Sami Khedira,MID,Leading,6,0,0,0,2,1
3879701,2016-01-24,Juventus,5689,Juan Guillermo Cuadrado Bello,DEF,Level,13,2,1,0.00680807,1,1
3879701,2016-01-24,Juventus,5689,Juan Guillermo Cuadrado Bello,DEF,Leading,8,0,0,0,2,3
3879701,2016-01-24,Juventus,5743,Paulo Bruno Exequiel Dybala,MID,Level,65,4,4,0.285553748,14,2
3879701,2016-01-24,Juventus,5743,Paulo Bruno Exequiel Dybala,MID,Leading,2,1,0,0,1,0
3879701,2016-01-24,Juventus,6943,Andrea Barzagli,DEF,Level,105,20,0,0,8,6
3879701,2016-01-24,Juventus,6943,Andrea Barzagli,DEF,Leading,9,3,0,0,1,0
3879701,2016-01-24,Juventus,6949,Gianluigi Buffon,GK,Level,15,0,0,0,0,2
3879701,2016-01-24,Juventus,6949,Gianluigi Buffon,GK,Leading,4,1,0,0,0,2
3879701,2016-01-24,Juventus,6954,Giorgio Chiellini,DEF,Level,76,9,1,0.02072964,10,4
3879701,2016-01-24,Juventus,6954,Giorgio Chiellini,DEF,Leading,5,0,0,0,1,0
3879701,2016-01-24,Juventus,7173,Leonardo Bonucci,DEF,Level,80,23,1,0.005883436,11,4
3879701,2016-01-24,Juventus,7173,Leonardo Bonucci,DEF,Leading,4,3,0,0,1,0
3879701,2016-01-24,Juventus,8294,Claudio Marchisio,MID,Level,51,6,0,0,11,2
3879701,2016-01-24,Juventus,8294,Claudio Marchisio,MID,Leading,7,1,0,0,3,1
3879701,2016-01-24,Juventus,20004,Paul Pogba,MID,Level,36,2,2,0.101356523,12,6
3879701,2016-01-24,Juventus,20004,Paul Pogba,MID,Leading,5,1,0,0,1,0
3879701,2016-01-24,Juventus,20008,Patrice Evra,DEF,Level,45,1,3,0.23444641,7,2
3879701,2016-01-24,Juventus,20008,Patrice Evra,DEF,Leading,8,2,1,0.05241799,1,0
267576,2016-01-30,Barcelona,4320,Neymar da Silva Santos Junior,FWD,Level,5,0,0,0,4,0
267576,2016-01-30,Barcelona,4320,Neymar da Silva Santos Junior,FWD,Trailing,8,0,0,0,2,0
267576,2016-01-30,Barcelona,4320,Neymar da Silva Santos Junior,FWD,Leading,34,3,1,0.025813177,2,1
267576,2016-01-30,Barcelona,4324,Daniel Alves da Silva,DEF,Level,23,4,0,0,3,0
267576,2016-01-30,Barcelona,4324,Daniel Alves da Silva,DEF,Trailing,26,1,1,0.05860126,7,3
267576,2016-01-30,Barcelona,4324,Daniel Alves da Silva,DEF,Leading,46,3,1,0.01943625,6,3
267576,2016-01-30,Barcelona,4691,Claudio Andrés Bravo Muñoz,GK,Level,10,0,0,0,0,2
267576,2016-01-30,Barcelona,4691,Claudio Andrés Bravo Muñoz,GK,Trailing,8,0,0,0,0,1
267576,2016-01-30,Barcelona,4691,Claudio Andrés Bravo Muñoz,GK,Leading,10,0,0,0,0,2
267576,2016-01-30,Barcelona,5203,Sergio Busquets i Burgos,MID,Level,9,0,0,0,4,0
267576,2016-01-30,Barcelona,5203,Sergio Busquets i Burgos,MID,Trailing,18,5,0,0,8,1
267576,2016-01-30,Barcelona,5203,Sergio Busquets i Burgos,MID,Leading,44,4,0,0,10,3
267576,2016-01-30,Barcelona,5211,Jordi Alba Ramos,DEF,Level,17,1,0,0,3,0
267576,2016-01-30,Barcelona,5211,Jordi Alba Ramos,DEF,Trailing,19,3,0,0,2,0
267576,2016-01-30,Barcelona,5211,Jordi Alba Ramos,DEF,Leading,47,7,0,0,1,3
267576,2016-01-30,Barcelona,5213,Gerard Piqué Bernabéu,DEF,Level,25,1,0,0,0,1
267576,2016-01-30,Barcelona,5213,Gerard Piqué Bernabéu,DEF,Trailing,26,5,0,0,1,3
267576,2016-01-30,Barcelona,5213,Gerard Piqué Bernabéu,DEF,Leading,35,7,0,0,5,2
267576,2016-01-30,Barcelona,5216,Andrés Iniesta Luján,MID,Level,8,0,0,0,3,0
267576,2016-01-30,Barcelona,5216,Andrés Iniesta Luján,MID,Trailing,13,2,0,0,3,1
267576,2016-01-30,Barcelona,5216,Andrés Iniesta Luján,MID,Leading,59,11,0,0,10,6
267576,2016-01-30,Barcelona,5246,Luis Alberto Suárez Díaz,FWD,Level,3,0,1,0.10824084,3,0
267576,2016-01-30,Barcelona,5246,Luis Alberto Suárez Díaz,FWD,Trailing,3,1,1,0.050105657,0,1
267576,2016-01-30,Barcelona,5246,Luis Alberto Suárez Díaz,FWD,Leading,12,1,1,0.04295029,3,1
267576,2016-01-30,Barcelona,5470,Ivan Rakitić,MID,Level,7,0,0,0,3,1
267576,2016-01-30,Barcelona,5470,Ivan Rakitić,MID,Trailing,14,2,0,0,5,1
267576,2016-01-30,Barcelona,5470,Ivan Rakitić,MID,Leading,13,1,0,0,6,5
267576,2016-01-30,Barcelona,5503,Lionel Andrés Messi Cuccittini,FWD,Level,8,1,0,0,3,1
267576,2016-01-30,Barcelona,5503,Lionel Andrés Messi Cuccittini,FWD,Trailing,14,3,2,0.18623412,3,3
267576,2016-01-30,Barcelona,5503,Lionel Andrés Messi Cuccittini,FWD,Leading,46,3,1,0.008369259,4,1
267576,2016-01-30,Barcelona,5506,Javier Alejandro Mascherano,DEF,Level,17,1,0,0,2,0
267576,2016-01-30,Barcelona,5506,Javier Alejandro Mascherano,DEF,Trailing,20,3,0,0,3,1
267576,2016-01-30,Barcelona,5506,Javier Alejandro Mascherano,DEF,Leading,34,11,0,0,9,2
267576,2016-01-30,Barcelona,6379,Sergi Roberto Carnicer,DEF,Leading,11,2,0,0,0,0
267576,2016-01-30,Barcelona,11094,Arda Turan,MID,Leading,27,2,1,0.070916675,6,1
3890427,2016-01-30,Bayer Leverkusen,3058,Javier Hernández Balcázar,MID,Level,9,0,0,0,1,0
3890427,2016-01-30,Bayer Leverkusen,3058,Javier Hernández Balcázar,MID,Leading,16,0,2,1.15026598,4,3
3890427,2016-01-30,Bayer Leverkusen,5555,Julian Brandt,MID,Leading,6,1,0,0,8,1
3890427,2016-01-30,Bayer Leverkusen,6309,Tin Jedvaj,DEF,Leading,5,1,0,0,0,0
3890427,2016-01-30,Bayer Leverkusen,7039,Hakan Çalhanoğlu,MID,Level,37,4,3,0.078835985,5,3
3890427,2016-01-30,Bayer Leverkusen,7039,Hakan Çalhanoğlu,MID,Leading,21,3,1,0.1365126,13,1
3890427,2016-01-30,Bayer Leverkusen,8212,Wendell Nascimento Borges,DEF,Level,41,4,0,0,5,2
3890427,2016-01-30,Bayer Leverkusen,8212,Wendell Nascimento Borges,DEF,Leading,34,4,0,0,8,5
3890427,2016-01-30,Bayer Leverkusen,8213,Karim Bellarabi,MID,Level,15,1,1,0.027287157,10,4
3890427,2016-01-30,Bayer Leverkusen,8213,Karim Bellarabi,MID,Leading,17,4,2,0.064862488,6,7
3890427,2016-01-30,Bayer Leverkusen,8219,Admir Mehmedi,MID,Leading,4,1,0,0,2,1
3890427,2016-01-30,Bayer Leverkusen,8221,Jonathan Tah,DEF,Level,23,5,0,0,7,3
3890427,2016-01-30,Bayer Leverkusen,8221,Jonathan Tah,DEF,Leading,15,2,0,0,5,7
3890427,2016-01-30,Bayer Leverkusen,8222,Kevin Kampl,MID,Level,27,6,1,0.032103106,8,5
3890427,2016-01-30,Bayer Leverkusen,8222,Kevin Kampl,MID,Leading,28,7,1,0.04396669,10,6
3890427,2016-01-30,Bayer Leverkusen,8573,Ömer Toprak,DEF,Level,31,13,0,0,4,5
3890427,2016-01-30,Bayer Leverkusen,8573,Ömer Toprak,DEF,Leading,23,0,0,0,3,5
3890427,2016-01-30,Bayer Leverkusen,8805,Christoph Kramer,MID,Level,20,2,0,0,17,3
3890427,2016-01-30,Bayer Leverkusen,8805,Christoph Kramer,MID,Leading,15,0,0,0,16,3
3890427,2016-01-30,Bayer Leverkusen,8918,Roberto Hilbert,DEF,Level,41,6,1,0.017386993,6,1
3890427,2016-01-30,Bayer Leverkusen,8918,Roberto Hilbert,DEF,Leading,16,2,0,0,9,0
3890427,2016-01-30,Bayer Leverkusen,11394,Stefan Kießling,MID,Level,14,1,2,0.35582411999999997,8,0
3890427,2016-01-30,Bayer Leverkusen,11394,Stefan Kießling,MID,Leading,15,0,0,0,7,5
3890427,2016-01-30,Bayer Leverkusen,15581,Bernd Leno,GK,Level,13,1,0,0,0,2
3890427,2016-01-30,Bayer Leverkusen,15581,Bernd Leno,GK,Leading,17,3,0,0,1,3
3879713,2016-01-31,Juventus,3477,Álvaro Borja Morata Martín,MID,Level,2,0,1,0.78636676,3,1
3879713,2016-01-31,Juventus,3477,Álvaro Borja Morata Martín,MID,Leading,36,1,3,0.991460465,13,8
3879713,2016-01-31,Juventus,5248,José Martín Cáceres Silva,DEF,Level,6,1,0,0,0,0
3879713,2016-01-31,Juventus,5248,José Martín Cáceres Silva,DEF,Leading,77,3,0,0,7,1
3879713,2016-01-31,Juventus,5541,Stephan Lichtsteiner,DEF,Level,6,2,0,0,1,0
3879713,2016-01-31,Juventus,5541,Stephan Lichtsteiner,DEF,Leading,54,4,1,0.021953752,4,5
3879713,2016-01-31,Juventus,5566,Sami Khedira,MID,Level,1,0,0,0,1,0
3879713,2016-01-31,Juventus,5566,Sami Khedira,MID,Leading,33,0,1,0.15960443,3,4
3879713,2016-01-31,Juventus,5743,Paulo Bruno Exequiel Dybala,MID,Level,4,0,0,0,1,0
3879713,2016-01-31,Juventus,5743,Paulo Bruno Exequiel Dybala,MID,Leading,65,5,5,0.326994243,9,6
3879713,2016-01-31,Juventus,6943,Andrea Barzagli,DEF,Level,7,1,0,0,1,0
3879713,2016-01-31,Juventus,6943,Andrea Barzagli,DEF,Leading,69,11,0,0,9,3
3879713,2016-01-31,Juventus,6945,Alex Sandro Lobo Silva,DEF,Level,6,0,1,0.027363248,1,2
3879713,2016-01-31,Juventus,6945,Alex Sandro Lobo Silva,DEF,Leading,66,3,4,0.36571150299999994,16,6
3879713,2016-01-31,Juventus,6949,Gianluigi Buffon,GK,Level,2,0,0,0,0,0
3879713,2016-01-31,Juventus,6949,Gianluigi Buffon,GK,Leading,26,1,0,0,0,4
3879713,2016-01-31,Juventus,7013,Stefano Sturaro,MID,Leading,37,2,0,0,8,4
3879713,2016-01-31,Juventus,7173,Leonardo Bonucci,DEF,Level,8,0,0,0,0,0
3879713,2016-01-31,Juventus,7173,Leonardo Bonucci,DEF,Leading,98,13,1,0.06784939,6,2
3879713,2016-01-31,Juventus,7952,Simone Padoin,DEF,Leading,6,0,1,0.021930935,2,0
3879713,2016-01-31,Juventus,8294,Claudio Marchisio,MID,Level,1,0,0,0,0,0
3879713,2016-01-31,Juventus,8294,Claudio Marchisio,MID,Leading,43,4,2,0.048656037,8,5
3879713,2016-01-31,Juventus,20004,Paul Pogba,MID,Level,4,1,0,0,1,0
3879713,2016-01-31,Juventus,20004,Paul Pogba,MID,Leading,70,6,9,0.8248835370000001,9,8
3879713,2016-01-31,Juventus,25345,Anderson Hernanes de Carvalho Andrade,MID,Leading,37,8,1,0.021873472,1,2
3754201,2016-02-02,Arsenal,3385,Alexis Alejandro Sánchez Sánchez,FWD,Level,57,9,6,0.6816970819999999,14,9
3754201,2016-02-02,Arsenal,3394,Laurent Koscielny,DEF,Level,44,6,2,0.18390049,9,3
3754201,2016-02-02,Arsenal,3437,Francis Joseph Coquelin,MID,Level,5,2,0,0,7,0
3754201,2016-02-02,Arsenal,3461,Petr Čech,GK,Level,38,11,0,0,0,10
3754201,2016-02-02,Arsenal,3496,Mesut Özil,MID,Level,74,7,2,0.71580929,11,6
3754201,2016-02-02,Arsenal,3498,Ignacio Monreal Eraso,DEF,Level,74,12,0,0,17,4
3754201,2016-02-02,Arsenal,3511,Héctor Bellerín Moruno,DEF,Level,67,11,0,0,12,4
3754201,2016-02-02,Arsenal,3517,Aaron Ramsey,MID,Level,78,15,2,0.09187056499999999,28,7
3754201,2016-02-02,Arsenal,3604,Olivier Giroud,FWD,Level,28,2,8,0.468834229,10,2
3754201,2016-02-02,Arsenal,3668,Theo Walcott,FWD,Level,3,0,2,0.267581656,3,2
3754201,2016-02-02,Arsenal,5581,Joel Nathaniel Campbell Samuels,FWD,Level,22,0,1,0.024272855,20,2
3754201,2016-02-02,Arsenal,6631,Mathieu Flamini,MID,Level,37,4,0,0,15,2
3754201,2016-02-02,Arsenal,6746,Gabriel Armando de Abreu,DEF,Level,55,6,0,0,9,2
3879726,2016-02-03,Juventus,3477,Álvaro Borja Morata Martín,MID,Level,15,1,0,0,5,3
3879726,2016-02-03,Juventus,3477,Álvaro Borja Morata Martín,MID,Leading,7,0,1,0.008636189,2,0
3879726,2016-02-03,Juventus,5248,José Martín Cáceres Silva,DEF,Level,10,1,0,0,3,1
3879726,2016-02-03,Juventus,5248,José Martín Cáceres Silva,DEF,Leading,11,3,0,0,2,1
3879726,2016-02-03,Juventus,5689,Juan Guillermo Cuadrado Bello,DEF,Level,13,0,1,0.02664516,3,3
3879726,2016-02-03,Juventus,5689,Juan Guillermo Cuadrado Bello,DEF,Leading,29,5,1,0.011238667,16,3
3879726,2016-02-03,Juventus,5743,Paulo Bruno Exequiel Dybala,MID,Level,14,1,1,0.029471872,2,0
3879726,2016-02-03,Juventus,5743,Paulo Bruno Exequiel Dybala,MID,Leading,38,4,2,0.10834404,15,9
3879726,2016-02-03,Juventus,6584,Simone Zaza,MID,Leading,13,0,1,0.2779264,10,4
3879726,2016-02-03,Juventus,6943,Andrea Barzagli,DEF,Level,25,5,0,0,7,2
3879726,2016-02-03,Juventus,6943,Andrea Barzagli,DEF,Leading,29,5,0,0,1,5
3879726,2016-02-03,Juventus,6945,Alex Sandro Lobo Silva,DEF,Leading,31,2,0,0,11,2
3879726,2016-02-03,Juventus,6949,Gianluigi Buffon,GK,Level,4,0,0,0,0,0
3879726,2016-02-03,Juventus,6949,Gianluigi Buffon,GK,Leading,15,5,0,0,0,3
3879726,2016-02-03,Juventus,6953,Daniele Rugani,DEF,Leading,16,1,0,0,2,1
3879726,2016-02-03,Juventus,7173,Leonardo Bonucci,DEF,Level,43,10,0,0,1,3
3879726,2016-02-03,Juventus,7173,Leonardo Bonucci,DEF,Leading,30,3,0,0,4,0
3879726,2016-02-03,Juventus,7952,Simone Padoin,MID,Level,13,1,0,0,10,1
3879726,2016-02-03,Juventus,7952,Simone Padoin,MID,Leading,9,0,0,0,11,1
3879726,2016-02-03,Juventus,8294,Claudio Marchisio,MID,Level,21,1,1,0.02111388,6,2
3879726,2016-02-03,Juventus,8294,Claudio Marchisio,MID,Leading,35,5,0,0,6,6
3879726,2016-02-03,Juventus,20004,Paul Pogba,MID,Level,16,1,2,0.077652905,4,1
3879726,2016-02-03,Juventus,20004,Paul Pogba,MID,Leading,34,4,1,0.005782971,18,3
3879726,2016-02-03,Juventus,20008,Patrice Evra,DEF,Level,23,2,0,0,5,5
3879726,2016-02-03,Juventus,20008,Patrice Evra,DEF,Leading,7,1,0,0,0,1
3900618,2016-02-03,Paris Saint-Germain,2995,Ángel Fabián Di María Hernández,FWD,Leading,16,3,3,0.30773755999999997,8,1
3900618,2016-02-03,Paris Saint-Germain,3295,Thiago Emiliano da Silva,DEF,Level,55,9,0,0,5,1
3900618,2016-02-03,Paris Saint-Germain,3295,Thiago Emiliano da Silva,DEF,Leading,47,8,0,0,5,3
3900618,2016-02-03,Paris Saint-Germain,3481,Serge Aurier,DEF,Level,43,0,0,0,12,2
3900618,2016-02-03,Paris Saint-Germain,3481,Serge Aurier,DEF,Leading,26,0,2,0.130418447,16,6
3900618,2016-02-03,Paris Saint-Germain,3672,Zlatan Ibrahimović,FWD,Level,37,6,2,0.463647675,3,0
3900618,2016-02-03,Paris Saint-Germain,3672,Zlatan Ibrahimović,FWD,Leading,20,2,1,0.0072591202,5,0
3900618,2016-02-03,Paris Saint-Germain,3745,Lucas Rodrigues Moura da Silva,FWD,Leading,15,2,1,0.059649926,2,2
3900618,2016-02-03,Paris Saint-Germain,4319,Edinson Roberto Cavani Gómez,FWD,Level,26,1,2,0.79913145,4,1
3900618,2016-02-03,Paris Saint-Germain,4319,Edinson Roberto Cavani Gómez,FWD,Leading,18,0,0,0,5,2
3900618,2016-02-03,Paris Saint-Germain,4325,Thiago Motta,MID,Level,61,18,0,0,14,6
3900618,2016-02-03,Paris Saint-Germain,4325,Thiago Motta,MID,Leading,21,3,0,0,10,0
3900618,2016-02-03,Paris Saint-Germain,4326,Layvin Kurzawa,DEF,Level,41,1,0,0,6,5
3900618,2016-02-03,Paris Saint-Germain,4326,Layvin Kurzawa,DEF,Leading,31,2,1,0.040445466,8,3
3900618,2016-02-03,Paris Saint-Germain,4372,Marcos Aoás Corrêa,DEF,Level,46,7,1,0.04475906,9,0
3900618,2016-02-03,Paris Saint-Germain,4372,Marcos Aoás Corrêa,DEF,Leading,27,2,0,0,10,2
3900618,2016-02-03,Paris Saint-Germain,4375,Blaise Matuidi,MID,Leading,30,3,1,0.03301712,13,1
3900618,2016-02-03,Paris Saint-Germain,4440,Kevin Trapp,GK,Level,12,0,0,0,0,2
3900618,2016-02-03,Paris Saint-Germain,4440,Kevin Trapp,GK,Leading,17,1,0,0,0,3
3900618,2016-02-03,Paris Saint-Germain,8510,Jean-Kévin Augustin,FWD,Level,12,1,1,0.13825087,14,2
3900618,2016-02-03,Paris Saint-Germain,8510,Jean-Kévin Augustin,FWD,Leading,5,0,0,0,9,2
3900618,2016-02-03,Paris Saint-Germain,8515,Benjamin Stambouli,MID,Level,48,11,0,0,11,4
3900618,2016-02-03,Paris Saint-Germain,8515,Benjamin Stambouli,MID,Leading,40,8,1,0.043340206,13,4
3900618,2016-02-03,Paris Saint-Germain,34539,Hervin Scicchitano Ongenda,MID,Level,48,3,0,0,10,5
3900618,2016-02-03,Paris Saint-Germain,34539,Hervin Scicchitano Ongenda,MID,Leading,42,3,0,0,14,2
3890431,2016-02-06,Bayer Leverkusen,3058,Javier Hernández Balcázar,MID,Level,13,2,1,0.01600688,12,2
3890431,2016-02-06,Bayer Leverkusen,5555,Julian Brandt,MID,Level,6,0,1,0.041681718,11,0
3890431,2016-02-06,Bayer Leverkusen,6309,Tin Jedvaj,DEF,Level,17,1,0,0,14,0
3890431,2016-02-06,Bayer Leverkusen,7039,Hakan Çalhanoğlu,MID,Level,40,1,2,0.08181116,26,7
3890431,2016-02-06,Bayer Leverkusen,8212,Wendell Nascimento Borges,DEF,Level,40,4,0,0,17,8
3890431,2016-02-06,Bayer Leverkusen,8213,Karim Bellarabi,MID,Level,21,3,0,0,36,3
3890431,2016-02-06,Bayer Leverkusen,8219,Admir Mehmedi,MID,Level,0,0,0,0,2,0
3890431,2016-02-06,Bayer Leverkusen,8221,Jonathan Tah,DEF,Level,25,7,0,0,11,7
3890431,2016-02-06,Bayer Leverkusen,8222,Kevin Kampl,MID,Level,29,5,0,0,22,6
3890431,2016-02-06,Bayer Leverkusen,8573,Ömer Toprak,DEF,Level,29,5,1,0.045307864,14,7
3890431,2016-02-06,Bayer Leverkusen,8805,Christoph Kramer,MID,Level,28,2,1,0.10203516,34,5
3890431,2016-02-06,Bayer Leverkusen,8918,Roberto Hilbert,DEF,Level,9,4,0,0,16,1
3890431,2016-02-06,Bayer Leverkusen,11394,Stefan Kießling,MID,Level,24,1,0,0,31,6
3890431,2016-02-06,Bayer Leverkusen,15581,Bernd Leno,GK,Level,35,17,0,0,1,10
3754253,2016-02-07,Arsenal,3385,Alexis Alejandro Sánchez Sánchez,FWD,Level,10,2,1,0.06724642,1,1
3754253,2016-02-07,Arsenal,3385,Alexis Alejandro Sánchez Sánchez,FWD,Leading,36,3,1,0.057645466,18,1
3754253,2016-02-07,Arsenal,3394,Laurent Koscielny,DEF,Level,21,3,0,0,6,3
3754253,2016-02-07,Arsenal,3394,Laurent Koscielny,DEF,Leading,28,7,0,0,7,2
3754253,2016-02-07,Arsenal,3437,Francis Joseph Coquelin,FWD,Leading,18,1,0,0,14,2
3754253,2016-02-07,Arsenal,3461,Petr Čech,GK,Level,7,2,0,0,0,2
3754253,2016-02-07,Arsenal,3461,Petr Čech,GK,Leading,35,7,0,0,0,4
3754253,2016-02-07,Arsenal,3496,Mesut Özil,MID,Level,14,2,1,0.11354268,5,1
3754253,2016-02-07,Arsenal,3496,Mesut Özil,MID,Leading,50,9,0,0,27,11
3754253,2016-02-07,Arsenal,3498,Ignacio Monreal Eraso,DEF,Level,15,2,0,0,4,0
3754253,2016-02-07,Arsenal,3498,Ignacio Monreal Eraso,DEF,Leading,41,4,0,0,10,2
3754253,2016-02-07,Arsenal,3511,Héctor Bellerín Moruno,DEF,Level,13,2,0,0,7,0
3754253,2016-02-07,Arsenal,3511,Héctor Bellerín Moruno,DEF,Leading,34,1,0,0,21,4
3754253,2016-02-07,Arsenal,3517,Aaron Ramsey,MID,Level,26,3,1,0.0073143984,8,6
3754253,2016-02-07,Arsenal,3517,Aaron Ramsey,MID,Leading,40,4,2,0.180182659,28,9
3754253,2016-02-07,Arsenal,3525,Alex Oxlade-Chamberlain,FWD,Level,8,2,1,0.03515684,9,0
3754253,2016-02-07,Arsenal,3525,Alex Oxlade-Chamberlain,FWD,Leading,12,1,1,0.2123826,20,2
3754253,2016-02-07,Arsenal,3528,Kieran Gibbs,FWD,Leading,4,0,0,0,13,0
3754253,2016-02-07,Arsenal,3604,Olivier Giroud,FWD,Level,14,0,0,0,3,0
3754253,2016-02-07,Arsenal,3604,Olivier Giroud,FWD,Leading,17,1,1,0.06911106,30,1
3754253,2016-02-07,Arsenal,3668,Theo Walcott,FWD,Leading,0,0,0,0,1,0
3754253,2016-02-07,Arsenal,6631,Mathieu Flamini,MID,Level,14,1,0,0,3,0
3754253,2016-02-07,Arsenal,6631,Mathieu Flamini,MID,Leading,34,3,1,0.013953762,20,3
3754253,2016-02-07,Arsenal,6746,Gabriel Armando de Abreu,DEF,Level,10,0,0,0,0,1
3754253,2016-02-07,Arsenal,6746,Gabriel Armando de Abreu,DEF,Leading,28,3,0,0,13,4
266160,2016-02-07,Barcelona,4320,Neymar da Silva Santos Junior,FWD,Level,22,2,1,0.035123944,6,1
266160,2016-02-07,Barcelona,4320,Neymar da Silva Santos Junior,FWD,Leading,52,1,2,0.063556488,8,4
266160,2016-02-07,Barcelona,4324,Daniel Alves da Silva,DEF,Level,27,2,0,0,5,2
266160,2016-02-07,Barcelona,4324,Daniel Alves da Silva,DEF,Leading,41,7,1,0.01926295,15,4
266160,2016-02-07,Barcelona,4691,Claudio Andrés Bravo Muñoz,GK,Level,7,0,0,0,0,1
266160,2016-02-07,Barcelona,4691,Claudio Andrés Bravo Muñoz,GK,Leading,24,1,0,0,0,3
266160,2016-02-07,Barcelona,5203,Sergio Busquets i Burgos,MID,Leading,19,3,0,0,9,1
266160,2016-02-07,Barcelona,5211,Jordi Alba Ramos,DEF,Level,26,5,0,0,4,2
266160,2016-02-07,Barcelona,5211,Jordi Alba Ramos,DEF,Leading,59,7,0,0,15,3
266160,2016-02-07,Barcelona,5213,Gerard Piqué Bernabéu,DEF,Level,10,1,0,0,4,1
266160,2016-02-07,Barcelona,5213,Gerard Piqué Bernabéu,DEF,Leading,21,2,0,0,9,3
266160,2016-02-07,Barcelona,5216,Andrés Iniesta Luján,MID,Level,19,2,1,0.014259282,4,2
266160,2016-02-07,Barcelona,5216,Andrés Iniesta Luján,MID,Leading,70,15,1,0.031619973,19,5
266160,2016-02-07,Barcelona,5246,Luis Alberto Suárez Díaz,FWD,Level,9,1,0,0,1,0
266160,2016-02-07,Barcelona,5246,Luis Alberto Suárez Díaz,FWD,Leading,23,2,2,0.68053077,9,1
266160,2016-02-07,Barcelona,5470,Ivan Rakitić,MID,Level,17,4,0,0,9,2
266160,2016-02-07,Barcelona,5470,Ivan Rakitić,MID,Leading,18,4,1,0.1297971,15,3
266160,2016-02-07,Barcelona,5503,Lionel Andrés Messi Cuccittini,FWD,Level,20,6,0,0,0,0
266160,2016-02-07,Barcelona,5503,Lionel Andrés Messi Cuccittini,FWD,Leading,46,11,2,0.106996016,5,0
266160,2016-02-07,Barcelona,5506,Javier Alejandro Mascherano,DEF,Level,11,2,0,0,4,1
266160,2016-02-07,Barcelona,5506,Javier Alejandro Mascherano,DEF,Leading,35,9,0,0,8,2
266160,2016-02-07,Barcelona,6379,Sergi Roberto Carnicer,MID,Level,14,1,0,0,4,0
266160,2016-02-07,Barcelona,6379,Sergi Roberto Carnicer,MID,Leading,43,5,0,0,14,2
266160,2016-02-07,Barcelona,6400,Aleix Vidal Parreu,DEF,Leading,25,4,0,0,0,1
3879733,2016-02-07,Juventus,3477,Álvaro Borja Morata Martín,MID,Level,27,1,3,0.43220731900000003,10,4
3879733,2016-02-07,Juventus,3477,Álvaro Borja Morata Martín,MID,Leading,6,0,0,0,5,1
3879733,2016-02-07,Juventus,3579,Roberto Maximiliano Pereyra,MID,Level,5,1,1,0.06302089,3,1
3879733,2016-02-07,Juventus,3579,Roberto Maximiliano Pereyra,MID,Leading,15,1,1,0.057501677,1,2
3879733,2016-02-07,Juventus,5689,Juan Guillermo Cuadrado Bello,DEF,Level,52,4,2,0.33010400500000003,8,5
3879733,2016-02-07,Juventus,5689,Juan Guillermo Cuadrado Bello,DEF,Leading,11,1,2,0.11138982,1,1
3879733,2016-02-07,Juventus,5743,Paulo Bruno Exequiel Dybala,MID,Level,28,2,4,0.185609001,8,4
3879733,2016-02-07,Juventus,5743,Paulo Bruno Exequiel Dybala,MID,Leading,10,1,1,0.20446068,3,1
3879733,2016-02-07,Juventus,6943,Andrea Barzagli,DEF,Level,48,5,0,0,8,5
3879733,2016-02-07,Juventus,6943,Andrea Barzagli,DEF,Leading,17,1,0,0,2,2
3879733,2016-02-07,Juventus,6945,Alex Sandro Lobo Silva,DEF,Level,58,7,1,0.009805575,13,9
3879733,2016-02-07,Juventus,6945,Alex Sandro Lobo Silva,DEF,Leading,18,3,0,0,7,1
3879733,2016-02-07,Juventus,6949,Gianluigi Buffon,GK,Level,23,1,0,0,0,2
3879733,2016-02-07,Juventus,6949,Gianluigi Buffon,GK,Leading,4,2,0,0,0,1
3879733,2016-02-07,Juventus,6953,Daniele Rugani,DEF,Leading,10,0,0,0,2,0
3879733,2016-02-07,Juventus,6954,Giorgio Chiellini,DEF,Level,47,12,0,0,3,2
3879733,2016-02-07,Juventus,6954,Giorgio Chiellini,DEF,Leading,2,0,0,0,1,2
3879733,2016-02-07,Juventus,7013,Stefano Sturaro,MID,Level,30,2,1,0.036234565,11,4
3879733,2016-02-07,Juventus,7173,Leonardo Bonucci,DEF,Level,51,16,0,0,4,4
3879733,2016-02-07,Juventus,7173,Leonardo Bonucci,DEF,Leading,10,4,0,0,2,0
3879733,2016-02-07,Juventus,8294,Claudio Marchisio,MID,Level,67,15,2,0.06351146099999999,15,10
3879733,2016-02-07,Juventus,8294,Claudio Marchisio,MID,Leading,17,4,0,0,8,0
3879733,2016-02-07,Juventus,20004,Paul Pogba,MID,Level,40,7,5,0.22791613800000002,13,8
3879733,2016-02-07,Juventus,20004,Paul Pogba,MID,Leading,15,1,2,0.07235082000000001,5,1
3900629,2016-02-07,Paris Saint-Germain,2995,Ángel Fabián Di María Hernández,FWD,Level,27,4,3,0.19919778999999999,10,2
3900629,2016-02-07,Paris Saint-Germain,2995,Ángel Fabián Di María Hernández,FWD,Leading,26,1,1,0.21959808,14,1
3900629,2016-02-07,Paris Saint-Germain,3026,Adrien Rabiot,MID,Level,36,4,0,0,11,5
3900629,2016-02-07,Paris Saint-Germain,3026,Adrien Rabiot,MID,Leading,26,5,0,0,8,1
3900629,2016-02-07,Paris Saint-Germain,3295,Thiago Emiliano da Silva,DEF,Level,33,3,0,0,3,2
3900629,2016-02-07,Paris Saint-Germain,3295,Thiago Emiliano da Silva,DEF,Leading,28,6,0,0,5,2
3900629,2016-02-07,Paris Saint-Germain,3481,Serge Aurier,DEF,Level,33,2,0,0,9,5
3900629,2016-02-07,Paris Saint-Germain,3481,Serge Aurier,DEF,Leading,30,4,0,0,18,2
3900629,2016-02-07,Paris Saint-Germain,3672,Zlatan Ibrahimović,FWD,Level,34,2,2,0.64396024,2,0
3900629,2016-02-07,Paris Saint-Germain,3672,Zlatan Ibrahimović,FWD,Leading,25,0,0,0,4,1
3900629,2016-02-07,Paris Saint-Germain,3745,Lucas Rodrigues Moura da Silva,FWD,Level,22,1,1,0.13192418,5,1
3900629,2016-02-07,Paris Saint-Germain,3745,Lucas Rodrigues Moura da Silva,FWD,Leading,11,2,2,0.103630889,2,0
3900629,2016-02-07,Paris Saint-Germain,3956,David Luiz Moreira Marinho,DEF,Level,34,5,0,0,2,1
3900629,2016-02-07,Paris Saint-Germain,3956,David Luiz Moreira Marinho,DEF,Leading,22,4,0,0,8,2
3900629,2016-02-07,Paris Saint-Germain,4319,Edinson Roberto Cavani Gómez,FWD,Level,0,0,0,0,0,0
3900629,2016-02-07,Paris Saint-Germain,4319,Edinson Roberto Cavani Gómez,FWD,Leading,6,0,0,0,3,0
3900629,2016-02-07,Paris Saint-Germain,4325,Thiago Motta,MID,Level,48,3,1,0.006808753,7,3
3900629,2016-02-07,Paris Saint-Germain,4325,Thiago Motta,MID,Leading,29,2,0,0,5,0
3900629,2016-02-07,Paris Saint-Germain,4372,Marcos Aoás Corrêa,MID,Leading,9,1,0,0,3,0
3900629,2016-02-07,Paris Saint-Germain,4375,Blaise Matuidi,MID,Level,32,3,0,0,13,1
3900629,2016-02-07,Paris Saint-Germain,4375,Blaise Matuidi,MID,Leading,11,2,0,0,17,0
3900629,2016-02-07,Paris Saint-Germain,4440,Kevin Trapp,GK,Level,14,1,0,0,0,2
3900629,2016-02-07,Paris Saint-Germain,4440,Kevin Trapp,GK,Leading,23,4,0,0,0,3
3900629,2016-02-07,Paris Saint-Germain,8515,Benjamin Stambouli,MID,Leading,3,0,0,0,1,0
3900629,2016-02-07,Paris Saint-Germain,26613,Maxwell Scherrer Cabelino Andrade,DEF,Level,40,5,0,0,2,1
3900629,2016-02-07,Paris Saint-Germain,26613,Maxwell Scherrer Cabelino Andrade,DEF,Leading,18,2,1,0.022993432,4,1
3890444,2016-02-13,Bayer Leverkusen,5555,Julian Brandt,MID,Level,19,2,1,0.74151444,9,3
3890444,2016-02-13,Bayer Leverkusen,5555,Julian Brandt,MID,Trailing,11,1,0,0,6,2
3890444,2016-02-13,Bayer Leverkusen,5555,Julian Brandt,MID,Leading,1,0,0,0,0,0
3890444,2016-02-13,Bayer Leverkusen,6309,Tin Jedvaj,DEF,Level,13,4,0,0,8,0
3890444,2016-02-13,Bayer Leverkusen,6309,Tin Jedvaj,DEF,Trailing,18,4,0,0,7,1
3890444,2016-02-13,Bayer Leverkusen,6309,Tin Jedvaj,DEF,Leading,5,1,0,0,2,0
3890444,2016-02-13,Bayer Leverkusen,7039,Hakan Çalhanoğlu,MID,Trailing,6,1,0,0,3,0
3890444,2016-02-13,Bayer Leverkusen,7039,Hakan Çalhanoğlu,MID,Level,10,1,0,0,4,3
3890444,2016-02-13,Bayer Leverkusen,7039,Hakan Çalhanoğlu,MID,Leading,7,1,1,0.018327279,3,0
3890444,2016-02-13,Bayer Leverkusen,8212,Wendell Nascimento Borges,DEF,Level,28,6,0,0,9,4
3890444,2016-02-13,Bayer Leverkusen,8212,Wendell Nascimento Borges,DEF,Trailing,27,4,1,0.014964865,4,3
3890444,2016-02-13,Bayer Leverkusen,8212,Wendell Nascimento Borges,DEF,Leading,8,0,0,0,1,1
3890444,2016-02-13,Bayer Leverkusen,8213,Karim Bellarabi,MID,Level,10,0,1,0.018104061,4,2
3890444,2016-02-13,Bayer Leverkusen,8213,Karim Bellarabi,MID,Trailing,13,1,3,0.23045179999999998,5,4
3890444,2016-02-13,Bayer Leverkusen,8213,Karim Bellarabi,MID,Leading,0,0,0,0,0,0
3890444,2016-02-13,Bayer Leverkusen,8219,Admir Mehmedi,MID,Level,14,2,2,0.22952109999999998,5,2
3890444,2016-02-13,Bayer Leverkusen,8219,Admir Mehmedi,MID,Trailing,11,1,0,0,5,3
3890444,2016-02-13,Bayer Leverkusen,8219,Admir Mehmedi,MID,Leading,1,0,0,0,2,1
3890444,2016-02-13,Bayer Leverkusen,8221,Jonathan Tah,DEF,Level,18,1,1,0.037947875,5,3
3890444,2016-02-13,Bayer Leverkusen,8221,Jonathan Tah,DEF,Trailing,14,5,0,0,1,1
3890444,2016-02-13,Bayer Leverkusen,8221,Jonathan Tah,DEF,Leading,2,0,0,0,1,0
3890444,2016-02-13,Bayer Leverkusen,8222,Kevin Kampl,MID,Level,28,2,0,0,5,2
3890444,2016-02-13,Bayer Leverkusen,8222,Kevin Kampl,MID,Trailing,16,1,0,0,5,2
3890444,2016-02-13,Bayer Leverkusen,8222,Kevin Kampl,MID,Leading,4,1,0,0,0,0
3890444,2016-02-13,Bayer Leverkusen,8313,Kyriakos Papadopoulos,MID,Leading,2,0,1,0.09018961,0,0
3890444,2016-02-13,Bayer Leverkusen,8573,Ömer Toprak,DEF,Level,26,3,0,0,6,2
3890444,2016-02-13,Bayer Leverkusen,8573,Ömer Toprak,DEF,Trailing,29,6,0,0,2,5
3890444,2016-02-13,Bayer Leverkusen,8573,Ömer Toprak,DEF,Leading,3,1,0,0,0,0
3890444,2016-02-13,Bayer Leverkusen,9363,André Ramalho Silva,MID,Leading,4,0,0,0,6,0
3890444,2016-02-13,Bayer Leverkusen,11394,Stefan Kießling,MID,Level,15,0,0,0,4,1
3890444,2016-02-13,Bayer Leverkusen,11394,Stefan Kießling,MID,Trailing,10,0,0,0,0,2
3890444,2016-02-13,Bayer Leverkusen,11394,Stefan Kießling,MID,Leading,2,0,0,0,1,1
3890444,2016-02-13,Bayer Leverkusen,15581,Bernd Leno,GK,Level,13,3,0,0,0,1
3890444,2016-02-13,Bayer Leverkusen,15581,Bernd Leno,GK,Trailing,6,1,0,0,0,1
3890444,2016-02-13,Bayer Leverkusen,15581,Bernd Leno,GK,Leading,5,1,0,0,0,0
3890444,2016-02-13,Bayer Leverkusen,21168,Marlon Frey,MID,Level,13,3,0,0,7,1
3890444,2016-02-13,Bayer Leverkusen,21168,Marlon Frey,MID,Trailing,9,1,2,0.052274561,4,2
3879739,2016-02-13,Juventus,3477,Álvaro Borja Morata Martín,MID,Level,17,0,0,0,24,0
3879739,2016-02-13,Juventus,5541,Stephan Lichtsteiner,DEF,Level,59,12,0,0,3,3
3879739,2016-02-13,Juventus,5541,Stephan Lichtsteiner,DEF,Leading,0,0,0,0,0,0
3879739,2016-02-13,Juventus,5566,Sami Khedira,MID,Level,54,4,0,0,11,7
3879739,2016-02-13,Juventus,5566,Sami Khedira,MID,Leading,2,0,0,0,1,0
3879739,2016-02-13,Juventus,5689,Juan Guillermo Cuadrado Bello,MID,Level,43,3,1,0.009867013,15,4
3879739,2016-02-13,Juventus,5689,Juan Guillermo Cuadrado Bello,MID,Leading,2,0,0,0,0,0
3879739,2016-02-13,Juventus,5743,Paulo Bruno Exequiel Dybala,MID,Level,29,3,3,0.23463831000000002,23,3
3879739,2016-02-13,Juventus,6584,Simone Zaza,MID,Level,7,0,1,0.03851083,8,0
3879739,2016-02-13,Juventus,6584,Simone Zaza,MID,Leading,3,0,0,0,1,0
3879739,2016-02-13,Juventus,6943,Andrea Barzagli,DEF,Level,49,5,0,0,5,5
3879739,2016-02-13,Juventus,6943,Andrea Barzagli,DEF,Leading,1,0,0,0,0,0
3879739,2016-02-13,Juventus,6945,Alex Sandro Lobo Silva,MID,Level,1,0,0,0,0,0
3879739,2016-02-13,Juventus,6945,Alex Sandro Lobo Silva,MID,Leading,2,0,0,0,0,0
3879739,2016-02-13,Juventus,6949,Gianluigi Buffon,GK,Level,28,2,0,0,0,5
3879739,2016-02-13,Juventus,6949,Gianluigi Buffon,GK,Leading,1,0,0,0,0,0
3879739,2016-02-13,Juventus,6953,Daniele Rugani,DEF,Level,17,3,0,0,4,1
3879739,2016-02-13,Juventus,6953,Daniele Rugani,DEF,Leading,2,0,0,0,0,0
3879739,2016-02-13,Juventus,7173,Leonardo Bonucci,DEF,Level,23,2,0,0,8,0
3879739,2016-02-13,Juventus,8294,Claudio Marchisio,MID,Level,80,13,2,0.045040848,12,9
3879739,2016-02-13,Juventus,8294,Claudio Marchisio,MID,Leading,2,0,0,0,0,0
3879739,2016-02-13,Juventus,20004,Paul Pogba,MID,Level,55,6,4,0.06988980040000001,23,9
3879739,2016-02-13,Juventus,20004,Paul Pogba,MID,Leading,2,0,0,0,1,1
3879739,2016-02-13,Juventus,20008,Patrice Evra,DEF,Level,53,4,1,0.09472114,19,7
3879739,2016-02-13,Juventus,20008,Patrice Evra,DEF,Leading,1,0,0,0,0,0
3900634,2016-02-13,Paris Saint-Germain,2995,Ángel Fabián Di María Hernández,FWD,Level,35,4,2,0.113711646,5,4
3900634,2016-02-13,Paris Saint-Germain,3026,Adrien Rabiot,MID,Level,10,0,0,0,2,1
3900634,2016-02-13,Paris Saint-Germain,3166,Marco Verratti,MID,Level,58,7,0,0,16,4
3900634,2016-02-13,Paris Saint-Germain,3745,Lucas Rodrigues Moura da Silva,FWD,Level,21,1,3,0.207715202,3,4
3900634,2016-02-13,Paris Saint-Germain,3956,David Luiz Moreira Marinho,DEF,Level,99,8,0,0,8,7
3900634,2016-02-13,Paris Saint-Germain,4319,Edinson Roberto Cavani Gómez,FWD,Level,18,1,2,0.5944625,26,4
3900634,2016-02-13,Paris Saint-Germain,4326,Layvin Kurzawa,DEF,Level,48,3,1,0.096845984,18,6
3900634,2016-02-13,Paris Saint-Germain,4370,Javier Matías Pastore,MID,Level,40,6,1,0.025998622,16,5
3900634,2016-02-13,Paris Saint-Germain,4372,Marcos Aoás Corrêa,DEF,Level,112,16,1,0.102163844,13,6
3900634,2016-02-13,Paris Saint-Germain,4375,Blaise Matuidi,MID,Level,50,7,0,0,29,4
3900634,2016-02-13,Paris Saint-Germain,4440,Kevin Trapp,GK,Level,30,2,0,0,0,1
3900634,2016-02-13,Paris Saint-Germain,8510,Jean-Kévin Augustin,FWD,Level,20,0,1,0.37814203,22,1
3900634,2016-02-13,Paris Saint-Germain,8515,Benjamin Stambouli,MID,Level,62,11,1,0.024191912,22,3
3900634,2016-02-13,Paris Saint-Germain,20048,Gregory van der Wiel,DEF,Level,61,3,0,0,25,3
3754261,2016-02-14,Arsenal,3385,Alexis Alejandro Sánchez Sánchez,FWD,Level,52,7,4,0.472148,13,7
3754261,2016-02-14,Arsenal,3385,Alexis Alejandro Sánchez Sánchez,FWD,Trailing,18,4,2,0.098481179,3,4
3754261,2016-02-14,Arsenal,3394,Laurent Koscielny,DEF,Level,35,6,0,0,7,0
3754261,2016-02-14,Arsenal,3394,Laurent Koscielny,DEF,Trailing,1,0,0,0,0,0
3754261,2016-02-14,Arsenal,3437,Francis Joseph Coquelin,MID,Level,38,4,0,0,12,2
3754261,2016-02-14,Arsenal,3437,Francis Joseph Coquelin,MID,Trailing,5,0,0,0,4,2
3754261,2016-02-14,Arsenal,3461,Petr Čech,GK,Level,14,2,0,0,0,5
3754261,2016-02-14,Arsenal,3461,Petr Čech,GK,Trailing,6,1,0,0,0,0
3754261,2016-02-14,Arsenal,3475,Per Mertesacker,DEF,Level,46,7,2,0.28052569,2,3
3754261,2016-02-14,Arsenal,3475,Per Mertesacker,DEF,Trailing,12,2,0,0,0,1
3754261,2016-02-14,Arsenal,3496,Mesut Özil,MID,Level,59,13,0,0,12,2
3754261,2016-02-14,Arsenal,3496,Mesut Özil,MID,Trailing,21,3,1,0.04587268,3,3
3754261,2016-02-14,Arsenal,3498,Ignacio Monreal Eraso,DEF,Level,75,13,0,0,13,5
3754261,2016-02-14,Arsenal,3498,Ignacio Monreal Eraso,DEF,Trailing,25,7,0,0,4,2
3754261,2016-02-14,Arsenal,3511,Héctor Bellerín Moruno,DEF,Level,61,9,0,0,4,4
3754261,2016-02-14,Arsenal,3511,Héctor Bellerín Moruno,DEF,Trailing,16,5,0,0,0,1
3754261,2016-02-14,Arsenal,3517,Aaron Ramsey,MID,Level,75,19,3,0.22598673400000002,18,5
3754261,2016-02-14,Arsenal,3517,Aaron Ramsey,MID,Trailing,32,10,1,0.053782523,4,7
3754261,2016-02-14,Arsenal,3517,Aaron Ramsey,MID,Leading,0,0,0,0,0,0
3754261,2016-02-14,Arsenal,3525,Alex Oxlade-Chamberlain,FWD,Level,42,1,0,0,7,5
3754261,2016-02-14,Arsenal,3525,Alex Oxlade-Chamberlain,FWD,Trailing,16,1,0,0,4,1
3754261,2016-02-14,Arsenal,3569,Daniel Nii Tackie Mensah Welbeck,MID,Trailing,0,0,0,0,0,0
3754261,2016-02-14,Arsenal,3569,Daniel Nii Tackie Mensah Welbeck,MID,Level,0,0,2,0.56949021,1,0
3754261,2016-02-14,Arsenal,3604,Olivier Giroud,FWD,Level,31,1,6,0.583022379,13,2
3754261,2016-02-14,Arsenal,3604,Olivier Giroud,FWD,Trailing,13,0,2,0.13675333,5,0
3754261,2016-02-14,Arsenal,3604,Olivier Giroud,FWD,Leading,0,0,0,0,2,0
3754261,2016-02-14,Arsenal,3668,Theo Walcott,MID,Trailing,6,1,1,0.13295656,1,0
3754261,2016-02-14,Arsenal,3668,Theo Walcott,MID,Level,11,0,1,0.14706698,3,2
3754261,2016-02-14,Arsenal,3713,Calum Chambers,DEF,Trailing,14,2,0,0,4,1
3754261,2016-02-14,Arsenal,3713,Calum Chambers,DEF,Level,13,2,0,0,0,0
266254,2016-02-14,Barcelona,4320,Neymar da Silva Santos Junior,FWD,Level,28,2,4,0.434620193,8,4
266254,2016-02-14,Barcelona,4320,Neymar da Silva Santos Junior,FWD,Leading,20,2,3,0.503164497,8,3
266254,2016-02-14,Barcelona,4324,Daniel Alves da Silva,DEF,Level,42,6,0,0,13,4
266254,2016-02-14,Barcelona,4324,Daniel Alves da Silva,DEF,Leading,7,1,0,0,4,1
266254,2016-02-14,Barcelona,4691,Claudio Andrés Bravo Muñoz,GK,Level,22,0,0,0,0,2
266254,2016-02-14,Barcelona,4691,Claudio Andrés Bravo Muñoz,GK,Leading,12,0,0,0,0,1
266254,2016-02-14,Barcelona,5203,Sergio Busquets i Burgos,MID,Level,44,3,0,0,16,5
266254,2016-02-14,Barcelona,5203,Sergio Busquets i Burgos,MID,Leading,29,3,0,0,10,3
266254,2016-02-14,Barcelona,5211,Jordi Alba Ramos,DEF,Level,21,3,0,0,4,3
266254,2016-02-14,Barcelona,5211,Jordi Alba Ramos,DEF,Leading,19,2,1,0.020837033,6,3
266254,2016-02-14,Barcelona,5213,Gerard Piqué Bernabéu,DEF,Level,43,4,0,0,3,2
266254,2016-02-14,Barcelona,5213,Gerard Piqué Bernabéu,DEF,Leading,33,6,0,0,9,0
266254,2016-02-14,Barcelona,5216,Andrés Iniesta Luján,MID,Level,19,3,1,0.1823828,14,3
266254,2016-02-14,Barcelona,5216,Andrés Iniesta Luján,MID,Leading,13,0,0,0,9,4
266254,2016-02-14,Barcelona,5246,Luis Alberto Suárez Díaz,FWD,Level,22,2,3,0.478875175,9,4
266254,2016-02-14,Barcelona,5246,Luis Alberto Suárez Díaz,FWD,Leading,19,2,2,1.22974694,6,2
266254,2016-02-14,Barcelona,5470,Ivan Rakitić,MID,Leading,18,3,1,0.31846172,7,0
266254,2016-02-14,Barcelona,5503,Lionel Andrés Messi Cuccittini,FWD,Level,24,4,2,0.08006568,6,1
266254,2016-02-14,Barcelona,5503,Lionel Andrés Messi Cuccittini,FWD,Leading,18,1,2,0.84746358,2,2
266254,2016-02-14,Barcelona,5506,Javier Alejandro Mascherano,DEF,Level,50,11,0,0,4,4
266254,2016-02-14,Barcelona,5506,Javier Alejandro Mascherano,DEF,Leading,31,12,0,0,10,3
266254,2016-02-14,Barcelona,6379,Sergi Roberto Carnicer,MID,Level,19,1,1,0.08057596,18,1
266254,2016-02-14,Barcelona,6379,Sergi Roberto Carnicer,MID,Leading,6,1,0,0,7,0
266254,2016-02-14,Barcelona,6400,Aleix Vidal Parreu,DEF,Leading,11,2,0,0,13,1
266254,2016-02-14,Barcelona,11094,Arda Turan,MID,Leading,9,1,0,0,8,1
266815,2016-02-17,Barcelona,4320,Neymar da Silva Santos Junior,FWD,Level,24,2,1,0.017487079,0,0
266815,2016-02-17,Barcelona,4320,Neymar da Silva Santos Junior,FWD,Leading,40,3,5,0.380331957,4,3
266815,2016-02-17,Barcelona,4691,Claudio Andrés Bravo Muñoz,GK,Level,5,0,0,0,0,0
266815,2016-02-17,Barcelona,4691,Claudio Andrés Bravo Muñoz,GK,Leading,21,1,0,0,0,5
266815,2016-02-17,Barcelona,5203,Sergio Busquets i Burgos,MID,Level,35,8,0,0,4,2
266815,2016-02-17,Barcelona,5203,Sergio Busquets i Burgos,MID,Leading,59,8,0,0,10,1
266815,2016-02-17,Barcelona,5213,Gerard Piqué Bernabéu,DEF,Level,37,10,0,0,0,0
266815,2016-02-17,Barcelona,5213,Gerard Piqué Bernabéu,DEF,Leading,54,13,1,0.07039046,2,7
266815,2016-02-17,Barcelona,5246,Luis Alberto Suárez Díaz,FWD,Level,8,0,1,0.2369727,0,0
266815,2016-02-17,Barcelona,5246,Luis Alberto Suárez Díaz,FWD,Leading,29,4,3,1.2173759,1,2
266815,2016-02-17,Barcelona,5470,Ivan Rakitić,MID,Level,23,2,1,0.024584794,1,2
266815,2016-02-17,Barcelona,5470,Ivan Rakitić,MID,Leading,53,8,0,0,10,2
266815,2016-02-17,Barcelona,5503,Lionel Andrés Messi Cuccittini,FWD,Level,21,1,2,0.13122589299999998,1,1
266815,2016-02-17,Barcelona,5503,Lionel Andrés Messi Cuccittini,FWD,Leading,56,12,2,0.16392858800000001,2,1
266815,2016-02-17,Barcelona,5506,Javier Alejandro Mascherano,MID,Leading,22,3,0,0,0,0
266815,2016-02-17,Barcelona,6400,Aleix Vidal Parreu,DEF,Level,15,3,0,0,4,3
266815,2016-02-17,Barcelona,6400,Aleix Vidal Parreu,DEF,Leading,49,2,0,0,5,2
266815,2016-02-17,Barcelona,7068,Marc Bartra Aregall,DEF,Leading,16,1,0,0,0,0
266815,2016-02-17,Barcelona,10609,Jérémy Mathieu,DEF,Level,30,2,0,0,0,2
266815,2016-02-17,Barcelona,10609,Jérémy Mathieu,DEF,Leading,48,6,0,0,1,1
266815,2016-02-17,Barcelona,11094,Arda Turan,MID,Level,23,2,0,0,6,1
266815,2016-02-17,Barcelona,11094,Arda Turan,MID,Leading,54,8,1,0.12053762,13,9
266815,2016-02-17,Barcelona,22102,Adriano Correia Claro,DEF,Level,38,3,0,0,2,1
266815,2016-02-17,Barcelona,22102,Adriano Correia Claro,DEF,Leading,50,4,0,0,3,3
3879747,2016-02-19,Juventus,3477,Álvaro Borja Morata Martín,MID,Level,42,2,1,0.07077414,17,2
3879747,2016-02-19,Juventus,3579,Roberto Maximiliano Pereyra,MID,Level,18,0,0,0,4,0
3879747,2016-02-19,Juventus,5541,Stephan Lichtsteiner,DEF,Level,67,14,0,0,12,4
3879747,2016-02-19,Juventus,5689,Juan Guillermo Cuadrado Bello,MID,Level,29,3,0,0,6,4
3879747,2016-02-19,Juventus,5743,Paulo Bruno Exequiel Dybala,MID,Level,13,1,1,0.027625255,5,2
3879747,2016-02-19,Juventus,6584,Simone Zaza,MID,Level,13,1,0,0,12,3
3879747,2016-02-19,Juventus,6943,Andrea Barzagli,DEF,Level,79,13,0,0,4,3
3879747,2016-02-19,Juventus,6949,Gianluigi Buffon,GK,Level,21,0,0,0,0,3
3879747,2016-02-19,Juventus,7013,Stefano Sturaro,MID,Level,44,3,1,0.08198095,20,8
3879747,2016-02-19,Juventus,7173,Leonardo Bonucci,DEF,Level,72,11,0,0,4,6
3879747,2016-02-19,Juventus,8294,Claudio Marchisio,MID,Level,106,25,2,0.059268249,8,8
3879747,2016-02-19,Juventus,20004,Paul Pogba,MID,Level,62,12,4,0.203253305,19,5
3879747,2016-02-19,Juventus,20008,Patrice Evra,DEF,Level,57,2,2,0.306470265,13,3
267273,2016-02-20,Barcelona,4320,Neymar da Silva Santos Junior,FWD,Level,19,1,1,0.21562378,5,3
267273,2016-02-20,Barcelona,4320,Neymar da Silva Santos Junior,FWD,Leading,33,2,1,0.2832564,10,2
267273,2016-02-20,Barcelona,4324,Daniel Alves da Silva,DEF,Level,33,4,0,0,8,4
267273,2016-02-20,Barcelona,4324,Daniel Alves da Silva,DEF,Leading,37,4,0,0,19,5
267273,2016-02-20,Barcelona,4691,Claudio Andrés Bravo Muñoz,GK,Level,7,1,0,0,0,3
267273,2016-02-20,Barcelona,4691,Claudio Andrés Bravo Muñoz,GK,Leading,21,5,0,0,0,1
267273,2016-02-20,Barcelona,5211,Jordi Alba Ramos,DEF,Level,26,2,0,0,8,2
267273,2016-02-20,Barcelona,5211,Jordi Alba Ramos,DEF,Leading,42,4,0,0,7,2
267273,2016-02-20,Barcelona,5216,Andrés Iniesta Luján,MID,Level,20,4,1,0.04783989,7,2
267273,2016-02-20,Barcelona,5216,Andrés Iniesta Luján,MID,Leading,46,9,0,0,12,0
267273,2016-02-20,Barcelona,5246,Luis Alberto Suárez Díaz,FWD,Level,15,1,2,0.66666572,8,2
267273,2016-02-20,Barcelona,5246,Luis Alberto Suárez Díaz,FWD,Leading,16,0,2,0.66233255,12,3
267273,2016-02-20,Barcelona,5470,Ivan Rakitić,MID,Leading,25,4,1,0.053826,22,3
267273,2016-02-20,Barcelona,5503,Lionel Andrés Messi Cuccittini,FWD,Level,22,6,2,0.50344093,4,1
267273,2016-02-20,Barcelona,5503,Lionel Andrés Messi Cuccittini,FWD,Leading,25,2,2,0.231421405,11,2
267273,2016-02-20,Barcelona,5506,Javier Alejandro Mascherano,DEF,Level,26,5,0,0,2,1
267273,2016-02-20,Barcelona,5506,Javier Alejandro Mascherano,DEF,Leading,43,7,0,0,18,2
267273,2016-02-20,Barcelona,6332,Thomas Vermaelen,MID,Leading,7,0,0,0,4,0
267273,2016-02-20,Barcelona,6379,Sergi Roberto Carnicer,MID,Level,28,3,0,0,9,5
267273,2016-02-20,Barcelona,6379,Sergi Roberto Carnicer,MID,Leading,26,0,0,0,12,1
267273,2016-02-20,Barcelona,10609,Jérémy Mathieu,DEF,Level,29,2,0,0,3,1
267273,2016-02-20,Barcelona,10609,Jérémy Mathieu,DEF,Leading,37,8,0,0,5,2
267273,2016-02-20,Barcelona,11094,Arda Turan,MID,Level,22,0,0,0,16,1
267273,2016-02-20,Barcelona,11094,Arda Turan,MID,Leading,4,0,0,0,3,0
3901146,2016-02-20,Paris Saint-Germain,2995,Ángel Fabián Di María Hernández,FWD,Level,22,2,1,0.008365994,2,0
3901146,2016-02-20,Paris Saint-Germain,2995,Ángel Fabián Di María Hernández,FWD,Leading,17,1,0,0,6,0
3901146,2016-02-20,Paris Saint-Germain,3026,Adrien Rabiot,MID,Level,16,1,0,0,5,0
3901146,2016-02-20,Paris Saint-Germain,3026,Adrien Rabiot,MID,Leading,66,9,0,0,21,6
3901146,2016-02-20,Paris Saint-Germain,3166,Marco Verratti,MID,Level,28,5,0,0,1,3
3901146,2016-02-20,Paris Saint-Germain,3166,Marco Verratti,MID,Leading,43,2,0,0,3,2
3901146,2016-02-20,Paris Saint-Germain,3295,Thiago Emiliano da Silva,DEF,Level,23,5,0,0,1,2
3901146,2016-02-20,Paris Saint-Germain,3295,Thiago Emiliano da Silva,DEF,Leading,80,4,0,0,5,5
3901146,2016-02-20,Paris Saint-Germain,3672,Zlatan Ibrahimović,FWD,Level,19,3,2,0.3675953,0,3
3901146,2016-02-20,Paris Saint-Germain,3672,Zlatan Ibrahimović,FWD,Leading,62,5,2,0.125346358,5,2
3901146,2016-02-20,Paris Saint-Germain,3745,Lucas Rodrigues Moura da Silva,FWD,Level,4,0,0,0,0,0
3901146,2016-02-20,Paris Saint-Germain,3745,Lucas Rodrigues Moura da Silva,FWD,Leading,35,0,0,0,7,0
3901146,2016-02-20,Paris Saint-Germain,3956,David Luiz Moreira Marinho,DEF,Level,14,0,1,0.1253812,2,3
3901146,2016-02-20,Paris Saint-Germain,3956,David Luiz Moreira Marinho,DEF,Leading,71,5,0,0,8,5
3901146,2016-02-20,Paris Saint-Germain,4319,Edinson Roberto Cavani Gómez,FWD,Level,3,0,0,0,6,0
3901146,2016-02-20,Paris Saint-Germain,4319,Edinson Roberto Cavani Gómez,FWD,Leading,25,2,3,0.479335105,6,2
3901146,2016-02-20,Paris Saint-Germain,4325,Thiago Motta,MID,Level,22,2,1,0.026763065,6,1
3901146,2016-02-20,Paris Saint-Germain,4325,Thiago Motta,MID,Leading,59,4,1,0.024508093,7,4
3901146,2016-02-20,Paris Saint-Germain,4326,Layvin Kurzawa,DEF,Level,9,1,0,0,5,2
3901146,2016-02-20,Paris Saint-Germain,4326,Layvin Kurzawa,DEF,Leading,62,3,0,0,11,3
3901146,2016-02-20,Paris Saint-Germain,4372,Marcos Aoás Corrêa,MID,Leading,12,0,0,0,6,0
3901146,2016-02-20,Paris Saint-Germain,4375,Blaise Matuidi,MID,Leading,53,5,1,0.032230068,11,5
3901146,2016-02-20,Paris Saint-Germain,4440,Kevin Trapp,GK,Level,3,0,0,0,0,0
3901146,2016-02-20,Paris Saint-Germain,4440,Kevin Trapp,GK,Leading,20,0,0,0,0,3
3901146,2016-02-20,Paris Saint-Germain,20048,Gregory van der Wiel,DEF,Level,14,1,1,0.12146763,4,3
3901146,2016-02-20,Paris Saint-Germain,20048,Gregory van der Wiel,DEF,Leading,72,3,2,0.062171163,11,4
3890456,2016-02-21,Bayer Leverkusen,3058,Javier Hernández Balcázar,MID,Level,15,0,0,0,13,2
3890456,2016-02-21,Bayer Leverkusen,3058,Javier Hernández Balcázar,MID,Trailing,5,2,3,0.2072547495,2,1
3890456,2016-02-21,Bayer Leverkusen,6309,Tin Jedvaj,DEF,Level,31,4,0,0,7,3
3890456,2016-02-21,Bayer Leverkusen,8212,Wendell Nascimento Borges,DEF,Level,32,3,0,0,7,2
3890456,2016-02-21,Bayer Leverkusen,8212,Wendell Nascimento Borges,DEF,Trailing,22,3,0,0,8,4
3890456,2016-02-21,Bayer Leverkusen,8213,Karim Bellarabi,MID,Level,12,1,2,0.09055505999999999,21,1
3890456,2016-02-21,Bayer Leverkusen,8213,Karim Bellarabi,MID,Trailing,8,1,0,0,4,1
3890456,2016-02-21,Bayer Leverkusen,8219,Admir Mehmedi,MID,Level,35,1,0,0,18,4
3890456,2016-02-21,Bayer Leverkusen,8219,Admir Mehmedi,MID,Trailing,13,0,0,0,2,2
3890456,2016-02-21,Bayer Leverkusen,8221,Jonathan Tah,DEF,Level,42,2,1,0.08920832,10,9
3890456,2016-02-21,Bayer Leverkusen,8221,Jonathan Tah,DEF,Trailing,11,1,1,0.11839348,2,3
3890456,2016-02-21,Bayer Leverkusen,8222,Kevin Kampl,MID,Level,27,4,0,0,9,3
3890456,2016-02-21,Bayer Leverkusen,8313,Kyriakos Papadopoulos,DEF,Level,3,1,0,0,4,0
3890456,2016-02-21,Bayer Leverkusen,8313,Kyriakos Papadopoulos,DEF,Trailing,13,0,0,0,1,2
3890456,2016-02-21,Bayer Leverkusen,8573,Ömer Toprak,DEF,Level,29,5,1,0.06312154,7,2
3890456,2016-02-21,Bayer Leverkusen,8805,Christoph Kramer,MID,Level,27,2,0,0,19,4
3890456,2016-02-21,Bayer Leverkusen,8805,Christoph Kramer,MID,Trailing,18,2,0,0,3,1
3890456,2016-02-21,Bayer Leverkusen,8918,Roberto Hilbert,DEF,Level,4,0,0,0,1,0
3890456,2016-02-21,Bayer Leverkusen,8918,Roberto Hilbert,DEF,Trailing,16,3,0,0,5,0
3890456,2016-02-21,Bayer Leverkusen,9363,André Ramalho Silva,MID,Level,10,2,0,0,8,2
3890456,2016-02-21,Bayer Leverkusen,9363,André Ramalho Silva,MID,Trailing,23,2,0,0,3,0
3890456,2016-02-21,Bayer Leverkusen,11394,Stefan Kießling,MID,Level,18,0,0,0,19,1
3890456,2016-02-21,Bayer Leverkusen,11394,Stefan Kießling,MID,Trailing,3,1,1,0.054687224,2,0
3890456,2016-02-21,Bayer Leverkusen,15581,Bernd Leno,GK,Level,38,6,0,0,0,7
3890456,2016-02-21,Bayer Leverkusen,15581,Bernd Leno,GK,Trailing,7,1,0,0,0,1
3754239,2016-02-28,Arsenal,3385,Alexis Alejandro Sánchez Sánchez,FWD,Level,10,1,1,0.047879342,0,2
3754239,2016-02-28,Arsenal,3385,Alexis Alejandro Sánchez Sánchez,FWD,Trailing,32,5,2,0.114120005,10,6
3754239,2016-02-28,Arsenal,3394,Laurent Koscielny,DEF,Level,14,5,0,0,1,2
3754239,2016-02-28,Arsenal,3394,Laurent Koscielny,DEF,Trailing,52,7,1,0.08856217,0,4
3754239,2016-02-28,Arsenal,3437,Francis Joseph Coquelin,MID,Level,7,0,0,0,9,1
3754239,2016-02-28,Arsenal,3437,Francis Joseph Coquelin,MID,Trailing,22,3,0,0,3,2
3754239,2016-02-28,Arsenal,3461,Petr Čech,GK,Level,15,4,0,0,0,1
3754239,2016-02-28,Arsenal,3461,Petr Čech,GK,Trailing,24,3,0,0,0,6
3754239,2016-02-28,Arsenal,3496,Mesut Özil,MID,Level,15,2,0,0,2,1
3754239,2016-02-28,Arsenal,3496,Mesut Özil,MID,Trailing,40,9,2,0.197442796,11,2
3754239,2016-02-28,Arsenal,3498,Ignacio Monreal Eraso,DEF,Level,13,2,1,0.3176393,3,1
3754239,2016-02-28,Arsenal,3498,Ignacio Monreal Eraso,DEF,Trailing,33,4,0,0,2,1
3754239,2016-02-28,Arsenal,3511,Héctor Bellerín Moruno,DEF,Level,21,2,0,0,8,1
3754239,2016-02-28,Arsenal,3511,Héctor Bellerín Moruno,DEF,Trailing,47,6,0,0,9,4
3754239,2016-02-28,Arsenal,3517,Aaron Ramsey,MID,Level,15,0,0,0,9,6
3754239,2016-02-28,Arsenal,3517,Aaron Ramsey,MID,Trailing,47,7,1,0.08167527,6,9
3754239,2016-02-28,Arsenal,3568,Mohamed Naser Elsayed Elneny,MID,Trailing,18,1,0,0,2,3
3754239,2016-02-28,Arsenal,3569,Daniel Nii Tackie Mensah Welbeck,FWD,Level,11,0,1,0.06498713,8,2
3754239,2016-02-28,Arsenal,3569,Daniel Nii Tackie Mensah Welbeck,FWD,Trailing,11,0,2,0.407759696,7,3
3754239,2016-02-28,Arsenal,3604,Olivier Giroud,FWD,Trailing,12,0,1,0.083092876,2,1
3754239,2016-02-28,Arsenal,3647,Alex Iwobi,FWD,Trailing,4,0,0,0,3,0
3754239,2016-02-28,Arsenal,3668,Theo Walcott,FWD,Level,5,0,0,0,5,1
3754239,2016-02-28,Arsenal,3668,Theo Walcott,FWD,Trailing,3,1,0,0,2,1
3754239,2016-02-28,Arsenal,6746,Gabriel Armando de Abreu,DEF,Level,18,5,1,0.030853668,1,0
3754239,2016-02-28,Arsenal,6746,Gabriel Armando de Abreu,DEF,Trailing,66,7,0,0,3,2
265839,2016-02-28,Barcelona,4320,Neymar da Silva Santos Junior,FWD,Level,32,0,1,0.08411409,4,3
265839,2016-02-28,Barcelona,4320,Neymar da Silva Santos Junior,FWD,Trailing,7,2,0,0,0,0
265839,2016-02-28,Barcelona,4320,Neymar da Silva Santos Junior,FWD,Leading,27,2,1,0.29583842,6,2
265839,2016-02-28,Barcelona,4324,Daniel Alves da Silva,DEF,Leading,29,2,0,0,9,1
265839,2016-02-28,Barcelona,4691,Claudio Andrés Bravo Muñoz,GK,Level,9,0,0,0,0,0
265839,2016-02-28,Barcelona,4691,Claudio Andrés Bravo Muñoz,GK,Trailing,4,0,0,0,0,0
265839,2016-02-28,Barcelona,4691,Claudio Andrés Bravo Muñoz,GK,Leading,13,1,0,0,0,3
265839,2016-02-28,Barcelona,5203,Sergio Busquets i Burgos,MID,Level,35,6,0,0,6,5
265839,2016-02-28,Barcelona,5203,Sergio Busquets i Burgos,MID,Trailing,14,3,0,0,2,0
265839,2016-02-28,Barcelona,5203,Sergio Busquets i Burgos,MID,Leading,23,4,1,0.049691185,10,1
265839,2016-02-28,Barcelona,5211,Jordi Alba Ramos,DEF,Level,36,1,1,0.009876591,8,6
265839,2016-02-28,Barcelona,5211,Jordi Alba Ramos,DEF,Trailing,13,2,0,0,1,2
265839,2016-02-28,Barcelona,5211,Jordi Alba Ramos,DEF,Leading,39,3,0,0,4,1
265839,2016-02-28,Barcelona,5213,Gerard Piqué Bernabéu,DEF,Level,39,7,1,0.60040843,2,4
265839,2016-02-28,Barcelona,5213,Gerard Piqué Bernabéu,DEF,Trailing,13,3,0,0,1,1
265839,2016-02-28,Barcelona,5213,Gerard Piqué Bernabéu,DEF,Leading,30,2,0,0,6,0
265839,2016-02-28,Barcelona,5216,Andrés Iniesta Luján,MID,Leading,26,4,0,0,2,1
265839,2016-02-28,Barcelona,5246,Luis Alberto Suárez Díaz,FWD,Level,13,2,3,0.12661053049999998,8,2
265839,2016-02-28,Barcelona,5246,Luis Alberto Suárez Díaz,FWD,Trailing,3,0,0,0,1,0
265839,2016-02-28,Barcelona,5246,Luis Alberto Suárez Díaz,FWD,Leading,14,0,1,0.47185755,2,1
265839,2016-02-28,Barcelona,5470,Ivan Rakitić,MID,Leading,13,0,0,0,5,1
265839,2016-02-28,Barcelona,5503,Lionel Andrés Messi Cuccittini,FWD,Level,29,6,2,0.108823107,1,2
265839,2016-02-28,Barcelona,5503,Lionel Andrés Messi Cuccittini,FWD,Trailing,7,0,1,0.074548624,0,1
265839,2016-02-28,Barcelona,5503,Lionel Andrés Messi Cuccittini,FWD,Leading,36,7,1,0.06768157,6,0
265839,2016-02-28,Barcelona,6379,Sergi Roberto Carnicer,MID,Level,23,3,0,0,12,0
265839,2016-02-28,Barcelona,6379,Sergi Roberto Carnicer,MID,Trailing,4,1,0,0,1,0
265839,2016-02-28,Barcelona,6379,Sergi Roberto Carnicer,MID,Leading,13,0,1,0.105102785,6,1
265839,2016-02-28,Barcelona,6400,Aleix Vidal Parreu,DEF,Level,37,5,0,0,3,3
265839,2016-02-28,Barcelona,6400,Aleix Vidal Parreu,DEF,Trailing,10,0,0,0,1,1
265839,2016-02-28,Barcelona,6400,Aleix Vidal Parreu,DEF,Leading,11,0,0,0,1,1
265839,2016-02-28,Barcelona,10609,Jérémy Mathieu,DEF,Level,30,2,0,0,1,2
265839,2016-02-28,Barcelona,10609,Jérémy Mathieu,DEF,Trailing,11,0,0,0,0,2
265839,2016-02-28,Barcelona,10609,Jérémy Mathieu,DEF,Leading,28,4,1,0.062141947,1,1
265839,2016-02-28,Barcelona,11094,Arda Turan,MID,Level,29,6,0,0,11,4
265839,2016-02-28,Barcelona,11094,Arda Turan,MID,Trailing,10,1,0,0,2,0
265839,2016-02-28,Barcelona,11094,Arda Turan,MID,Leading,10,1,0,0,4,0
3890463,2016-02-28,Bayer Leverkusen,3058,Javier Hernández Balcázar,FWD,Level,7,0,0,0,5,3
3890463,2016-02-28,Bayer Leverkusen,3058,Javier Hernández Balcázar,FWD,Trailing,20,1,1,0.618619,10,1
3890463,2016-02-28,Bayer Leverkusen,5494,Robbie Kruse,MID,Trailing,8,0,0,0,7,1
3890463,2016-02-28,Bayer Leverkusen,5555,Julian Brandt,MID,Level,4,0,0,0,5,2
3890463,2016-02-28,Bayer Leverkusen,5555,Julian Brandt,MID,Trailing,20,0,0,0,14,2
3890463,2016-02-28,Bayer Leverkusen,6309,Tin Jedvaj,DEF,Trailing,23,4,0,0,5,1
3890463,2016-02-28,Bayer Leverkusen,7039,Hakan Çalhanoğlu,MID,Level,7,1,0,0,6,1
3890463,2016-02-28,Bayer Leverkusen,7039,Hakan Çalhanoğlu,MID,Trailing,61,6,4,0.047018369600000005,19,7
3890463,2016-02-28,Bayer Leverkusen,8211,Benjamin Henrichs,FWD,Trailing,1,0,0,0,3,0
3890463,2016-02-28,Bayer Leverkusen,8212,Wendell Nascimento Borges,DEF,Level,7,1,0,0,2,0
3890463,2016-02-28,Bayer Leverkusen,8212,Wendell Nascimento Borges,DEF,Trailing,52,5,1,0.04506865,21,5
3890463,2016-02-28,Bayer Leverkusen,8213,Karim Bellarabi,FWD,Level,1,0,0,0,3,1
3890463,2016-02-28,Bayer Leverkusen,8213,Karim Bellarabi,FWD,Trailing,17,1,3,0.082287534,9,5
3890463,2016-02-28,Bayer Leverkusen,8219,Admir Mehmedi,FWD,Level,6,0,1,0.008325875,8,2
3890463,2016-02-28,Bayer Leverkusen,8219,Admir Mehmedi,FWD,Trailing,26,2,2,0.048149349999999994,16,3
3890463,2016-02-28,Bayer Leverkusen,8221,Jonathan Tah,DEF,Level,1,0,0,0,5,0
3890463,2016-02-28,Bayer Leverkusen,8221,Jonathan Tah,DEF,Trailing,22,6,0,0,7,0
3890463,2016-02-28,Bayer Leverkusen,8805,Christoph Kramer,MID,Level,5,0,0,0,9,2
3890463,2016-02-28,Bayer Leverkusen,8805,Christoph Kramer,MID,Trailing,53,4,0,0,26,6
3890463,2016-02-28,Bayer Leverkusen,8918,Roberto Hilbert,DEF,Level,6,0,0,0,7,0
3890463,2016-02-28,Bayer Leverkusen,8918,Roberto Hilbert,DEF,Trailing,61,8,0,0,13,6
3890463,2016-02-28,Bayer Leverkusen,9363,André Ramalho Silva,DEF,Level,4,0,0,0,3,1
3890463,2016-02-28,Bayer Leverkusen,9363,André Ramalho Silva,DEF,Trailing,65,6,0,0,16,9
3890463,2016-02-28,Bayer Leverkusen,15581,Bernd Leno,GK,Level,2,1,0,0,0,1
3890463,2016-02-28,Bayer Leverkusen,15581,Bernd Leno,GK,Trailing,28,1,0,0,1,3
3879759,2016-02-28,Juventus,3477,Álvaro Borja Morata Martín,MID,Leading,4,0,1,0.7835,4,0
3879759,2016-02-28,Juventus,5472,Mario Mandžukić,MID,Level,10,0,2,0.12807431,13,3
3879759,2016-02-28,Juventus,5472,Mario Mandžukić,MID,Leading,9,1,0,0,22,2
3879759,2016-02-28,Juventus,5541,Stephan Lichtsteiner,DEF,Level,28,5,0,0,10,6
3879759,2016-02-28,Juventus,5541,Stephan Lichtsteiner,DEF,Leading,21,1,0,0,8,1
3879759,2016-02-28,Juventus,5566,Sami Khedira,MID,Level,27,7,0,0,5,3
3879759,2016-02-28,Juventus,5566,Sami Khedira,MID,Leading,16,2,0,0,4,1
3879759,2016-02-28,Juventus,5743,Paulo Bruno Exequiel Dybala,MID,Level,15,4,1,0.747586,15,4
3879759,2016-02-28,Juventus,5743,Paulo Bruno Exequiel Dybala,MID,Leading,18,0,1,0.090407744,10,3
3879759,2016-02-28,Juventus,6943,Andrea Barzagli,DEF,Level,34,4,0,0,4,2
3879759,2016-02-28,Juventus,6943,Andrea Barzagli,DEF,Leading,23,3,0,0,1,1
3879759,2016-02-28,Juventus,6945,Alex Sandro Lobo Silva,DEF,Level,21,0,0,0,3,4
3879759,2016-02-28,Juventus,6945,Alex Sandro Lobo Silva,DEF,Leading,26,1,0,0,9,4
3879759,2016-02-28,Juventus,6949,Gianluigi Buffon,GK,Level,15,1,0,0,0,5
3879759,2016-02-28,Juventus,6949,Gianluigi Buffon,GK,Leading,11,0,0,0,0,2
3879759,2016-02-28,Juventus,6953,Daniele Rugani,DEF,Level,5,0,0,0,1,1
3879759,2016-02-28,Juventus,6953,Daniele Rugani,DEF,Leading,24,4,0,0,6,3
3879759,2016-02-28,Juventus,6954,Giorgio Chiellini,DEF,Level,20,1,0,0,5,1
3879759,2016-02-28,Juventus,7013,Stefano Sturaro,MID,Leading,2,0,0,0,11,1
3879759,2016-02-28,Juventus,7173,Leonardo Bonucci,DEF,Level,38,7,1,0.22451563,2,5
3879759,2016-02-28,Juventus,7173,Leonardo Bonucci,DEF,Leading,20,0,0,0,2,2
3879759,2016-02-28,Juventus,20004,Paul Pogba,MID,Level,16,0,0,0,12,0
3879759,2016-02-28,Juventus,20004,Paul Pogba,MID,Leading,28,3,0,0,9,5
3879759,2016-02-28,Juventus,25345,Anderson Hernanes de Carvalho Andrade,MID,Level,40,4,3,0.07456301400000001,6,6
3879759,2016-02-28,Juventus,25345,Anderson Hernanes de Carvalho Andrade,MID,Leading,21,4,0,0,3,3
3901159,2016-02-28,Paris Saint-Germain,3026,Adrien Rabiot,MID,Level,9,0,0,0,1,3
3901159,2016-02-28,Paris Saint-Germain,3026,Adrien Rabiot,MID,Trailing,45,6,0,0,16,3
3901159,2016-02-28,Paris Saint-Germain,3295,Thiago Emiliano da Silva,DEF,Level,21,4,0,0,0,0
3901159,2016-02-28,Paris Saint-Germain,3295,Thiago Emiliano da Silva,DEF,Trailing,63,6,1,0.054164995,7,4
3901159,2016-02-28,Paris Saint-Germain,3672,Zlatan Ibrahimović,FWD,Level,5,0,1,0.0034456847,0,0
3901159,2016-02-28,Paris Saint-Germain,3672,Zlatan Ibrahimović,FWD,Trailing,22,0,3,0.18915696,2,3
3901159,2016-02-28,Paris Saint-Germain,3745,Lucas Rodrigues Moura da Silva,FWD,Level,4,0,0,0,0,1
3901159,2016-02-28,Paris Saint-Germain,3745,Lucas Rodrigues Moura da Silva,FWD,Trailing,30,0,2,0.1240637,8,7
3901159,2016-02-28,Paris Saint-Germain,3956,David Luiz Moreira Marinho,DEF,Level,14,4,0,0,0,1
3901159,2016-02-28,Paris Saint-Germain,3956,David Luiz Moreira Marinho,DEF,Trailing,58,14,0,0,5,4
3901159,2016-02-28,Paris Saint-Germain,4319,Edinson Roberto Cavani Gómez,FWD,Level,7,0,0,0,1,0
3901159,2016-02-28,Paris Saint-Germain,4319,Edinson Roberto Cavani Gómez,FWD,Trailing,24,0,0,0,9,0
3901159,2016-02-28,Paris Saint-Germain,4325,Thiago Motta,MID,Level,13,1,0,0,1,0
3901159,2016-02-28,Paris Saint-Germain,4325,Thiago Motta,MID,Trailing,72,9,0,0,6,2
3901159,2016-02-28,Paris Saint-Germain,4370,Javier Matías Pastore,MID,Trailing,34,7,0,0,3,2
3901159,2016-02-28,Paris Saint-Germain,4375,Blaise Matuidi,MID,Trailing,13,1,0,0,2,1
3901159,2016-02-28,Paris Saint-Germain,4440,Kevin Trapp,GK,Level,7,0,0,0,0,3
3901159,2016-02-28,Paris Saint-Germain,4440,Kevin Trapp,GK,Trailing,22,3,0,0,1,0
3901159,2016-02-28,Paris Saint-Germain,8515,Benjamin Stambouli,MID,Level,5,0,0,0,0,0
3901159,2016-02-28,Paris Saint-Germain,8515,Benjamin Stambouli,MID,Trailing,17,0,0,0,3,2
3901159,2016-02-28,Paris Saint-Germain,20048,Gregory van der Wiel,DEF,Level,13,1,0,0,1,1
3901159,2016-02-28,Paris Saint-Germain,20048,Gregory van der Wiel,DEF,Trailing,50,4,0,0,5,5
3901159,2016-02-28,Paris Saint-Germain,26613,Maxwell Scherrer Cabelino Andrade,DEF,Level,11,1,0,0,0,0
3901159,2016-02-28,Paris Saint-Germain,26613,Maxwell Scherrer Cabelino Andrade,DEF,Trailing,66,8,0,0,8,1
3753976,2016-03-02,Arsenal,3385,Alexis Alejandro Sánchez Sánchez,FWD,Level,33,7,4,0.206845006,18,5
3753976,2016-03-02,Arsenal,3385,Alexis Alejandro Sánchez Sánchez,FWD,Leading,13,1,0,0,5,1
3753976,2016-03-02,Arsenal,3385,Alexis Alejandro Sánchez Sánchez,FWD,Trailing,0,0,0,0,0,0
3753976,2016-03-02,Arsenal,3437,Francis Joseph Coquelin,MID,Level,33,2,1,0.014114397,24,7
3753976,2016-03-02,Arsenal,3437,Francis Joseph Coquelin,MID,Leading,20,2,0,0,8,4
3753976,2016-03-02,Arsenal,3437,Francis Joseph Coquelin,MID,Trailing,11,0,0,0,8,0
3753976,2016-03-02,Arsenal,3461,Petr Čech,GK,Level,22,4,0,0,1,6
3753976,2016-03-02,Arsenal,3461,Petr Čech,GK,Leading,5,1,0,0,0,1
3753976,2016-03-02,Arsenal,3461,Petr Čech,GK,Trailing,8,2,0,0,0,2
3753976,2016-03-02,Arsenal,3475,Per Mertesacker,DEF,Level,41,8,0,0,5,6
3753976,2016-03-02,Arsenal,3475,Per Mertesacker,DEF,Leading,11,4,0,0,1,0
3753976,2016-03-02,Arsenal,3475,Per Mertesacker,DEF,Trailing,16,6,0,0,2,1
3753976,2016-03-02,Arsenal,3496,Mesut Özil,MID,Level,43,4,0,0,8,2
3753976,2016-03-02,Arsenal,3496,Mesut Özil,MID,Leading,10,3,1,0.045307864,3,0
3753976,2016-03-02,Arsenal,3496,Mesut Özil,MID,Trailing,27,5,0,0,2,1
3753976,2016-03-02,Arsenal,3498,Ignacio Monreal Eraso,DEF,Level,38,3,0,0,12,3
3753976,2016-03-02,Arsenal,3498,Ignacio Monreal Eraso,DEF,Leading,8,0,0,0,0,0
3753976,2016-03-02,Arsenal,3498,Ignacio Monreal Eraso,DEF,Trailing,25,2,1,0.09780786,5,0
3753976,2016-03-02,Arsenal,3511,Héctor Bellerín Moruno,DEF,Level,43,4,0,0,5,2
3753976,2016-03-02,Arsenal,3511,Héctor Bellerín Moruno,DEF,Leading,13,1,1,0.016068317,1,2
3753976,2016-03-02,Arsenal,3511,Héctor Bellerín Moruno,DEF,Trailing,8,2,0,0,0,1
3753976,2016-03-02,Arsenal,3517,Aaron Ramsey,MID,Level,56,10,0,0,12,3
3753976,2016-03-02,Arsenal,3517,Aaron Ramsey,MID,Leading,14,0,0,0,10,1
3753976,2016-03-02,Arsenal,3517,Aaron Ramsey,MID,Trailing,17,4,0,0,5,1
3753976,2016-03-02,Arsenal,3569,Daniel Nii Tackie Mensah Welbeck,FWD,Level,5,0,0,0,1,0
3753976,2016-03-02,Arsenal,3569,Daniel Nii Tackie Mensah Welbeck,FWD,Trailing,1,0,1,0.07965794,5,0
3753976,2016-03-02,Arsenal,3604,Olivier Giroud,FWD,Level,22,0,3,0.53129446,16,2
3753976,2016-03-02,Arsenal,3604,Olivier Giroud,FWD,Leading,1,0,0,0,4,0
3753976,2016-03-02,Arsenal,3604,Olivier Giroud,FWD,Trailing,8,0,1,0.03287031,3,0
3753976,2016-03-02,Arsenal,3668,Theo Walcott,FWD,Trailing,6,0,1,0.06659934,2,0
3753976,2016-03-02,Arsenal,5581,Joel Nathaniel Campbell Samuels,FWD,Level,27,9,2,0.22701402399999998,14,3
3753976,2016-03-02,Arsenal,5581,Joel Nathaniel Campbell Samuels,FWD,Leading,11,1,1,0.009894139,4,1
3753976,2016-03-02,Arsenal,6746,Gabriel Armando de Abreu,DEF,Level,39,7,0,0,9,1
3753976,2016-03-02,Arsenal,6746,Gabriel Armando de Abreu,DEF,Leading,10,0,0,0,2,0
3753976,2016-03-02,Arsenal,6746,Gabriel Armando de Abreu,DEF,Trailing,22,3,0,0,3,5
3890472,2016-03-02,Bayer Leverkusen,3058,Javier Hernández Balcázar,FWD,Level,2,0,0,0,1,0
3890472,2016-03-02,Bayer Leverkusen,3058,Javier Hernández Balcázar,FWD,Trailing,26,0,1,0.19667996,4,4
3890472,2016-03-02,Bayer Leverkusen,5494,Robbie Kruse,FWD,Trailing,23,0,1,0.07734731,10,4
3890472,2016-03-02,Bayer Leverkusen,5555,Julian Brandt,MID,Level,1,0,0,0,4,0
3890472,2016-03-02,Bayer Leverkusen,5555,Julian Brandt,MID,Trailing,23,2,1,0.033324894,10,3
3890472,2016-03-02,Bayer Leverkusen,6309,Tin Jedvaj,DEF,Level,10,1,0,0,0,0
3890472,2016-03-02,Bayer Leverkusen,6309,Tin Jedvaj,DEF,Trailing,54,10,1,0.016353821,13,13
3890472,2016-03-02,Bayer Leverkusen,7039,Hakan Çalhanoğlu,MID,Level,3,0,0,0,0,0
3890472,2016-03-02,Bayer Leverkusen,7039,Hakan Çalhanoğlu,MID,Trailing,86,15,7,0.218236874,21,4
3890472,2016-03-02,Bayer Leverkusen,8211,Benjamin Henrichs,DEF,Trailing,9,2,0,0,3,1
3890472,2016-03-02,Bayer Leverkusen,8212,Wendell Nascimento Borges,DEF,Level,2,0,0,0,0,0
3890472,2016-03-02,Bayer Leverkusen,8212,Wendell Nascimento Borges,DEF,Trailing,66,5,1,0.06509573,23,8
3890472,2016-03-02,Bayer Leverkusen,8213,Karim Bellarabi,FWD,Level,0,0,0,0,0,0
3890472,2016-03-02,Bayer Leverkusen,8213,Karim Bellarabi,FWD,Trailing,40,7,0,0,17,7
3890472,2016-03-02,Bayer Leverkusen,8219,Admir Mehmedi,FWD,Level,0,0,0,0,0,0
3890472,2016-03-02,Bayer Leverkusen,8219,Admir Mehmedi,FWD,Trailing,34,3,0,0,22,4
3890472,2016-03-02,Bayer Leverkusen,8805,Christoph Kramer,MID,Level,5,0,0,0,0,0
3890472,2016-03-02,Bayer Leverkusen,8805,Christoph Kramer,MID,Trailing,55,13,0,0,21,9
3890472,2016-03-02,Bayer Leverkusen,8918,Roberto Hilbert,DEF,Level,2,0,0,0,0,0
3890472,2016-03-02,Bayer Leverkusen,8918,Roberto Hilbert,DEF,Trailing,32,4,2,0.088243294,11,3
3890472,2016-03-02,Bayer Leverkusen,9363,André Ramalho Silva,DEF,Level,6,1,0,0,1,1
3890472,2016-03-02,Bayer Leverkusen,9363,André Ramalho Silva,DEF,Trailing,46,3,2,0.08931386999999999,15,5
3890472,2016-03-02,Bayer Leverkusen,15581,Bernd Leno,GK,Level,3,0,0,0,0,0
3890472,2016-03-02,Bayer Leverkusen,15581,Bernd Leno,GK,Trailing,21,1,0,0,0,4
3890472,2016-03-02,Bayer Leverkusen,21168,Marlon Frey,FWD,Trailing,6,0,0,0,3,1
266653,2016-03-03,Barcelona,4320,Neymar da Silva Santos Junior,FWD,Level,16,3,0,0,2,2
266653,2016-03-03,Barcelona,4320,Neymar da Silva Santos Junior,FWD,Leading,33,3,4,0.46277914100000006,7,0
266653,2016-03-03,Barcelona,4691,Claudio Andrés Bravo Muñoz,GK,Level,14,3,0,0,0,1
266653,2016-03-03,Barcelona,4691,Claudio Andrés Bravo Muñoz,GK,Leading,29,1,0,0,0,4
266653,2016-03-03,Barcelona,5203,Sergio Busquets i Burgos,MID,Level,8,1,0,0,7,1
266653,2016-03-03,Barcelona,5203,Sergio Busquets i Burgos,MID,Leading,38,9,0,0,16,3
266653,2016-03-03,Barcelona,5213,Gerard Piqué Bernabéu,DEF,Level,15,4,0,0,1,1
266653,2016-03-03,Barcelona,5213,Gerard Piqué Bernabéu,DEF,Leading,43,3,2,0.134703005,5,5
266653,2016-03-03,Barcelona,5216,Andrés Iniesta Luján,MID,Level,13,1,0,0,2,3
266653,2016-03-03,Barcelona,5216,Andrés Iniesta Luján,MID,Leading,53,10,1,0.073379375,13,2
266653,2016-03-03,Barcelona,5246,Luis Alberto Suárez Díaz,FWD,Level,8,0,0,0,5,1
266653,2016-03-03,Barcelona,5246,Luis Alberto Suárez Díaz,FWD,Leading,17,3,6,1.422183573,4,4
266653,2016-03-03,Barcelona,5470,Ivan Rakitić,MID,Level,13,3,1,0.26464975,6,4
266653,2016-03-03,Barcelona,5470,Ivan Rakitić,MID,Leading,27,4,0,0,12,3
266653,2016-03-03,Barcelona,5503,Lionel Andrés Messi Cuccittini,FWD,Level,11,3,1,0.10564601,1,1
266653,2016-03-03,Barcelona,5503,Lionel Andrés Messi Cuccittini,FWD,Leading,40,3,4,0.7839272260000001,9,5
266653,2016-03-03,Barcelona,5506,Javier Alejandro Mascherano,DEF,Level,12,1,0,0,2,0
266653,2016-03-03,Barcelona,5506,Javier Alejandro Mascherano,DEF,Leading,40,9,0,0,12,2
266653,2016-03-03,Barcelona,6332,Thomas Vermaelen,MID,Leading,9,0,0,0,0,0
266653,2016-03-03,Barcelona,6379,Sergi Roberto Carnicer,DEF,Level,6,1,0,0,0,0
266653,2016-03-03,Barcelona,6379,Sergi Roberto Carnicer,DEF,Leading,30,3,0,0,3,2
266653,2016-03-03,Barcelona,6400,Aleix Vidal Parreu,DEF,Leading,8,0,0,0,1,0
266653,2016-03-03,Barcelona,10609,Jérémy Mathieu,DEF,Level,13,0,0,0,2,0
266653,2016-03-03,Barcelona,10609,Jérémy Mathieu,DEF,Leading,35,2,1,0.068113126,6,4
266653,2016-03-03,Barcelona,11094,Arda Turan,MID,Leading,18,0,1,0.2941532,4,1
3754318,2016-03-05,Arsenal,3385,Alexis Alejandro Sánchez Sánchez,FWD,Level,17,3,1,0.03567827,13,3
3754318,2016-03-05,Arsenal,3385,Alexis Alejandro Sánchez Sánchez,FWD,Leading,14,2,0,0,4,0
3754318,2016-03-05,Arsenal,3385,Alexis Alejandro Sánchez Sánchez,FWD,Trailing,4,1,2,0.098815178,2,2
3754318,2016-03-05,Arsenal,3437,Francis Joseph Coquelin,MID,Level,19,4,0,0,11,7
3754318,2016-03-05,Arsenal,3437,Francis Joseph Coquelin,MID,Leading,9,0,0,0,6,3
3754318,2016-03-05,Arsenal,3475,Per Mertesacker,DEF,Level,23,3,0,0,10,2
3754318,2016-03-05,Arsenal,3475,Per Mertesacker,DEF,Leading,7,4,0,0,0,0
3754318,2016-03-05,Arsenal,3475,Per Mertesacker,DEF,Trailing,2,0,0,0,0,1
3754318,2016-03-05,Arsenal,3496,Mesut Özil,MID,Level,32,5,1,0.0047524814,6,3
3754318,2016-03-05,Arsenal,3496,Mesut Özil,MID,Leading,11,2,0,0,6,1
3754318,2016-03-05,Arsenal,3496,Mesut Özil,MID,Trailing,5,1,0,0,3,0
3754318,2016-03-05,Arsenal,3511,Héctor Bellerín Moruno,DEF,Level,34,2,0,0,12,8
3754318,2016-03-05,Arsenal,3511,Héctor Bellerín Moruno,DEF,Leading,10,0,0,0,1,1
3754318,2016-03-05,Arsenal,3511,Héctor Bellerín Moruno,DEF,Trailing,10,3,1,0.02378201,1,1
3754318,2016-03-05,Arsenal,3517,Aaron Ramsey,FWD,Level,37,3,2,0.41148607,21,6
3754318,2016-03-05,Arsenal,3517,Aaron Ramsey,FWD,Leading,14,2,0,0,3,4
3754318,2016-03-05,Arsenal,3517,Aaron Ramsey,FWD,Trailing,4,1,1,0.030254314,4,0
3754318,2016-03-05,Arsenal,3528,Kieran Gibbs,DEF,Level,35,4,0,0,6,2
3754318,2016-03-05,Arsenal,3528,Kieran Gibbs,DEF,Leading,17,1,0,0,1,2
3754318,2016-03-05,Arsenal,3528,Kieran Gibbs,DEF,Trailing,4,0,0,0,0,1
3754318,2016-03-05,Arsenal,3568,Mohamed Naser Elsayed Elneny,MID,Level,22,3,0,0,9,3
3754318,2016-03-05,Arsenal,3568,Mohamed Naser Elsayed Elneny,MID,Leading,12,2,0,0,2,4
3754318,2016-03-05,Arsenal,3568,Mohamed Naser Elsayed Elneny,MID,Trailing,4,0,0,0,1,1
3754318,2016-03-05,Arsenal,3569,Daniel Nii Tackie Mensah Welbeck,FWD,Level,12,1,2,0.030811142,9,1
3754318,2016-03-05,Arsenal,3569,Daniel Nii Tackie Mensah Welbeck,FWD,Leading,2,0,1,0.09718332,4,0
3754318,2016-03-05,Arsenal,3569,Daniel Nii Tackie Mensah Welbeck,FWD,Trailing,7,0,0,0,3,0
3754318,2016-03-05,Arsenal,3604,Olivier Giroud,MID,Trailing,2,0,0,0,0,0
3754318,2016-03-05,Arsenal,3604,Olivier Giroud,MID,Level,5,0,0,0,3,0
3754318,2016-03-05,Arsenal,4276,David Ospina Ramírez,GK,Level,21,5,0,0,0,5
3754318,2016-03-05,Arsenal,4276,David Ospina Ramírez,GK,Leading,7,1,0,0,0,1
3754318,2016-03-05,Arsenal,4276,David Ospina Ramírez,GK,Trailing,4,1,0,0,0,0
3754318,2016-03-05,Arsenal,5581,Joel Nathaniel Campbell Samuels,MID,Level,0,0,0,0,1,0
3754318,2016-03-05,Arsenal,6631,Mathieu Flamini,FWD,Level,2,0,0,0,0,0
3754318,2016-03-05,Arsenal,6746,Gabriel Armando de Abreu,DEF,Level,8,1,0,0,5,1
3754318,2016-03-05,Arsenal,6746,Gabriel Armando de Abreu,DEF,Leading,3,0,0,0,2,1
3754318,2016-03-05,Arsenal,6746,Gabriel Armando de Abreu,DEF,Trailing,1,0,0,0,3,2
3890477,2016-03-05,Bayer Leverkusen,5494,Robbie Kruse,MID,Level,2,0,0,0,3,1
3890477,2016-03-05,Bayer Leverkusen,5494,Robbie Kruse,MID,Trailing,28,0,1,0.046966948,14,2
3890477,2016-03-05,Bayer Leverkusen,5555,Julian Brandt,MID,Level,2,1,0,0,3,0
3890477,2016-03-05,Bayer Leverkusen,5555,Julian Brandt,MID,Trailing,47,1,1,0.023779813,17,7
3890477,2016-03-05,Bayer Leverkusen,6309,Tin Jedvaj,DEF,Level,1,0,0,0,1,0
3890477,2016-03-05,Bayer Leverkusen,6309,Tin Jedvaj,DEF,Trailing,46,5,1,0.017120747,7,1
3890477,2016-03-05,Bayer Leverkusen,7039,Hakan Çalhanoğlu,MID,Level,5,0,0,0,2,1
3890477,2016-03-05,Bayer Leverkusen,7039,Hakan Çalhanoğlu,MID,Trailing,69,13,5,0.8921903179999999,16,6
3890477,2016-03-05,Bayer Leverkusen,8212,Wendell Nascimento Borges,DEF,Level,8,0,0,0,1,1
3890477,2016-03-05,Bayer Leverkusen,8212,Wendell Nascimento Borges,DEF,Trailing,58,5,1,0.011445688,14,6
3890477,2016-03-05,Bayer Leverkusen,8213,Karim Bellarabi,MID,Level,4,0,0,0,2,0
3890477,2016-03-05,Bayer Leverkusen,8213,Karim Bellarabi,MID,Trailing,33,1,3,0.095520296,13,6
3890477,2016-03-05,Bayer Leverkusen,8219,Admir Mehmedi,MID,Level,1,0,0,0,2,0
3890477,2016-03-05,Bayer Leverkusen,8219,Admir Mehmedi,MID,Trailing,37,11,3,0.28412940200000003,14,5
3890477,2016-03-05,Bayer Leverkusen,8805,Christoph Kramer,MID,Level,6,0,0,0,0,1
3890477,2016-03-05,Bayer Leverkusen,8805,Christoph Kramer,MID,Trailing,76,6,0,0,22,9
3890477,2016-03-05,Bayer Leverkusen,9363,André Ramalho Silva,DEF,Level,4,1,0,0,2,0
3890477,2016-03-05,Bayer Leverkusen,9363,André Ramalho Silva,DEF,Trailing,53,4,1,0.019958142,8,6
3890477,2016-03-05,Bayer Leverkusen,15581,Bernd Leno,GK,Level,2,0,0,0,0,0
3890477,2016-03-05,Bayer Leverkusen,15581,Bernd Leno,GK,Trailing,31,4,0,0,0,9
3890477,2016-03-05,Bayer Leverkusen,20415,Sebastian Boenisch,DEF,Level,4,0,0,0,0,0
3890477,2016-03-05,Bayer Leverkusen,20415,Sebastian Boenisch,DEF,Trailing,81,13,3,0.040927475500000005,9,11
3890477,2016-03-05,Bayer Leverkusen,21168,Marlon Frey,DEF,Trailing,9,3,1,0.13722506,3,2
3890477,2016-03-05,Bayer Leverkusen,24428,Vladlen Yurchenko,MID,Trailing,2,0,0,0,2,0
3901166,2016-03-05,Paris Saint-Germain,2995,Ángel Fabián Di María Hernández,FWD,Level,38,3,3,0.023674359,7,7
3901166,2016-03-05,Paris Saint-Germain,2999,Presnel Kimpembe,DEF,Level,90,10,0,0,12,6
3901166,2016-03-05,Paris Saint-Germain,3025,Christopher Nkunku,MID,Level,34,1,0,0,22,5
3901166,2016-03-05,Paris Saint-Germain,3026,Adrien Rabiot,MID,Level,85,9,1,0.005247138,28,6
3901166,2016-03-05,Paris Saint-Germain,3672,Zlatan Ibrahimović,FWD,Level,11,2,2,0.15526680699999998,1,0
3901166,2016-03-05,Paris Saint-Germain,3745,Lucas Rodrigues Moura da Silva,FWD,Level,41,3,0,0,13,4
3901166,2016-03-05,Paris Saint-Germain,4319,Edinson Roberto Cavani Gómez,FWD,Level,23,1,2,0.64456698,22,3
3901166,2016-03-05,Paris Saint-Germain,4370,Javier Matías Pastore,MID,Level,39,3,0,0,7,0
3901166,2016-03-05,Paris Saint-Germain,4372,Marcos Aoás Corrêa,DEF,Level,121,5,0,0,13,6
3901166,2016-03-05,Paris Saint-Germain,4440,Kevin Trapp,GK,Level,41,1,0,0,0,6
3901166,2016-03-05,Paris Saint-Germain,8510,Jean-Kévin Augustin,FWD,Level,10,0,0,0,6,2
3901166,2016-03-05,Paris Saint-Germain,8515,Benjamin Stambouli,MID,Level,59,3,0,0,31,5
3901166,2016-03-05,Paris Saint-Germain,20048,Gregory van der Wiel,DEF,Level,96,4,0,0,20,3
3901166,2016-03-05,Paris Saint-Germain,26613,Maxwell Scherrer Cabelino Andrade,DEF,Level,71,5,0,0,7,3
266056,2016-03-06,Barcelona,4324,Daniel Alves da Silva,DEF,Level,12,1,0,0,0,1
266056,2016-03-06,Barcelona,4324,Daniel Alves da Silva,DEF,Leading,78,7,0,0,11,9
266056,2016-03-06,Barcelona,4691,Claudio Andrés Bravo Muñoz,GK,Level,2,0,0,0,0,0
266056,2016-03-06,Barcelona,4691,Claudio Andrés Bravo Muñoz,GK,Leading,47,0,0,0,0,6
266056,2016-03-06,Barcelona,5203,Sergio Busquets i Burgos,MID,Level,9,0,0,0,1,1
266056,2016-03-06,Barcelona,5203,Sergio Busquets i Burgos,MID,Leading,67,5,0,0,7,3
266056,2016-03-06,Barcelona,5211,Jordi Alba Ramos,DEF,Level,12,0,0,0,1,0
266056,2016-03-06,Barcelona,5211,Jordi Alba Ramos,DEF,Leading,94,11,0,0,7,5
266056,2016-03-06,Barcelona,5213,Gerard Piqué Bernabéu,DEF,Level,8,1,0,0,0,0
266056,2016-03-06,Barcelona,5213,Gerard Piqué Bernabéu,DEF,Leading,65,3,0,0,6,4
266056,2016-03-06,Barcelona,5246,Luis Alberto Suárez Díaz,FWD,Level,4,0,1,0.039868426,0,1
266056,2016-03-06,Barcelona,5246,Luis Alberto Suárez Díaz,FWD,Leading,25,1,3,0.41110575,1,1
266056,2016-03-06,Barcelona,5470,Ivan Rakitić,MID,Level,8,1,0,0,0,0
266056,2016-03-06,Barcelona,5470,Ivan Rakitić,MID,Leading,57,9,0,0,10,1
266056,2016-03-06,Barcelona,5503,Lionel Andrés Messi Cuccittini,FWD,Level,11,1,0,0,0,0
266056,2016-03-06,Barcelona,5503,Lionel Andrés Messi Cuccittini,FWD,Leading,51,10,4,1.0204029129999999,2,3
266056,2016-03-06,Barcelona,5506,Javier Alejandro Mascherano,DEF,Level,13,1,0,0,0,1
266056,2016-03-06,Barcelona,5506,Javier Alejandro Mascherano,DEF,Leading,75,4,0,0,4,5
266056,2016-03-06,Barcelona,6332,Thomas Vermaelen,MID,Leading,6,0,0,0,0,0
266056,2016-03-06,Barcelona,6379,Sergi Roberto Carnicer,MID,Leading,6,2,1,0.056929775,3,0
266056,2016-03-06,Barcelona,6616,Munir El Haddadi Mohamed,FWD,Level,8,0,1,0.80571604,0,0
266056,2016-03-06,Barcelona,6616,Munir El Haddadi Mohamed,FWD,Leading,45,4,0,0,8,5
266056,2016-03-06,Barcelona,7068,Marc Bartra Aregall,DEF,Leading,9,1,0,0,0,0
266056,2016-03-06,Barcelona,11094,Arda Turan,MID,Level,4,0,0,0,0,0
266056,2016-03-06,Barcelona,11094,Arda Turan,MID,Leading,57,7,0,0,12,7
3879770,2016-03-06,Juventus,3477,Álvaro Borja Morata Martín,MID,Leading,1,0,0,0,4,0
3879770,2016-03-06,Juventus,3579,Roberto Maximiliano Pereyra,MID,Level,13,1,0,0,3,1
3879770,2016-03-06,Juventus,3579,Roberto Maximiliano Pereyra,MID,Leading,26,1,0,0,14,4
3879770,2016-03-06,Juventus,3951,Mario Lemina,MID,Leading,8,0,1,0.120557904,5,1
3879770,2016-03-06,Juventus,5472,Mario Mandžukić,MID,Level,6,0,0,0,3,0
3879770,2016-03-06,Juventus,5472,Mario Mandžukić,MID,Leading,34,0,1,0.128111,10,3
3879770,2016-03-06,Juventus,5541,Stephan Lichtsteiner,DEF,Level,25,1,0,0,2,1
3879770,2016-03-06,Juventus,5541,Stephan Lichtsteiner,DEF,Leading,35,3,0,0,6,1
3879770,2016-03-06,Juventus,5566,Sami Khedira,MID,Level,24,1,1,0.20765828,4,5
3879770,2016-03-06,Juventus,5566,Sami Khedira,MID,Leading,17,1,0,0,7,3
3879770,2016-03-06,Juventus,5743,Paulo Bruno Exequiel Dybala,MID,Level,15,1,0,0,2,1
3879770,2016-03-06,Juventus,5743,Paulo Bruno Exequiel Dybala,MID,Leading,26,3,0,0,8,5
3879770,2016-03-06,Juventus,6943,Andrea Barzagli,DEF,Level,19,0,1,0.55696446,0,1
3879770,2016-03-06,Juventus,6943,Andrea Barzagli,DEF,Leading,23,3,0,0,7,1
3879770,2016-03-06,Juventus,6945,Alex Sandro Lobo Silva,MID,Leading,4,0,0,0,4,1
3879770,2016-03-06,Juventus,6949,Gianluigi Buffon,GK,Level,8,0,0,0,0,2
3879770,2016-03-06,Juventus,6949,Gianluigi Buffon,GK,Leading,22,5,0,0,0,5
3879770,2016-03-06,Juventus,7173,Leonardo Bonucci,DEF,Level,20,5,0,0,2,1
3879770,2016-03-06,Juventus,7173,Leonardo Bonucci,DEF,Leading,35,8,0,0,6,1
3879770,2016-03-06,Juventus,8294,Claudio Marchisio,MID,Level,22,6,0,0,0,4
3879770,2016-03-06,Juventus,8294,Claudio Marchisio,MID,Leading,52,7,2,0.044489896,7,8
3879770,2016-03-06,Juventus,20004,Paul Pogba,MID,Level,20,4,1,0.019261248,6,4
3879770,2016-03-06,Juventus,20004,Paul Pogba,MID,Leading,31,2,2,0.08607488199999999,12,3
3879770,2016-03-06,Juventus,20008,Patrice Evra,DEF,Level,22,4,0,0,3,0
3879770,2016-03-06,Juventus,20008,Patrice Evra,DEF,Leading,40,6,0,0,8,3
3879777,2016-03-11,Juventus,3477,Álvaro Borja Morata Martín,MID,Leading,2,0,1,0.011003339,3,2
3879777,2016-03-11,Juventus,5472,Mario Mandžukić,MID,Level,8,0,1,0.03557394,7,0
3879777,2016-03-11,Juventus,5472,Mario Mandžukić,MID,Leading,11,1,0,0,18,0
3879777,2016-03-11,Juventus,5541,Stephan Lichtsteiner,MID,Leading,2,1,0,0,1,0
3879777,2016-03-11,Juventus,5566,Sami Khedira,MID,Level,11,0,1,0.593609,9,2
3879777,2016-03-11,Juventus,5566,Sami Khedira,MID,Leading,17,1,0,0,7,0
3879777,2016-03-11,Juventus,5689,Juan Guillermo Cuadrado Bello,DEF,Level,25,1,1,0.01558258,10,3
3879777,2016-03-11,Juventus,5689,Juan Guillermo Cuadrado Bello,DEF,Leading,25,1,1,0.14522803,10,5
3879777,2016-03-11,Juventus,5743,Paulo Bruno Exequiel Dybala,MID,Level,19,1,3,0.09699145099999999,11,2
3879777,2016-03-11,Juventus,5743,Paulo Bruno Exequiel Dybala,MID,Leading,25,4,0,0,15,2
3879777,2016-03-11,Juventus,6940,Kwadwo Asamoah,MID,Level,10,1,0,0,5,0
3879777,2016-03-11,Juventus,6940,Kwadwo Asamoah,MID,Leading,20,1,1,0.02911836,10,4
3879777,2016-03-11,Juventus,6943,Andrea Barzagli,DEF,Level,21,2,0,0,3,1
3879777,2016-03-11,Juventus,6943,Andrea Barzagli,DEF,Leading,27,4,0,0,6,4
3879777,2016-03-11,Juventus,6945,Alex Sandro Lobo Silva,DEF,Level,23,1,2,0.150043871,4,1
3879777,2016-03-11,Juventus,6945,Alex Sandro Lobo Silva,DEF,Leading,39,3,2,0.068959701,7,6
3879777,2016-03-11,Juventus,6949,Gianluigi Buffon,GK,Level,13,0,0,0,0,2
3879777,2016-03-11,Juventus,6949,Gianluigi Buffon,GK,Leading,22,0,0,0,0,6
3879777,2016-03-11,Juventus,6953,Daniele Rugani,DEF,Level,27,1,0,0,3,2
3879777,2016-03-11,Juventus,6953,Daniele Rugani,DEF,Leading,30,4,1,0.09440906,10,1
3879777,2016-03-11,Juventus,7173,Leonardo Bonucci,DEF,Level,29,4,0,0,7,2
3879777,2016-03-11,Juventus,7173,Leonardo Bonucci,DEF,Leading,26,2,0,0,4,4
3879777,2016-03-11,Juventus,8294,Claudio Marchisio,MID,Level,19,7,0,0,8,5
3879777,2016-03-11,Juventus,8294,Claudio Marchisio,MID,Leading,32,8,0,0,10,7
3879777,2016-03-11,Juventus,20004,Paul Pogba,MID,Leading,6,0,2,0.12253214700000001,4,3
266498,2016-03-12,Barcelona,4320,Neymar da Silva Santos Junior,FWD,Level,5,0,0,0,0,0
266498,2016-03-12,Barcelona,4320,Neymar da Silva Santos Junior,FWD,Leading,64,1,5,0.7729884880000001,9,4
266498,2016-03-12,Barcelona,4691,Claudio Andrés Bravo Muñoz,GK,Level,2,0,0,0,0,0
266498,2016-03-12,Barcelona,4691,Claudio Andrés Bravo Muñoz,GK,Leading,25,0,0,0,0,1
266498,2016-03-12,Barcelona,5211,Jordi Alba Ramos,DEF,Level,11,1,0,0,2,0
266498,2016-03-12,Barcelona,5211,Jordi Alba Ramos,DEF,Leading,74,13,0,0,11,2
266498,2016-03-12,Barcelona,5213,Gerard Piqué Bernabéu,DEF,Level,12,3,0,0,1,1
266498,2016-03-12,Barcelona,5213,Gerard Piqué Bernabéu,DEF,Leading,52,7,1,0.30672285,3,1
266498,2016-03-12,Barcelona,5216,Andrés Iniesta Luján,MID,Level,5,0,0,0,4,1
266498,2016-03-12,Barcelona,5216,Andrés Iniesta Luján,MID,Leading,50,10,0,0,9,1
266498,2016-03-12,Barcelona,5503,Lionel Andrés Messi Cuccittini,FWD,Level,7,1,0,0,0,2
266498,2016-03-12,Barcelona,5503,Lionel Andrés Messi Cuccittini,FWD,Leading,47,12,6,1.051302131,5,1
266498,2016-03-12,Barcelona,6332,Thomas Vermaelen,DEF,Leading,23,1,0,0,2,1
266498,2016-03-12,Barcelona,6379,Sergi Roberto Carnicer,MID,Level,5,0,0,0,5,1
266498,2016-03-12,Barcelona,6379,Sergi Roberto Carnicer,MID,Leading,53,3,0,0,17,4
266498,2016-03-12,Barcelona,6400,Aleix Vidal Parreu,DEF,Level,9,1,0,0,4,0
266498,2016-03-12,Barcelona,6400,Aleix Vidal Parreu,DEF,Leading,71,8,0,0,12,6
266498,2016-03-12,Barcelona,6616,Munir El Haddadi Mohamed,FWD,Level,2,0,0,0,3,1
266498,2016-03-12,Barcelona,6616,Munir El Haddadi Mohamed,FWD,Leading,25,2,1,0.43270716,15,1
266498,2016-03-12,Barcelona,7068,Marc Bartra Aregall,DEF,Leading,18,2,0,0,4,0
266498,2016-03-12,Barcelona,10609,Jérémy Mathieu,DEF,Level,12,0,0,0,1,0
266498,2016-03-12,Barcelona,10609,Jérémy Mathieu,DEF,Leading,44,4,0,0,2,2
266498,2016-03-12,Barcelona,11094,Arda Turan,MID,Level,2,1,0,0,3,2
266498,2016-03-12,Barcelona,11094,Arda Turan,MID,Leading,67,7,2,0.36760988,16,8
266498,2016-03-12,Barcelona,21229,Sergi Samper Montaña,MID,Leading,26,4,0,0,11,2
3890492,2016-03-13,Bayer Leverkusen,3058,Javier Hernández Balcázar,FWD,Level,4,0,1,0.15704611,4,0
3890492,2016-03-13,Bayer Leverkusen,3058,Javier Hernández Balcázar,FWD,Leading,9,0,1,0.15193753,5,1
3890492,2016-03-13,Bayer Leverkusen,5494,Robbie Kruse,FWD,Leading,14,0,1,0.13819697,10,2
3890492,2016-03-13,Bayer Leverkusen,5555,Julian Brandt,FWD,Level,11,0,0,0,4,0
3890492,2016-03-13,Bayer Leverkusen,5555,Julian Brandt,FWD,Leading,34,3,0,0,18,6
3890492,2016-03-13,Bayer Leverkusen,6309,Tin Jedvaj,DEF,Level,7,1,0,0,2,3
3890492,2016-03-13,Bayer Leverkusen,6309,Tin Jedvaj,DEF,Leading,38,5,0,0,20,4
3890492,2016-03-13,Bayer Leverkusen,7039,Hakan Çalhanoğlu,MID,Level,13,1,1,0.0077169784,5,2
3890492,2016-03-13,Bayer Leverkusen,7039,Hakan Çalhanoğlu,MID,Leading,41,9,1,0.050754745,18,2
3890492,2016-03-13,Bayer Leverkusen,8212,Wendell Nascimento Borges,DEF,Level,15,2,0,0,3,3
3890492,2016-03-13,Bayer Leverkusen,8212,Wendell Nascimento Borges,DEF,Leading,42,8,0,0,19,2
3890492,2016-03-13,Bayer Leverkusen,8213,Karim Bellarabi,FWD,Level,6,2,0,0,5,2
3890492,2016-03-13,Bayer Leverkusen,8213,Karim Bellarabi,FWD,Leading,15,3,0,0,9,4
3890492,2016-03-13,Bayer Leverkusen,8221,Jonathan Tah,DEF,Level,2,0,0,0,3,0
3890492,2016-03-13,Bayer Leverkusen,8221,Jonathan Tah,DEF,Leading,18,5,0,0,6,6
3890492,2016-03-13,Bayer Leverkusen,8313,Kyriakos Papadopoulos,MID,Level,7,3,0,0,6,0
3890492,2016-03-13,Bayer Leverkusen,8313,Kyriakos Papadopoulos,MID,Leading,18,2,1,0.1225042,16,5
3890492,2016-03-13,Bayer Leverkusen,8573,Ömer Toprak,DEF,Level,7,1,1,0.06792297,2,0
3890492,2016-03-13,Bayer Leverkusen,8573,Ömer Toprak,DEF,Leading,15,5,0,0,7,3
3890492,2016-03-13,Bayer Leverkusen,9363,André Ramalho Silva,MID,Leading,5,0,0,0,9,1
3890492,2016-03-13,Bayer Leverkusen,11394,Stefan Kießling,MID,Leading,10,0,1,0.22589982,10,3
3890492,2016-03-13,Bayer Leverkusen,15581,Bernd Leno,GK,Level,7,0,0,0,0,0
3890492,2016-03-13,Bayer Leverkusen,15581,Bernd Leno,GK,Leading,13,1,0,0,0,3
3890492,2016-03-13,Bayer Leverkusen,21168,Marlon Frey,MID,Level,6,2,1,0.022277497,2,1
3890492,2016-03-13,Bayer Leverkusen,21168,Marlon Frey,MID,Leading,14,2,4,0.17216043799999997,16,3
3901183,2016-03-13,Paris Saint-Germain,2995,Ángel Fabián Di María Hernández,FWD,Level,13,4,0,0,4,0
3901183,2016-03-13,Paris Saint-Germain,2995,Ángel Fabián Di María Hernández,FWD,Leading,46,3,0,0,6,4
3901183,2016-03-13,Paris Saint-Germain,3026,Adrien Rabiot,MID,Level,15,1,0,0,1,2
3901183,2016-03-13,Paris Saint-Germain,3026,Adrien Rabiot,MID,Leading,45,1,1,0.18974373,14,4
3901183,2016-03-13,Paris Saint-Germain,3295,Thiago Emiliano da Silva,DEF,Level,18,2,1,0.087956294,1,2
3901183,2016-03-13,Paris Saint-Germain,3295,Thiago Emiliano da Silva,DEF,Leading,85,4,0,0,6,4
3901183,2016-03-13,Paris Saint-Germain,3672,Zlatan Ibrahimović,FWD,Level,7,0,1,0.037726667,3,0
3901183,2016-03-13,Paris Saint-Germain,3672,Zlatan Ibrahimović,FWD,Leading,23,2,7,0.698894519,8,6
3901183,2016-03-13,Paris Saint-Germain,3745,Lucas Rodrigues Moura da Silva,FWD,Leading,18,1,1,0.31253505,6,2
3901183,2016-03-13,Paris Saint-Germain,3956,David Luiz Moreira Marinho,DEF,Level,16,0,0,0,0,0
3901183,2016-03-13,Paris Saint-Germain,3956,David Luiz Moreira Marinho,DEF,Leading,63,8,1,0.007973566,7,3
3901183,2016-03-13,Paris Saint-Germain,4319,Edinson Roberto Cavani Gómez,FWD,Level,5,0,2,1.3586933700000001,0,2
3901183,2016-03-13,Paris Saint-Germain,4319,Edinson Roberto Cavani Gómez,FWD,Leading,26,1,4,1.884325596,7,3
3901183,2016-03-13,Paris Saint-Germain,4326,Layvin Kurzawa,DEF,Level,10,0,0,0,3,0
3901183,2016-03-13,Paris Saint-Germain,4326,Layvin Kurzawa,DEF,Leading,43,2,1,0.096558236,12,4
3901183,2016-03-13,Paris Saint-Germain,4370,Javier Matías Pastore,MID,Level,9,1,0,0,4,1
3901183,2016-03-13,Paris Saint-Germain,4370,Javier Matías Pastore,MID,Leading,96,16,3,1.04880678,25,5
3901183,2016-03-13,Paris Saint-Germain,4372,Marcos Aoás Corrêa,DEF,Leading,28,4,0,0,7,0
3901183,2016-03-13,Paris Saint-Germain,4440,Kevin Trapp,GK,Level,2,0,0,0,0,0
3901183,2016-03-13,Paris Saint-Germain,4440,Kevin Trapp,GK,Leading,27,0,0,0,0,3
3901183,2016-03-13,Paris Saint-Germain,8515,Benjamin Stambouli,MID,Level,13,1,0,0,3,2
3901183,2016-03-13,Paris Saint-Germain,8515,Benjamin Stambouli,MID,Leading,79,7,0,0,17,2
3901183,2016-03-13,Paris Saint-Germain,20048,Gregory van der Wiel,DEF,Level,13,0,0,0,5,1
3901183,2016-03-13,Paris Saint-Germain,20048,Gregory van der Wiel,DEF,Leading,17,0,0,0,3,2
3901183,2016-03-13,Paris Saint-Germain,26613,Maxwell Scherrer Cabelino Andrade,MID,Leading,25,1,0,0,4,1
3753980,2016-03-19,Arsenal,3385,Alexis Alejandro Sánchez Sánchez,FWD,Level,5,2,0,0,1,0
3753980,2016-03-19,Arsenal,3385,Alexis Alejandro Sánchez Sánchez,FWD,Leading,42,5,0,0,27,6
3753980,2016-03-19,Arsenal,3394,Laurent Koscielny,DEF,Level,1,0,0,0,0,0
3753980,2016-03-19,Arsenal,3394,Laurent Koscielny,DEF,Leading,38,8,0,0,5,4
3753980,2016-03-19,Arsenal,3437,Francis Joseph Coquelin,MID,Level,3,2,0,0,0,0
3753980,2016-03-19,Arsenal,3437,Francis Joseph Coquelin,MID,Leading,45,7,1,0.021132382,23,8
3753980,2016-03-19,Arsenal,3496,Mesut Özil,MID,Level,6,0,0,0,2,0
3753980,2016-03-19,Arsenal,3496,Mesut Özil,MID,Leading,56,7,2,0.134528763,7,3
3753980,2016-03-19,Arsenal,3498,Ignacio Monreal Eraso,DEF,Level,4,0,0,0,1,1
3753980,2016-03-19,Arsenal,3498,Ignacio Monreal Eraso,DEF,Leading,49,7,0,0,9,4
3753980,2016-03-19,Arsenal,3511,Héctor Bellerín Moruno,DEF,Level,2,0,0,0,0,0
3753980,2016-03-19,Arsenal,3511,Héctor Bellerín Moruno,DEF,Leading,55,5,1,0.15557927,14,5
3753980,2016-03-19,Arsenal,3528,Kieran Gibbs,MID,Leading,7,1,0,0,9,1
3753980,2016-03-19,Arsenal,3568,Mohamed Naser Elsayed Elneny,MID,Level,3,0,0,0,1,0
3753980,2016-03-19,Arsenal,3568,Mohamed Naser Elsayed Elneny,MID,Leading,48,5,0,0,23,5
3753980,2016-03-19,Arsenal,3569,Daniel Nii Tackie Mensah Welbeck,FWD,Level,0,0,1,0.8986322,2,1
3753980,2016-03-19,Arsenal,3569,Daniel Nii Tackie Mensah Welbeck,FWD,Leading,15,2,0,0,21,3
3753980,2016-03-19,Arsenal,3604,Olivier Giroud,FWD,Leading,7,1,2,0.096840457,8,1
3753980,2016-03-19,Arsenal,3647,Alex Iwobi,FWD,Level,2,0,0,0,2,0
3753980,2016-03-19,Arsenal,3647,Alex Iwobi,FWD,Leading,34,4,3,0.44050772,25,3
3753980,2016-03-19,Arsenal,3713,Calum Chambers,MID,Leading,5,1,0,0,6,0
3753980,2016-03-19,Arsenal,4276,David Ospina Ramírez,GK,Level,2,2,0,0,0,0
3753980,2016-03-19,Arsenal,4276,David Ospina Ramírez,GK,Leading,24,5,0,0,0,8
3753980,2016-03-19,Arsenal,6746,Gabriel Armando de Abreu,DEF,Level,2,0,1,0.0831494,0,0
3753980,2016-03-19,Arsenal,6746,Gabriel Armando de Abreu,DEF,Leading,35,6,0,0,5,3
266106,2016-03-20,Barcelona,4320,Neymar da Silva Santos Junior,FWD,Level,37,3,0,0,1,0
266106,2016-03-20,Barcelona,4320,Neymar da Silva Santos Junior,FWD,Leading,37,3,2,0.94150229,6,2
266106,2016-03-20,Barcelona,4324,Daniel Alves da Silva,MID,Leading,7,2,0,0,1,0
266106,2016-03-20,Barcelona,4324,Daniel Alves da Silva,MID,Level,29,3,1,0.020243438,1,4
266106,2016-03-20,Barcelona,4691,Claudio Andrés Bravo Muñoz,GK,Level,16,0,0,0,0,4
266106,2016-03-20,Barcelona,4691,Claudio Andrés Bravo Muñoz,GK,Leading,16,0,0,0,0,2
266106,2016-03-20,Barcelona,5203,Sergio Busquets i Burgos,MID,Level,44,4,0,0,9,3
266106,2016-03-20,Barcelona,5203,Sergio Busquets i Burgos,MID,Leading,35,1,0,0,3,3
266106,2016-03-20,Barcelona,5211,Jordi Alba Ramos,DEF,Level,49,4,0,0,2,2
266106,2016-03-20,Barcelona,5211,Jordi Alba Ramos,DEF,Leading,44,3,0,0,5,1
266106,2016-03-20,Barcelona,5213,Gerard Piqué Bernabéu,DEF,Level,20,5,0,0,0,0
266106,2016-03-20,Barcelona,5213,Gerard Piqué Bernabéu,DEF,Leading,26,2,0,0,1,1
266106,2016-03-20,Barcelona,5246,Luis Alberto Suárez Díaz,FWD,Level,12,0,1,0.051633615,5,1
266106,2016-03-20,Barcelona,5246,Luis Alberto Suárez Díaz,FWD,Leading,19,1,1,0.033133637,1,2
266106,2016-03-20,Barcelona,5470,Ivan Rakitić,MID,Level,29,2,4,0.42248991500000005,7,3
266106,2016-03-20,Barcelona,5470,Ivan Rakitić,MID,Leading,30,3,0,0,6,1
266106,2016-03-20,Barcelona,5503,Lionel Andrés Messi Cuccittini,FWD,Level,30,10,2,0.048419208000000005,2,0
266106,2016-03-20,Barcelona,5503,Lionel Andrés Messi Cuccittini,FWD,Leading,41,12,2,0.09703329999999999,2,2
266106,2016-03-20,Barcelona,5506,Javier Alejandro Mascherano,DEF,Level,41,3,0,0,8,1
266106,2016-03-20,Barcelona,5506,Javier Alejandro Mascherano,DEF,Leading,30,6,0,0,7,0
266106,2016-03-20,Barcelona,6379,Sergi Roberto Carnicer,DEF,Level,35,2,1,0.022270195,4,2
266106,2016-03-20,Barcelona,6379,Sergi Roberto Carnicer,DEF,Leading,28,4,0,0,1,3
266106,2016-03-20,Barcelona,10609,Jérémy Mathieu,DEF,Leading,2,0,0,0,0,0
266106,2016-03-20,Barcelona,10609,Jérémy Mathieu,DEF,Level,21,5,1,0.1395904,4,0
266106,2016-03-20,Barcelona,11094,Arda Turan,MID,Level,9,0,0,0,4,3
266106,2016-03-20,Barcelona,11094,Arda Turan,MID,Leading,32,1,0,0,6,5
3890500,2016-03-20,Bayer Leverkusen,3058,Javier Hernández Balcázar,MID,Level,3,1,1,0.1785038,1,0
3890500,2016-03-20,Bayer Leverkusen,3058,Javier Hernández Balcázar,MID,Leading,24,1,1,0.06371949,4,1
3890500,2016-03-20,Bayer Leverkusen,5494,Robbie Kruse,MID,Leading,11,0,1,0.049361236,6,3
3890500,2016-03-20,Bayer Leverkusen,5555,Julian Brandt,MID,Level,7,0,1,0.10795968,1,0
3890500,2016-03-20,Bayer Leverkusen,5555,Julian Brandt,MID,Leading,36,3,3,0.746205833,8,5
3890500,2016-03-20,Bayer Leverkusen,8211,Benjamin Henrichs,DEF,Level,3,1,0,0,4,0
3890500,2016-03-20,Bayer Leverkusen,8211,Benjamin Henrichs,DEF,Leading,34,7,0,0,16,6
3890500,2016-03-20,Bayer Leverkusen,8212,Wendell Nascimento Borges,DEF,Level,11,4,0,0,1,2
3890500,2016-03-20,Bayer Leverkusen,8212,Wendell Nascimento Borges,DEF,Leading,37,6,0,0,8,3
3890500,2016-03-20,Bayer Leverkusen,8213,Karim Bellarabi,MID,Level,6,1,1,0.029385021,1,2
3890500,2016-03-20,Bayer Leverkusen,8213,Karim Bellarabi,MID,Leading,14,3,2,0.163644766,14,5
3890500,2016-03-20,Bayer Leverkusen,8219,Admir Mehmedi,MID,Leading,1,0,0,0,2,0
3890500,2016-03-20,Bayer Leverkusen,8221,Jonathan Tah,DEF,Level,9,3,0,0,1,1
3890500,2016-03-20,Bayer Leverkusen,8221,Jonathan Tah,DEF,Leading,21,3,1,0.068307064,7,5
3890500,2016-03-20,Bayer Leverkusen,8805,Christoph Kramer,MID,Level,6,0,0,0,1,2
3890500,2016-03-20,Bayer Leverkusen,8805,Christoph Kramer,MID,Leading,35,4,0,0,18,11
3890500,2016-03-20,Bayer Leverkusen,9363,André Ramalho Silva,DEF,Level,8,1,0,0,1,0
3890500,2016-03-20,Bayer Leverkusen,9363,André Ramalho Silva,DEF,Leading,30,2,0,0,9,5
3890500,2016-03-20,Bayer Leverkusen,11394,Stefan Kießling,MID,Level,7,0,0,0,3,0
3890500,2016-03-20,Bayer Leverkusen,11394,Stefan Kießling,MID,Leading,29,1,2,0.58254029,11,3
3890500,2016-03-20,Bayer Leverkusen,15581,Bernd Leno,GK,Level,4,0,0,0,0,1
3890500,2016-03-20,Bayer Leverkusen,15581,Bernd Leno,GK,Leading,31,10,0,0,0,0
3890500,2016-03-20,Bayer Leverkusen,21168,Marlon Frey,MID,Leading,6,1,0,0,0,2
3890500,2016-03-20,Bayer Leverkusen,24428,Vladlen Yurchenko,MID,Level,6,1,0,0,2,0
3890500,2016-03-20,Bayer Leverkusen,24428,Vladlen Yurchenko,MID,Leading,32,6,2,0.137465433,15,1
3879790,2016-03-20,Juventus,3477,Álvaro Borja Morata Martín,MID,Leading,19,0,3,0.7256466600000001,18,3
3879790,2016-03-20,Juventus,3951,Mario Lemina,MID,Level,23,2,0,0,6,2
3879790,2016-03-20,Juventus,3951,Mario Lemina,MID,Leading,35,7,0,0,12,2
3879790,2016-03-20,Juventus,5472,Mario Mandžukić,MID,Level,6,0,1,0.06531587,6,1
3879790,2016-03-20,Juventus,5472,Mario Mandžukić,MID,Leading,18,0,0,0,5,1
3879790,2016-03-20,Juventus,5541,Stephan Lichtsteiner,DEF,Level,16,0,0,0,2,1
3879790,2016-03-20,Juventus,5541,Stephan Lichtsteiner,DEF,Leading,10,5,1,0.023359798,3,0
3879790,2016-03-20,Juventus,5566,Sami Khedira,MID,Level,16,2,1,0.01674947,6,0
3879790,2016-03-20,Juventus,5566,Sami Khedira,MID,Leading,22,1,1,0.25975856,8,2
3879790,2016-03-20,Juventus,5689,Juan Guillermo Cuadrado Bello,DEF,Leading,23,0,0,0,8,2
3879790,2016-03-20,Juventus,5743,Paulo Bruno Exequiel Dybala,MID,Level,20,5,2,0.071871238,8,3
3879790,2016-03-20,Juventus,6584,Simone Zaza,MID,Leading,4,1,0,0,2,0
3879790,2016-03-20,Juventus,6943,Andrea Barzagli,DEF,Level,23,3,0,0,0,2
3879790,2016-03-20,Juventus,6943,Andrea Barzagli,DEF,Leading,29,10,0,0,4,6
3879790,2016-03-20,Juventus,6945,Alex Sandro Lobo Silva,DEF,Level,16,1,0,0,5,3
3879790,2016-03-20,Juventus,6945,Alex Sandro Lobo Silva,DEF,Leading,22,2,0,0,4,2
3879790,2016-03-20,Juventus,6949,Gianluigi Buffon,GK,Level,10,1,0,0,0,1
3879790,2016-03-20,Juventus,6949,Gianluigi Buffon,GK,Leading,23,1,0,0,0,4
3879790,2016-03-20,Juventus,6953,Daniele Rugani,DEF,Level,20,2,0,0,6,3
3879790,2016-03-20,Juventus,6953,Daniele Rugani,DEF,Leading,51,9,0,0,7,6
3879790,2016-03-20,Juventus,7173,Leonardo Bonucci,DEF,Level,23,3,0,0,6,1
3879790,2016-03-20,Juventus,7173,Leonardo Bonucci,DEF,Leading,21,3,0,0,7,2
3879790,2016-03-20,Juventus,20004,Paul Pogba,MID,Level,13,3,1,0.031785525,7,0
3879790,2016-03-20,Juventus,20004,Paul Pogba,MID,Leading,34,3,4,0.19751487300000004,16,6
3901193,2016-03-20,Paris Saint-Germain,2995,Ángel Fabián Di María Hernández,MID,Level,86,16,3,0.23033405099999998,11,3
3901193,2016-03-20,Paris Saint-Germain,2995,Ángel Fabián Di María Hernández,MID,Trailing,19,0,0,0,3,0
3901193,2016-03-20,Paris Saint-Germain,3026,Adrien Rabiot,MID,Level,64,5,1,0.021023396,20,7
3901193,2016-03-20,Paris Saint-Germain,3026,Adrien Rabiot,MID,Trailing,0,0,0,0,0,0
3901193,2016-03-20,Paris Saint-Germain,3295,Thiago Emiliano da Silva,DEF,Level,58,8,0,0,5,2
3901193,2016-03-20,Paris Saint-Germain,3295,Thiago Emiliano da Silva,DEF,Trailing,24,6,1,0.30622306,1,6
3901193,2016-03-20,Paris Saint-Germain,3672,Zlatan Ibrahimović,FWD,Level,57,6,4,0.30088069100000003,3,1
3901193,2016-03-20,Paris Saint-Germain,3672,Zlatan Ibrahimović,FWD,Trailing,13,1,4,0.541570124,1,6
3901193,2016-03-20,Paris Saint-Germain,3745,Lucas Rodrigues Moura da Silva,FWD,Level,46,1,0,0,5,4
3901193,2016-03-20,Paris Saint-Germain,3745,Lucas Rodrigues Moura da Silva,FWD,Trailing,25,2,0,0,2,4
3901193,2016-03-20,Paris Saint-Germain,3956,David Luiz Moreira Marinho,DEF,Level,56,7,0,0,4,6
3901193,2016-03-20,Paris Saint-Germain,3956,David Luiz Moreira Marinho,DEF,Trailing,16,3,1,0.044551082,2,0
3901193,2016-03-20,Paris Saint-Germain,4319,Edinson Roberto Cavani Gómez,FWD,Level,38,0,6,0.512064864,9,2
3901193,2016-03-20,Paris Saint-Germain,4319,Edinson Roberto Cavani Gómez,FWD,Trailing,14,2,1,0.05891092,4,0
3901193,2016-03-20,Paris Saint-Germain,4325,Thiago Motta,MID,Level,87,12,0,0,15,4
3901193,2016-03-20,Paris Saint-Germain,4325,Thiago Motta,MID,Trailing,23,4,0,0,3,0
3901193,2016-03-20,Paris Saint-Germain,4372,Marcos Aoás Corrêa,DEF,Level,70,8,0,0,13,4
3901193,2016-03-20,Paris Saint-Germain,4372,Marcos Aoás Corrêa,DEF,Trailing,35,2,0,0,4,2
3901193,2016-03-20,Paris Saint-Germain,4375,Blaise Matuidi,MID,Trailing,35,7,1,0.04288813,3,4
3901193,2016-03-20,Paris Saint-Germain,4440,Kevin Trapp,GK,Level,16,0,0,0,0,2
3901193,2016-03-20,Paris Saint-Germain,4440,Kevin Trapp,GK,Trailing,3,0,0,0,0,0
3901193,2016-03-20,Paris Saint-Germain,8510,Jean-Kévin Augustin,MID,Trailing,7,0,1,0.17979157,0,1
3901193,2016-03-20,Paris Saint-Germain,8515,Benjamin Stambouli,MID,Trailing,14,0,0,0,3,4
3901193,2016-03-20,Paris Saint-Germain,26613,Maxwell Scherrer Cabelino Andrade,DEF,Level,62,2,0,0,8,3
3901193,2016-03-20,Paris Saint-Germain,26613,Maxwell Scherrer Cabelino Andrade,DEF,Trailing,19,3,0,0,4,3
3890502,2016-04-01,Bayer Leverkusen,3058,Javier Hernández Balcázar,MID,Leading,4,0,2,0.130590554,6,1
3890502,2016-04-01,Bayer Leverkusen,5555,Julian Brandt,FWD,Level,12,3,1,0.28015772,4,4
3890502,2016-04-01,Bayer Leverkusen,5555,Julian Brandt,FWD,Leading,24,3,1,0.013115505,13,5
3890502,2016-04-01,Bayer Leverkusen,6309,Tin Jedvaj,DEF,Level,12,2,0,0,5,0
3890502,2016-04-01,Bayer Leverkusen,6309,Tin Jedvaj,DEF,Leading,20,4,0,0,7,1
3890502,2016-04-01,Bayer Leverkusen,7039,Hakan Çalhanoğlu,MID,Level,22,3,0,0,6,3
3890502,2016-04-01,Bayer Leverkusen,7039,Hakan Çalhanoğlu,MID,Leading,21,2,2,0.082585913,7,1
3890502,2016-04-01,Bayer Leverkusen,8210,Charles Mariano Aránguiz Sandoval,MID,Leading,2,0,0,0,3,1
3890502,2016-04-01,Bayer Leverkusen,8212,Wendell Nascimento Borges,DEF,Level,28,0,0,0,5,5
3890502,2016-04-01,Bayer Leverkusen,8212,Wendell Nascimento Borges,DEF,Leading,31,5,1,0.0646687,12,6
3890502,2016-04-01,Bayer Leverkusen,8213,Karim Bellarabi,FWD,Level,5,1,3,0.07570481300000001,10,1
3890502,2016-04-01,Bayer Leverkusen,8213,Karim Bellarabi,FWD,Leading,18,2,0,0,19,4
3890502,2016-04-01,Bayer Leverkusen,8221,Jonathan Tah,DEF,Level,24,2,0,0,3,1
3890502,2016-04-01,Bayer Leverkusen,8221,Jonathan Tah,DEF,Leading,16,3,0,0,3,3
3890502,2016-04-01,Bayer Leverkusen,8805,Christoph Kramer,MID,Level,22,2,0,0,7,2
3890502,2016-04-01,Bayer Leverkusen,8805,Christoph Kramer,MID,Leading,37,6,0,0,9,2
3890502,2016-04-01,Bayer Leverkusen,8969,Lars Bender,MID,Level,14,2,0,0,9,0
3890502,2016-04-01,Bayer Leverkusen,8969,Lars Bender,MID,Leading,16,1,0,0,13,2
3890502,2016-04-01,Bayer Leverkusen,9363,André Ramalho Silva,DEF,Level,25,2,0,0,5,2
3890502,2016-04-01,Bayer Leverkusen,9363,André Ramalho Silva,DEF,Leading,23,2,1,0.03680891,6,1
3890502,2016-04-01,Bayer Leverkusen,11394,Stefan Kießling,FWD,Level,10,1,0,0,7,2
3890502,2016-04-01,Bayer Leverkusen,11394,Stefan Kießling,FWD,Leading,8,1,0,0,10,0
3890502,2016-04-01,Bayer Leverkusen,15581,Bernd Leno,GK,Level,14,0,0,0,0,1
3890502,2016-04-01,Bayer Leverkusen,15581,Bernd Leno,GK,Leading,22,2,0,0,2,3
3890502,2016-04-01,Bayer Leverkusen,24428,Vladlen Yurchenko,MID,Leading,8,2,1,0.065737024,5,2
3754118,2016-04-02,Arsenal,3385,Alexis Alejandro Sánchez Sánchez,FWD,Level,2,0,2,0.7227901800000001,1,3
3754118,2016-04-02,Arsenal,3385,Alexis Alejandro Sánchez Sánchez,FWD,Leading,62,5,2,0.064897772,5,5
3754118,2016-04-02,Arsenal,3394,Laurent Koscielny,DEF,Level,8,1,0,0,0,2
3754118,2016-04-02,Arsenal,3394,Laurent Koscielny,DEF,Leading,62,7,0,0,5,0
3754118,2016-04-02,Arsenal,3437,Francis Joseph Coquelin,MID,Level,9,3,0,0,1,0
3754118,2016-04-02,Arsenal,3437,Francis Joseph Coquelin,MID,Leading,78,18,1,0.053671256,9,4
3754118,2016-04-02,Arsenal,3496,Mesut Özil,MID,Level,7,0,0,0,0,0
3754118,2016-04-02,Arsenal,3496,Mesut Özil,MID,Leading,114,14,2,0.35900122999999995,1,5
3754118,2016-04-02,Arsenal,3498,Ignacio Monreal Eraso,DEF,Level,4,0,0,0,0,0
3754118,2016-04-02,Arsenal,3498,Ignacio Monreal Eraso,DEF,Leading,51,6,1,0.12286518,12,2
3754118,2016-04-02,Arsenal,3511,Héctor Bellerín Moruno,DEF,Level,5,0,0,0,0,1
3754118,2016-04-02,Arsenal,3511,Héctor Bellerín Moruno,DEF,Leading,75,6,1,0.041441783,8,7
3754118,2016-04-02,Arsenal,3568,Mohamed Naser Elsayed Elneny,MID,Level,11,0,0,0,0,0
3754118,2016-04-02,Arsenal,3568,Mohamed Naser Elsayed Elneny,MID,Leading,116,15,1,0.04110797,7,5
3754118,2016-04-02,Arsenal,3569,Daniel Nii Tackie Mensah Welbeck,FWD,Level,4,0,0,0,0,0
3754118,2016-04-02,Arsenal,3569,Daniel Nii Tackie Mensah Welbeck,FWD,Leading,13,1,3,0.26631243000000004,3,0
3754118,2016-04-02,Arsenal,3604,Olivier Giroud,FWD,Leading,7,1,1,0.06907528,0,0
3754118,2016-04-02,Arsenal,3647,Alex Iwobi,FWD,Level,5,2,0,0,0,0
3754118,2016-04-02,Arsenal,3647,Alex Iwobi,FWD,Leading,42,7,4,0.35595832299999997,1,4
3754118,2016-04-02,Arsenal,3668,Theo Walcott,FWD,Leading,7,0,1,0.47959393,5,1
3754118,2016-04-02,Arsenal,4276,David Ospina Ramírez,GK,Level,1,0,0,0,0,0
3754118,2016-04-02,Arsenal,4276,David Ospina Ramírez,GK,Leading,36,4,0,0,0,5
3754118,2016-04-02,Arsenal,5581,Joel Nathaniel Campbell Samuels,FWD,Leading,10,0,0,0,1,1
3754118,2016-04-02,Arsenal,6746,Gabriel Armando de Abreu,DEF,Level,11,0,0,0,0,0
3754118,2016-04-02,Arsenal,6746,Gabriel Armando de Abreu,DEF,Leading,57,3,0,0,1,5
267533,2016-04-02,Barcelona,4320,Neymar da Silva Santos Junior,FWD,Level,36,2,1,0.049374785,7,4
267533,2016-04-02,Barcelona,4320,Neymar da Silva Santos Junior,FWD,Leading,4,0,0,0,1,0
267533,2016-04-02,Barcelona,4320,Neymar da Silva Santos Junior,FWD,Trailing,3,0,0,0,0,0
267533,2016-04-02,Barcelona,4324,Daniel Alves da Silva,DEF,Level,56,4,2,0.031777276,6,2
267533,2016-04-02,Barcelona,4324,Daniel Alves da Silva,DEF,Leading,5,0,0,0,0,0
267533,2016-04-02,Barcelona,4324,Daniel Alves da Silva,DEF,Trailing,2,0,0,0,2,0
267533,2016-04-02,Barcelona,4691,Claudio Andrés Bravo Muñoz,GK,Level,23,3,0,0,0,4
267533,2016-04-02,Barcelona,4691,Claudio Andrés Bravo Muñoz,GK,Trailing,1,0,0,0,0,0
267533,2016-04-02,Barcelona,5203,Sergio Busquets i Burgos,MID,Level,79,8,0,0,8,7
267533,2016-04-02,Barcelona,5203,Sergio Busquets i Burgos,MID,Leading,8,1,0,0,1,0
267533,2016-04-02,Barcelona,5203,Sergio Busquets i Burgos,MID,Trailing,4,0,0,0,2,0
267533,2016-04-02,Barcelona,5211,Jordi Alba Ramos,DEF,Level,67,6,0,0,6,7
267533,2016-04-02,Barcelona,5211,Jordi Alba Ramos,DEF,Leading,7,1,0,0,0,1
267533,2016-04-02,Barcelona,5211,Jordi Alba Ramos,DEF,Trailing,6,0,0,0,0,0
267533,2016-04-02,Barcelona,5213,Gerard Piqué Bernabéu,DEF,Level,72,13,1,0.10838826,1,3
267533,2016-04-02,Barcelona,5213,Gerard Piqué Bernabéu,DEF,Leading,6,0,0,0,1,1
267533,2016-04-02,Barcelona,5213,Gerard Piqué Bernabéu,DEF,Trailing,4,0,0,0,2,1
267533,2016-04-02,Barcelona,5216,Andrés Iniesta Luján,MID,Level,66,7,1,0.07817352,7,5
267533,2016-04-02,Barcelona,5216,Andrés Iniesta Luján,MID,Leading,6,0,0,0,1,0
267533,2016-04-02,Barcelona,5216,Andrés Iniesta Luján,MID,Trailing,11,0,0,0,3,1
267533,2016-04-02,Barcelona,5246,Luis Alberto Suárez Díaz,FWD,Level,21,0,3,0.11610638200000001,5,1
267533,2016-04-02,Barcelona,5246,Luis Alberto Suárez Díaz,FWD,Leading,2,0,0,0,0,0
267533,2016-04-02,Barcelona,5246,Luis Alberto Suárez Díaz,FWD,Trailing,3,0,0,0,0,0
267533,2016-04-02,Barcelona,5470,Ivan Rakitić,MID,Level,45,6,2,0.084605457,14,3
267533,2016-04-02,Barcelona,5470,Ivan Rakitić,MID,Leading,4,0,0,0,1,0
267533,2016-04-02,Barcelona,5503,Lionel Andrés Messi Cuccittini,FWD,Level,69,8,3,0.141151009,2,1
267533,2016-04-02,Barcelona,5503,Lionel Andrés Messi Cuccittini,FWD,Leading,9,0,0,0,1,0
267533,2016-04-02,Barcelona,5503,Lionel Andrés Messi Cuccittini,FWD,Trailing,5,0,0,0,0,0
267533,2016-04-02,Barcelona,5506,Javier Alejandro Mascherano,DEF,Level,64,14,0,0,7,3
267533,2016-04-02,Barcelona,5506,Javier Alejandro Mascherano,DEF,Leading,8,1,0,0,0,1
267533,2016-04-02,Barcelona,5506,Javier Alejandro Mascherano,DEF,Trailing,7,0,0,0,0,0
267533,2016-04-02,Barcelona,11094,Arda Turan,MID,Level,6,1,0,0,3,0
267533,2016-04-02,Barcelona,11094,Arda Turan,MID,Trailing,3,1,1,0.11549341,0,2
3879798,2016-04-02,Juventus,3477,Álvaro Borja Morata Martín,MID,Level,17,2,4,0.11284821,10,1
3879798,2016-04-02,Juventus,3477,Álvaro Borja Morata Martín,MID,Leading,8,1,2,0.11392006600000001,11,3
3879798,2016-04-02,Juventus,3579,Roberto Maximiliano Pereyra,MID,Level,18,1,1,0.036193214,8,6
3879798,2016-04-02,Juventus,3579,Roberto Maximiliano Pereyra,MID,Leading,9,1,0,0,3,2
3879798,2016-04-02,Juventus,5472,Mario Mandžukić,MID,Level,7,0,2,0.42237734000000005,6,1
3879798,2016-04-02,Juventus,5472,Mario Mandžukić,MID,Leading,5,0,0,0,3,0
3879798,2016-04-02,Juventus,5541,Stephan Lichtsteiner,DEF,Level,25,6,2,0.069607923,6,2
3879798,2016-04-02,Juventus,5541,Stephan Lichtsteiner,DEF,Leading,31,5,0,0,4,0
3879798,2016-04-02,Juventus,5689,Juan Guillermo Cuadrado Bello,DEF,Leading,21,3,0,0,2,3
3879798,2016-04-02,Juventus,6584,Simone Zaza,MID,Leading,5,1,2,0.168433842,7,3
3879798,2016-04-02,Juventus,6940,Kwadwo Asamoah,MID,Leading,7,1,2,0.710350934,2,6
3879798,2016-04-02,Juventus,6943,Andrea Barzagli,DEF,Level,23,6,0,0,3,1
3879798,2016-04-02,Juventus,6943,Andrea Barzagli,DEF,Leading,22,1,0,0,3,1
3879798,2016-04-02,Juventus,6949,Gianluigi Buffon,GK,Level,16,1,0,0,0,3
3879798,2016-04-02,Juventus,6949,Gianluigi Buffon,GK,Leading,13,5,0,0,0,3
3879798,2016-04-02,Juventus,6953,Daniele Rugani,DEF,Level,18,1,0,0,10,2
3879798,2016-04-02,Juventus,6953,Daniele Rugani,DEF,Leading,22,1,0,0,11,2
3879798,2016-04-02,Juventus,6954,Giorgio Chiellini,DEF,Level,17,1,2,0.142130192,2,2
3879798,2016-04-02,Juventus,6954,Giorgio Chiellini,DEF,Leading,6,0,0,0,0,1
3879798,2016-04-02,Juventus,8294,Claudio Marchisio,MID,Level,26,2,1,0.028040024,7,5
3879798,2016-04-02,Juventus,8294,Claudio Marchisio,MID,Leading,24,1,0,0,10,3
3879798,2016-04-02,Juventus,20004,Paul Pogba,MID,Level,24,2,0,0,10,5
3879798,2016-04-02,Juventus,20004,Paul Pogba,MID,Leading,24,2,2,0.090213168,8,6
3879798,2016-04-02,Juventus,20008,Patrice Evra,DEF,Level,17,2,0,0,9,0
3879798,2016-04-02,Juventus,20008,Patrice Evra,DEF,Leading,28,0,0,0,6,2
3901196,2016-04-02,Paris Saint-Germain,3025,Christopher Nkunku,FWD,Leading,17,0,0,0,4,0
3901196,2016-04-02,Paris Saint-Germain,3026,Adrien Rabiot,MID,Level,27,1,0,0,10,1
3901196,2016-04-02,Paris Saint-Germain,3026,Adrien Rabiot,MID,Leading,43,2,1,0.025040528,18,4
3901196,2016-04-02,Paris Saint-Germain,3295,Thiago Emiliano da Silva,DEF,Level,33,3,0,0,1,2
3901196,2016-04-02,Paris Saint-Germain,3295,Thiago Emiliano da Silva,DEF,Leading,43,5,1,0.0725269,3,5
3901196,2016-04-02,Paris Saint-Germain,3672,Zlatan Ibrahimović,FWD,Level,15,0,3,0.19482429,5,1
3901196,2016-04-02,Paris Saint-Germain,3672,Zlatan Ibrahimović,FWD,Leading,36,4,3,0.35874998,14,2
3901196,2016-04-02,Paris Saint-Germain,3745,Lucas Rodrigues Moura da Silva,FWD,Level,20,3,0,0,4,1
3901196,2016-04-02,Paris Saint-Germain,3745,Lucas Rodrigues Moura da Silva,FWD,Leading,31,4,0,0,4,5
3901196,2016-04-02,Paris Saint-Germain,3956,David Luiz Moreira Marinho,DEF,Level,38,6,0,0,3,2
3901196,2016-04-02,Paris Saint-Germain,3956,David Luiz Moreira Marinho,DEF,Leading,30,3,2,0.2616147,10,3
3901196,2016-04-02,Paris Saint-Germain,4319,Edinson Roberto Cavani Gómez,FWD,Leading,15,1,0,0,6,1
3901196,2016-04-02,Paris Saint-Germain,4325,Thiago Motta,MID,Level,42,6,0,0,3,0
3901196,2016-04-02,Paris Saint-Germain,4325,Thiago Motta,MID,Leading,40,3,0,0,6,2
3901196,2016-04-02,Paris Saint-Germain,4372,Marcos Aoás Corrêa,DEF,Level,26,1,0,0,6,2
3901196,2016-04-02,Paris Saint-Germain,4372,Marcos Aoás Corrêa,DEF,Leading,43,4,0,0,13,4
3901196,2016-04-02,Paris Saint-Germain,4375,Blaise Matuidi,MID,Level,22,0,1,0.19074292,8,0
3901196,2016-04-02,Paris Saint-Germain,4375,Blaise Matuidi,MID,Leading,29,5,0,0,25,0
3901196,2016-04-02,Paris Saint-Germain,4440,Kevin Trapp,GK,Level,7,0,0,0,0,4
3901196,2016-04-02,Paris Saint-Germain,4440,Kevin Trapp,GK,Leading,11,1,0,0,0,0
3901196,2016-04-02,Paris Saint-Germain,8515,Benjamin Stambouli,MID,Leading,20,3,0,0,11,0
3901196,2016-04-02,Paris Saint-Germain,26613,Maxwell Scherrer Cabelino Andrade,DEF,Level,16,1,0,0,3,1
3901196,2016-04-02,Paris Saint-Germain,26613,Maxwell Scherrer Cabelino Andrade,DEF,Leading,45,4,0,0,3,2
3901196,2016-04-02,Paris Saint-Germain,34539,Hervin Scicchitano Ongenda,FWD,Level,13,0,1,0.13574347,5,0
3901196,2016-04-02,Paris Saint-Germain,34539,Hervin Scicchitano Ongenda,FWD,Leading,25,1,0,0,7,1
3754241,2016-04-09,Arsenal,3385,Alexis Alejandro Sánchez Sánchez,FWD,Level,30,5,0,0,4,5
3754241,2016-04-09,Arsenal,3385,Alexis Alejandro Sánchez Sánchez,FWD,Leading,16,0,2,0.3823127,3,2
3754241,2016-04-09,Arsenal,3385,Alexis Alejandro Sánchez Sánchez,FWD,Trailing,5,0,0,0,2,0
3754241,2016-04-09,Arsenal,3394,Laurent Koscielny,DEF,Level,18,3,0,0,3,3
3754241,2016-04-09,Arsenal,3394,Laurent Koscielny,DEF,Leading,15,4,1,0.13958555,0,1
3754241,2016-04-09,Arsenal,3394,Laurent Koscielny,DEF,Trailing,17,2,1,0.52011424,0,1
3754241,2016-04-09,Arsenal,3437,Francis Joseph Coquelin,MID,Level,12,2,0,0,8,1
3754241,2016-04-09,Arsenal,3437,Francis Joseph Coquelin,MID,Leading,15,2,0,0,4,4
3754241,2016-04-09,Arsenal,3437,Francis Joseph Coquelin,MID,Trailing,8,0,0,0,1,2
3754241,2016-04-09,Arsenal,3496,Mesut Özil,MID,Level,34,3,1,0.278182,4,2
3754241,2016-04-09,Arsenal,3496,Mesut Özil,MID,Leading,21,5,0,0,5,0
3754241,2016-04-09,Arsenal,3496,Mesut Özil,MID,Trailing,21,4,0,0,1,1
3754241,2016-04-09,Arsenal,3498,Ignacio Monreal Eraso,DEF,Level,27,1,0,0,6,3
3754241,2016-04-09,Arsenal,3498,Ignacio Monreal Eraso,DEF,Leading,12,1,1,0.19061345,3,0
3754241,2016-04-09,Arsenal,3498,Ignacio Monreal Eraso,DEF,Trailing,16,2,2,0.11302723,1,1
3754241,2016-04-09,Arsenal,3511,Héctor Bellerín Moruno,DEF,Level,21,3,0,0,3,4
3754241,2016-04-09,Arsenal,3511,Héctor Bellerín Moruno,DEF,Leading,14,2,0,0,0,1
3754241,2016-04-09,Arsenal,3511,Héctor Bellerín Moruno,DEF,Trailing,13,2,0,0,1,1
3754241,2016-04-09,Arsenal,3517,Aaron Ramsey,MID,Trailing,12,3,0,0,2,1
3754241,2016-04-09,Arsenal,3517,Aaron Ramsey,MID,Level,16,11,0,0,8,3
3754241,2016-04-09,Arsenal,3568,Mohamed Naser Elsayed Elneny,MID,Level,21,4,1,0.041712664,5,0
3754241,2016-04-09,Arsenal,3568,Mohamed Naser Elsayed Elneny,MID,Leading,24,2,0,0,4,1
3754241,2016-04-09,Arsenal,3568,Mohamed Naser Elsayed Elneny,MID,Trailing,18,3,0,0,3,0
3754241,2016-04-09,Arsenal,3569,Daniel Nii Tackie Mensah Welbeck,FWD,Level,11,2,0,0,3,3
3754241,2016-04-09,Arsenal,3569,Daniel Nii Tackie Mensah Welbeck,FWD,Leading,4,0,1,0.12330898,6,1
3754241,2016-04-09,Arsenal,3569,Daniel Nii Tackie Mensah Welbeck,FWD,Trailing,5,1,0,0,1,0
3754241,2016-04-09,Arsenal,3604,Olivier Giroud,MID,Trailing,1,0,0,0,0,0
3754241,2016-04-09,Arsenal,3604,Olivier Giroud,MID,Level,8,0,1,0.05417676,3,0
3754241,2016-04-09,Arsenal,3647,Alex Iwobi,FWD,Level,33,6,0,0,7,1
3754241,2016-04-09,Arsenal,3647,Alex Iwobi,FWD,Leading,17,2,0,0,3,2
3754241,2016-04-09,Arsenal,3647,Alex Iwobi,FWD,Trailing,10,4,0,0,2,0
3754241,2016-04-09,Arsenal,3668,Theo Walcott,FWD,Level,4,0,0,0,1,0
3754241,2016-04-09,Arsenal,4276,David Ospina Ramírez,GK,Level,18,4,0,0,0,5
3754241,2016-04-09,Arsenal,4276,David Ospina Ramírez,GK,Leading,7,1,0,0,0,1
3754241,2016-04-09,Arsenal,4276,David Ospina Ramírez,GK,Trailing,7,0,0,0,0,1
3754241,2016-04-09,Arsenal,6746,Gabriel Armando de Abreu,DEF,Level,25,4,0,0,1,4
3754241,2016-04-09,Arsenal,6746,Gabriel Armando de Abreu,DEF,Leading,13,0,0,0,2,2
3754241,2016-04-09,Arsenal,6746,Gabriel Armando de Abreu,DEF,Trailing,14,2,0,0,0,1
266664,2016-04-09,Barcelona,4320,Neymar da Silva Santos Junior,FWD,Level,4,0,1,0.29973224,0,0
266664,2016-04-09,Barcelona,4320,Neymar da Silva Santos Junior,FWD,Trailing,53,4,1,0.041600183,14,6
266664,2016-04-09,Barcelona,4324,Daniel Alves da Silva,DEF,Level,2,0,0,0,0,0
266664,2016-04-09,Barcelona,4324,Daniel Alves da Silva,DEF,Trailing,78,12,0,0,14,5
266664,2016-04-09,Barcelona,4691,Claudio Andrés Bravo Muñoz,GK,Level,4,0,0,0,0,1
266664,2016-04-09,Barcelona,4691,Claudio Andrés Bravo Muñoz,GK,Trailing,18,0,0,0,1,1
266664,2016-04-09,Barcelona,5203,Sergio Busquets i Burgos,MID,Level,10,1,0,0,1,0
266664,2016-04-09,Barcelona,5203,Sergio Busquets i Burgos,MID,Trailing,103,14,0,0,14,9
266664,2016-04-09,Barcelona,5211,Jordi Alba Ramos,MID,Trailing,25,0,0,0,4,4
266664,2016-04-09,Barcelona,5213,Gerard Piqué Bernabéu,DEF,Level,4,0,0,0,1,0
266664,2016-04-09,Barcelona,5213,Gerard Piqué Bernabéu,DEF,Trailing,67,13,0,0,8,7
266664,2016-04-09,Barcelona,5216,Andrés Iniesta Luján,MID,Trailing,35,12,2,0.128606347,13,1
266664,2016-04-09,Barcelona,5470,Ivan Rakitić,MID,Trailing,22,4,0,0,3,2
266664,2016-04-09,Barcelona,5503,Lionel Andrés Messi Cuccittini,FWD,Level,2,0,0,0,0,0
266664,2016-04-09,Barcelona,5503,Lionel Andrés Messi Cuccittini,FWD,Trailing,57,5,7,0.514827862,4,3
266664,2016-04-09,Barcelona,5506,Javier Alejandro Mascherano,DEF,Level,3,0,0,0,3,0
266664,2016-04-09,Barcelona,5506,Javier Alejandro Mascherano,DEF,Trailing,70,11,0,0,14,7
266664,2016-04-09,Barcelona,6379,Sergi Roberto Carnicer,DEF,Level,8,1,0,0,0,1
266664,2016-04-09,Barcelona,6379,Sergi Roberto Carnicer,DEF,Trailing,53,3,0,0,9,4
266664,2016-04-09,Barcelona,6616,Munir El Haddadi Mohamed,FWD,Level,3,0,0,0,0,1
266664,2016-04-09,Barcelona,6616,Munir El Haddadi Mohamed,FWD,Trailing,17,1,1,0.048574414,9,1
266664,2016-04-09,Barcelona,6998,Rafael Alcântara do Nascimento,MID,Level,1,0,0,0,0,0
266664,2016-04-09,Barcelona,6998,Rafael Alcântara do Nascimento,MID,Trailing,35,0,0,0,10,4
266664,2016-04-09,Barcelona,11094,Arda Turan,MID,Level,3,0,0,0,1,0
266664,2016-04-09,Barcelona,11094,Arda Turan,MID,Trailing,49,7,1,0.14068289,5,3
3879810,2016-04-09,Juventus,3477,Álvaro Borja Morata Martín,MID,Level,15,1,0,0,9,0
3879810,2016-04-09,Juventus,3477,Álvaro Borja Morata Martín,MID,Trailing,3,0,0,0,1,0
3879810,2016-04-09,Juventus,3477,Álvaro Borja Morata Martín,MID,Leading,0,0,0,0,0,0
3879810,2016-04-09,Juventus,5472,Mario Mandžukić,MID,Level,12,0,1,0.046575427,13,0
3879810,2016-04-09,Juventus,5472,Mario Mandžukić,MID,Trailing,3,0,1,0.35479155,1,0
3879810,2016-04-09,Juventus,5472,Mario Mandžukić,MID,Leading,7,1,0,0,4,3
3879810,2016-04-09,Juventus,5541,Stephan Lichtsteiner,DEF,Level,18,3,1,0.065577075,9,2
3879810,2016-04-09,Juventus,5541,Stephan Lichtsteiner,DEF,Trailing,4,1,1,0.13787723,0,1
3879810,2016-04-09,Juventus,5541,Stephan Lichtsteiner,DEF,Leading,7,1,0,0,1,1
3879810,2016-04-09,Juventus,5689,Juan Guillermo Cuadrado Bello,DEF,Leading,10,1,0,0,3,3
3879810,2016-04-09,Juventus,6584,Simone Zaza,MID,Leading,7,0,0,0,8,1
3879810,2016-04-09,Juventus,6940,Kwadwo Asamoah,MID,Level,23,3,1,0.023359291,2,3
3879810,2016-04-09,Juventus,6940,Kwadwo Asamoah,MID,Trailing,5,1,1,0.02360792,1,1
3879810,2016-04-09,Juventus,6940,Kwadwo Asamoah,MID,Leading,18,0,0,0,0,3
3879810,2016-04-09,Juventus,6943,Andrea Barzagli,DEF,Level,32,7,0,0,6,3
3879810,2016-04-09,Juventus,6943,Andrea Barzagli,DEF,Trailing,4,1,0,0,2,1
3879810,2016-04-09,Juventus,6943,Andrea Barzagli,DEF,Leading,14,3,0,0,0,3
3879810,2016-04-09,Juventus,6945,Alex Sandro Lobo Silva,DEF,Level,38,1,0,0,12,6
3879810,2016-04-09,Juventus,6945,Alex Sandro Lobo Silva,DEF,Trailing,6,1,0,0,0,0
3879810,2016-04-09,Juventus,6945,Alex Sandro Lobo Silva,DEF,Leading,18,2,0,0,5,2
3879810,2016-04-09,Juventus,6949,Gianluigi Buffon,GK,Level,13,0,0,0,0,2
3879810,2016-04-09,Juventus,6949,Gianluigi Buffon,GK,Trailing,3,1,0,0,0,0
3879810,2016-04-09,Juventus,6949,Gianluigi Buffon,GK,Leading,9,0,0,0,0,2
3879810,2016-04-09,Juventus,6953,Daniele Rugani,DEF,Level,47,5,0,0,11,7
3879810,2016-04-09,Juventus,6953,Daniele Rugani,DEF,Trailing,5,1,0,0,0,0
3879810,2016-04-09,Juventus,6953,Daniele Rugani,DEF,Leading,16,3,0,0,2,2
3879810,2016-04-09,Juventus,7173,Leonardo Bonucci,DEF,Level,32,8,0,0,3,4
3879810,2016-04-09,Juventus,7173,Leonardo Bonucci,DEF,Trailing,3,0,0,0,0,0
3879810,2016-04-09,Juventus,7173,Leonardo Bonucci,DEF,Leading,11,2,0,0,2,0
3879810,2016-04-09,Juventus,8294,Claudio Marchisio,MID,Level,42,9,0,0,8,6
3879810,2016-04-09,Juventus,8294,Claudio Marchisio,MID,Trailing,5,0,1,0.038281847,0,1
3879810,2016-04-09,Juventus,8294,Claudio Marchisio,MID,Leading,18,3,0,0,3,1
3879810,2016-04-09,Juventus,20004,Paul Pogba,MID,Level,20,4,3,0.153642333,12,2
3879810,2016-04-09,Juventus,20004,Paul Pogba,MID,Trailing,6,0,0,0,2,1
3879810,2016-04-09,Juventus,20004,Paul Pogba,MID,Leading,17,1,0,0,5,4
3879810,2016-04-09,Juventus,20008,Patrice Evra,MID,Leading,8,0,0,0,2,2
3901208,2016-04-09,Paris Saint-Germain,2999,Presnel Kimpembe,DEF,Level,32,2,0,0,6,4
3901208,2016-04-09,Paris Saint-Germain,2999,Presnel Kimpembe,DEF,Leading,32,1,0,0,8,2
3901208,2016-04-09,Paris Saint-Germain,3025,Christopher Nkunku,MID,Level,45,5,0,0,13,1
3901208,2016-04-09,Paris Saint-Germain,3025,Christopher Nkunku,MID,Leading,36,4,0,0,4,1
3901208,2016-04-09,Paris Saint-Germain,3745,Lucas Rodrigues Moura da Silva,FWD,Level,33,2,2,1.19786857,10,6
3901208,2016-04-09,Paris Saint-Germain,3745,Lucas Rodrigues Moura da Silva,FWD,Leading,30,1,2,0.174173066,4,3
3901208,2016-04-09,Paris Saint-Germain,4326,Layvin Kurzawa,DEF,Level,29,2,4,0.21605647300000003,5,4
3901208,2016-04-09,Paris Saint-Germain,4326,Layvin Kurzawa,DEF,Leading,28,1,0,0,4,0
3901208,2016-04-09,Paris Saint-Germain,4372,Marcos Aoás Corrêa,DEF,Level,47,4,0,0,9,3
3901208,2016-04-09,Paris Saint-Germain,4372,Marcos Aoás Corrêa,DEF,Leading,21,0,0,0,5,3
3901208,2016-04-09,Paris Saint-Germain,4375,Blaise Matuidi,MID,Level,53,8,1,0.18792151,17,4
3901208,2016-04-09,Paris Saint-Germain,4375,Blaise Matuidi,MID,Leading,43,3,0,0,13,4
3901208,2016-04-09,Paris Saint-Germain,4440,Kevin Trapp,GK,Level,8,0,0,0,1,2
3901208,2016-04-09,Paris Saint-Germain,4902,Kevin Rimane,DEF,Leading,8,2,0,0,0,0
3901208,2016-04-09,Paris Saint-Germain,7469,Salvatore Sirigu,GK,Level,3,0,0,0,0,0
3901208,2016-04-09,Paris Saint-Germain,7469,Salvatore Sirigu,GK,Leading,20,1,0,0,0,1
3901208,2016-04-09,Paris Saint-Germain,8510,Jean-Kévin Augustin,FWD,Level,12,0,1,0.07367071,8,2
3901208,2016-04-09,Paris Saint-Germain,8510,Jean-Kévin Augustin,FWD,Leading,6,0,0,0,1,0
3901208,2016-04-09,Paris Saint-Germain,8515,Benjamin Stambouli,MID,Level,61,12,0,0,14,6
3901208,2016-04-09,Paris Saint-Germain,8515,Benjamin Stambouli,MID,Leading,48,1,0,0,7,3
3901208,2016-04-09,Paris Saint-Germain,20048,Gregory van der Wiel,DEF,Level,66,1,1,0.04909676,6,2
3901208,2016-04-09,Paris Saint-Germain,20048,Gregory van der Wiel,DEF,Leading,30,3,0,0,3,1
3901208,2016-04-09,Paris Saint-Germain,34539,Hervin Scicchitano Ongenda,FWD,Level,36,1,2,0.031311081,11,1
3901208,2016-04-09,Paris Saint-Germain,34539,Hervin Scicchitano Ongenda,FWD,Leading,35,2,1,0.024788948,2,3
3890519,2016-04-10,Bayer Leverkusen,3058,Javier Hernández Balcázar,FWD,Level,10,0,0,0,3,2
3890519,2016-04-10,Bayer Leverkusen,3058,Javier Hernández Balcázar,FWD,Leading,12,0,2,0.319747574,3,1
3890519,2016-04-10,Bayer Leverkusen,5555,Julian Brandt,MID,Level,27,0,1,0.23112574,1,4
3890519,2016-04-10,Bayer Leverkusen,5555,Julian Brandt,MID,Leading,23,3,1,0.026051005,8,5
3890519,2016-04-10,Bayer Leverkusen,6309,Tin Jedvaj,DEF,Level,19,1,0,0,4,1
3890519,2016-04-10,Bayer Leverkusen,6309,Tin Jedvaj,DEF,Leading,11,3,0,0,11,1
3890519,2016-04-10,Bayer Leverkusen,7039,Hakan Çalhanoğlu,MID,Level,26,1,1,0.0073518753,10,2
3890519,2016-04-10,Bayer Leverkusen,7039,Hakan Çalhanoğlu,MID,Leading,23,3,3,0.072923148,6,2
3890519,2016-04-10,Bayer Leverkusen,8210,Charles Mariano Aránguiz Sandoval,FWD,Leading,11,1,0,0,7,1
3890519,2016-04-10,Bayer Leverkusen,8212,Wendell Nascimento Borges,DEF,Level,27,6,0,0,6,0
3890519,2016-04-10,Bayer Leverkusen,8212,Wendell Nascimento Borges,DEF,Leading,24,3,0,0,12,2
3890519,2016-04-10,Bayer Leverkusen,8213,Karim Bellarabi,MID,Level,13,2,2,0.022635209,10,0
3890519,2016-04-10,Bayer Leverkusen,8213,Karim Bellarabi,MID,Leading,7,0,0,0,3,0
3890519,2016-04-10,Bayer Leverkusen,8219,Admir Mehmedi,MID,Leading,5,0,0,0,2,1
3890519,2016-04-10,Bayer Leverkusen,8221,Jonathan Tah,DEF,Level,30,3,0,0,3,5
3890519,2016-04-10,Bayer Leverkusen,8221,Jonathan Tah,DEF,Leading,16,2,0,0,5,2
3890519,2016-04-10,Bayer Leverkusen,8805,Christoph Kramer,MID,Level,32,4,0,0,8,2
3890519,2016-04-10,Bayer Leverkusen,8805,Christoph Kramer,MID,Leading,31,6,0,0,6,3
3890519,2016-04-10,Bayer Leverkusen,9363,André Ramalho Silva,DEF,Level,25,5,0,0,3,0
3890519,2016-04-10,Bayer Leverkusen,9363,André Ramalho Silva,DEF,Leading,20,3,0,0,7,3
3890519,2016-04-10,Bayer Leverkusen,11394,Stefan Kießling,MID,Leading,14,1,1,0.21342061,8,1
3890519,2016-04-10,Bayer Leverkusen,15581,Bernd Leno,GK,Level,19,1,0,0,0,2
3890519,2016-04-10,Bayer Leverkusen,15581,Bernd Leno,GK,Leading,26,8,0,0,0,7
3890519,2016-04-10,Bayer Leverkusen,24428,Vladlen Yurchenko,MID,Level,24,2,1,0.038362026,4,3
3890519,2016-04-10,Bayer Leverkusen,24428,Vladlen Yurchenko,MID,Leading,26,0,0,0,7,3
3890521,2016-04-16,Bayer Leverkusen,3058,Javier Hernández Balcázar,FWD,Level,14,2,2,0.146231924,9,0
3890521,2016-04-16,Bayer Leverkusen,5555,Julian Brandt,FWD,Level,33,4,1,0.04061961,17,2
3890521,2016-04-16,Bayer Leverkusen,5555,Julian Brandt,FWD,Leading,8,1,2,0.7125178999999999,5,1
3890521,2016-04-16,Bayer Leverkusen,6309,Tin Jedvaj,DEF,Level,27,3,0,0,17,2
3890521,2016-04-16,Bayer Leverkusen,6309,Tin Jedvaj,DEF,Leading,9,2,0,0,1,1
3890521,2016-04-16,Bayer Leverkusen,7039,Hakan Çalhanoğlu,MID,Level,29,6,0,0,14,1
3890521,2016-04-16,Bayer Leverkusen,8210,Charles Mariano Aránguiz Sandoval,MID,Level,49,7,0,0,22,9
3890521,2016-04-16,Bayer Leverkusen,8210,Charles Mariano Aránguiz Sandoval,MID,Leading,10,3,0,0,2,2
3890521,2016-04-16,Bayer Leverkusen,8211,Benjamin Henrichs,DEF,Level,28,6,0,0,14,1
3890521,2016-04-16,Bayer Leverkusen,8211,Benjamin Henrichs,DEF,Leading,9,1,0,0,4,2
3890521,2016-04-16,Bayer Leverkusen,8213,Karim Bellarabi,FWD,Level,19,0,3,0.086300999,21,6
3890521,2016-04-16,Bayer Leverkusen,8213,Karim Bellarabi,FWD,Leading,5,0,2,0.07304630399999999,6,2
3890521,2016-04-16,Bayer Leverkusen,8221,Jonathan Tah,DEF,Level,58,5,0,0,6,5
3890521,2016-04-16,Bayer Leverkusen,8221,Jonathan Tah,DEF,Leading,12,0,0,0,2,2
3890521,2016-04-16,Bayer Leverkusen,8222,Kevin Kampl,FWD,Level,0,0,1,0.03039027,0,1
3890521,2016-04-16,Bayer Leverkusen,8222,Kevin Kampl,FWD,Leading,16,0,0,0,3,2
3890521,2016-04-16,Bayer Leverkusen,8805,Christoph Kramer,DEF,Level,80,8,0,0,11,8
3890521,2016-04-16,Bayer Leverkusen,8805,Christoph Kramer,DEF,Leading,13,1,0,0,2,1
3890521,2016-04-16,Bayer Leverkusen,11394,Stefan Kießling,MID,Level,0,0,0,0,2,0
3890521,2016-04-16,Bayer Leverkusen,11394,Stefan Kießling,MID,Leading,5,1,0,0,8,1
3890521,2016-04-16,Bayer Leverkusen,15581,Bernd Leno,GK,Level,35,0,0,0,0,5
3890521,2016-04-16,Bayer Leverkusen,15581,Bernd Leno,GK,Leading,12,1,0,0,0,2
3890521,2016-04-16,Bayer Leverkusen,21168,Marlon Frey,MID,Leading,4,0,0,0,3,2
3890521,2016-04-16,Bayer Leverkusen,24428,Vladlen Yurchenko,MID,Level,47,10,1,0.01708101,22,2
3890521,2016-04-16,Bayer Leverkusen,24428,Vladlen Yurchenko,MID,Leading,4,0,0,0,3,0
3901216,2016-04-16,Paris Saint-Germain,2995,Ángel Fabián Di María Hernández,MID,Level,13,1,0,0,1,1
3901216,2016-04-16,Paris Saint-Germain,2995,Ángel Fabián Di María Hernández,MID,Leading,47,9,1,0.22183202,13,2
3901216,2016-04-16,Paris Saint-Germain,2999,Presnel Kimpembe,DEF,Level,21,2,0,0,2,0
3901216,2016-04-16,Paris Saint-Germain,2999,Presnel Kimpembe,DEF,Leading,78,7,0,0,15,3
3901216,2016-04-16,Paris Saint-Germain,3672,Zlatan Ibrahimović,FWD,Level,9,0,1,0.04361412,1,2
3901216,2016-04-16,Paris Saint-Germain,3672,Zlatan Ibrahimović,FWD,Leading,28,6,5,0.452547762,5,2
3901216,2016-04-16,Paris Saint-Germain,3745,Lucas Rodrigues Moura da Silva,FWD,Level,2,0,0,0,0,1
3901216,2016-04-16,Paris Saint-Germain,3745,Lucas Rodrigues Moura da Silva,FWD,Leading,36,6,5,0.8755693950000001,7,9
3901216,2016-04-16,Paris Saint-Germain,4319,Edinson Roberto Cavani Gómez,FWD,Level,11,0,0,0,0,1
3901216,2016-04-16,Paris Saint-Germain,4319,Edinson Roberto Cavani Gómez,FWD,Leading,35,4,4,1.21527054,6,2
3901216,2016-04-16,Paris Saint-Germain,4326,Layvin Kurzawa,DEF,Level,13,0,0,0,2,1
3901216,2016-04-16,Paris Saint-Germain,4326,Layvin Kurzawa,DEF,Leading,45,2,1,0.10903863,5,8
3901216,2016-04-16,Paris Saint-Germain,4372,Marcos Aoás Corrêa,DEF,Level,19,2,0,0,1,1
3901216,2016-04-16,Paris Saint-Germain,4372,Marcos Aoás Corrêa,DEF,Leading,80,7,1,0.054643944,2,4
3901216,2016-04-16,Paris Saint-Germain,4375,Blaise Matuidi,MID,Level,11,1,0,0,6,1
3901216,2016-04-16,Paris Saint-Germain,4375,Blaise Matuidi,MID,Leading,47,7,2,0.21140081,12,2
3901216,2016-04-16,Paris Saint-Germain,7264,Thimotee Taufflieb,DEF,Leading,8,0,0,0,1,0
3901216,2016-04-16,Paris Saint-Germain,7469,Salvatore Sirigu,GK,Level,8,0,0,0,0,1
3901216,2016-04-16,Paris Saint-Germain,7469,Salvatore Sirigu,GK,Leading,43,1,0,0,0,7
3901216,2016-04-16,Paris Saint-Germain,8515,Benjamin Stambouli,MID,Level,10,0,0,0,5,2
3901216,2016-04-16,Paris Saint-Germain,8515,Benjamin Stambouli,MID,Leading,76,6,0,0,16,3
3901216,2016-04-16,Paris Saint-Germain,20048,Gregory van der Wiel,DEF,Level,7,0,0,0,1,0
3901216,2016-04-16,Paris Saint-Germain,20048,Gregory van der Wiel,DEF,Leading,57,6,1,0.14044455,10,4
3901216,2016-04-16,Paris Saint-Germain,26613,Maxwell Scherrer Cabelino Andrade,MID,Leading,34,5,1,0.19318242,3,1
3901216,2016-04-16,Paris Saint-Germain,34539,Hervin Scicchitano Ongenda,MID,Leading,27,3,0,0,3,1
3754009,2016-04-17,Arsenal,3385,Alexis Alejandro Sánchez Sánchez,FWD,Level,46,4,3,0.190833626,6,4
3754009,2016-04-17,Arsenal,3385,Alexis Alejandro Sánchez Sánchez,FWD,Leading,24,5,3,0.23808813099999998,4,5
3754009,2016-04-17,Arsenal,3394,Laurent Koscielny,DEF,Level,52,6,1,0.058110166,9,2
3754009,2016-04-17,Arsenal,3394,Laurent Koscielny,DEF,Leading,19,2,0,0,5,1
3754009,2016-04-17,Arsenal,3437,Francis Joseph Coquelin,MID,Level,57,12,0,0,14,2
3754009,2016-04-17,Arsenal,3437,Francis Joseph Coquelin,MID,Leading,25,1,0,0,6,5
3754009,2016-04-17,Arsenal,3461,Petr Čech,GK,Level,13,2,0,0,0,2
3754009,2016-04-17,Arsenal,3461,Petr Čech,GK,Leading,8,0,0,0,0,0
3754009,2016-04-17,Arsenal,3496,Mesut Özil,MID,Level,62,11,1,0.28718993,15,5
3754009,2016-04-17,Arsenal,3496,Mesut Özil,MID,Leading,41,5,1,0.04317697,6,1
3754009,2016-04-17,Arsenal,3498,Ignacio Monreal Eraso,DEF,Level,42,2,0,0,5,1
3754009,2016-04-17,Arsenal,3498,Ignacio Monreal Eraso,DEF,Leading,11,1,2,0.06559209399999999,7,1
3754009,2016-04-17,Arsenal,3511,Héctor Bellerín Moruno,DEF,Level,58,5,0,0,5,3
3754009,2016-04-17,Arsenal,3511,Héctor Bellerín Moruno,DEF,Leading,26,0,0,0,4,3
3754009,2016-04-17,Arsenal,3517,Aaron Ramsey,FWD,Leading,7,2,0,0,3,3
3754009,2016-04-17,Arsenal,3517,Aaron Ramsey,FWD,Level,15,4,0,0,9,0
3754009,2016-04-17,Arsenal,3568,Mohamed Naser Elsayed Elneny,MID,Level,69,7,2,0.06878119199999999,8,3
3754009,2016-04-17,Arsenal,3568,Mohamed Naser Elsayed Elneny,MID,Leading,51,7,1,0.056481596,10,2
3754009,2016-04-17,Arsenal,3569,Daniel Nii Tackie Mensah Welbeck,FWD,Level,7,1,0,0,9,0
3754009,2016-04-17,Arsenal,3569,Daniel Nii Tackie Mensah Welbeck,FWD,Leading,3,1,4,0.35759337700000005,5,2
3754009,2016-04-17,Arsenal,3604,Olivier Giroud,FWD,Leading,2,0,1,0.09061732,1,0
3754009,2016-04-17,Arsenal,3604,Olivier Giroud,FWD,Level,5,0,0,0,4,0
3754009,2016-04-17,Arsenal,3647,Alex Iwobi,FWD,Level,29,1,0,0,12,1
3754009,2016-04-17,Arsenal,3647,Alex Iwobi,FWD,Leading,19,4,1,0.23096606,8,1
3754009,2016-04-17,Arsenal,3668,Theo Walcott,MID,Level,5,0,0,0,3,2
3754009,2016-04-17,Arsenal,6746,Gabriel Armando de Abreu,DEF,Level,61,8,1,0.049123436,8,3
3754009,2016-04-17,Arsenal,6746,Gabriel Armando de Abreu,DEF,Leading,21,1,0,0,2,1
266557,2016-04-17,Barcelona,4320,Neymar da Silva Santos Junior,FWD,Level,12,1,2,0.31240592,2,0
266557,2016-04-17,Barcelona,4320,Neymar da Silva Santos Junior,FWD,Trailing,37,3,3,0.134630878,7,3
266557,2016-04-17,Barcelona,4691,Claudio Andrés Bravo Muñoz,GK,Level,11,1,0,0,0,0
266557,2016-04-17,Barcelona,4691,Claudio Andrés Bravo Muñoz,GK,Trailing,10,0,0,0,0,1
266557,2016-04-17,Barcelona,5203,Sergio Busquets i Burgos,MID,Level,24,5,0,0,7,4
266557,2016-04-17,Barcelona,5203,Sergio Busquets i Burgos,MID,Trailing,54,5,0,0,20,4
266557,2016-04-17,Barcelona,5211,Jordi Alba Ramos,DEF,Level,22,2,0,0,2,2
266557,2016-04-17,Barcelona,5211,Jordi Alba Ramos,DEF,Trailing,45,6,0,0,8,4
266557,2016-04-17,Barcelona,5213,Gerard Piqué Bernabéu,DEF,Level,34,6,0,0,2,1
266557,2016-04-17,Barcelona,5213,Gerard Piqué Bernabéu,DEF,Trailing,59,9,2,0.262051436,14,7
266557,2016-04-17,Barcelona,5216,Andrés Iniesta Luján,MID,Level,15,2,0,0,3,1
266557,2016-04-17,Barcelona,5216,Andrés Iniesta Luján,MID,Trailing,45,11,0,0,13,6
266557,2016-04-17,Barcelona,5246,Luis Alberto Suárez Díaz,FWD,Level,5,0,3,0.436300704,5,1
266557,2016-04-17,Barcelona,5246,Luis Alberto Suárez Díaz,FWD,Trailing,17,0,0,0,6,1
266557,2016-04-17,Barcelona,5470,Ivan Rakitić,MID,Level,18,0,0,0,6,1
266557,2016-04-17,Barcelona,5470,Ivan Rakitić,MID,Trailing,52,5,3,0.403348291,18,5
266557,2016-04-17,Barcelona,5503,Lionel Andrés Messi Cuccittini,FWD,Level,22,4,2,0.17690148,1,1
266557,2016-04-17,Barcelona,5503,Lionel Andrés Messi Cuccittini,FWD,Trailing,34,8,5,0.479811747,4,0
266557,2016-04-17,Barcelona,5506,Javier Alejandro Mascherano,DEF,Level,29,4,0,0,5,0
266557,2016-04-17,Barcelona,5506,Javier Alejandro Mascherano,DEF,Trailing,53,22,0,0,14,6
266557,2016-04-17,Barcelona,6379,Sergi Roberto Carnicer,DEF,Level,26,1,2,0.056565826,4,0
266557,2016-04-17,Barcelona,6379,Sergi Roberto Carnicer,DEF,Trailing,62,4,0,0,5,6
3879820,2016-04-17,Juventus,3477,Álvaro Borja Morata Martín,MID,Leading,11,1,2,0.104138167,3,1
3879820,2016-04-17,Juventus,3951,Mario Lemina,MID,Leading,56,7,1,0.0073237633,13,5
3879820,2016-04-17,Juventus,5472,Mario Mandžukić,MID,Level,6,0,0,0,1,1
3879820,2016-04-17,Juventus,5472,Mario Mandžukić,MID,Leading,15,0,1,0.22098112,13,1
3879820,2016-04-17,Juventus,5566,Sami Khedira,MID,Level,8,0,3,0.154850707,3,2
3879820,2016-04-17,Juventus,5566,Sami Khedira,MID,Leading,22,3,0,0,14,2
3879820,2016-04-17,Juventus,5689,Juan Guillermo Cuadrado Bello,DEF,Level,9,1,0,0,1,2
3879820,2016-04-17,Juventus,5689,Juan Guillermo Cuadrado Bello,DEF,Leading,56,2,1,0.15825081,13,3
3879820,2016-04-17,Juventus,5743,Paulo Bruno Exequiel Dybala,MID,Level,7,1,1,0.06432921,0,1
3879820,2016-04-17,Juventus,5743,Paulo Bruno Exequiel Dybala,MID,Leading,35,6,1,0.10029767,18,4
3879820,2016-04-17,Juventus,6943,Andrea Barzagli,DEF,Level,10,4,0,0,0,0
3879820,2016-04-17,Juventus,6943,Andrea Barzagli,DEF,Leading,55,12,0,0,7,1
3879820,2016-04-17,Juventus,6949,Gianluigi Buffon,GK,Level,2,0,0,0,0,0
3879820,2016-04-17,Juventus,6949,Gianluigi Buffon,GK,Leading,24,1,0,0,0,1
3879820,2016-04-17,Juventus,6953,Daniele Rugani,DEF,Level,14,4,0,0,2,0
3879820,2016-04-17,Juventus,6953,Daniele Rugani,DEF,Leading,57,5,0,0,9,4
3879820,2016-04-17,Juventus,7173,Leonardo Bonucci,DEF,Level,12,4,0,0,0,0
3879820,2016-04-17,Juventus,7173,Leonardo Bonucci,DEF,Leading,71,10,0,0,13,3
3879820,2016-04-17,Juventus,7952,Simone Padoin,MID,Leading,4,0,1,0.18129438,6,0
3879820,2016-04-17,Juventus,8294,Claudio Marchisio,MID,Level,8,1,0,0,0,0
3879820,2016-04-17,Juventus,8294,Claudio Marchisio,MID,Leading,2,0,0,0,1,0
3879820,2016-04-17,Juventus,20004,Paul Pogba,MID,Level,10,3,1,0.042944957,1,2
3879820,2016-04-17,Juventus,20004,Paul Pogba,MID,Leading,42,8,4,0.44878563000000005,15,4
3879820,2016-04-17,Juventus,20008,Patrice Evra,DEF,Level,8,1,0,0,2,1
3879820,2016-04-17,Juventus,20008,Patrice Evra,DEF,Leading,41,5,1,0.095387414,10,2
266310,2016-04-20,Barcelona,4320,Neymar da Silva Santos Junior,FWD,Level,12,1,0,0,1,0
266310,2016-04-20,Barcelona,4320,Neymar da Silva Santos Junior,FWD,Leading,43,3,2,0.53945108,12,2
266310,2016-04-20,Barcelona,4324,Daniel Alves da Silva,DEF,Level,16,4,0,0,2,0
266310,2016-04-20,Barcelona,4324,Daniel Alves da Silva,DEF,Leading,91,9,0,0,22,3
266310,2016-04-20,Barcelona,4691,Claudio Andrés Bravo Muñoz,GK,Level,4,0,0,0,0,0
266310,2016-04-20,Barcelona,4691,Claudio Andrés Bravo Muñoz,GK,Leading,22,1,0,0,0,0
266310,2016-04-20,Barcelona,5203,Sergio Busquets i Burgos,MID,Level,2,0,0,0,2,0
266310,2016-04-20,Barcelona,5203,Sergio Busquets i Burgos,MID,Leading,52,8,0,0,18,1
266310,2016-04-20,Barcelona,5211,Jordi Alba Ramos,DEF,Level,15,2,0,0,2,1
266310,2016-04-20,Barcelona,5211,Jordi Alba Ramos,DEF,Leading,63,10,0,0,7,3
266310,2016-04-20,Barcelona,5216,Andrés Iniesta Luján,MID,Level,11,4,0,0,4,1
266310,2016-04-20,Barcelona,5216,Andrés Iniesta Luján,MID,Leading,55,15,0,0,8,0
266310,2016-04-20,Barcelona,5246,Luis Alberto Suárez Díaz,FWD,Level,3,1,2,0.41358407599999997,5,0
266310,2016-04-20,Barcelona,5246,Luis Alberto Suárez Díaz,FWD,Leading,26,2,6,2.15173323,8,1
266310,2016-04-20,Barcelona,5470,Ivan Rakitić,MID,Level,8,0,0,0,8,0
266310,2016-04-20,Barcelona,5470,Ivan Rakitić,MID,Leading,66,5,3,0.306696272,19,2
266310,2016-04-20,Barcelona,5503,Lionel Andrés Messi Cuccittini,FWD,Level,9,1,1,0.08545912,0,0
266310,2016-04-20,Barcelona,5503,Lionel Andrés Messi Cuccittini,FWD,Leading,71,12,2,0.26831914,3,0
266310,2016-04-20,Barcelona,5506,Javier Alejandro Mascherano,DEF,Level,7,2,0,0,2,0
266310,2016-04-20,Barcelona,5506,Javier Alejandro Mascherano,DEF,Leading,46,6,0,0,11,0
266310,2016-04-20,Barcelona,6379,Sergi Roberto Carnicer,MID,Leading,34,4,0,0,15,3
266310,2016-04-20,Barcelona,6998,Rafael Alcântara do Nascimento,MID,Leading,18,4,0,0,6,0
266310,2016-04-20,Barcelona,7068,Marc Bartra Aregall,DEF,Level,10,1,0,0,3,0
266310,2016-04-20,Barcelona,7068,Marc Bartra Aregall,DEF,Leading,44,7,1,0.26879427,4,2
266310,2016-04-20,Barcelona,22102,Adriano Correia Claro,DEF,Leading,20,3,0,0,5,0
3879833,2016-04-20,Juventus,5472,Mario Mandžukić,MID,Level,8,0,1,0.7021493,7,0
3879833,2016-04-20,Juventus,5472,Mario Mandžukić,MID,Leading,16,2,0,0,10,2
3879833,2016-04-20,Juventus,5541,Stephan Lichtsteiner,DEF,Level,22,3,0,0,2,3
3879833,2016-04-20,Juventus,5541,Stephan Lichtsteiner,DEF,Leading,26,2,0,0,2,1
3879833,2016-04-20,Juventus,5566,Sami Khedira,MID,Level,19,3,1,0.03210142,3,2
3879833,2016-04-20,Juventus,5566,Sami Khedira,MID,Leading,14,0,0,0,2,1
3879833,2016-04-20,Juventus,5743,Paulo Bruno Exequiel Dybala,MID,Level,24,4,3,0.5590003109999999,5,2
3879833,2016-04-20,Juventus,5743,Paulo Bruno Exequiel Dybala,MID,Leading,21,3,3,1.312670651,7,2
3879833,2016-04-20,Juventus,6584,Simone Zaza,MID,Leading,5,2,2,0.104152304,1,0
3879833,2016-04-20,Juventus,6940,Kwadwo Asamoah,MID,Leading,7,1,0,0,0,1
3879833,2016-04-20,Juventus,6943,Andrea Barzagli,DEF,Level,16,1,0,0,3,1
3879833,2016-04-20,Juventus,6943,Andrea Barzagli,DEF,Leading,55,5,0,0,3,2
3879833,2016-04-20,Juventus,6945,Alex Sandro Lobo Silva,DEF,Level,27,3,2,0.094785938,8,2
3879833,2016-04-20,Juventus,6945,Alex Sandro Lobo Silva,DEF,Leading,33,1,0,0,3,5
3879833,2016-04-20,Juventus,6949,Gianluigi Buffon,GK,Level,7,0,0,0,0,1
3879833,2016-04-20,Juventus,6949,Gianluigi Buffon,GK,Leading,11,0,0,0,0,0
3879833,2016-04-20,Juventus,6953,Daniele Rugani,DEF,Level,19,5,0,0,4,1
3879833,2016-04-20,Juventus,6953,Daniele Rugani,DEF,Leading,52,4,0,0,1,2
3879833,2016-04-20,Juventus,7013,Stefano Sturaro,MID,Leading,9,0,0,0,3,0
3879833,2016-04-20,Juventus,7173,Leonardo Bonucci,DEF,Level,23,4,0,0,5,4
3879833,2016-04-20,Juventus,7173,Leonardo Bonucci,DEF,Leading,63,13,0,0,2,2
3879833,2016-04-20,Juventus,20004,Paul Pogba,MID,Level,19,4,5,0.56970477,4,3
3879833,2016-04-20,Juventus,20004,Paul Pogba,MID,Leading,23,0,0,0,4,1
3879833,2016-04-20,Juventus,25345,Anderson Hernanes de Carvalho Andrade,MID,Level,25,0,0,0,10,5
3879833,2016-04-20,Juventus,25345,Anderson Hernanes de Carvalho Andrade,MID,Leading,48,4,2,0.067316845,4,5
3754284,2016-04-21,Arsenal,3385,Alexis Alejandro Sánchez Sánchez,FWD,Level,3,0,1,0.046170585,0,0
3754284,2016-04-21,Arsenal,3385,Alexis Alejandro Sánchez Sánchez,FWD,Leading,51,5,1,0.07946672,13,5
3754284,2016-04-21,Arsenal,3394,Laurent Koscielny,DEF,Level,9,0,0,0,1,0
3754284,2016-04-21,Arsenal,3394,Laurent Koscielny,DEF,Leading,53,3,0,0,7,2
3754284,2016-04-21,Arsenal,3437,Francis Joseph Coquelin,FWD,Leading,17,2,0,0,0,1
3754284,2016-04-21,Arsenal,3461,Petr Čech,GK,Level,2,0,0,0,0,1
3754284,2016-04-21,Arsenal,3461,Petr Čech,GK,Leading,24,6,0,0,0,5
3754284,2016-04-21,Arsenal,3475,Per Mertesacker,DEF,Level,13,0,0,0,0,1
3754284,2016-04-21,Arsenal,3475,Per Mertesacker,DEF,Leading,59,4,0,0,6,1
3754284,2016-04-21,Arsenal,3496,Mesut Özil,MID,Level,5,0,0,0,0,0
3754284,2016-04-21,Arsenal,3496,Mesut Özil,MID,Leading,74,14,4,0.506683404,11,6
3754284,2016-04-21,Arsenal,3498,Ignacio Monreal Eraso,DEF,Level,6,0,0,0,0,0
3754284,2016-04-21,Arsenal,3498,Ignacio Monreal Eraso,DEF,Leading,56,7,0,0,5,1
3754284,2016-04-21,Arsenal,3511,Héctor Bellerín Moruno,DEF,Level,5,1,0,0,1,0
3754284,2016-04-21,Arsenal,3511,Héctor Bellerín Moruno,DEF,Leading,58,7,2,0.056872565,7,4
3754284,2016-04-21,Arsenal,3517,Aaron Ramsey,MID,Level,8,0,0,0,4,0
3754284,2016-04-21,Arsenal,3517,Aaron Ramsey,MID,Leading,107,17,1,0.042195555,21,5
3754284,2016-04-21,Arsenal,3568,Mohamed Naser Elsayed Elneny,MID,Level,14,1,0,0,1,0
3754284,2016-04-21,Arsenal,3568,Mohamed Naser Elsayed Elneny,MID,Leading,84,9,1,0.026224963,18,4
3754284,2016-04-21,Arsenal,3604,Olivier Giroud,FWD,Level,1,0,0,0,1,0
3754284,2016-04-21,Arsenal,3604,Olivier Giroud,FWD,Leading,36,2,4,0.448637187,6,1
3754284,2016-04-21,Arsenal,3647,Alex Iwobi,FWD,Level,3,1,0,0,0,0
3754284,2016-04-21,Arsenal,3647,Alex Iwobi,FWD,Leading,53,5,1,0.04631327,8,2
3754284,2016-04-21,Arsenal,3668,Theo Walcott,FWD,Leading,5,2,0,0,0,3
3754284,2016-04-21,Arsenal,5581,Joel Nathaniel Campbell Samuels,FWD,Leading,14,0,1,0.06600665,0,2
265944,2016-04-23,Barcelona,4320,Neymar da Silva Santos Junior,FWD,Level,11,0,0,0,2,0
265944,2016-04-23,Barcelona,4320,Neymar da Silva Santos Junior,FWD,Leading,44,2,3,1.001767413,9,5
265944,2016-04-23,Barcelona,4324,Daniel Alves da Silva,DEF,Leading,59,7,0,0,3,3
265944,2016-04-23,Barcelona,4691,Claudio Andrés Bravo Muñoz,GK,Level,4,0,0,0,0,0
265944,2016-04-23,Barcelona,4691,Claudio Andrés Bravo Muñoz,GK,Leading,9,0,0,0,0,1
265944,2016-04-23,Barcelona,5203,Sergio Busquets i Burgos,MID,Level,15,3,0,0,3,0
265944,2016-04-23,Barcelona,5203,Sergio Busquets i Burgos,MID,Leading,66,10,0,0,10,2
265944,2016-04-23,Barcelona,5211,Jordi Alba Ramos,DEF,Level,19,3,0,0,0,1
265944,2016-04-23,Barcelona,5211,Jordi Alba Ramos,DEF,Leading,78,11,1,0.013508299,14,4
265944,2016-04-23,Barcelona,5213,Gerard Piqué Bernabéu,DEF,Level,5,0,0,0,1,0
265944,2016-04-23,Barcelona,5213,Gerard Piqué Bernabéu,DEF,Leading,44,12,0,0,4,3
265944,2016-04-23,Barcelona,5216,Andrés Iniesta Luján,MID,Level,10,2,1,0.03902529,1,1
265944,2016-04-23,Barcelona,5216,Andrés Iniesta Luján,MID,Leading,69,19,2,0.062115183000000004,14,5
265944,2016-04-23,Barcelona,5246,Luis Alberto Suárez Díaz,FWD,Level,8,0,0,0,2,1
265944,2016-04-23,Barcelona,5246,Luis Alberto Suárez Díaz,FWD,Leading,20,1,6,2.421400106,7,1
265944,2016-04-23,Barcelona,5470,Ivan Rakitić,MID,Level,11,1,0,0,1,0
265944,2016-04-23,Barcelona,5470,Ivan Rakitić,MID,Leading,65,9,1,0.0061936476,10,6
265944,2016-04-23,Barcelona,5503,Lionel Andrés Messi Cuccittini,FWD,Level,11,0,2,0.63898792,1,1
265944,2016-04-23,Barcelona,5503,Lionel Andrés Messi Cuccittini,FWD,Leading,63,14,5,0.361424637,3,2
265944,2016-04-23,Barcelona,5506,Javier Alejandro Mascherano,DEF,Level,9,2,0,0,2,0
265944,2016-04-23,Barcelona,5506,Javier Alejandro Mascherano,DEF,Leading,58,16,0,0,11,2
265944,2016-04-23,Barcelona,6379,Sergi Roberto Carnicer,DEF,Level,12,1,0,0,1,0
265944,2016-04-23,Barcelona,6379,Sergi Roberto Carnicer,DEF,Leading,30,3,1,0.041563563,1,4
265944,2016-04-23,Barcelona,7068,Marc Bartra Aregall,DEF,Leading,12,2,1,0.13618739,0,0
265944,2016-04-23,Barcelona,11094,Arda Turan,MID,Leading,12,2,0,0,6,0
3890534,2016-04-23,Bayer Leverkusen,3058,Javier Hernández Balcázar,FWD,Level,1,0,1,0.16481107,4,0
3890534,2016-04-23,Bayer Leverkusen,3058,Javier Hernández Balcázar,FWD,Trailing,12,1,0,0,6,2
3890534,2016-04-23,Bayer Leverkusen,3058,Javier Hernández Balcázar,FWD,Leading,5,1,0,0,6,0
3890534,2016-04-23,Bayer Leverkusen,5555,Julian Brandt,FWD,Level,4,1,1,0.11432198,7,1
3890534,2016-04-23,Bayer Leverkusen,5555,Julian Brandt,FWD,Trailing,23,2,2,0.13725012,8,2
3890534,2016-04-23,Bayer Leverkusen,5555,Julian Brandt,FWD,Leading,16,1,2,0.21997527,10,3
3890534,2016-04-23,Bayer Leverkusen,6309,Tin Jedvaj,DEF,Level,2,1,0,0,5,0
3890534,2016-04-23,Bayer Leverkusen,6309,Tin Jedvaj,DEF,Trailing,7,0,0,0,7,0
3890534,2016-04-23,Bayer Leverkusen,8210,Charles Mariano Aránguiz Sandoval,MID,Level,4,1,0,0,5,0
3890534,2016-04-23,Bayer Leverkusen,8210,Charles Mariano Aránguiz Sandoval,MID,Trailing,32,5,2,0.33217623999999996,13,2
3890534,2016-04-23,Bayer Leverkusen,8210,Charles Mariano Aránguiz Sandoval,MID,Leading,5,3,2,0.014599179,8,3
3890534,2016-04-23,Bayer Leverkusen,8211,Benjamin Henrichs,DEF,Trailing,18,3,0,0,11,2
3890534,2016-04-23,Bayer Leverkusen,8211,Benjamin Henrichs,DEF,Leading,9,0,0,0,14,4
3890534,2016-04-23,Bayer Leverkusen,8212,Wendell Nascimento Borges,DEF,Level,6,0,0,0,3,1
3890534,2016-04-23,Bayer Leverkusen,8212,Wendell Nascimento Borges,DEF,Trailing,24,3,0,0,10,3
3890534,2016-04-23,Bayer Leverkusen,8212,Wendell Nascimento Borges,DEF,Leading,14,3,0,0,10,3
3890534,2016-04-23,Bayer Leverkusen,8213,Karim Bellarabi,FWD,Level,0,0,0,0,9,0
3890534,2016-04-23,Bayer Leverkusen,8213,Karim Bellarabi,FWD,Trailing,18,1,3,0.063565303,12,5
3890534,2016-04-23,Bayer Leverkusen,8213,Karim Bellarabi,FWD,Leading,9,2,1,0.040501945,6,4
3890534,2016-04-23,Bayer Leverkusen,8221,Jonathan Tah,DEF,Level,11,0,0,0,1,1
3890534,2016-04-23,Bayer Leverkusen,8221,Jonathan Tah,DEF,Trailing,25,2,0,0,3,4
3890534,2016-04-23,Bayer Leverkusen,8221,Jonathan Tah,DEF,Leading,6,3,0,0,6,2
3890534,2016-04-23,Bayer Leverkusen,8222,Kevin Kampl,MID,Level,9,3,0,0,9,2
3890534,2016-04-23,Bayer Leverkusen,8222,Kevin Kampl,MID,Trailing,24,5,1,0.115452945,18,4
3890534,2016-04-23,Bayer Leverkusen,8222,Kevin Kampl,MID,Leading,8,0,1,0.058772437,13,3
3890534,2016-04-23,Bayer Leverkusen,8573,Ömer Toprak,DEF,Level,9,2,0,0,2,1
3890534,2016-04-23,Bayer Leverkusen,8573,Ömer Toprak,DEF,Trailing,43,8,0,0,3,5
3890534,2016-04-23,Bayer Leverkusen,8573,Ömer Toprak,DEF,Leading,0,0,0,0,2,0
3890534,2016-04-23,Bayer Leverkusen,8969,Lars Bender,MID,Level,1,0,0,0,13,0
3890534,2016-04-23,Bayer Leverkusen,8969,Lars Bender,MID,Trailing,19,4,0,0,18,1
3890534,2016-04-23,Bayer Leverkusen,9363,André Ramalho Silva,DEF,Leading,7,0,0,0,5,1
3890534,2016-04-23,Bayer Leverkusen,11394,Stefan Kießling,MID,Trailing,2,0,0,0,0,1
3890534,2016-04-23,Bayer Leverkusen,11394,Stefan Kießling,MID,Level,0,0,0,0,0,0
3890534,2016-04-23,Bayer Leverkusen,11394,Stefan Kießling,MID,Leading,11,1,1,0.37039182,7,1
3890534,2016-04-23,Bayer Leverkusen,15581,Bernd Leno,GK,Level,12,0,0,0,0,1
3890534,2016-04-23,Bayer Leverkusen,15581,Bernd Leno,GK,Trailing,15,1,0,0,0,1
3890534,2016-04-23,Bayer Leverkusen,15581,Bernd Leno,GK,Leading,14,6,0,0,0,2
3753990,2016-04-24,Arsenal,3385,Alexis Alejandro Sánchez Sánchez,FWD,Level,52,8,5,0.268616437,11,6
3753990,2016-04-24,Arsenal,3388,Jack Wilshere,MID,Level,9,1,0,0,4,1
3753990,2016-04-24,Arsenal,3394,Laurent Koscielny,DEF,Level,62,8,0,0,5,8
3753990,2016-04-24,Arsenal,3461,Petr Čech,GK,Level,41,9,0,0,0,7
3753990,2016-04-24,Arsenal,3475,Per Mertesacker,DEF,Level,54,4,2,0.16318623,1,1
3753990,2016-04-24,Arsenal,3496,Mesut Özil,MID,Level,68,9,1,0.028925663,9,5
3753990,2016-04-24,Arsenal,3498,Ignacio Monreal Eraso,DEF,Level,71,8,0,0,14,5
3753990,2016-04-24,Arsenal,3511,Héctor Bellerín Moruno,DEF,Level,51,4,1,0.032356318,3,3
3753990,2016-04-24,Arsenal,3517,Aaron Ramsey,MID,Level,108,12,2,0.06021997799999999,12,9
3753990,2016-04-24,Arsenal,3568,Mohamed Naser Elsayed Elneny,MID,Level,88,14,2,0.044799951000000005,23,4
3753990,2016-04-24,Arsenal,3569,Daniel Nii Tackie Mensah Welbeck,FWD,Level,8,1,1,0.055743273,4,1
3753990,2016-04-24,Arsenal,3604,Olivier Giroud,FWD,Level,28,1,2,0.073428249,8,1
3753990,2016-04-24,Arsenal,3647,Alex Iwobi,FWD,Level,50,7,4,0.610835786,6,5
3753990,2016-04-24,Arsenal,3668,Theo Walcott,FWD,Level,10,0,0,0,1,3
3879839,2016-04-24,Juventus,3477,Álvaro Borja Morata Martín,MID,Leading,3,0,0,0,9,2
3879839,2016-04-24,Juventus,3477,Álvaro Borja Morata Martín,MID,Level,1,0,1,0.65924615,0,1
3879839,2016-04-24,Juventus,3951,Mario Lemina,MID,Level,26,5,0,0,14,5
3879839,2016-04-24,Juventus,3951,Mario Lemina,MID,Leading,14,5,0,0,12,1
3879839,2016-04-24,Juventus,5472,Mario Mandžukić,MID,Level,13,0,1,0.22984876,8,1
3879839,2016-04-24,Juventus,5472,Mario Mandžukić,MID,Leading,9,1,0,0,13,0
3879839,2016-04-24,Juventus,5541,Stephan Lichtsteiner,DEF,Level,22,0,0,0,3,2
3879839,2016-04-24,Juventus,5541,Stephan Lichtsteiner,DEF,Leading,15,2,0,0,5,0
3879839,2016-04-24,Juventus,5566,Sami Khedira,MID,Level,17,2,0,0,9,0
3879839,2016-04-24,Juventus,5566,Sami Khedira,MID,Leading,13,0,0,0,12,2
3879839,2016-04-24,Juventus,5689,Juan Guillermo Cuadrado Bello,DEF,Leading,0,0,0,0,3,0
3879839,2016-04-24,Juventus,5743,Paulo Bruno Exequiel Dybala,MID,Level,22,4,1,0.015843635,7,1
3879839,2016-04-24,Juventus,5743,Paulo Bruno Exequiel Dybala,MID,Leading,12,3,0,0,9,3
3879839,2016-04-24,Juventus,6940,Kwadwo Asamoah,MID,Leading,2,1,0,0,2,1
3879839,2016-04-24,Juventus,6943,Andrea Barzagli,DEF,Level,30,2,0,0,6,2
3879839,2016-04-24,Juventus,6943,Andrea Barzagli,DEF,Leading,10,0,0,0,2,0
3879839,2016-04-24,Juventus,6949,Gianluigi Buffon,GK,Level,20,1,0,0,0,4
3879839,2016-04-24,Juventus,6949,Gianluigi Buffon,GK,Leading,12,0,0,0,0,3
3879839,2016-04-24,Juventus,6953,Daniele Rugani,DEF,Level,35,5,0,0,5,1
3879839,2016-04-24,Juventus,6953,Daniele Rugani,DEF,Leading,16,1,0,0,19,2
3879839,2016-04-24,Juventus,7173,Leonardo Bonucci,DEF,Level,30,3,0,0,7,1
3879839,2016-04-24,Juventus,7173,Leonardo Bonucci,DEF,Leading,17,0,0,0,8,3
3879839,2016-04-24,Juventus,20004,Paul Pogba,MID,Level,30,5,0,0,10,2
3879839,2016-04-24,Juventus,20004,Paul Pogba,MID,Leading,21,3,2,0.39147924,16,4
3879839,2016-04-24,Juventus,20008,Patrice Evra,DEF,Level,25,0,1,0.09847412,3,0
3879839,2016-04-24,Juventus,20008,Patrice Evra,DEF,Leading,21,0,0,0,14,1
3901233,2016-04-29,Paris Saint-Germain,2995,Ángel Fabián Di María Hernández,FWD,Level,54,9,3,0.1515688205,5,0
3901233,2016-04-29,Paris Saint-Germain,2995,Ángel Fabián Di María Hernández,FWD,Leading,10,3,0,0,0,0
3901233,2016-04-29,Paris Saint-Germain,3166,Marco Verratti,MID,Leading,42,4,0,0,4,2
3901233,2016-04-29,Paris Saint-Germain,3295,Thiago Emiliano da Silva,DEF,Level,36,6,1,0.07561195,5,2
3901233,2016-04-29,Paris Saint-Germain,3295,Thiago Emiliano da Silva,DEF,Leading,43,4,0,0,1,2
3901233,2016-04-29,Paris Saint-Germain,3481,Serge Aurier,DEF,Level,41,3,0,0,11,1
3901233,2016-04-29,Paris Saint-Germain,3481,Serge Aurier,DEF,Leading,34,1,0,0,3,3
3901233,2016-04-29,Paris Saint-Germain,3672,Zlatan Ibrahimović,FWD,Level,38,4,4,0.34408975399999997,1,4
3901233,2016-04-29,Paris Saint-Germain,3672,Zlatan Ibrahimović,FWD,Leading,25,3,4,1.14583579,2,1
3901233,2016-04-29,Paris Saint-Germain,3745,Lucas Rodrigues Moura da Silva,FWD,Leading,5,0,2,0.20655588,5,1
3901233,2016-04-29,Paris Saint-Germain,3956,David Luiz Moreira Marinho,MID,Leading,21,2,0,0,3,1
3901233,2016-04-29,Paris Saint-Germain,4319,Edinson Roberto Cavani Gómez,FWD,Level,12,0,3,1.0428016599999999,3,1
3901233,2016-04-29,Paris Saint-Germain,4319,Edinson Roberto Cavani Gómez,FWD,Leading,25,1,4,0.7773995810000001,2,4
3901233,2016-04-29,Paris Saint-Germain,4325,Thiago Motta,MID,Level,81,16,0,0,5,2
3901233,2016-04-29,Paris Saint-Germain,4325,Thiago Motta,MID,Leading,27,2,0,0,3,1
3901233,2016-04-29,Paris Saint-Germain,4370,Javier Matías Pastore,MID,Level,62,11,2,0.209392643,6,5
3901233,2016-04-29,Paris Saint-Germain,4370,Javier Matías Pastore,MID,Leading,38,6,2,0.285953709,4,3
3901233,2016-04-29,Paris Saint-Germain,4372,Marcos Aoás Corrêa,DEF,Level,35,6,1,0.080745056,5,3
3901233,2016-04-29,Paris Saint-Germain,4372,Marcos Aoás Corrêa,DEF,Leading,38,5,0,0,7,0
3901233,2016-04-29,Paris Saint-Germain,4440,Kevin Trapp,GK,Level,15,0,0,0,0,3
3901233,2016-04-29,Paris Saint-Germain,4440,Kevin Trapp,GK,Leading,13,0,0,0,0,3
3901233,2016-04-29,Paris Saint-Germain,8515,Benjamin Stambouli,MID,Level,48,8,0,0,14,2
3901233,2016-04-29,Paris Saint-Germain,8515,Benjamin Stambouli,MID,Leading,18,2,0,0,1,2
3901233,2016-04-29,Paris Saint-Germain,26613,Maxwell Scherrer Cabelino Andrade,DEF,Level,55,2,1,0.4351613,4,3
3901233,2016-04-29,Paris Saint-Germain,26613,Maxwell Scherrer Cabelino Andrade,DEF,Leading,31,4,0,0,4,1
3754184,2016-04-30,Arsenal,3385,Alexis Alejandro Sánchez Sánchez,FWD,Level,38,4,1,0.044462215,10,3
3754184,2016-04-30,Arsenal,3385,Alexis Alejandro Sánchez Sánchez,FWD,Leading,14,2,2,0.10278943099999999,5,2
3754184,2016-04-30,Arsenal,3394,Laurent Koscielny,DEF,Level,45,7,1,0.06724663,10,0
3754184,2016-04-30,Arsenal,3394,Laurent Koscielny,DEF,Leading,12,3,0,0,3,0
3754184,2016-04-30,Arsenal,3437,Francis Joseph Coquelin,FWD,Leading,2,0,0,0,2,1
3754184,2016-04-30,Arsenal,3461,Petr Čech,GK,Level,24,5,0,0,0,5
3754184,2016-04-30,Arsenal,3461,Petr Čech,GK,Leading,17,4,0,0,0,2
3754184,2016-04-30,Arsenal,3475,Per Mertesacker,DEF,Level,49,4,1,0.054563478,4,3
3754184,2016-04-30,Arsenal,3496,Mesut Özil,MID,Level,67,9,0,0,9,1
3754184,2016-04-30,Arsenal,3496,Mesut Özil,MID,Leading,29,5,1,0.01984219,4,8
3754184,2016-04-30,Arsenal,3498,Ignacio Monreal Eraso,DEF,Level,60,8,0,0,7,1
3754184,2016-04-30,Arsenal,3498,Ignacio Monreal Eraso,DEF,Leading,24,4,0,0,6,0
3754184,2016-04-30,Arsenal,3511,Héctor Bellerín Moruno,DEF,Level,47,3,0,0,4,1
3754184,2016-04-30,Arsenal,3511,Héctor Bellerín Moruno,DEF,Leading,12,1,0,0,3,1
3754184,2016-04-30,Arsenal,3517,Aaron Ramsey,MID,Level,65,9,0,0,14,4
3754184,2016-04-30,Arsenal,3517,Aaron Ramsey,MID,Leading,35,6,0,0,13,4
3754184,2016-04-30,Arsenal,3568,Mohamed Naser Elsayed Elneny,MID,Level,65,4,2,0.07252986,18,5
3754184,2016-04-30,Arsenal,3568,Mohamed Naser Elsayed Elneny,MID,Leading,22,3,1,0.092949346,12,3
3754184,2016-04-30,Arsenal,3569,Daniel Nii Tackie Mensah Welbeck,FWD,Level,5,0,1,0.072252095,0,1
3754184,2016-04-30,Arsenal,3569,Daniel Nii Tackie Mensah Welbeck,FWD,Leading,19,1,0,0,11,2
3754184,2016-04-30,Arsenal,3604,Olivier Giroud,FWD,Level,17,0,2,0.24908522,11,0
3754184,2016-04-30,Arsenal,3604,Olivier Giroud,FWD,Leading,15,0,0,0,6,0
3754184,2016-04-30,Arsenal,3647,Alex Iwobi,FWD,Level,37,3,2,0.038963849,15,5
3754184,2016-04-30,Arsenal,6746,Gabriel Armando de Abreu,DEF,Level,9,0,0,0,0,0
3754184,2016-04-30,Arsenal,6746,Gabriel Armando de Abreu,DEF,Leading,10,1,0,0,1,2
266986,2016-04-30,Barcelona,4320,Neymar da Silva Santos Junior,FWD,Level,22,2,2,0.167584253,8,0
266986,2016-04-30,Barcelona,4320,Neymar da Silva Santos Junior,FWD,Leading,30,1,1,0.0281366,4,1
266986,2016-04-30,Barcelona,4324,Daniel Alves da Silva,DEF,Level,49,8,0,0,5,1
266986,2016-04-30,Barcelona,4324,Daniel Alves da Silva,DEF,Leading,17,1,0,0,4,2
266986,2016-04-30,Barcelona,4691,Claudio Andrés Bravo Muñoz,GK,Level,10,0,0,0,0,1
266986,2016-04-30,Barcelona,4691,Claudio Andrés Bravo Muñoz,GK,Leading,3,0,0,0,0,0
266986,2016-04-30,Barcelona,5203,Sergio Busquets i Burgos,MID,Level,39,4,0,0,13,4
266986,2016-04-30,Barcelona,5203,Sergio Busquets i Burgos,MID,Leading,52,5,0,0,13,2
266986,2016-04-30,Barcelona,5211,Jordi Alba Ramos,DEF,Level,38,3,0,0,1,4
266986,2016-04-30,Barcelona,5211,Jordi Alba Ramos,DEF,Leading,50,3,0,0,7,1
266986,2016-04-30,Barcelona,5213,Gerard Piqué Bernabéu,DEF,Level,48,13,0,0,1,3
266986,2016-04-30,Barcelona,5213,Gerard Piqué Bernabéu,DEF,Leading,43,8,0,0,0,3
266986,2016-04-30,Barcelona,5216,Andrés Iniesta Luján,MID,Level,47,12,1,0.040734075,13,5
266986,2016-04-30,Barcelona,5216,Andrés Iniesta Luján,MID,Leading,56,17,0,0,10,2
266986,2016-04-30,Barcelona,5246,Luis Alberto Suárez Díaz,FWD,Level,11,1,1,0.123057045,5,0
266986,2016-04-30,Barcelona,5246,Luis Alberto Suárez Díaz,FWD,Leading,13,1,3,0.6976604040000001,8,1
266986,2016-04-30,Barcelona,5470,Ivan Rakitić,MID,Level,37,3,2,0.9581812000000001,6,4
266986,2016-04-30,Barcelona,5470,Ivan Rakitić,MID,Leading,22,0,0,0,15,1
266986,2016-04-30,Barcelona,5503,Lionel Andrés Messi Cuccittini,FWD,Level,32,6,0,0,3,2
266986,2016-04-30,Barcelona,5503,Lionel Andrés Messi Cuccittini,FWD,Leading,51,8,2,0.118558397,5,4
266986,2016-04-30,Barcelona,5506,Javier Alejandro Mascherano,DEF,Level,51,9,0,0,5,4
266986,2016-04-30,Barcelona,5506,Javier Alejandro Mascherano,DEF,Leading,40,10,0,0,5,4
266986,2016-04-30,Barcelona,6379,Sergi Roberto Carnicer,DEF,Leading,13,2,0,0,2,1
266986,2016-04-30,Barcelona,11094,Arda Turan,MID,Leading,2,0,0,0,2,0
266986,2016-04-30,Barcelona,20055,Marc-André ter Stegen,GK,Leading,1,0,0,0,0,0
3890540,2016-04-30,Bayer Leverkusen,3058,Javier Hernández Balcázar,FWD,Level,0,0,0,0,1,0
3890540,2016-04-30,Bayer Leverkusen,3058,Javier Hernández Balcázar,FWD,Leading,33,6,1,0.006311526,2,1
3890540,2016-04-30,Bayer Leverkusen,5494,Robbie Kruse,FWD,Leading,1,0,0,0,0,0
3890540,2016-04-30,Bayer Leverkusen,5555,Julian Brandt,FWD,Level,1,0,1,0.119708106,0,1
3890540,2016-04-30,Bayer Leverkusen,5555,Julian Brandt,FWD,Leading,22,0,0,0,7,3
3890540,2016-04-30,Bayer Leverkusen,7039,Hakan Çalhanoğlu,MID,Level,1,0,0,0,0,0
3890540,2016-04-30,Bayer Leverkusen,7039,Hakan Çalhanoğlu,MID,Leading,52,5,3,0.177442879,5,1
3890540,2016-04-30,Bayer Leverkusen,8210,Charles Mariano Aránguiz Sandoval,MID,Level,1,0,0,0,0,0
3890540,2016-04-30,Bayer Leverkusen,8210,Charles Mariano Aránguiz Sandoval,MID,Leading,52,8,3,0.059365539999999994,24,8
3890540,2016-04-30,Bayer Leverkusen,8211,Benjamin Henrichs,DEF,Level,2,0,0,0,0,0
3890540,2016-04-30,Bayer Leverkusen,8211,Benjamin Henrichs,DEF,Leading,40,1,0,0,16,9
3890540,2016-04-30,Bayer Leverkusen,8213,Karim Bellarabi,FWD,Level,2,1,0,0,0,0
3890540,2016-04-30,Bayer Leverkusen,8213,Karim Bellarabi,FWD,Leading,38,1,5,0.708714098,14,5
3890540,2016-04-30,Bayer Leverkusen,8222,Kevin Kampl,MID,Level,1,0,0,0,0,0
3890540,2016-04-30,Bayer Leverkusen,8222,Kevin Kampl,MID,Leading,58,3,0,0,18,7
3890540,2016-04-30,Bayer Leverkusen,8573,Ömer Toprak,FWD,Leading,3,0,0,0,1,2
3890540,2016-04-30,Bayer Leverkusen,8805,Christoph Kramer,DEF,Leading,58,5,1,0.038243253,18,5
3890540,2016-04-30,Bayer Leverkusen,8969,Lars Bender,DEF,Leading,48,9,2,0.380256722,20,2
3890540,2016-04-30,Bayer Leverkusen,9363,André Ramalho Silva,DEF,Level,1,0,0,0,0,0
3890540,2016-04-30,Bayer Leverkusen,9363,André Ramalho Silva,DEF,Leading,53,9,2,0.113346904,9,1
3890540,2016-04-30,Bayer Leverkusen,11394,Stefan Kießling,FWD,Leading,2,0,1,0.10719758,0,2
3890540,2016-04-30,Bayer Leverkusen,15581,Bernd Leno,GK,Leading,36,4,0,0,0,2
3879850,2016-05-01,Juventus,3477,Álvaro Borja Morata Martín,MID,Level,19,0,2,0.073872716,5,2
3879850,2016-05-01,Juventus,3477,Álvaro Borja Morata Martín,MID,Leading,1,0,0,0,0,0
3879850,2016-05-01,Juventus,5472,Mario Mandžukić,MID,Level,14,0,1,0.038154326,4,1
3879850,2016-05-01,Juventus,5472,Mario Mandžukić,MID,Leading,19,1,1,0.15282206,7,0
3879850,2016-05-01,Juventus,5541,Stephan Lichtsteiner,DEF,Leading,24,3,0,0,4,1
3879850,2016-05-01,Juventus,5689,Juan Guillermo Cuadrado Bello,DEF,Level,50,6,0,0,4,1
3879850,2016-05-01,Juventus,5689,Juan Guillermo Cuadrado Bello,DEF,Leading,32,2,0,0,9,4
3879850,2016-05-01,Juventus,6584,Simone Zaza,MID,Leading,10,0,4,0.264178391,10,0
3879850,2016-05-01,Juventus,6940,Kwadwo Asamoah,MID,Level,32,4,0,0,6,5
3879850,2016-05-01,Juventus,6940,Kwadwo Asamoah,MID,Leading,35,6,1,0.039901678,9,3
3879850,2016-05-01,Juventus,6945,Alex Sandro Lobo Silva,DEF,Level,30,2,1,0.010025178,6,1
3879850,2016-05-01,Juventus,6945,Alex Sandro Lobo Silva,DEF,Leading,39,3,0,0,7,5
3879850,2016-05-01,Juventus,6949,Gianluigi Buffon,GK,Level,13,0,0,0,0,4
3879850,2016-05-01,Juventus,6949,Gianluigi Buffon,GK,Leading,30,1,0,0,0,5
3879850,2016-05-01,Juventus,6953,Daniele Rugani,DEF,Level,28,6,0,0,7,1
3879850,2016-05-01,Juventus,6953,Daniele Rugani,DEF,Leading,34,4,1,0.06557797,13,2
3879850,2016-05-01,Juventus,7013,Stefano Sturaro,MID,Leading,4,0,0,0,2,0
3879850,2016-05-01,Juventus,7173,Leonardo Bonucci,DEF,Level,23,4,1,0.013669572,4,4
3879850,2016-05-01,Juventus,7173,Leonardo Bonucci,DEF,Leading,32,6,1,0.29158482,6,2
3879850,2016-05-01,Juventus,20004,Paul Pogba,MID,Level,40,8,2,0.2178784,4,5
3879850,2016-05-01,Juventus,20004,Paul Pogba,MID,Leading,59,10,3,0.0439668053,10,3
3879850,2016-05-01,Juventus,20008,Patrice Evra,DEF,Level,39,7,0,0,3,0
3879850,2016-05-01,Juventus,20008,Patrice Evra,DEF,Leading,52,11,0,0,2,2
3879850,2016-05-01,Juventus,25345,Anderson Hernanes de Carvalho Andrade,MID,Level,33,3,3,0.094578763,5,4
3879850,2016-05-01,Juventus,25345,Anderson Hernanes de Carvalho Andrade,MID,Leading,50,4,0,0,14,5
3890550,2016-05-07,Bayer Leverkusen,3058,Javier Hernández Balcázar,MID,Level,18,3,2,0.060315045,5,1
3890550,2016-05-07,Bayer Leverkusen,3058,Javier Hernández Balcázar,MID,Leading,6,0,1,0.027489569,0,1
3890550,2016-05-07,Bayer Leverkusen,3058,Javier Hernández Balcázar,MID,Trailing,8,1,0,0,0,1
3890550,2016-05-07,Bayer Leverkusen,5494,Robbie Kruse,MID,Level,25,1,1,0.12796181,27,2
3890550,2016-05-07,Bayer Leverkusen,5494,Robbie Kruse,MID,Leading,13,1,0,0,8,1
3890550,2016-05-07,Bayer Leverkusen,5494,Robbie Kruse,MID,Trailing,6,1,0,0,2,0
3890550,2016-05-07,Bayer Leverkusen,6309,Tin Jedvaj,MID,Level,17,4,0,0,9,5
3890550,2016-05-07,Bayer Leverkusen,6309,Tin Jedvaj,MID,Trailing,14,3,0,0,3,2
3890550,2016-05-07,Bayer Leverkusen,7039,Hakan Çalhanoğlu,MID,Level,30,5,4,0.3952815977,11,3
3890550,2016-05-07,Bayer Leverkusen,7039,Hakan Çalhanoğlu,MID,Leading,8,4,0,0,5,4
3890550,2016-05-07,Bayer Leverkusen,7039,Hakan Çalhanoğlu,MID,Trailing,0,0,0,0,0,0
3890550,2016-05-07,Bayer Leverkusen,8210,Charles Mariano Aránguiz Sandoval,MID,Level,20,2,4,0.641797535,15,3
3890550,2016-05-07,Bayer Leverkusen,8210,Charles Mariano Aránguiz Sandoval,MID,Leading,8,0,0,0,8,2
3890550,2016-05-07,Bayer Leverkusen,8210,Charles Mariano Aránguiz Sandoval,MID,Trailing,9,2,0,0,1,0
3890550,2016-05-07,Bayer Leverkusen,8211,Benjamin Henrichs,DEF,Level,28,6,0,0,8,5
3890550,2016-05-07,Bayer Leverkusen,8211,Benjamin Henrichs,DEF,Leading,9,0,0,0,1,0
3890550,2016-05-07,Bayer Leverkusen,8211,Benjamin Henrichs,DEF,Trailing,4,0,0,0,0,0
3890550,2016-05-07,Bayer Leverkusen,8219,Admir Mehmedi,MID,Trailing,7,2,0,0,1,1
3890550,2016-05-07,Bayer Leverkusen,8573,Ömer Toprak,DEF,Level,18,7,0,0,3,3
3890550,2016-05-07,Bayer Leverkusen,8573,Ömer Toprak,DEF,Leading,2,0,0,0,5,0
3890550,2016-05-07,Bayer Leverkusen,8573,Ömer Toprak,DEF,Trailing,1,1,0,0,0,0
3890550,2016-05-07,Bayer Leverkusen,8805,Christoph Kramer,MID,Level,13,0,0,0,11,2
3890550,2016-05-07,Bayer Leverkusen,8805,Christoph Kramer,MID,Leading,8,3,0,0,9,1
3890550,2016-05-07,Bayer Leverkusen,8969,Lars Bender,DEF,Level,19,4,0,0,15,1
3890550,2016-05-07,Bayer Leverkusen,8969,Lars Bender,DEF,Leading,14,3,0,0,5,0
3890550,2016-05-07,Bayer Leverkusen,8969,Lars Bender,DEF,Trailing,12,1,0,0,3,2
3890550,2016-05-07,Bayer Leverkusen,9363,André Ramalho Silva,DEF,Level,12,1,0,0,11,1
3890550,2016-05-07,Bayer Leverkusen,9363,André Ramalho Silva,DEF,Leading,3,1,0,0,5,0
3890550,2016-05-07,Bayer Leverkusen,9363,André Ramalho Silva,DEF,Trailing,6,3,0,0,1,0
3890550,2016-05-07,Bayer Leverkusen,11394,Stefan Kießling,MID,Level,22,1,3,0.7322135670000001,11,4
3890550,2016-05-07,Bayer Leverkusen,11394,Stefan Kießling,MID,Leading,5,0,0,0,6,0
3890550,2016-05-07,Bayer Leverkusen,11394,Stefan Kießling,MID,Trailing,3,1,0,0,0,0
3890550,2016-05-07,Bayer Leverkusen,15581,Bernd Leno,GK,Level,22,7,0,0,0,6
3890550,2016-05-07,Bayer Leverkusen,15581,Bernd Leno,GK,Leading,8,1,0,0,0,1
3890550,2016-05-07,Bayer Leverkusen,15581,Bernd Leno,GK,Trailing,5,1,0,0,0,4
3890550,2016-05-07,Bayer Leverkusen,21168,Marlon Frey,DEF,Trailing,2,0,1,0.028051943,0,0
3901247,2016-05-07,Paris Saint-Germain,2995,Ángel Fabián Di María Hernández,FWD,Level,8,3,0,0,1,0
3901247,2016-05-07,Paris Saint-Germain,2995,Ángel Fabián Di María Hernández,FWD,Leading,76,13,0,0,11,1
3901247,2016-05-07,Paris Saint-Germain,3025,Christopher Nkunku,MID,Level,12,1,0,0,4,4
3901247,2016-05-07,Paris Saint-Germain,3025,Christopher Nkunku,MID,Leading,56,3,1,0.029047206,13,7
3901247,2016-05-07,Paris Saint-Germain,3295,Thiago Emiliano da Silva,DEF,Level,22,1,0,0,0,0
3901247,2016-05-07,Paris Saint-Germain,3295,Thiago Emiliano da Silva,DEF,Leading,99,10,1,0.044271223,6,1
3901247,2016-05-07,Paris Saint-Germain,3672,Zlatan Ibrahimović,FWD,Level,8,1,0,0,0,0
3901247,2016-05-07,Paris Saint-Germain,3672,Zlatan Ibrahimović,FWD,Leading,39,4,2,0.51206178,5,1
3901247,2016-05-07,Paris Saint-Germain,3745,Lucas Rodrigues Moura da Silva,FWD,Leading,19,0,1,0.1949924,2,2
3901247,2016-05-07,Paris Saint-Germain,3956,David Luiz Moreira Marinho,DEF,Level,15,0,0,0,0,0
3901247,2016-05-07,Paris Saint-Germain,3956,David Luiz Moreira Marinho,DEF,Leading,111,11,0,0,8,5
3901247,2016-05-07,Paris Saint-Germain,4319,Edinson Roberto Cavani Gómez,FWD,Level,3,0,1,0.19830555,3,0
3901247,2016-05-07,Paris Saint-Germain,4319,Edinson Roberto Cavani Gómez,FWD,Leading,24,0,2,0.69292096,1,1
3901247,2016-05-07,Paris Saint-Germain,4325,Thiago Motta,MID,Level,15,1,0,0,6,0
3901247,2016-05-07,Paris Saint-Germain,4325,Thiago Motta,MID,Leading,101,10,0,0,11,4
3901247,2016-05-07,Paris Saint-Germain,4326,Layvin Kurzawa,DEF,Level,9,0,0,0,1,1
3901247,2016-05-07,Paris Saint-Germain,4326,Layvin Kurzawa,DEF,Leading,59,2,0,0,10,4
3901247,2016-05-07,Paris Saint-Germain,4372,Marcos Aoás Corrêa,DEF,Level,17,2,0,0,2,0
3901247,2016-05-07,Paris Saint-Germain,4372,Marcos Aoás Corrêa,DEF,Leading,64,2,1,0.074019946,15,0
3901247,2016-05-07,Paris Saint-Germain,4440,Kevin Trapp,GK,Level,2,0,0,0,0,0
3901247,2016-05-07,Paris Saint-Germain,4440,Kevin Trapp,GK,Leading,23,1,0,0,1,3
3901247,2016-05-07,Paris Saint-Germain,8510,Jean-Kévin Augustin,FWD,Leading,1,0,0,0,5,0
3901247,2016-05-07,Paris Saint-Germain,8515,Benjamin Stambouli,MID,Level,15,3,0,0,4,0
3901247,2016-05-07,Paris Saint-Germain,8515,Benjamin Stambouli,MID,Leading,71,8,0,0,10,6
3901247,2016-05-07,Paris Saint-Germain,26613,Maxwell Scherrer Cabelino Andrade,MID,Leading,11,4,0,0,1,0
3754314,2016-05-08,Arsenal,3385,Alexis Alejandro Sánchez Sánchez,FWD,Level,34,4,0,0,14,9
3754314,2016-05-08,Arsenal,3385,Alexis Alejandro Sánchez Sánchez,FWD,Trailing,10,0,1,0.2921997,0,2
3754314,2016-05-08,Arsenal,3388,Jack Wilshere,FWD,Level,22,2,0,0,11,6
3754314,2016-05-08,Arsenal,3388,Jack Wilshere,FWD,Trailing,9,0,0,0,0,0
3754314,2016-05-08,Arsenal,3394,Laurent Koscielny,DEF,Level,23,3,0,0,6,3
3754314,2016-05-08,Arsenal,3394,Laurent Koscielny,DEF,Trailing,8,3,0,0,0,1
3754314,2016-05-08,Arsenal,3437,Francis Joseph Coquelin,MID,Level,5,0,0,0,6,2
3754314,2016-05-08,Arsenal,3461,Petr Čech,GK,Level,26,11,0,0,0,6
3754314,2016-05-08,Arsenal,3461,Petr Čech,GK,Trailing,5,2,0,0,0,0
3754314,2016-05-08,Arsenal,3498,Ignacio Monreal Eraso,DEF,Level,29,2,0,0,11,5
3754314,2016-05-08,Arsenal,3498,Ignacio Monreal Eraso,DEF,Trailing,10,0,0,0,2,1
3754314,2016-05-08,Arsenal,3511,Héctor Bellerín Moruno,DEF,Level,23,1,0,0,5,2
3754314,2016-05-08,Arsenal,3511,Héctor Bellerín Moruno,DEF,Trailing,19,0,0,0,2,2
3754314,2016-05-08,Arsenal,3517,Aaron Ramsey,MID,Level,36,3,0,0,24,9
3754314,2016-05-08,Arsenal,3517,Aaron Ramsey,MID,Trailing,15,3,1,0.021355988,1,1
3754314,2016-05-08,Arsenal,3568,Mohamed Naser Elsayed Elneny,MID,Level,23,3,0,0,12,3
3754314,2016-05-08,Arsenal,3568,Mohamed Naser Elsayed Elneny,MID,Trailing,10,0,0,0,5,0
3754314,2016-05-08,Arsenal,3569,Daniel Nii Tackie Mensah Welbeck,FWD,Level,2,0,0,0,7,1
3754314,2016-05-08,Arsenal,3569,Daniel Nii Tackie Mensah Welbeck,FWD,Trailing,0,0,0,0,1,0
3754314,2016-05-08,Arsenal,3604,Olivier Giroud,FWD,Level,22,1,0,0,11,4
3754314,2016-05-08,Arsenal,3604,Olivier Giroud,FWD,Trailing,9,1,2,0.247342968,1,3
3754314,2016-05-08,Arsenal,3647,Alex Iwobi,MID,Level,15,2,0,0,7,3
3754314,2016-05-08,Arsenal,3647,Alex Iwobi,MID,Trailing,2,0,0,0,1,0
3754314,2016-05-08,Arsenal,3668,Theo Walcott,FWD,Trailing,3,0,1,0.3265438,1,0
3754314,2016-05-08,Arsenal,3668,Theo Walcott,FWD,Level,2,0,0,0,2,0
3754314,2016-05-08,Arsenal,6746,Gabriel Armando de Abreu,DEF,Level,22,2,0,0,3,3
3754314,2016-05-08,Arsenal,6746,Gabriel Armando de Abreu,DEF,Trailing,14,1,0,0,1,1
265958,2016-05-08,Barcelona,4320,Neymar da Silva Santos Junior,FWD,Level,12,0,0,0,3,0
265958,2016-05-08,Barcelona,4320,Neymar da Silva Santos Junior,FWD,Leading,53,4,3,0.705861296,14,3
265958,2016-05-08,Barcelona,4324,Daniel Alves da Silva,DEF,Level,7,1,0,0,0,2
265958,2016-05-08,Barcelona,4324,Daniel Alves da Silva,DEF,Leading,74,7,0,0,12,8
265958,2016-05-08,Barcelona,5203,Sergio Busquets i Burgos,MID,Level,5,0,0,0,0,0
265958,2016-05-08,Barcelona,5203,Sergio Busquets i Burgos,MID,Leading,64,10,0,0,20,4
265958,2016-05-08,Barcelona,5211,Jordi Alba Ramos,DEF,Level,13,4,0,0,0,1
265958,2016-05-08,Barcelona,5211,Jordi Alba Ramos,DEF,Leading,46,6,0,0,4,3
265958,2016-05-08,Barcelona,5213,Gerard Piqué Bernabéu,DEF,Level,10,2,0,0,1,0
265958,2016-05-08,Barcelona,5213,Gerard Piqué Bernabéu,DEF,Leading,49,9,0,0,6,4
265958,2016-05-08,Barcelona,5216,Andrés Iniesta Luján,MID,Level,6,0,0,0,3,0
265958,2016-05-08,Barcelona,5216,Andrés Iniesta Luján,MID,Leading,38,4,0,0,6,4
265958,2016-05-08,Barcelona,5246,Luis Alberto Suárez Díaz,FWD,Level,2,0,0,0,1,0
265958,2016-05-08,Barcelona,5246,Luis Alberto Suárez Díaz,FWD,Leading,16,1,3,0.65540639,4,4
265958,2016-05-08,Barcelona,5470,Ivan Rakitić,MID,Level,7,0,0,0,0,1
265958,2016-05-08,Barcelona,5470,Ivan Rakitić,MID,Leading,34,2,1,0.042301383,10,2
265958,2016-05-08,Barcelona,5503,Lionel Andrés Messi Cuccittini,FWD,Level,5,0,1,0.07573616,0,0
265958,2016-05-08,Barcelona,5503,Lionel Andrés Messi Cuccittini,FWD,Leading,58,13,5,0.684206645,4,4
265958,2016-05-08,Barcelona,5506,Javier Alejandro Mascherano,DEF,Level,12,8,0,0,0,0
265958,2016-05-08,Barcelona,5506,Javier Alejandro Mascherano,DEF,Leading,47,18,0,0,13,1
265958,2016-05-08,Barcelona,6998,Rafael Alcântara do Nascimento,MID,Leading,16,0,1,0.76316875,1,3
265958,2016-05-08,Barcelona,10609,Jérémy Mathieu,DEF,Leading,13,1,0,0,0,0
265958,2016-05-08,Barcelona,11094,Arda Turan,MID,Leading,15,1,0,0,5,0
265958,2016-05-08,Barcelona,20055,Marc-André ter Stegen,GK,Level,1,0,0,0,0,0
265958,2016-05-08,Barcelona,20055,Marc-André ter Stegen,GK,Leading,22,0,0,0,0,7
3879864,2016-05-08,Juventus,3579,Roberto Maximiliano Pereyra,MID,Trailing,22,4,0,0,13,7
3879864,2016-05-08,Juventus,3951,Mario Lemina,MID,Level,27,3,0,0,7,4
3879864,2016-05-08,Juventus,3951,Mario Lemina,MID,Trailing,25,9,0,0,9,2
3879864,2016-05-08,Juventus,5689,Juan Guillermo Cuadrado Bello,DEF,Level,25,2,2,0.05351196750000001,10,2
3879864,2016-05-08,Juventus,5689,Juan Guillermo Cuadrado Bello,DEF,Trailing,44,4,1,0.04161986,4,2
3879864,2016-05-08,Juventus,5743,Paulo Bruno Exequiel Dybala,MID,Level,15,4,1,0.26377368,5,2
3879864,2016-05-08,Juventus,5743,Paulo Bruno Exequiel Dybala,MID,Trailing,18,3,5,0.8910604886,4,3
3879864,2016-05-08,Juventus,6584,Simone Zaza,MID,Level,12,0,1,0.027056841,7,3
3879864,2016-05-08,Juventus,6584,Simone Zaza,MID,Trailing,7,1,4,0.330580288,5,2
3879864,2016-05-08,Juventus,6590,Norberto Murara Neto,GK,Level,12,0,0,0,0,3
3879864,2016-05-08,Juventus,6590,Norberto Murara Neto,GK,Trailing,7,0,0,0,0,1
3879864,2016-05-08,Juventus,6940,Kwadwo Asamoah,MID,Level,31,5,0,0,4,2
3879864,2016-05-08,Juventus,6940,Kwadwo Asamoah,MID,Trailing,15,3,1,0.012634891,3,1
3879864,2016-05-08,Juventus,6943,Andrea Barzagli,DEF,Level,32,5,0,0,4,3
3879864,2016-05-08,Juventus,6943,Andrea Barzagli,DEF,Trailing,24,2,0,0,3,4
3879864,2016-05-08,Juventus,6945,Alex Sandro Lobo Silva,DEF,Level,23,3,0,0,9,3
3879864,2016-05-08,Juventus,6945,Alex Sandro Lobo Silva,DEF,Trailing,36,5,0,0,3,2
3879864,2016-05-08,Juventus,6953,Daniele Rugani,DEF,Level,43,11,0,0,7,0
3879864,2016-05-08,Juventus,6953,Daniele Rugani,DEF,Trailing,33,8,1,0.0068635596,7,3
3879864,2016-05-08,Juventus,6954,Giorgio Chiellini,DEF,Trailing,12,1,0,0,1,0
3879864,2016-05-08,Juventus,7013,Stefano Sturaro,MID,Level,15,1,0,0,9,3
3879864,2016-05-08,Juventus,7013,Stefano Sturaro,MID,Trailing,10,1,0,0,3,0
3879864,2016-05-08,Juventus,7173,Leonardo Bonucci,DEF,Level,40,9,0,0,6,2
3879864,2016-05-08,Juventus,7173,Leonardo Bonucci,DEF,Trailing,25,5,0,0,5,3
3879864,2016-05-08,Juventus,7952,Simone Padoin,MID,Trailing,16,0,0,0,1,0
3901253,2016-05-11,Paris Saint-Germain,2995,Ángel Fabián Di María Hernández,FWD,Level,57,13,2,0.070847767,7,4
3901253,2016-05-11,Paris Saint-Germain,2995,Ángel Fabián Di María Hernández,FWD,Leading,3,0,0,0,1,0
3901253,2016-05-11,Paris Saint-Germain,3025,Christopher Nkunku,MID,Level,73,7,0,0,18,7
3901253,2016-05-11,Paris Saint-Germain,3025,Christopher Nkunku,MID,Leading,7,1,0,0,2,0
3901253,2016-05-11,Paris Saint-Germain,3026,Adrien Rabiot,MID,Level,64,5,1,0.040270984,20,6
3901253,2016-05-11,Paris Saint-Germain,3026,Adrien Rabiot,MID,Leading,2,1,0,0,1,0
3901253,2016-05-11,Paris Saint-Germain,3481,Serge Aurier,DEF,Level,72,4,3,0.239665138,10,4
3901253,2016-05-11,Paris Saint-Germain,3481,Serge Aurier,DEF,Leading,4,0,0,0,1,0
3901253,2016-05-11,Paris Saint-Germain,3672,Zlatan Ibrahimović,FWD,Level,23,1,2,0.38276442,2,1
3901253,2016-05-11,Paris Saint-Germain,3672,Zlatan Ibrahimović,FWD,Leading,1,0,0,0,0,0
3901253,2016-05-11,Paris Saint-Germain,3745,Lucas Rodrigues Moura da Silva,FWD,Level,40,2,2,0.99618841,15,6
3901253,2016-05-11,Paris Saint-Germain,3745,Lucas Rodrigues Moura da Silva,FWD,Leading,0,0,0,0,0,0
3901253,2016-05-11,Paris Saint-Germain,3956,David Luiz Moreira Marinho,DEF,Level,110,20,0,0,6,3
3901253,2016-05-11,Paris Saint-Germain,3956,David Luiz Moreira Marinho,DEF,Leading,9,1,0,0,1,0
3901253,2016-05-11,Paris Saint-Germain,4325,Thiago Motta,MID,Leading,2,0,0,0,1,0
3901253,2016-05-11,Paris Saint-Germain,4325,Thiago Motta,MID,Level,39,4,0,0,9,1
3901253,2016-05-11,Paris Saint-Germain,4326,Layvin Kurzawa,DEF,Level,76,5,0,0,13,10
3901253,2016-05-11,Paris Saint-Germain,4326,Layvin Kurzawa,DEF,Leading,2,1,0,0,1,0
3901253,2016-05-11,Paris Saint-Germain,4372,Marcos Aoás Corrêa,DEF,Level,87,11,0,0,6,5
3901253,2016-05-11,Paris Saint-Germain,4372,Marcos Aoás Corrêa,DEF,Leading,11,0,0,0,1,1
3901253,2016-05-11,Paris Saint-Germain,4440,Kevin Trapp,GK,Level,26,0,0,0,0,2
3901253,2016-05-11,Paris Saint-Germain,4440,Kevin Trapp,GK,Leading,3,0,0,0,0,0
3901253,2016-05-11,Paris Saint-Germain,8510,Jean-Kévin Augustin,FWD,Level,4,0,1,0.16578136,1,1
3901253,2016-05-11,Paris Saint-Germain,8515,Benjamin Stambouli,MID,Level,74,10,0,0,18,7
3901253,2016-05-11,Paris Saint-Germain,8515,Benjamin Stambouli,MID,Leading,2,0,0,0,0,0
3901253,2016-05-11,Paris Saint-Germain,26613,Maxwell Scherrer Cabelino Andrade,MID,Leading,1,0,0,0,0,0
3901253,2016-05-11,Paris Saint-Germain,26613,Maxwell Scherrer Cabelino Andrade,MID,Level,29,5,0,0,2,2
267506,2016-05-14,Barcelona,4320,Neymar da Silva Santos Junior,FWD,Level,12,1,0,0,3,1
267506,2016-05-14,Barcelona,4320,Neymar da Silva Santos Junior,FWD,Leading,35,1,2,0.22806946,13,2
267506,2016-05-14,Barcelona,4324,Daniel Alves da Silva,DEF,Level,10,4,0,0,6,1
267506,2016-05-14,Barcelona,4324,Daniel Alves da Silva,DEF,Leading,51,4,0,0,14,4
267506,2016-05-14,Barcelona,5203,Sergio Busquets i Burgos,MID,Level,14,0,0,0,3,1
267506,2016-05-14,Barcelona,5203,Sergio Busquets i Burgos,MID,Leading,47,3,0,0,10,3
267506,2016-05-14,Barcelona,5211,Jordi Alba Ramos,DEF,Level,10,2,0,0,4,0
267506,2016-05-14,Barcelona,5211,Jordi Alba Ramos,DEF,Leading,44,4,0,0,16,4
267506,2016-05-14,Barcelona,5213,Gerard Piqué Bernabéu,DEF,Level,18,4,2,0.260169764,2,1
267506,2016-05-14,Barcelona,5213,Gerard Piqué Bernabéu,DEF,Leading,64,5,0,0,3,2
267506,2016-05-14,Barcelona,5216,Andrés Iniesta Luján,MID,Level,15,4,1,0.026991174,1,1
267506,2016-05-14,Barcelona,5216,Andrés Iniesta Luján,MID,Leading,40,6,0,0,14,3
267506,2016-05-14,Barcelona,5246,Luis Alberto Suárez Díaz,FWD,Level,3,0,1,0.75520253,3,0
267506,2016-05-14,Barcelona,5246,Luis Alberto Suárez Díaz,FWD,Leading,27,2,2,0.93107088,9,3
267506,2016-05-14,Barcelona,5470,Ivan Rakitić,MID,Level,8,0,0,0,1,2
267506,2016-05-14,Barcelona,5470,Ivan Rakitić,MID,Leading,42,3,0,0,10,4
267506,2016-05-14,Barcelona,5503,Lionel Andrés Messi Cuccittini,FWD,Level,11,2,1,0.05668044,2,0
267506,2016-05-14,Barcelona,5503,Lionel Andrés Messi Cuccittini,FWD,Leading,42,8,3,0.1607053165,4,2
267506,2016-05-14,Barcelona,5506,Javier Alejandro Mascherano,DEF,Level,19,5,0,0,2,1
267506,2016-05-14,Barcelona,5506,Javier Alejandro Mascherano,DEF,Leading,40,9,0,0,10,0
267506,2016-05-14,Barcelona,6379,Sergi Roberto Carnicer,MID,Leading,2,0,0,0,0,0
267506,2016-05-14,Barcelona,10609,Jérémy Mathieu,DEF,Leading,3,1,0,0,2,0
267506,2016-05-14,Barcelona,11094,Arda Turan,MID,Leading,6,1,0,0,4,0
267506,2016-05-14,Barcelona,20055,Marc-André ter Stegen,GK,Level,8,0,0,0,0,3
267506,2016-05-14,Barcelona,20055,Marc-André ter Stegen,GK,Leading,24,1,0,0,0,4
3890563,2016-05-14,Bayer Leverkusen,5555,Julian Brandt,MID,Level,8,0,0,0,6,3
3890563,2016-05-14,Bayer Leverkusen,5555,Julian Brandt,MID,Trailing,5,1,0,0,3,1
3890563,2016-05-14,Bayer Leverkusen,5555,Julian Brandt,MID,Leading,12,0,1,0.1275387,12,1
3890563,2016-05-14,Bayer Leverkusen,7039,Hakan Çalhanoğlu,MID,Level,6,0,0,0,5,1
3890563,2016-05-14,Bayer Leverkusen,7039,Hakan Çalhanoğlu,MID,Trailing,5,3,0,0,4,0
3890563,2016-05-14,Bayer Leverkusen,7039,Hakan Çalhanoğlu,MID,Leading,26,6,1,0.0066802558,9,2
3890563,2016-05-14,Bayer Leverkusen,8210,Charles Mariano Aránguiz Sandoval,MID,Level,9,0,0,0,9,3
3890563,2016-05-14,Bayer Leverkusen,8210,Charles Mariano Aránguiz Sandoval,MID,Trailing,3,0,1,0.36501995,10,0
3890563,2016-05-14,Bayer Leverkusen,8210,Charles Mariano Aránguiz Sandoval,MID,Leading,9,0,0,0,15,0
3890563,2016-05-14,Bayer Leverkusen,8211,Benjamin Henrichs,DEF,Level,14,2,0,0,4,2
3890563,2016-05-14,Bayer Leverkusen,8211,Benjamin Henrichs,DEF,Trailing,6,1,0,0,3,1
3890563,2016-05-14,Bayer Leverkusen,8211,Benjamin Henrichs,DEF,Leading,20,3,0,0,15,1
3890563,2016-05-14,Bayer Leverkusen,8213,Karim Bellarabi,MID,Level,6,2,0,0,5,1
3890563,2016-05-14,Bayer Leverkusen,8213,Karim Bellarabi,MID,Trailing,6,1,0,0,4,1
3890563,2016-05-14,Bayer Leverkusen,8213,Karim Bellarabi,MID,Leading,12,1,4,1.550178974,12,3
3890563,2016-05-14,Bayer Leverkusen,8219,Admir Mehmedi,MID,Leading,8,1,1,0.070582055,16,3
3890563,2016-05-14,Bayer Leverkusen,8222,Kevin Kampl,MID,Level,15,4,1,0.43984666,4,2
3890563,2016-05-14,Bayer Leverkusen,8222,Kevin Kampl,MID,Trailing,7,2,0,0,5,2
3890563,2016-05-14,Bayer Leverkusen,8222,Kevin Kampl,MID,Leading,22,8,0,0,17,7
3890563,2016-05-14,Bayer Leverkusen,8573,Ömer Toprak,DEF,Level,13,2,0,0,6,2
3890563,2016-05-14,Bayer Leverkusen,8573,Ömer Toprak,DEF,Trailing,3,0,0,0,4,1
3890563,2016-05-14,Bayer Leverkusen,8573,Ömer Toprak,DEF,Leading,8,0,0,0,6,2
3890563,2016-05-14,Bayer Leverkusen,8918,Roberto Hilbert,DEF,Level,9,1,0,0,4,1
3890563,2016-05-14,Bayer Leverkusen,8918,Roberto Hilbert,DEF,Trailing,1,0,0,0,0,0
3890563,2016-05-14,Bayer Leverkusen,9363,André Ramalho Silva,DEF,Level,9,1,0,0,9,2
3890563,2016-05-14,Bayer Leverkusen,9363,André Ramalho Silva,DEF,Trailing,9,0,0,0,3,1
3890563,2016-05-14,Bayer Leverkusen,9363,André Ramalho Silva,DEF,Leading,10,5,0,0,8,2
3890563,2016-05-14,Bayer Leverkusen,11394,Stefan Kießling,MID,Level,11,0,0,0,3,0
3890563,2016-05-14,Bayer Leverkusen,11394,Stefan Kießling,MID,Trailing,4,0,0,0,7,0
3890563,2016-05-14,Bayer Leverkusen,11394,Stefan Kießling,MID,Leading,6,0,1,0.93672997,3,0
3890563,2016-05-14,Bayer Leverkusen,21168,Marlon Frey,DEF,Trailing,1,1,0,0,1,0
3890563,2016-05-14,Bayer Leverkusen,21168,Marlon Frey,DEF,Level,2,0,0,0,0,1
3890563,2016-05-14,Bayer Leverkusen,21168,Marlon Frey,DEF,Leading,22,8,0,0,8,1
3890563,2016-05-14,Bayer Leverkusen,400627,Dario Kresic,GK,Level,5,3,0,0,1,0
3890563,2016-05-14,Bayer Leverkusen,400627,Dario Kresic,GK,Trailing,7,2,0,0,0,0
3890563,2016-05-14,Bayer Leverkusen,400627,Dario Kresic,GK,Leading,6,3,0,0,0,0
3890563,2016-05-14,Bayer Leverkusen,401501,David Yelldell,GK,Leading,20,3,0,0,0,4
3879870,2016-05-14,Juventus,3477,Álvaro Borja Morata Martín,MID,Leading,10,1,1,0.09511624,2,0
3879870,2016-05-14,Juventus,3579,Roberto Maximiliano Pereyra,MID,Level,3,0,0,0,1,0
3879870,2016-05-14,Juventus,3579,Roberto Maximiliano Pereyra,MID,Leading,39,3,0,0,16,3
3879870,2016-05-14,Juventus,5472,Mario Mandžukić,MID,Level,3,0,0,0,1,0
3879870,2016-05-14,Juventus,5472,Mario Mandžukić,MID,Leading,18,1,1,0.061580326,11,1
3879870,2016-05-14,Juventus,5541,Stephan Lichtsteiner,DEF,Level,3,1,0,0,0,1
3879870,2016-05-14,Juventus,5541,Stephan Lichtsteiner,DEF,Leading,51,5,4,0.324248741,10,2
3879870,2016-05-14,Juventus,5743,Paulo Bruno Exequiel Dybala,MID,Level,3,1,0,0,0,0
3879870,2016-05-14,Juventus,5743,Paulo Bruno Exequiel Dybala,MID,Leading,41,6,5,1.006108677,19,3
3879870,2016-05-14,Juventus,6584,Simone Zaza,MID,Leading,1,0,0,0,6,1
3879870,2016-05-14,Juventus,6590,Norberto Murara Neto,GK,Level,0,0,0,0,0,0
3879870,2016-05-14,Juventus,6590,Norberto Murara Neto,GK,Leading,11,0,0,0,0,5
3879870,2016-05-14,Juventus,6943,Andrea Barzagli,DEF,Level,5,0,0,0,2,0
3879870,2016-05-14,Juventus,6943,Andrea Barzagli,DEF,Leading,70,22,0,0,5,4
3879870,2016-05-14,Juventus,6954,Giorgio Chiellini,DEF,Level,6,0,0,0,2,0
3879870,2016-05-14,Juventus,6954,Giorgio Chiellini,DEF,Leading,72,18,3,0.30244161,5,8
3879870,2016-05-14,Juventus,7013,Stefano Sturaro,MID,Leading,8,2,0,0,3,1
3879870,2016-05-14,Juventus,7173,Leonardo Bonucci,DEF,Level,8,1,0,0,0,0
3879870,2016-05-14,Juventus,7173,Leonardo Bonucci,DEF,Leading,81,18,1,0.5674344,9,3
3879870,2016-05-14,Juventus,20004,Paul Pogba,MID,Level,1,0,0,0,1,0
3879870,2016-05-14,Juventus,20004,Paul Pogba,MID,Leading,75,16,5,0.0502806687,9,5
3879870,2016-05-14,Juventus,20008,Patrice Evra,DEF,Level,4,1,1,0.15989403,1,1
3879870,2016-05-14,Juventus,20008,Patrice Evra,DEF,Leading,69,12,0,0,6,1
3879870,2016-05-14,Juventus,25345,Anderson Hernanes de Carvalho Andrade,MID,Level,4,0,0,0,1,1
3879870,2016-05-14,Juventus,25345,Anderson Hernanes de Carvalho Andrade,MID,Leading,52,11,3,0.060463561,15,4
3901261,2016-05-14,Paris Saint-Germain,2995,Ángel Fabián Di María Hernández,FWD,Level,17,2,0,0,1,2
3901261,2016-05-14,Paris Saint-Germain,2995,Ángel Fabián Di María Hernández,FWD,Leading,62,11,0,0,15,4
3901261,2016-05-14,Paris Saint-Germain,3026,Adrien Rabiot,MID,Level,11,0,0,0,4,1
3901261,2016-05-14,Paris Saint-Germain,3026,Adrien Rabiot,MID,Leading,37,2,0,0,21,3
3901261,2016-05-14,Paris Saint-Germain,3295,Thiago Emiliano da Silva,DEF,Level,14,1,0,0,3,1
3901261,2016-05-14,Paris Saint-Germain,3295,Thiago Emiliano da Silva,DEF,Leading,52,4,0,0,9,2
3901261,2016-05-14,Paris Saint-Germain,3672,Zlatan Ibrahimović,FWD,Level,3,1,2,0.371790265,0,0
3901261,2016-05-14,Paris Saint-Germain,3672,Zlatan Ibrahimović,FWD,Leading,10,2,11,1.58411215,4,1
3901261,2016-05-14,Paris Saint-Germain,3745,Lucas Rodrigues Moura da Silva,FWD,Level,4,0,0,0,4,0
3901261,2016-05-14,Paris Saint-Germain,3745,Lucas Rodrigues Moura da Silva,FWD,Leading,32,4,2,0.601634426,11,1
3901261,2016-05-14,Paris Saint-Germain,3956,David Luiz Moreira Marinho,DEF,Leading,15,0,1,0.053782217,1,1
3901261,2016-05-14,Paris Saint-Germain,4319,Edinson Roberto Cavani Gómez,FWD,Leading,7,1,0,0,1,0
3901261,2016-05-14,Paris Saint-Germain,4325,Thiago Motta,MID,Level,18,1,0,0,7,0
3901261,2016-05-14,Paris Saint-Germain,4325,Thiago Motta,MID,Leading,68,5,1,0.19105245,23,1
3901261,2016-05-14,Paris Saint-Germain,4370,Javier Matías Pastore,MID,Level,24,2,0,0,4,2
3901261,2016-05-14,Paris Saint-Germain,4370,Javier Matías Pastore,MID,Leading,68,17,0,0,12,4
3901261,2016-05-14,Paris Saint-Germain,4372,Marcos Aoás Corrêa,DEF,Level,18,2,0,0,5,1
3901261,2016-05-14,Paris Saint-Germain,4372,Marcos Aoás Corrêa,DEF,Leading,58,4,1,0.72680956,8,1
3901261,2016-05-14,Paris Saint-Germain,4375,Blaise Matuidi,MID,Leading,13,0,1,0.10956274,2,0
3901261,2016-05-14,Paris Saint-Germain,7269,Nicolas Douchez,GK,Level,7,0,0,0,0,0
3901261,2016-05-14,Paris Saint-Germain,7269,Nicolas Douchez,GK,Leading,26,0,0,0,0,4
3901261,2016-05-14,Paris Saint-Germain,20048,Gregory van der Wiel,DEF,Level,18,0,0,0,2,0
3901261,2016-05-14,Paris Saint-Germain,20048,Gregory van der Wiel,DEF,Leading,56,4,0,0,2,2
3901261,2016-05-14,Paris Saint-Germain,26613,Maxwell Scherrer Cabelino Andrade,DEF,Level,8,0,0,0,2,0
3901261,2016-05-14,Paris Saint-Germain,26613,Maxwell Scherrer Cabelino Andrade,DEF,Leading,47,3,0,0,6,0
3754041,2016-05-15,Arsenal,3385,Alexis Alejandro Sánchez Sánchez,FWD,Level,5,0,0,0,0,0
3754041,2016-05-15,Arsenal,3385,Alexis Alejandro Sánchez Sánchez,FWD,Leading,52,4,6,0.7464134180000002,12,5
3754041,2016-05-15,Arsenal,3388,Jack Wilshere,FWD,Level,6,0,0,0,0,0
3754041,2016-05-15,Arsenal,3388,Jack Wilshere,FWD,Leading,31,2,1,0.3143006,18,2
3754041,2016-05-15,Arsenal,3394,Laurent Koscielny,DEF,Level,5,0,0,0,0,1
3754041,2016-05-15,Arsenal,3394,Laurent Koscielny,DEF,Leading,39,9,0,0,9,5
3754041,2016-05-15,Arsenal,3437,Francis Joseph Coquelin,MID,Level,10,2,0,0,1,2
3754041,2016-05-15,Arsenal,3437,Francis Joseph Coquelin,MID,Leading,62,13,0,0,18,10
3754041,2016-05-15,Arsenal,3461,Petr Čech,GK,Level,1,0,0,0,0,0
3754041,2016-05-15,Arsenal,3461,Petr Čech,GK,Leading,13,4,0,0,0,2
3754041,2016-05-15,Arsenal,3496,Mesut Özil,MID,Level,13,2,0,0,1,0
3754041,2016-05-15,Arsenal,3496,Mesut Özil,MID,Leading,63,13,0,0,11,2
3754041,2016-05-15,Arsenal,3498,Ignacio Monreal Eraso,DEF,Level,8,1,0,0,0,0
3754041,2016-05-15,Arsenal,3498,Ignacio Monreal Eraso,DEF,Leading,57,7,0,0,7,4
3754041,2016-05-15,Arsenal,3511,Héctor Bellerín Moruno,DEF,Level,10,1,0,0,0,0
3754041,2016-05-15,Arsenal,3511,Héctor Bellerín Moruno,DEF,Leading,60,7,1,0.044765577,7,6
3754041,2016-05-15,Arsenal,3568,Mohamed Naser Elsayed Elneny,FWD,Leading,21,1,2,0.53051088,3,1
3754041,2016-05-15,Arsenal,3604,Olivier Giroud,FWD,Level,3,1,1,0.07424382,1,0
3754041,2016-05-15,Arsenal,3604,Olivier Giroud,FWD,Leading,20,0,3,0.508693198,11,1
3754041,2016-05-15,Arsenal,5581,Joel Nathaniel Campbell Samuels,MID,Leading,5,0,0,0,1,1
3754041,2016-05-15,Arsenal,6746,Gabriel Armando de Abreu,DEF,Level,7,0,0,0,1,0
3754041,2016-05-15,Arsenal,6746,Gabriel Armando de Abreu,DEF,Leading,37,2,1,0.18901204,10,2
3754041,2016-05-15,Arsenal,11386,Santiago Cazorla González,MID,Level,10,0,0,0,2,1
3754041,2016-05-15,Arsenal,11386,Santiago Cazorla González,MID,Leading,78,16,1,0.14244156,14,4
3754041,2016-05-15,Arsenal,42703,Mikel Arteta Amatriain,MID,Leading,9,0,1,0.37236434,1,1
