date,opponent,venue,goals,found,complete,league,season,club
2013-08-19,Villarreal,Home,2,True,True,la-liga,2013,Almeria
2013-08-23,Getafe,Away,2,True,True,la-liga,2013,Almeria
2013-08-30,Elche,Home,2,False,False,la-liga,2013,Almeria
2013-09-14,Ath Madrid,Away,2,True,True,la-liga,2013,Almeria
2013-09-21,Levante,Home,2,True,True,la-liga,2013,Almeria
2013-09-24,Malaga,Away,0,True,True,la-liga,2013,Almeria
2013-09-28,Barcelona,Home,0,True,True,la-liga,2013,Almeria
2013-10-06,Sevilla,Away,1,True,True,la-liga,2013,Almeria
2013-10-20,Vallecano,Home,0,True,True,la-liga,2013,Almeria
2013-10-27,Sociedad,Away,0,True,True,la-liga,2013,Almeria
2013-10-30,Valencia,Away,2,True,True,la-liga,2013,Almeria
2013-11-02,Valladolid,Home,1,True,True,la-liga,2013,Almeria
2013-11-08,Osasuna,Away,1,True,True,la-liga,2013,Almeria
2013-11-23,Real Madrid,Home,0,True,True,la-liga,2013,Almeria
2013-11-30,Celta,Away,1,True,True,la-liga,2013,Almeria
2013-12-15,Espanol,Home,0,True,True,la-liga,2013,Almeria
2013-12-21,Betis,Away,1,True,True,la-liga,2013,Almeria
2014-01-04,Granada,Home,3,True,True,la-liga,2013,Almeria
2014-01-11,Ath Bilbao,Away,1,False,False,la-liga,2013,Almeria
2014-01-19,Villarreal,Away,0,False,False,la-liga,2013,Almeria
2014-01-26,Getafe,Home,1,True,True,la-liga,2013,Almeria
2014-02-02,Elche,Away,0,False,False,la-liga,2013,Almeria
2014-02-08,Ath Madrid,Home,2,True,True,la-liga,2013,Almeria
2014-02-15,Levante,Away,0,False,False,la-liga,2013,Almeria
2014-02-22,Malaga,Home,0,True,True,la-liga,2013,Almeria
2014-03-02,Barcelona,Away,1,True,True,la-liga,2013,Almeria
2014-03-09,Sevilla,Home,1,True,True,la-liga,2013,Almeria
2014-03-15,Vallecano,Away,1,True,True,la-liga,2013,Almeria
2014-03-24,Sociedad,Home,4,True,True,la-liga,2013,Almeria
2014-03-27,Valencia,Home,2,True,True,la-liga,2013,Almeria
2014-03-30,Valladolid,Away,0,True,True,la-liga,2013,Almeria
2014-04-04,Osasuna,Home,1,True,True,la-liga,2013,Almeria
2014-04-12,Real Madrid,Away,0,True,True,la-liga,2013,Almeria
2014-04-20,Celta,Home,2,True,True,la-liga,2013,Almeria
2014-04-27,Espanol,Away,2,True,True,la-liga,2013,Almeria
2014-05-04,Betis,Home,3,True,True,la-liga,2013,Almeria
2014-05-11,Granada,Away,2,True,True,la-liga,2013,Almeria
2014-05-18,Ath Bilbao,Home,0,True,True,la-liga,2013,Almeria
2013-08-17,Valladolid,Away,2,True,True,la-liga,2013,Ath Bilbao
2013-08-23,Osasuna,Home,2,True,True,la-liga,2013,Ath Bilbao
2013-09-01,Real Madrid,Away,1,True,True,la-liga,2013,Ath Bilbao
2013-09-16,Celta,Home,3,True,True,la-liga,2013,Ath Bilbao
2013-09-23,Espanol,Away,2,True,False,la-liga,2013,Ath Bilbao
2013-09-26,Betis,Home,2,True,True,la-liga,2013,Ath Bilbao
2013-09-30,Granada,Away,0,True,True,la-liga,2013,Ath Bilbao
2013-10-06,Valencia,Home,1,True,True,la-liga,2013,Ath Bilbao
2013-10-21,Villarreal,Home,2,True,True,la-liga,2013,Ath Bilbao
2013-10-28,Getafe,Away,1,True,True,la-liga,2013,Ath Bilbao
2013-10-31,Elche,Home,2,True,True,la-liga,2013,Ath Bilbao
2013-11-03,Ath Madrid,Away,0,True,True,la-liga,2013,Ath Bilbao
2013-11-09,Levante,Home,2,True,True,la-liga,2013,Ath Bilbao
2013-11-25,Malaga,Away,2,True,True,la-liga,2013,Ath Bilbao
2013-12-01,Barcelona,Home,1,True,True,la-liga,2013,Ath Bilbao
2013-12-15,Sevilla,Away,1,True,True,la-liga,2013,Ath Bilbao
2013-12-22,Vallecano,Home,2,True,True,la-liga,2013,Ath Bilbao
2014-01-05,Sociedad,Away,0,True,True,la-liga,2013,Ath Bilbao
2014-01-11,Almeria,Home,6,True,True,la-liga,2013,Ath Bilbao
2014-01-20,Valladolid,Home,4,True,True,la-liga,2013,Ath Bilbao
2014-01-26,Osasuna,Away,5,True,True,la-liga,2013,Ath Bilbao
2014-02-02,Real Madrid,Home,1,True,True,la-liga,2013,Ath Bilbao
2014-02-10,Celta,Away,0,True,True,la-liga,2013,Ath Bilbao
2014-02-16,Espanol,Home,1,True,True,la-liga,2013,Ath Bilbao
2014-02-23,Betis,Away,2,True,True,la-liga,2013,Ath Bilbao
2014-02-28,Granada,Home,4,True,True,la-liga,2013,Ath Bilbao
2014-03-09,Valencia,Away,1,True,True,la-liga,2013,Ath Bilbao
2014-03-17,Villarreal,Away,1,True,True,la-liga,2013,Ath Bilbao
2014-03-22,Getafe,Home,1,True,True,la-liga,2013,Ath Bilbao
2014-03-25,Elche,Away,0,True,True,la-liga,2013,Ath Bilbao
2014-03-29,Ath Madrid,Home,1,True,True,la-liga,2013,Ath Bilbao
2014-04-07,Levante,Away,2,True,True,la-liga,2013,Ath Bilbao
2014-04-14,Malaga,Home,3,True,True,la-liga,2013,Ath Bilbao
2014-04-20,Barcelona,Away,1,True,True,la-liga,2013,Ath Bilbao
2014-04-27,Sevilla,Home,3,True,True,la-liga,2013,Ath Bilbao
2014-05-02,Vallecano,Away,3,True,True,la-liga,2013,Ath Bilbao
2014-05-11,Sociedad,Home,1,True,True,la-liga,2013,Ath Bilbao
2014-05-18,Almeria,Away,0,True,True,la-liga,2013,Ath Bilbao
2013-08-18,Sevilla,Away,3,True,True,la-liga,2013,Ath Madrid
2013-08-25,Vallecano,Home,5,True,True,la-liga,2013,Ath Madrid
2013-09-01,Sociedad,Away,2,True,True,la-liga,2013,Ath Madrid
2013-09-14,Almeria,Home,4,True,True,la-liga,2013,Ath Madrid
2013-09-21,Valladolid,Away,2,True,True,la-liga,2013,Ath Madrid
2013-09-24,Osasuna,Home,2,True,True,la-liga,2013,Ath Madrid
2013-09-28,Real Madrid,Away,1,True,True,la-liga,2013,Ath Madrid
2013-10-06,Celta,Home,2,True,True,la-liga,2013,Ath Madrid
2013-10-19,Espanol,Away,0,True,True,la-liga,2013,Ath Madrid
2013-10-27,Betis,Home,5,True,True,la-liga,2013,Ath Madrid
2013-10-31,Granada,Away,2,True,True,la-liga,2013,Ath Madrid
2013-11-03,Ath Bilbao,Home,2,True,True,la-liga,2013,Ath Madrid
2013-11-10,Villarreal,Away,1,True,True,la-liga,2013,Ath Madrid
2013-11-23,Getafe,Home,7,True,True,la-liga,2013,Ath Madrid
2013-11-30,Elche,Away,2,True,True,la-liga,2013,Ath Madrid
2013-12-15,Valencia,Home,3,True,True,la-liga,2013,Ath Madrid
2013-12-21,Levante,Home,3,True,True,la-liga,2013,Ath Madrid
2014-01-04,Malaga,Away,1,True,True,la-liga,2013,Ath Madrid
2014-01-11,Barcelona,Home,0,True,True,la-liga,2013,Ath Madrid
2014-01-19,Sevilla,Home,1,True,True,la-liga,2013,Ath Madrid
2014-01-26,Vallecano,Away,4,True,True,la-liga,2013,Ath Madrid
2014-02-02,Sociedad,Home,4,True,True,la-liga,2013,Ath Madrid
2014-02-08,Almeria,Away,0,False,False,la-liga,2013,Ath Madrid
2014-02-15,Valladolid,Home,3,True,True,la-liga,2013,Ath Madrid
2014-02-23,Osasuna,Away,0,True,True,la-liga,2013,Ath Madrid
2014-03-02,Real Madrid,Home,2,True,True,la-liga,2013,Ath Madrid
2014-03-08,Celta,Away,2,True,True,la-liga,2013,Ath Madrid
2014-03-15,Espanol,Home,1,True,True,la-liga,2013,Ath Madrid
2014-03-23,Betis,Away,2,True,True,la-liga,2013,Ath Madrid
2014-03-26,Granada,Home,1,True,True,la-liga,2013,Ath Madrid
2014-03-29,Ath Bilbao,Away,2,True,True,la-liga,2013,Ath Madrid
2014-04-05,Villarreal,Home,1,True,True,la-liga,2013,Ath Madrid
2014-04-13,Getafe,Away,2,True,True,la-liga,2013,Ath Madrid
2014-04-18,Elche,Home,2,True,True,la-liga,2013,Ath Madrid
2014-04-27,Valencia,Away,1,True,True,la-liga,2013,Ath Madrid
2014-05-04,Levante,Away,0,True,True,la-liga,2013,Ath Madrid
2014-05-11,Malaga,Home,1,True,True,la-liga,2013,Ath Madrid
2014-05-17,Barcelona,Away,1,True,True,la-liga,2013,Ath Madrid
2013-08-18,Levante,Home,7,True,True,la-liga,2013,Barcelona
2013-08-25,Malaga,Away,1,True,True,la-liga,2013,Barcelona
2013-09-01,Valencia,Away,3,True,True,la-liga,2013,Barcelona
2013-09-14,Sevilla,Home,3,True,True,la-liga,2013,Barcelona
2013-09-21,Vallecano,Away,4,True,True,la-liga,2013,Barcelona
2013-09-24,Sociedad,Home,4,True,True,la-liga,2013,Barcelona
2013-09-28,Almeria,Away,2,True,True,la-liga,2013,Barcelona
2013-10-05,Valladolid,Home,4,True,True,la-liga,2013,Barcelona
2013-10-19,Osasuna,Away,0,True,True,la-liga,2013,Barcelona
2013-10-26,Real Madrid,Home,2,True,True,la-liga,2013,Barcelona
2013-10-29,Celta,Away,3,True,True,la-liga,2013,Barcelona
2013-11-01,Espanol,Home,1,True,True,la-liga,2013,Barcelona
2013-11-10,Betis,Away,4,True,True,la-liga,2013,Barcelona
2013-11-23,Granada,Home,4,True,True,la-liga,2013,Barcelona
2013-12-01,Ath Bilbao,Away,0,True,True,la-liga,2013,Barcelona
2013-12-14,Villarreal,Home,2,True,True,la-liga,2013,Barcelona
2013-12-22,Getafe,Away,5,True,True,la-liga,2013,Barcelona
2014-01-05,Elche,Home,4,True,True,la-liga,2013,Barcelona
2014-01-11,Ath Madrid,Away,0,True,True,la-liga,2013,Barcelona
2014-01-19,Levante,Away,1,True,True,la-liga,2013,Barcelona
2014-01-26,Malaga,Home,3,True,True,la-liga,2013,Barcelona
2014-02-01,Valencia,Home,2,True,True,la-liga,2013,Barcelona
2014-02-09,Sevilla,Away,4,True,True,la-liga,2013,Barcelona
2014-02-15,Vallecano,Home,6,True,True,la-liga,2013,Barcelona
2014-02-22,Sociedad,Away,1,True,True,la-liga,2013,Barcelona
2014-03-02,Almeria,Home,4,True,True,la-liga,2013,Barcelona
2014-03-08,Valladolid,Away,0,True,True,la-liga,2013,Barcelona
2014-03-16,Osasuna,Home,7,True,True,la-liga,2013,Barcelona
2014-03-23,Real Madrid,Away,4,True,True,la-liga,2013,Barcelona
2014-03-26,Celta,Home,3,True,True,la-liga,2013,Barcelona
2014-03-29,Espanol,Away,1,True,True,la-liga,2013,Barcelona
2014-04-05,Betis,Home,3,True,True,la-liga,2013,Barcelona
2014-04-12,Granada,Away,0,True,True,la-liga,2013,Barcelona
2014-04-20,Ath Bilbao,Home,2,True,True,la-liga,2013,Barcelona
2014-04-27,Villarreal,Away,3,True,True,la-liga,2013,Barcelona
2014-05-03,Getafe,Home,2,True,True,la-liga,2013,Barcelona
2014-05-11,Elche,Away,0,True,True,la-liga,2013,Barcelona
2014-05-17,Ath Madrid,Home,1,True,True,la-liga,2013,Barcelona
2013-08-18,Real Madrid,Away,1,False,False,la-liga,2013,Betis
2013-08-25,Celta,Home,1,False,False,la-liga,2013,Betis
2013-09-01,Espanol,Away,0,False,False,la-liga,2013,Betis
2013-09-15,Valencia,Home,3,False,False,la-liga,2013,Betis
2013-09-22,Granada,Home,0,False,False,la-liga,2013,Betis
2013-09-26,Ath Bilbao,Away,1,False,False,la-liga,2013,Betis
2013-09-29,Villarreal,Home,1,False,False,la-liga,2013,Betis
2013-10-06,Getafe,Away,1,False,False,la-liga,2013,Betis
2013-10-20,Elche,Home,1,False,False,la-liga,2013,Betis
2013-10-27,Ath Madrid,Away,0,False,False,la-liga,2013,Betis
2013-10-31,Levante,Home,0,False,False,la-liga,2013,Betis
2013-11-03,Malaga,Away,2,False,False,la-liga,2013,Betis
2013-11-10,Barcelona,Home,1,False,False,la-liga,2013,Betis
2013-11-24,Sevilla,Away,0,False,False,la-liga,2013,Betis
2013-12-01,Vallecano,Home,2,False,False,la-liga,2013,Betis
2013-12-15,Sociedad,Away,1,False,False,la-liga,2013,Betis
2013-12-21,Almeria,Home,0,False,False,la-liga,2013,Betis
2014-01-04,Valladolid,Away,0,False,False,la-liga,2013,Betis
2014-01-12,Osasuna,Home,1,False,False,la-liga,2013,Betis
2014-01-18,Real Madrid,Home,0,False,False,la-liga,2013,Betis
2014-01-24,Celta,Away,2,False,False,la-liga,2013,Betis
2014-02-02,Espanol,Home,2,False,False,la-liga,2013,Betis
2014-02-08,Valencia,Away,0,False,False,la-liga,2013,Betis
2014-02-16,Granada,Away,0,False,False,la-liga,2013,Betis
2014-02-23,Ath Bilbao,Home,0,False,False,la-liga,2013,Betis
2014-03-02,Villarreal,Away,1,False,False,la-liga,2013,Betis
2014-03-08,Getafe,Home,2,False,False,la-liga,2013,Betis
2014-03-16,Elche,Away,0,False,False,la-liga,2013,Betis
2014-03-23,Ath Madrid,Home,0,False,False,la-liga,2013,Betis
2014-03-27,Levante,Away,3,False,False,la-liga,2013,Betis
2014-03-31,Malaga,Home,1,False,False,la-liga,2013,Betis
2014-04-05,Barcelona,Away,1,False,False,la-liga,2013,Betis
2014-04-13,Sevilla,Home,0,False,False,la-liga,2013,Betis
2014-04-20,Vallecano,Away,1,False,False,la-liga,2013,Betis
2014-04-26,Sociedad,Home,0,False,False,la-liga,2013,Betis
2014-05-04,Almeria,Away,2,False,False,la-liga,2013,Betis
2014-05-11,Valladolid,Home,4,False,False,la-liga,2013,Betis
2014-05-18,Osasuna,Away,1,False,False,la-liga,2013,Betis
2013-08-19,Vallecano,Away,0,False,False,la-liga,2013,Elche
2013-08-24,Sociedad,Home,1,False,False,la-liga,2013,Elche
2013-08-30,Almeria,Away,2,False,False,la-liga,2013,Elche
2013-09-16,Valladolid,Home,0,False,False,la-liga,2013,Elche
2013-09-20,Osasuna,Away,1,False,False,la-liga,2013,Elche
2013-09-25,Real Madrid,Home,1,False,False,la-liga,2013,Elche
2013-09-29,Celta,Away,1,False,False,la-liga,2013,Elche
2013-10-05,Espanol,Home,2,False,False,la-liga,2013,Elche
2013-10-20,Betis,Away,2,False,False,la-liga,2013,Elche
2013-10-26,Granada,Home,0,False,False,la-liga,2013,Elche
2013-10-31,Ath Bilbao,Away,2,False,False,la-liga,2013,Elche
2013-11-04,Villarreal,Home,0,False,False,la-liga,2013,Elche
2013-11-09,Getafe,Away,1,False,False,la-liga,2013,Elche
2013-11-24,Valencia,Home,2,False,False,la-liga,2013,Elche
2013-11-30,Ath Madrid,Home,0,False,False,la-liga,2013,Elche
2013-12-13,Levante,Away,1,False,False,la-liga,2013,Elche
2013-12-20,Malaga,Home,0,False,False,la-liga,2013,Elche
2014-01-05,Barcelona,Away,0,False,False,la-liga,2013,Elche
2014-01-11,Sevilla,Home,1,False,False,la-liga,2013,Elche
2014-01-18,Vallecano,Home,2,False,False,la-liga,2013,Elche
2014-01-27,Sociedad,Away,0,False,False,la-liga,2013,Elche
2014-02-02,Almeria,Home,1,False,False,la-liga,2013,Elche
2014-02-09,Valladolid,Away,2,False,False,la-liga,2013,Elche
2014-02-14,Osasuna,Home,0,False,False,la-liga,2013,Elche
2014-02-22,Real Madrid,Away,0,False,False,la-liga,2013,Elche
2014-03-01,Celta,Home,1,False,False,la-liga,2013,Elche
2014-03-09,Espanol,Away,1,False,False,la-liga,2013,Elche
2014-03-16,Betis,Home,0,False,False,la-liga,2013,Elche
2014-03-22,Granada,Away,0,False,False,la-liga,2013,Elche
2014-03-25,Ath Bilbao,Home,0,False,False,la-liga,2013,Elche
2014-03-30,Villarreal,Away,1,False,False,la-liga,2013,Elche
2014-04-06,Getafe,Home,1,False,False,la-liga,2013,Elche
2014-04-13,Valencia,Away,1,False,False,la-liga,2013,Elche
2014-04-18,Ath Madrid,Away,0,False,False,la-liga,2013,Elche
2014-04-25,Levante,Home,1,False,False,la-liga,2013,Elche
2014-05-03,Malaga,Away,1,False,False,la-liga,2013,Elche
2014-05-11,Barcelona,Home,0,False,False,la-liga,2013,Elche
2014-05-18,Sevilla,Away,1,False,False,la-liga,2013,Elche
2013-08-19,Celta,Away,2,False,False,la-liga,2013,Espanol
2013-08-24,Valencia,Home,3,False,False,la-liga,2013,Espanol
2013-09-01,Betis,Home,0,False,False,la-liga,2013,Espanol
2013-09-15,Granada,Away,1,False,False,la-liga,2013,Espanol
2013-09-23,Ath Bilbao,Home,3,False,False,la-liga,2013,Espanol
2013-09-26,Villarreal,Away,1,False,False,la-liga,2013,Espanol
2013-09-29,Getafe,Home,0,False,False,la-liga,2013,Espanol
2013-10-05,Elche,Away,1,False,False,la-liga,2013,Espanol
2013-10-19,Ath Madrid,Home,1,False,False,la-liga,2013,Espanol
2013-10-26,Levante,Away,0,False,False,la-liga,2013,Espanol
2013-10-29,Malaga,Home,0,False,False,la-liga,2013,Espanol
2013-11-01,Barcelona,Away,0,False,False,la-liga,2013,Espanol
2013-11-10,Sevilla,Home,1,False,False,la-liga,2013,Espanol
2013-11-24,Vallecano,Away,4,False,False,la-liga,2013,Espanol
2013-11-30,Sociedad,Home,1,False,False,la-liga,2013,Espanol
2013-12-15,Almeria,Away,0,False,False,la-liga,2013,Espanol
2013-12-22,Valladolid,Home,4,False,False,la-liga,2013,Espanol
2014-01-05,Osasuna,Away,0,False,False,la-liga,2013,Espanol
2014-01-12,Real Madrid,Home,0,False,False,la-liga,2013,Espanol
2014-01-18,Celta,Home,1,False,False,la-liga,2013,Espanol
2014-01-25,Valencia,Away,2,False,False,la-liga,2013,Espanol
2014-02-02,Betis,Away,0,False,False,la-liga,2013,Espanol
2014-02-07,Granada,Home,1,False,False,la-liga,2013,Espanol
2014-02-16,Ath Bilbao,Away,2,False,False,la-liga,2013,Espanol
2014-02-24,Villarreal,Home,1,False,False,la-liga,2013,Espanol
2014-03-01,Getafe,Away,0,False,False,la-liga,2013,Espanol
2014-03-09,Elche,Home,3,False,False,la-liga,2013,Espanol
2014-03-15,Ath Madrid,Away,0,False,False,la-liga,2013,Espanol
2014-03-22,Levante,Home,0,False,False,la-liga,2013,Espanol
2014-03-25,Malaga,Away,2,False,False,la-liga,2013,Espanol
2014-03-29,Barcelona,Home,0,False,False,la-liga,2013,Espanol
2014-04-06,Sevilla,Away,1,False,False,la-liga,2013,Espanol
2014-04-13,Vallecano,Home,2,False,False,la-liga,2013,Espanol
2014-04-19,Sociedad,Away,1,False,False,la-liga,2013,Espanol
2014-04-27,Almeria,Home,1,False,False,la-liga,2013,Espanol
2014-05-03,Valladolid,Away,0,False,False,la-liga,2013,Espanol
2014-05-11,Osasuna,Home,1,False,False,la-liga,2013,Espanol
2014-05-17,Real Madrid,Away,1,False,False,la-liga,2013,Espanol
2013-08-17,Sociedad,Away,0,False,False,la-liga,2013,Getafe
2013-08-23,Almeria,Home,2,False,False,la-liga,2013,Getafe
2013-08-31,Valladolid,Away,0,False,False,la-liga,2013,Getafe
2013-09-15,Osasuna,Home,2,False,False,la-liga,2013,Getafe
2013-09-22,Real Madrid,Away,1,False,False,la-liga,2013,Getafe
2013-09-26,Celta,Home,2,False,False,la-liga,2013,Getafe
2013-09-29,Espanol,Away,2,False,False,la-liga,2013,Getafe
2013-10-06,Betis,Home,3,False,False,la-liga,2013,Getafe
2013-10-20,Granada,Away,2,False,False,la-liga,2013,Getafe
2013-10-28,Ath Bilbao,Home,0,False,False,la-liga,2013,Getafe
2013-10-31,Villarreal,Away,2,False,False,la-liga,2013,Getafe
2013-11-03,Valencia,Home,0,False,False,la-liga,2013,Getafe
2013-11-09,Elche,Home,1,False,False,la-liga,2013,Getafe
2013-11-23,Ath Madrid,Away,0,False,False,la-liga,2013,Getafe
2013-11-29,Levante,Home,1,False,False,la-liga,2013,Getafe
2013-12-14,Malaga,Away,0,False,False,la-liga,2013,Getafe
2013-12-22,Barcelona,Home,2,False,False,la-liga,2013,Getafe
2014-01-05,Sevilla,Away,0,False,False,la-liga,2013,Getafe
2014-01-12,Vallecano,Home,0,False,False,la-liga,2013,Getafe
2014-01-19,Sociedad,Home,2,False,False,la-liga,2013,Getafe
2014-01-26,Almeria,Away,0,False,False,la-liga,2013,Getafe
2014-02-01,Valladolid,Home,0,False,False,la-liga,2013,Getafe
2014-02-09,Osasuna,Away,0,False,False,la-liga,2013,Getafe
2014-02-16,Real Madrid,Home,0,False,False,la-liga,2013,Getafe
2014-02-22,Celta,Away,1,False,False,la-liga,2013,Getafe
2014-03-01,Espanol,Home,0,False,False,la-liga,2013,Getafe
2014-03-08,Betis,Away,0,False,False,la-liga,2013,Getafe
2014-03-14,Granada,Home,3,False,False,la-liga,2013,Getafe
2014-03-22,Ath Bilbao,Away,0,False,False,la-liga,2013,Getafe
2014-03-27,Villarreal,Home,0,False,False,la-liga,2013,Getafe
2014-03-30,Valencia,Away,3,False,False,la-liga,2013,Getafe
2014-04-06,Elche,Away,0,False,False,la-liga,2013,Getafe
2014-04-13,Ath Madrid,Home,0,False,False,la-liga,2013,Getafe
2014-04-19,Levante,Away,0,False,False,la-liga,2013,Getafe
2014-04-26,Malaga,Home,1,False,False,la-liga,2013,Getafe
2014-05-03,Barcelona,Away,2,False,False,la-liga,2013,Getafe
2014-05-11,Sevilla,Home,1,False,False,la-liga,2013,Getafe
2014-05-18,Vallecano,Away,2,False,False,la-liga,2013,Getafe
2013-08-18,Osasuna,Away,2,True,True,la-liga,2013,Granada
2013-08-26,Real Madrid,Home,0,True,True,la-liga,2013,Granada
2013-08-31,Celta,Away,1,True,True,la-liga,2013,Granada
2013-09-15,Espanol,Home,0,True,True,la-liga,2013,Granada
2013-09-22,Betis,Away,0,True,True,la-liga,2013,Granada
2013-09-25,Valencia,Home,0,True,True,la-liga,2013,Granada
2013-09-30,Ath Bilbao,Home,2,True,True,la-liga,2013,Granada
2013-10-04,Villarreal,Away,0,True,True,la-liga,2013,Granada
2013-10-20,Getafe,Home,0,True,True,la-liga,2013,Granada
2013-10-26,Elche,Away,1,True,True,la-liga,2013,Granada
2013-10-31,Ath Madrid,Home,1,True,True,la-liga,2013,Granada
2013-11-03,Levante,Away,1,True,False,la-liga,2013,Granada
2013-11-08,Malaga,Home,3,True,True,la-liga,2013,Granada
2013-11-23,Barcelona,Away,0,False,False,la-liga,2013,Granada
2013-12-01,Sevilla,Home,1,True,True,la-liga,2013,Granada
2013-12-14,Vallecano,Away,2,True,True,la-liga,2013,Granada
2013-12-21,Sociedad,Home,1,True,True,la-liga,2013,Granada
2014-01-04,Almeria,Away,0,True,True,la-liga,2013,Granada
2014-01-10,Valladolid,Home,4,True,True,la-liga,2013,Granada
2014-01-18,Osasuna,Home,0,True,True,la-liga,2013,Granada
2014-01-25,Real Madrid,Away,0,True,True,la-liga,2013,Granada
2014-01-31,Celta,Home,1,True,True,la-liga,2013,Granada
2014-02-07,Espanol,Away,0,True,True,la-liga,2013,Granada
2014-02-16,Betis,Home,1,True,True,la-liga,2013,Granada
2014-02-23,Valencia,Away,1,True,True,la-liga,2013,Granada
2014-02-28,Ath Bilbao,Away,0,True,True,la-liga,2013,Granada
2014-03-08,Villarreal,Home,2,True,True,la-liga,2013,Granada
2014-03-14,Getafe,Away,3,True,True,la-liga,2013,Granada
2014-03-22,Elche,Home,1,True,True,la-liga,2013,Granada
2014-03-26,Ath Madrid,Away,0,True,True,la-liga,2013,Granada
2014-03-31,Levante,Home,0,True,True,la-liga,2013,Granada
2014-04-06,Malaga,Away,1,True,True,la-liga,2013,Granada
2014-04-12,Barcelona,Home,1,True,True,la-liga,2013,Granada
2014-04-20,Sevilla,Away,0,True,True,la-liga,2013,Granada
2014-04-26,Vallecano,Home,0,True,True,la-liga,2013,Granada
2014-05-05,Sociedad,Away,1,True,True,la-liga,2013,Granada
2014-05-11,Almeria,Home,0,True,True,la-liga,2013,Granada
2014-05-18,Valladolid,Away,1,True,True,la-liga,2013,Granada
2013-08-18,Barcelona,Away,0,False,False,la-liga,2013,Levante
2013-08-25,Sevilla,Home,0,False,False,la-liga,2013,Levante
2013-08-30,Vallecano,Away,2,False,False,la-liga,2013,Levante
2013-09-14,Sociedad,Home,0,False,False,la-liga,2013,Levante
2013-09-21,Almeria,Away,2,False,False,la-liga,2013,Levante
2013-09-24,Valladolid,Home,1,False,False,la-liga,2013,Levante
2013-09-29,Osasuna,Away,1,False,False,la-liga,2013,Levante
2013-10-05,Real Madrid,Home,2,False,False,la-liga,2013,Levante
2013-10-21,Celta,Away,1,False,False,la-liga,2013,Levante
2013-10-26,Espanol,Home,3,False,False,la-liga,2013,Levante
2013-10-31,Betis,Away,0,False,False,la-liga,2013,Levante
2013-11-03,Granada,Home,0,False,False,la-liga,2013,Levante
2013-11-09,Ath Bilbao,Away,1,False,False,la-liga,2013,Levante
2013-11-24,Villarreal,Home,0,False,False,la-liga,2013,Levante
2013-11-29,Getafe,Away,0,False,False,la-liga,2013,Levante
2013-12-13,Elche,Home,2,False,False,la-liga,2013,Levante
2013-12-21,Ath Madrid,Away,2,False,False,la-liga,2013,Levante
2014-01-04,Valencia,Away,0,False,False,la-liga,2013,Levante
2014-01-12,Malaga,Home,1,False,False,la-liga,2013,Levante
2014-01-19,Barcelona,Home,1,False,False,la-liga,2013,Levante
2014-01-25,Sevilla,Away,3,False,False,la-liga,2013,Levante
2014-02-01,Vallecano,Home,0,False,False,la-liga,2013,Levante
2014-02-09,Sociedad,Away,0,False,False,la-liga,2013,Levante
2014-02-15,Almeria,Home,1,False,False,la-liga,2013,Levante
2014-02-21,Valladolid,Away,1,False,False,la-liga,2013,Levante
2014-03-01,Osasuna,Home,2,False,False,la-liga,2013,Levante
2014-03-09,Real Madrid,Away,0,False,False,la-liga,2013,Levante
2014-03-15,Celta,Home,0,False,False,la-liga,2013,Levante
2014-03-22,Espanol,Away,0,False,False,la-liga,2013,Levante
2014-03-27,Betis,Home,1,False,False,la-liga,2013,Levante
2014-03-31,Granada,Away,2,False,False,la-liga,2013,Levante
2014-04-07,Ath Bilbao,Home,1,False,False,la-liga,2013,Levante
2014-04-12,Villarreal,Away,0,False,False,la-liga,2013,Levante
2014-04-19,Getafe,Home,0,False,False,la-liga,2013,Levante
2014-04-25,Elche,Away,1,False,False,la-liga,2013,Levante
2014-05-04,Ath Madrid,Home,2,False,False,la-liga,2013,Levante
2014-05-10,Valencia,Home,2,False,False,la-liga,2013,Levante
2014-05-16,Malaga,Away,0,False,False,la-liga,2013,Levante
2013-08-17,Valencia,Away,0,True,True,la-liga,2013,Malaga
2013-08-25,Barcelona,Home,0,True,True,la-liga,2013,Malaga
2013-09-01,Sevilla,Away,2,True,True,la-liga,2013,Malaga
2013-09-15,Vallecano,Home,5,True,True,la-liga,2013,Malaga
2013-09-21,Sociedad,Away,0,True,True,la-liga,2013,Malaga
2013-09-24,Almeria,Home,2,True,True,la-liga,2013,Malaga
2013-09-27,Valladolid,Away,2,True,True,la-liga,2013,Malaga
2013-10-04,Osasuna,Home,0,True,True,la-liga,2013,Malaga
2013-10-19,Real Madrid,Away,0,True,True,la-liga,2013,Malaga
2013-10-26,Celta,Home,0,True,True,la-liga,2013,Malaga
2013-10-29,Espanol,Away,0,True,True,la-liga,2013,Malaga
2013-11-03,Betis,Home,3,True,True,la-liga,2013,Malaga
2013-11-08,Granada,Away,1,True,True,la-liga,2013,Malaga
2013-11-25,Ath Bilbao,Home,1,True,True,la-liga,2013,Malaga
2013-11-29,Villarreal,Away,1,False,False,la-liga,2013,Malaga
2013-12-14,Getafe,Home,1,True,True,la-liga,2013,Malaga
2013-12-20,Elche,Away,1,True,True,la-liga,2013,Malaga
2014-01-04,Ath Madrid,Home,0,True,True,la-liga,2013,Malaga
2014-01-12,Levante,Away,0,True,True,la-liga,2013,Malaga
2014-01-17,Valencia,Home,0,True,True,la-liga,2013,Malaga
2014-01-26,Barcelona,Away,0,True,True,la-liga,2013,Malaga
2014-02-01,Sevilla,Home,3,True,False,la-liga,2013,Malaga
2014-02-08,Vallecano,Away,1,False,False,la-liga,2013,Malaga
2014-02-17,Sociedad,Home,0,True,True,la-liga,2013,Malaga
2014-02-22,Almeria,Away,0,True,True,la-liga,2013,Malaga
2014-03-01,Valladolid,Home,1,True,True,la-liga,2013,Malaga
2014-03-10,Osasuna,Away,2,True,True,la-liga,2013,Malaga
2014-03-15,Real Madrid,Home,0,True,True,la-liga,2013,Malaga
2014-03-21,Celta,Away,2,True,True,la-liga,2013,Malaga
2014-03-25,Espanol,Home,1,True,True,la-liga,2013,Malaga
2014-03-31,Betis,Away,2,True,True,la-liga,2013,Malaga
2014-04-06,Granada,Home,4,True,True,la-liga,2013,Malaga
2014-04-14,Ath Bilbao,Away,0,True,True,la-liga,2013,Malaga
2014-04-21,Villarreal,Home,2,True,True,la-liga,2013,Malaga
2014-04-26,Getafe,Away,0,True,True,la-liga,2013,Malaga
2014-05-03,Elche,Home,0,True,True,la-liga,2013,Malaga
2014-05-11,Ath Madrid,Away,1,True,True,la-liga,2013,Malaga
2014-05-16,Levante,Home,1,True,True,la-liga,2013,Malaga
2013-08-18,Granada,Home,1,True,True,la-liga,2013,Osasuna
2013-08-23,Ath Bilbao,Away,0,True,True,la-liga,2013,Osasuna
2013-08-31,Villarreal,Home,0,True,True,la-liga,2013,Osasuna
2013-09-15,Getafe,Away,1,True,True,la-liga,2013,Osasuna
2013-09-20,Elche,Home,2,True,True,la-liga,2013,Osasuna
2013-09-24,Ath Madrid,Away,1,True,True,la-liga,2013,Osasuna
2013-09-29,Levante,Home,0,True,True,la-liga,2013,Osasuna
2013-10-04,Malaga,Away,1,True,True,la-liga,2013,Osasuna
2013-10-19,Barcelona,Home,0,True,True,la-liga,2013,Osasuna
2013-10-27,Sevilla,Away,1,True,True,la-liga,2013,Osasuna
2013-10-30,Vallecano,Home,3,True,True,la-liga,2013,Osasuna
2013-11-02,Sociedad,Away,0,True,True,la-liga,2013,Osasuna
2013-11-08,Almeria,Home,0,True,True,la-liga,2013,Osasuna
2013-11-22,Valladolid,Away,1,True,True,la-liga,2013,Osasuna
2013-12-01,Valencia,Away,0,True,True,la-liga,2013,Osasuna
2013-12-14,Real Madrid,Home,2,True,True,la-liga,2013,Osasuna
2013-12-22,Celta,Away,1,True,True,la-liga,2013,Osasuna
2014-01-05,Espanol,Home,1,True,True,la-liga,2013,Osasuna
2014-01-12,Betis,Away,2,True,False,la-liga,2013,Osasuna
2014-01-18,Granada,Away,0,True,True,la-liga,2013,Osasuna
2014-01-26,Ath Bilbao,Home,1,True,True,la-liga,2013,Osasuna
2014-02-03,Villarreal,Away,1,True,True,la-liga,2013,Osasuna
2014-02-09,Getafe,Home,2,True,True,la-liga,2013,Osasuna
2014-02-14,Elche,Away,0,True,True,la-liga,2013,Osasuna
2014-02-23,Ath Madrid,Home,3,True,True,la-liga,2013,Osasuna
2014-03-01,Levante,Away,0,True,True,la-liga,2013,Osasuna
2014-03-10,Malaga,Home,0,True,True,la-liga,2013,Osasuna
2014-03-16,Barcelona,Away,0,True,True,la-liga,2013,Osasuna
2014-03-23,Sevilla,Home,1,True,True,la-liga,2013,Osasuna
2014-03-26,Vallecano,Away,0,True,True,la-liga,2013,Osasuna
2014-03-30,Sociedad,Home,1,True,True,la-liga,2013,Osasuna
2014-04-04,Almeria,Away,2,True,True,la-liga,2013,Osasuna
2014-04-11,Valladolid,Home,0,True,True,la-liga,2013,Osasuna
2014-04-19,Valencia,Home,1,True,True,la-liga,2013,Osasuna
2014-04-26,Real Madrid,Away,0,True,True,la-liga,2013,Osasuna
2014-05-03,Celta,Home,0,True,True,la-liga,2013,Osasuna
2014-05-11,Espanol,Away,1,True,True,la-liga,2013,Osasuna
2014-05-18,Betis,Home,2,True,True,la-liga,2013,Osasuna
2013-08-18,Betis,Home,2,True,True,la-liga,2013,Real Madrid
2013-08-26,Granada,Away,1,True,True,la-liga,2013,Real Madrid
2013-09-01,Ath Bilbao,Home,3,True,True,la-liga,2013,Real Madrid
2013-09-14,Villarreal,Away,2,True,True,la-liga,2013,Real Madrid
2013-09-22,Getafe,Home,4,True,True,la-liga,2013,Real Madrid
2013-09-25,Elche,Away,2,True,True,la-liga,2013,Real Madrid
2013-09-28,Ath Madrid,Home,0,True,True,la-liga,2013,Real Madrid
2013-10-05,Levante,Away,3,True,True,la-liga,2013,Real Madrid
2013-10-19,Malaga,Home,2,True,True,la-liga,2013,Real Madrid
2013-10-26,Barcelona,Away,1,True,True,la-liga,2013,Real Madrid
2013-10-30,Sevilla,Home,7,True,True,la-liga,2013,Real Madrid
2013-11-02,Vallecano,Away,3,True,True,la-liga,2013,Real Madrid
2013-11-09,Sociedad,Home,5,True,True,la-liga,2013,Real Madrid
2013-11-23,Almeria,Away,5,True,True,la-liga,2013,Real Madrid
2013-11-30,Valladolid,Home,4,True,True,la-liga,2013,Real Madrid
2013-12-14,Osasuna,Away,2,True,True,la-liga,2013,Real Madrid
2013-12-22,Valencia,Away,3,True,True,la-liga,2013,Real Madrid
2014-01-06,Celta,Home,3,True,True,la-liga,2013,Real Madrid
2014-01-12,Espanol,Away,1,True,True,la-liga,2013,Real Madrid
2014-01-18,Betis,Away,5,True,True,la-liga,2013,Real Madrid
2014-01-25,Granada,Home,2,True,True,la-liga,2013,Real Madrid
2014-02-02,Ath Bilbao,Away,1,True,True,la-liga,2013,Real Madrid
2014-02-08,Villarreal,Home,4,True,True,la-liga,2013,Real Madrid
2014-02-16,Getafe,Away,3,True,True,la-liga,2013,Real Madrid
2014-02-22,Elche,Home,3,True,True,la-liga,2013,Real Madrid
2014-03-02,Ath Madrid,Away,2,True,True,la-liga,2013,Real Madrid
2014-03-09,Levante,Home,3,True,True,la-liga,2013,Real Madrid
2014-03-15,Malaga,Away,1,True,True,la-liga,2013,Real Madrid
2014-03-23,Barcelona,Home,3,True,True,la-liga,2013,Real Madrid
2014-03-26,Sevilla,Away,1,True,True,la-liga,2013,Real Madrid
2014-03-29,Vallecano,Home,5,True,True,la-liga,2013,Real Madrid
2014-04-05,Sociedad,Away,4,True,True,la-liga,2013,Real Madrid
2014-04-12,Almeria,Home,4,True,True,la-liga,2013,Real Madrid
2014-04-26,Osasuna,Home,4,True,True,la-liga,2013,Real Madrid
2014-05-04,Valencia,Home,2,True,True,la-liga,2013,Real Madrid
2014-05-07,Valladolid,Away,1,True,True,la-liga,2013,Real Madrid
2014-05-11,Celta,Away,0,True,True,la-liga,2013,Real Madrid
2014-05-17,Espanol,Home,3,True,True,la-liga,2013,Real Madrid
2013-08-18,Ath Madrid,Home,1,True,True,la-liga,2013,Sevilla
2013-08-25,Levante,Away,0,True,True,la-liga,2013,Sevilla
2013-09-01,Malaga,Home,2,True,True,la-liga,2013,Sevilla
2013-09-14,Barcelona,Away,2,True,True,la-liga,2013,Sevilla
2013-09-22,Valencia,Away,1,True,True,la-liga,2013,Sevilla
2013-09-25,Vallecano,Home,4,True,True,la-liga,2013,Sevilla
2013-09-28,Sociedad,Away,1,True,True,la-liga,2013,Sevilla
2013-10-06,Almeria,Home,2,True,True,la-liga,2013,Sevilla
2013-10-20,Valladolid,Away,2,True,True,la-liga,2013,Sevilla
2013-10-27,Osasuna,Home,2,True,True,la-liga,2013,Sevilla
2013-10-30,Real Madrid,Away,3,True,True,la-liga,2013,Sevilla
2013-11-02,Celta,Home,0,False,False,la-liga,2013,Sevilla
2013-11-10,Espanol,Away,3,True,True,la-liga,2013,Sevilla
2013-11-24,Betis,Home,4,True,True,la-liga,2013,Sevilla
2013-12-01,Granada,Away,2,True,True,la-liga,2013,Sevilla
2013-12-15,Ath Bilbao,Home,1,True,True,la-liga,2013,Sevilla
2013-12-21,Villarreal,Away,2,True,True,la-liga,2013,Sevilla
2014-01-05,Getafe,Home,3,True,True,la-liga,2013,Sevilla
2014-01-11,Elche,Away,1,True,True,la-liga,2013,Sevilla
2014-01-19,Ath Madrid,Away,1,True,True,la-liga,2013,Sevilla
2014-01-25,Levante,Home,2,True,True,la-liga,2013,Sevilla
2014-02-01,Malaga,Away,2,True,True,la-liga,2013,Sevilla
2014-02-09,Barcelona,Home,1,True,True,la-liga,2013,Sevilla
2014-02-16,Valencia,Home,0,True,True,la-liga,2013,Sevilla
2014-02-23,Vallecano,Away,1,True,True,la-liga,2013,Sevilla
2014-03-02,Sociedad,Home,1,True,True,la-liga,2013,Sevilla
2014-03-09,Almeria,Away,3,True,True,la-liga,2013,Sevilla
2014-03-16,Valladolid,Home,4,True,True,la-liga,2013,Sevilla
2014-03-23,Osasuna,Away,2,True,True,la-liga,2013,Sevilla
2014-03-26,Real Madrid,Home,2,True,True,la-liga,2013,Sevilla
2014-03-29,Celta,Away,0,True,True,la-liga,2013,Sevilla
2014-04-06,Espanol,Home,4,True,True,la-liga,2013,Sevilla
2014-04-13,Betis,Away,2,True,True,la-liga,2013,Sevilla
2014-04-20,Granada,Home,4,True,True,la-liga,2013,Sevilla
2014-04-27,Ath Bilbao,Away,1,True,True,la-liga,2013,Sevilla
2014-05-04,Villarreal,Home,0,True,True,la-liga,2013,Sevilla
2014-05-11,Getafe,Away,0,True,True,la-liga,2013,Sevilla
2014-05-18,Elche,Home,3,True,True,la-liga,2013,Sevilla
2013-08-17,Getafe,Home,2,True,True,la-liga,2013,Sociedad
2013-08-24,Elche,Away,1,True,True,la-liga,2013,Sociedad
2013-09-01,Ath Madrid,Home,1,True,True,la-liga,2013,Sociedad
2013-09-14,Levante,Away,0,True,True,la-liga,2013,Sociedad
2013-09-21,Malaga,Home,0,True,True,la-liga,2013,Sociedad
2013-09-24,Barcelona,Away,1,True,True,la-liga,2013,Sociedad
2013-09-28,Sevilla,Home,1,True,True,la-liga,2013,Sociedad
2013-10-05,Vallecano,Away,0,True,True,la-liga,2013,Sociedad
2013-10-19,Valencia,Away,2,True,True,la-liga,2013,Sociedad
2013-10-27,Almeria,Home,3,True,True,la-liga,2013,Sociedad
2013-10-30,Valladolid,Away,2,True,True,la-liga,2013,Sociedad
2013-11-02,Osasuna,Home,5,True,True,la-liga,2013,Sociedad
2013-11-09,Real Madrid,Away,1,True,True,la-liga,2013,Sociedad
2013-11-23,Celta,Home,4,True,True,la-liga,2013,Sociedad
2013-11-30,Espanol,Away,2,True,True,la-liga,2013,Sociedad
2013-12-15,Betis,Home,5,True,True,la-liga,2013,Sociedad
2013-12-21,Granada,Away,3,True,True,la-liga,2013,Sociedad
2014-01-05,Ath Bilbao,Home,2,True,True,la-liga,2013,Sociedad
2014-01-13,Villarreal,Away,1,True,True,la-liga,2013,Sociedad
2014-01-19,Getafe,Away,2,True,True,la-liga,2013,Sociedad
2014-01-27,Elche,Home,4,True,True,la-liga,2013,Sociedad
2014-02-02,Ath Madrid,Away,0,True,True,la-liga,2013,Sociedad
2014-02-09,Levante,Home,0,True,True,la-liga,2013,Sociedad
2014-02-17,Malaga,Away,1,True,True,la-liga,2013,Sociedad
2014-02-22,Barcelona,Home,3,True,True,la-liga,2013,Sociedad
2014-03-02,Sevilla,Away,0,True,True,la-liga,2013,Sociedad
2014-03-10,Vallecano,Home,2,True,True,la-liga,2013,Sociedad
2014-03-16,Valencia,Home,1,True,True,la-liga,2013,Sociedad
2014-03-24,Almeria,Away,3,True,True,la-liga,2013,Sociedad
2014-03-27,Valladolid,Home,1,True,True,la-liga,2013,Sociedad
2014-03-30,Osasuna,Away,1,True,True,la-liga,2013,Sociedad
2014-04-05,Real Madrid,Home,0,True,True,la-liga,2013,Sociedad
2014-04-12,Celta,Away,2,True,True,la-liga,2013,Sociedad
2014-04-19,Espanol,Home,2,True,True,la-liga,2013,Sociedad
2014-04-26,Betis,Away,1,True,True,la-liga,2013,Sociedad
2014-05-05,Granada,Home,1,True,True,la-liga,2013,Sociedad
2014-05-11,Ath Bilbao,Away,1,True,True,la-liga,2013,Sociedad
2014-05-18,Villarreal,Home,1,True,True,la-liga,2013,Sociedad
2013-08-17,Malaga,Home,1,True,True,la-liga,2013,Valencia
2013-08-24,Espanol,Away,1,True,True,la-liga,2013,Valencia
2013-09-01,Barcelona,Home,2,True,True,la-liga,2013,Valencia
2013-09-15,Betis,Away,1,True,True,la-liga,2013,Valencia
2013-09-22,Sevilla,Home,3,True,True,la-liga,2013,Valencia
2013-09-25,Granada,Away,1,True,True,la-liga,2013,Valencia
2013-09-28,Vallecano,Home,1,True,True,la-liga,2013,Valencia
2013-10-06,Ath Bilbao,Away,1,True,True,la-liga,2013,Valencia
2013-10-19,Sociedad,Home,1,True,True,la-liga,2013,Valencia
2013-10-27,Villarreal,Away,1,True,True,la-liga,2013,Valencia
2013-10-30,Almeria,Home,1,True,True,la-liga,2013,Valencia
2013-11-03,Getafe,Away,1,True,True,la-liga,2013,Valencia
2013-11-10,Valladolid,Home,2,True,True,la-liga,2013,Valencia
2013-11-24,Elche,Away,1,False,False,la-liga,2013,Valencia
2013-12-01,Osasuna,Home,3,True,True,la-liga,2013,Valencia
2013-12-15,Ath Madrid,Away,0,True,True,la-liga,2013,Valencia
2013-12-22,Real Madrid,Home,2,True,True,la-liga,2013,Valencia
2014-01-04,Levante,Home,2,True,True,la-liga,2013,Valencia
2014-01-11,Celta,Away,1,True,True,la-liga,2013,Valencia
2014-01-17,Malaga,Away,0,True,True,la-liga,2013,Valencia
2014-01-25,Espanol,Home,2,True,True,la-liga,2013,Valencia
2014-02-01,Barcelona,Away,3,True,True,la-liga,2013,Valencia
2014-02-08,Betis,Home,5,True,True,la-liga,2013,Valencia
2014-02-16,Sevilla,Away,0,True,True,la-liga,2013,Valencia
2014-02-23,Granada,Home,2,True,True,la-liga,2013,Valencia
2014-03-02,Vallecano,Away,0,True,True,la-liga,2013,Valencia
2014-03-09,Ath Bilbao,Home,1,True,True,la-liga,2013,Valencia
2014-03-16,Sociedad,Away,0,True,True,la-liga,2013,Valencia
2014-03-23,Villarreal,Home,2,True,True,la-liga,2013,Valencia
2014-03-27,Almeria,Away,2,True,True,la-liga,2013,Valencia
2014-03-30,Getafe,Home,1,True,True,la-liga,2013,Valencia
2014-04-06,Valladolid,Away,0,True,True,la-liga,2013,Valencia
2014-04-13,Elche,Home,2,True,True,la-liga,2013,Valencia
2014-04-19,Osasuna,Away,1,True,True,la-liga,2013,Valencia
2014-04-27,Ath Madrid,Home,0,True,True,la-liga,2013,Valencia
2014-05-04,Real Madrid,Away,2,True,True,la-liga,2013,Valencia
2014-05-10,Levante,Away,0,True,True,la-liga,2013,Valencia
2014-05-17,Celta,Home,2,True,True,la-liga,2013,Valencia
2013-08-17,Ath Bilbao,Home,1,False,False,la-liga,2013,Valladolid
2013-08-24,Villarreal,Away,1,False,False,la-liga,2013,Valladolid
2013-08-31,Getafe,Home,1,False,False,la-liga,2013,Valladolid
2013-09-16,Elche,Away,0,False,False,la-liga,2013,Valladolid
2013-09-21,Ath Madrid,Home,0,False,False,la-liga,2013,Valladolid
2013-09-24,Levante,Away,1,False,False,la-liga,2013,Valladolid
2013-09-27,Malaga,Home,2,False,False,la-liga,2013,Valladolid
2013-10-05,Barcelona,Away,1,False,False,la-liga,2013,Valladolid
2013-10-20,Sevilla,Home,2,False,False,la-liga,2013,Valladolid
2013-10-25,Vallecano,Away,3,False,False,la-liga,2013,Valladolid
2013-10-30,Sociedad,Home,2,False,False,la-liga,2013,Valladolid
2013-11-02,Almeria,Away,0,False,False,la-liga,2013,Valladolid
2013-11-10,Valencia,Away,2,False,False,la-liga,2013,Valladolid
2013-11-22,Osasuna,Home,0,False,False,la-liga,2013,Valladolid
2013-11-30,Real Madrid,Away,0,False,False,la-liga,2013,Valladolid
2013-12-16,Celta,Home,3,False,False,la-liga,2013,Valladolid
2013-12-22,Espanol,Away,2,False,False,la-liga,2013,Valladolid
2014-01-04,Betis,Home,0,False,False,la-liga,2013,Valladolid
2014-01-10,Granada,Away,0,False,False,la-liga,2013,Valladolid
2014-01-20,Ath Bilbao,Away,2,False,False,la-liga,2013,Valladolid
2014-01-25,Villarreal,Home,1,False,False,la-liga,2013,Valladolid
2014-02-01,Getafe,Away,0,False,False,la-liga,2013,Valladolid
2014-02-09,Elche,Home,2,False,False,la-liga,2013,Valladolid
2014-02-15,Ath Madrid,Away,0,False,False,la-liga,2013,Valladolid
2014-02-21,Levante,Home,1,False,False,la-liga,2013,Valladolid
2014-03-01,Malaga,Away,1,False,False,la-liga,2013,Valladolid
2014-03-08,Barcelona,Home,1,False,False,la-liga,2013,Valladolid
2014-03-16,Sevilla,Away,1,False,False,la-liga,2013,Valladolid
2014-03-22,Vallecano,Home,1,False,False,la-liga,2013,Valladolid
2014-03-27,Sociedad,Away,0,False,False,la-liga,2013,Valladolid
2014-03-30,Almeria,Home,1,False,False,la-liga,2013,Valladolid
2014-04-06,Valencia,Home,0,False,False,la-liga,2013,Valladolid
2014-04-11,Osasuna,Away,0,False,False,la-liga,2013,Valladolid
2014-04-28,Celta,Away,1,False,False,la-liga,2013,Valladolid
2014-05-03,Espanol,Home,1,False,False,la-liga,2013,Valladolid
2014-05-07,Real Madrid,Home,1,False,False,la-liga,2013,Valladolid
2014-05-11,Betis,Away,3,False,False,la-liga,2013,Valladolid
2014-05-18,Granada,Home,0,False,False,la-liga,2013,Valladolid
2013-08-19,Elche,Home,3,True,False,la-liga,2013,Vallecano
2013-08-25,Ath Madrid,Away,0,True,True,la-liga,2013,Vallecano
2013-08-30,Levante,Home,1,True,True,la-liga,2013,Vallecano
2013-09-15,Malaga,Away,0,True,True,la-liga,2013,Vallecano
2013-09-21,Barcelona,Home,0,True,True,la-liga,2013,Vallecano
2013-09-25,Sevilla,Away,1,True,True,la-liga,2013,Vallecano
2013-09-28,Valencia,Away,0,True,True,la-liga,2013,Vallecano
2013-10-05,Sociedad,Home,1,True,True,la-liga,2013,Vallecano
2013-10-20,Almeria,Away,1,True,True,la-liga,2013,Vallecano
2013-10-25,Valladolid,Home,0,True,True,la-liga,2013,Vallecano
2013-10-30,Osasuna,Away,1,True,True,la-liga,2013,Vallecano
2013-11-02,Real Madrid,Home,2,True,True,la-liga,2013,Vallecano
2013-11-09,Celta,Away,2,True,True,la-liga,2013,Vallecano
2013-11-24,Espanol,Home,1,True,True,la-liga,2013,Vallecano
2013-12-01,Betis,Away,2,True,True,la-liga,2013,Vallecano
2013-12-14,Granada,Home,0,True,True,la-liga,2013,Vallecano
2013-12-22,Ath Bilbao,Away,1,True,True,la-liga,2013,Vallecano
2014-01-06,Villarreal,Home,2,True,True,la-liga,2013,Vallecano
2014-01-12,Getafe,Away,1,True,True,la-liga,2013,Vallecano
2014-01-18,Elche,Away,0,True,True,la-liga,2013,Vallecano
2014-01-26,Ath Madrid,Home,2,True,True,la-liga,2013,Vallecano
2014-02-01,Levante,Away,0,True,True,la-liga,2013,Vallecano
2014-02-08,Malaga,Home,4,True,True,la-liga,2013,Vallecano
2014-02-15,Barcelona,Away,0,True,True,la-liga,2013,Vallecano
2014-02-23,Sevilla,Home,0,True,True,la-liga,2013,Vallecano
2014-03-02,Valencia,Home,1,True,True,la-liga,2013,Vallecano
2014-03-10,Sociedad,Away,3,True,True,la-liga,2013,Vallecano
2014-03-15,Almeria,Home,3,True,True,la-liga,2013,Vallecano
2014-03-22,Valladolid,Away,1,True,True,la-liga,2013,Vallecano
2014-03-26,Osasuna,Home,1,True,True,la-liga,2013,Vallecano
2014-03-29,Real Madrid,Away,0,True,True,la-liga,2013,Vallecano
2014-04-05,Celta,Home,3,True,True,la-liga,2013,Vallecano
2014-04-13,Espanol,Away,2,True,True,la-liga,2013,Vallecano
2014-04-20,Betis,Home,3,True,True,la-liga,2013,Vallecano
2014-04-26,Granada,Away,3,True,True,la-liga,2013,Vallecano
2014-05-02,Ath Bilbao,Home,0,True,True,la-liga,2013,Vallecano
2014-05-10,Villarreal,Away,0,True,True,la-liga,2013,Vallecano
2014-05-18,Getafe,Home,1,True,True,la-liga,2013,Vallecano
2013-08-19,Almeria,Away,3,True,True,la-liga,2013,Villarreal
2013-08-24,Valladolid,Home,2,True,True,la-liga,2013,Villarreal
2013-08-31,Osasuna,Away,3,True,True,la-liga,2013,Villarreal
2013-09-14,Real Madrid,Home,2,True,True,la-liga,2013,Villarreal
2013-09-22,Celta,Away,0,True,True,la-liga,2013,Villarreal
2013-09-26,Espanol,Home,2,True,True,la-liga,2013,Villarreal
2013-09-29,Betis,Away,0,True,True,la-liga,2013,Villarreal
2013-10-04,Granada,Home,3,True,True,la-liga,2013,Villarreal
2013-10-21,Ath Bilbao,Away,0,True,True,la-liga,2013,Villarreal
2013-10-27,Valencia,Home,4,True,True,la-liga,2013,Villarreal
2013-10-31,Getafe,Home,0,True,True,la-liga,2013,Villarreal
2013-11-04,Elche,Away,1,True,True,la-liga,2013,Villarreal
2013-11-10,Ath Madrid,Home,1,True,False,la-liga,2013,Villarreal
2013-11-24,Levante,Away,3,True,True,la-liga,2013,Villarreal
2013-11-29,Malaga,Home,1,True,True,la-liga,2013,Villarreal
2013-12-14,Barcelona,Away,1,True,True,la-liga,2013,Villarreal
2013-12-21,Sevilla,Home,1,True,True,la-liga,2013,Villarreal
2014-01-06,Vallecano,Away,5,True,True,la-liga,2013,Villarreal
2014-01-13,Sociedad,Home,5,True,True,la-liga,2013,Villarreal
2014-01-19,Almeria,Home,2,True,True,la-liga,2013,Villarreal
2014-01-25,Valladolid,Away,0,True,True,la-liga,2013,Villarreal
2014-02-03,Osasuna,Home,3,True,True,la-liga,2013,Villarreal
2014-02-08,Real Madrid,Away,2,True,True,la-liga,2013,Villarreal
2014-02-15,Celta,Home,0,True,True,la-liga,2013,Villarreal
2014-02-24,Espanol,Away,2,True,True,la-liga,2013,Villarreal
2014-03-02,Betis,Home,1,True,True,la-liga,2013,Villarreal
2014-03-08,Granada,Away,0,True,True,la-liga,2013,Villarreal
2014-03-17,Ath Bilbao,Home,1,True,True,la-liga,2013,Villarreal
2014-03-23,Valencia,Away,1,True,True,la-liga,2013,Villarreal
2014-03-27,Getafe,Away,1,True,True,la-liga,2013,Villarreal
2014-03-30,Elche,Home,1,True,True,la-liga,2013,Villarreal
2014-04-05,Ath Madrid,Away,0,True,True,la-liga,2013,Villarreal
2014-04-12,Levante,Home,1,True,True,la-liga,2013,Villarreal
2014-04-21,Malaga,Away,0,True,True,la-liga,2013,Villarreal
2014-04-27,Barcelona,Home,2,True,True,la-liga,2013,Villarreal
2014-05-04,Sevilla,Away,0,True,True,la-liga,2013,Villarreal
2014-05-10,Vallecano,Home,4,True,True,la-liga,2013,Villarreal
2014-05-18,Sociedad,Away,2,True,True,la-liga,2013,Villarreal
2014-08-23,Espanol,Home,1,False,False,la-liga,2014,Almeria
2014-08-29,Getafe,Away,0,False,False,la-liga,2014,Almeria
2014-09-12,Cordoba,Home,1,False,False,la-liga,2014,Almeria
2014-09-21,Sociedad,Away,2,False,False,la-liga,2014,Almeria
2014-09-24,Ath Madrid,Home,0,False,False,la-liga,2014,Almeria
2014-09-28,La Coruna,Away,1,False,False,la-liga,2014,Almeria
2014-10-04,Elche,Home,2,False,False,la-liga,2014,Almeria
2014-10-19,Villarreal,Away,0,False,False,la-liga,2014,Almeria
2014-10-25,Ath Bilbao,Home,0,False,False,la-liga,2014,Almeria
2014-11-02,Levante,Away,1,False,False,la-liga,2014,Almeria
2014-11-08,Barcelona,Home,1,False,False,la-liga,2014,Almeria
2014-11-24,Granada,Away,0,False,False,la-liga,2014,Almeria
2014-12-01,Vallecano,Home,0,False,False,la-liga,2014,Almeria
2014-12-08,Eibar,Away,2,False,False,la-liga,2014,Almeria
2014-12-12,Real Madrid,Home,1,False,False,la-liga,2014,Almeria
2014-12-19,Celta,Away,1,False,False,la-liga,2014,Almeria
2015-01-03,Malaga,Away,2,False,False,la-liga,2014,Almeria
2015-01-11,Sevilla,Home,0,False,False,la-liga,2014,Almeria
2015-01-17,Valencia,Away,2,False,False,la-liga,2014,Almeria
2015-01-25,Espanol,Away,0,False,False,la-liga,2014,Almeria
2015-02-01,Getafe,Home,1,False,False,la-liga,2014,Almeria
2015-02-08,Cordoba,Away,2,False,False,la-liga,2014,Almeria
2015-02-13,Sociedad,Home,2,False,False,la-liga,2014,Almeria
2015-02-21,Ath Madrid,Away,0,False,False,la-liga,2014,Almeria
2015-02-28,La Coruna,Home,0,False,False,la-liga,2014,Almeria
2015-03-07,Elche,Away,0,False,False,la-liga,2014,Almeria
2015-03-15,Villarreal,Home,0,False,False,la-liga,2014,Almeria
2015-03-21,Ath Bilbao,Away,1,False,False,la-liga,2014,Almeria
2015-04-04,Levante,Home,1,False,False,la-liga,2014,Almeria
2015-04-08,Barcelona,Away,0,False,False,la-liga,2014,Almeria
2015-04-11,Granada,Home,3,False,False,la-liga,2014,Almeria
2015-04-19,Vallecano,Away,0,False,False,la-liga,2014,Almeria
2015-04-26,Eibar,Home,2,False,False,la-liga,2014,Almeria
2015-04-29,Real Madrid,Away,0,False,False,la-liga,2014,Almeria
2015-05-04,Celta,Home,2,False,False,la-liga,2014,Almeria
2015-05-10,Malaga,Home,1,False,False,la-liga,2014,Almeria
2015-05-17,Sevilla,Away,1,False,False,la-liga,2014,Almeria
2015-05-23,Valencia,Home,2,False,False,la-liga,2014,Almeria
2014-08-23,Malaga,Away,0,True,True,la-liga,2014,Ath Bilbao
2014-08-30,Levante,Home,3,True,True,la-liga,2014,Ath Bilbao
2014-09-13,Barcelona,Away,0,True,True,la-liga,2014,Ath Bilbao
2014-09-20,Granada,Home,0,True,True,la-liga,2014,Ath Bilbao
2014-09-24,Vallecano,Away,1,True,True,la-liga,2014,Ath Bilbao
2014-09-27,Eibar,Home,0,True,True,la-liga,2014,Ath Bilbao
2014-10-05,Real Madrid,Away,0,True,True,la-liga,2014,Ath Bilbao
2014-10-18,Celta,Home,1,True,True,la-liga,2014,Ath Bilbao
2014-10-25,Almeria,Away,1,True,True,la-liga,2014,Ath Bilbao
2014-11-02,Sevilla,Home,1,True,True,la-liga,2014,Ath Bilbao
2014-11-09,Valencia,Away,0,True,True,la-liga,2014,Ath Bilbao
2014-11-21,Espanol,Home,3,True,True,la-liga,2014,Ath Bilbao
2014-11-29,Getafe,Away,2,True,True,la-liga,2014,Ath Bilbao
2014-12-06,Cordoba,Home,0,True,True,la-liga,2014,Ath Bilbao
2014-12-14,Sociedad,Away,1,True,True,la-liga,2014,Ath Bilbao
2014-12-21,Ath Madrid,Home,1,True,True,la-liga,2014,Ath Bilbao
2015-01-03,La Coruna,Away,0,True,True,la-liga,2014,Ath Bilbao
2015-01-11,Elche,Home,1,True,True,la-liga,2014,Ath Bilbao
2015-01-17,Villarreal,Away,0,True,True,la-liga,2014,Ath Bilbao
2015-01-25,Malaga,Home,1,True,True,la-liga,2014,Ath Bilbao
2015-02-01,Levante,Away,2,True,True,la-liga,2014,Ath Bilbao
2015-02-08,Barcelona,Home,2,True,True,la-liga,2014,Ath Bilbao
2015-02-14,Granada,Away,0,True,True,la-liga,2014,Ath Bilbao
2015-02-22,Vallecano,Home,1,True,True,la-liga,2014,Ath Bilbao
2015-03-01,Eibar,Away,1,True,True,la-liga,2014,Ath Bilbao
2015-03-07,Real Madrid,Home,1,True,True,la-liga,2014,Ath Bilbao
2015-03-14,Celta,Away,2,True,True,la-liga,2014,Ath Bilbao
2015-03-21,Almeria,Home,2,True,True,la-liga,2014,Ath Bilbao
2015-04-04,Sevilla,Away,0,True,True,la-liga,2014,Ath Bilbao
2015-04-09,Valencia,Home,1,True,True,la-liga,2014,Ath Bilbao
2015-04-12,Espanol,Away,0,True,True,la-liga,2014,Ath Bilbao
2015-04-18,Getafe,Home,4,True,True,la-liga,2014,Ath Bilbao
2015-04-24,Cordoba,Away,1,True,True,la-liga,2014,Ath Bilbao
2015-04-28,Sociedad,Home,1,True,True,la-liga,2014,Ath Bilbao
2015-05-02,Ath Madrid,Away,0,True,True,la-liga,2014,Ath Bilbao
2015-05-09,La Coruna,Home,1,True,True,la-liga,2014,Ath Bilbao
2015-05-17,Elche,Away,3,True,True,la-liga,2014,Ath Bilbao
2015-05-23,Villarreal,Home,4,True,True,la-liga,2014,Ath Bilbao
2014-08-25,Vallecano,Away,0,True,True,la-liga,2014,Ath Madrid
2014-08-30,Eibar,Home,2,True,True,la-liga,2014,Ath Madrid
2014-09-13,Real Madrid,Away,2,True,True,la-liga,2014,Ath Madrid
2014-09-20,Celta,Home,2,True,True,la-liga,2014,Ath Madrid
2014-09-24,Almeria,Away,1,True,True,la-liga,2014,Ath Madrid
2014-09-27,Sevilla,Home,4,True,True,la-liga,2014,Ath Madrid
2014-10-04,Valencia,Away,1,True,True,la-liga,2014,Ath Madrid
2014-10-19,Espanol,Home,2,True,True,la-liga,2014,Ath Madrid
2014-10-26,Getafe,Away,1,True,True,la-liga,2014,Ath Madrid
2014-11-01,Cordoba,Home,4,True,True,la-liga,2014,Ath Madrid
2014-11-09,Sociedad,Away,1,True,True,la-liga,2014,Ath Madrid
2014-11-22,Malaga,Home,3,True,True,la-liga,2014,Ath Madrid
2014-11-30,La Coruna,Home,2,True,True,la-liga,2014,Ath Madrid
2014-12-06,Elche,Away,2,True,True,la-liga,2014,Ath Madrid
2014-12-14,Villarreal,Home,0,True,True,la-liga,2014,Ath Madrid
2014-12-21,Ath Bilbao,Away,4,True,True,la-liga,2014,Ath Madrid
2015-01-03,Levante,Home,3,True,True,la-liga,2014,Ath Madrid
2015-01-11,Barcelona,Away,1,True,True,la-liga,2014,Ath Madrid
2015-01-18,Granada,Home,2,True,True,la-liga,2014,Ath Madrid
2015-01-24,Vallecano,Home,3,True,True,la-liga,2014,Ath Madrid
2015-01-31,Eibar,Away,3,True,True,la-liga,2014,Ath Madrid
2015-02-07,Real Madrid,Home,4,True,True,la-liga,2014,Ath Madrid
2015-02-15,Celta,Away,0,True,True,la-liga,2014,Ath Madrid
2015-02-21,Almeria,Home,3,True,True,la-liga,2014,Ath Madrid
2015-03-01,Sevilla,Away,0,True,True,la-liga,2014,Ath Madrid
2015-03-08,Valencia,Home,1,True,True,la-liga,2014,Ath Madrid
2015-03-14,Espanol,Away,0,True,True,la-liga,2014,Ath Madrid
2015-03-21,Getafe,Home,2,True,True,la-liga,2014,Ath Madrid
2015-04-04,Cordoba,Away,2,True,True,la-liga,2014,Ath Madrid
2015-04-07,Sociedad,Home,2,True,True,la-liga,2014,Ath Madrid
2015-04-11,Malaga,Away,2,True,True,la-liga,2014,Ath Madrid
2015-04-18,La Coruna,Away,2,True,True,la-liga,2014,Ath Madrid
2015-04-25,Elche,Home,3,True,True,la-liga,2014,Ath Madrid
2015-04-29,Villarreal,Away,1,True,True,la-liga,2014,Ath Madrid
2015-05-02,Ath Bilbao,Home,0,True,True,la-liga,2014,Ath Madrid
2015-05-10,Levante,Away,2,True,True,la-liga,2014,Ath Madrid
2015-05-17,Barcelona,Home,0,True,True,la-liga,2014,Ath Madrid
2015-05-23,Granada,Away,0,True,True,la-liga,2014,Ath Madrid
2014-08-24,Elche,Home,3,True,True,la-liga,2014,Barcelona
2014-08-31,Villarreal,Away,1,True,True,la-liga,2014,Barcelona
2014-09-13,Ath Bilbao,Home,2,True,True,la-liga,2014,Barcelona
2014-09-21,Levante,Away,5,True,True,la-liga,2014,Barcelona
2014-09-24,Malaga,Away,0,True,True,la-liga,2014,Barcelona
2014-09-27,Granada,Home,6,True,True,la-liga,2014,Barcelona
2014-10-04,Vallecano,Away,2,True,True,la-liga,2014,Barcelona
2014-10-18,Eibar,Home,3,True,True,la-liga,2014,Barcelona
2014-10-25,Real Madrid,Away,1,True,True,la-liga,2014,Barcelona
2014-11-01,Celta,Home,0,True,True,la-liga,2014,Barcelona
2014-11-08,Almeria,Away,2,True,True,la-liga,2014,Barcelona
2014-11-22,Sevilla,Home,5,True,True,la-liga,2014,Barcelona
2014-11-30,Valencia,Away,1,True,True,la-liga,2014,Barcelona
2014-12-07,Espanol,Home,5,True,True,la-liga,2014,Barcelona
2014-12-13,Getafe,Away,0,True,True,la-liga,2014,Barcelona
2014-12-20,Cordoba,Home,5,True,True,la-liga,2014,Barcelona
2015-01-04,Sociedad,Away,0,True,True,la-liga,2014,Barcelona
2015-01-11,Ath Madrid,Home,3,True,True,la-liga,2014,Barcelona
2015-01-18,La Coruna,Away,4,True,True,la-liga,2014,Barcelona
2015-01-24,Elche,Away,6,True,True,la-liga,2014,Barcelona
2015-02-01,Villarreal,Home,3,True,True,la-liga,2014,Barcelona
2015-02-08,Ath Bilbao,Away,5,True,True,la-liga,2014,Barcelona
2015-02-15,Levante,Home,5,True,True,la-liga,2014,Barcelona
2015-02-21,Malaga,Home,0,True,True,la-liga,2014,Barcelona
2015-02-28,Granada,Away,3,True,True,la-liga,2014,Barcelona
2015-03-08,Vallecano,Home,6,True,True,la-liga,2014,Barcelona
2015-03-14,Eibar,Away,2,True,True,la-liga,2014,Barcelona
2015-03-22,Real Madrid,Home,2,True,True,la-liga,2014,Barcelona
2015-04-05,Celta,Away,1,True,True,la-liga,2014,Barcelona
2015-04-08,Almeria,Home,4,True,True,la-liga,2014,Barcelona
2015-04-11,Sevilla,Away,2,True,True,la-liga,2014,Barcelona
2015-04-18,Valencia,Home,2,True,True,la-liga,2014,Barcelona
2015-04-25,Espanol,Away,2,True,True,la-liga,2014,Barcelona
2015-04-28,Getafe,Home,6,True,True,la-liga,2014,Barcelona
2015-05-02,Cordoba,Away,8,True,True,la-liga,2014,Barcelona
2015-05-09,Sociedad,Home,2,True,True,la-liga,2014,Barcelona
2015-05-17,Ath Madrid,Away,1,True,True,la-liga,2014,Barcelona
2015-05-23,La Coruna,Home,2,True,True,la-liga,2014,Barcelona
2014-08-24,Sociedad,Home,1,True,True,la-liga,2014,Eibar
2014-08-30,Ath Madrid,Away,1,True,True,la-liga,2014,Eibar
2014-09-15,La Coruna,Home,0,True,True,la-liga,2014,Eibar
2014-09-19,Elche,Away,2,True,True,la-liga,2014,Eibar
2014-09-24,Villarreal,Home,1,True,True,la-liga,2014,Eibar
2014-09-27,Ath Bilbao,Away,0,True,True,la-liga,2014,Eibar
2014-10-04,Levante,Home,3,True,True,la-liga,2014,Eibar
2014-10-18,Barcelona,Away,0,True,True,la-liga,2014,Eibar
2014-10-25,Granada,Home,1,True,True,la-liga,2014,Eibar
2014-11-03,Vallecano,Away,3,True,True,la-liga,2014,Eibar
2014-11-08,Malaga,Away,1,True,True,la-liga,2014,Eibar
2014-11-22,Real Madrid,Home,0,True,True,la-liga,2014,Eibar
2014-11-29,Celta,Away,1,True,True,la-liga,2014,Eibar
2014-12-08,Almeria,Home,5,True,True,la-liga,2014,Eibar
2014-12-14,Sevilla,Away,0,True,True,la-liga,2014,Eibar
2014-12-20,Valencia,Home,0,True,True,la-liga,2014,Eibar
2015-01-04,Espanol,Away,2,True,True,la-liga,2014,Eibar
2015-01-10,Getafe,Home,2,False,False,la-liga,2014,Eibar
2015-01-16,Cordoba,Away,1,False,False,la-liga,2014,Eibar
2015-01-24,Sociedad,Away,0,False,False,la-liga,2014,Eibar
2015-01-31,Ath Madrid,Home,1,False,False,la-liga,2014,Eibar
2015-02-06,La Coruna,Away,0,False,False,la-liga,2014,Eibar
2015-02-16,Elche,Home,0,False,False,la-liga,2014,Eibar
2015-02-22,Villarreal,Away,0,False,False,la-liga,2014,Eibar
2015-03-01,Ath Bilbao,Home,0,False,False,la-liga,2014,Eibar
2015-03-06,Levante,Away,1,False,False,la-liga,2014,Eibar
2015-03-14,Barcelona,Home,0,False,False,la-liga,2014,Eibar
2015-03-21,Granada,Away,0,False,False,la-liga,2014,Eibar
2015-04-03,Vallecano,Home,1,False,False,la-liga,2014,Eibar
2015-04-07,Malaga,Home,1,False,False,la-liga,2014,Eibar
2015-04-11,Real Madrid,Away,0,False,False,la-liga,2014,Eibar
2015-04-19,Celta,Home,0,False,False,la-liga,2014,Eibar
2015-04-26,Almeria,Away,0,False,False,la-liga,2014,Eibar
2015-04-29,Sevilla,Home,1,False,False,la-liga,2014,Eibar
2015-05-03,Valencia,Away,1,False,False,la-liga,2014,Eibar
2015-05-08,Espanol,Home,0,False,False,la-liga,2014,Eibar
2015-05-17,Getafe,Away,1,False,False,la-liga,2014,Eibar
2015-05-23,Cordoba,Home,3,False,False,la-liga,2014,Eibar
2014-08-24,Barcelona,Away,0,True,True,la-liga,2014,Elche
2014-08-31,Granada,Home,1,True,True,la-liga,2014,Elche
2014-09-14,Vallecano,Away,3,True,True,la-liga,2014,Elche
2014-09-19,Eibar,Home,0,True,True,la-liga,2014,Elche
2014-09-23,Real Madrid,Away,1,False,False,la-liga,2014,Elche
2014-09-26,Celta,Home,0,True,True,la-liga,2014,Elche
2014-10-04,Almeria,Away,2,True,True,la-liga,2014,Elche
2014-10-19,Sevilla,Home,0,True,True,la-liga,2014,Elche
2014-10-25,Valencia,Away,1,False,False,la-liga,2014,Elche
2014-11-02,Espanol,Home,2,False,False,la-liga,2014,Elche
2014-11-08,Getafe,Away,0,False,False,la-liga,2014,Elche
2014-11-23,Cordoba,Home,2,False,False,la-liga,2014,Elche
2014-11-28,Sociedad,Away,0,False,False,la-liga,2014,Elche
2014-12-06,Ath Madrid,Home,0,False,False,la-liga,2014,Elche
2014-12-15,La Coruna,Away,0,False,False,la-liga,2014,Elche
2014-12-21,Malaga,Home,1,False,False,la-liga,2014,Elche
2015-01-03,Villarreal,Home,2,False,False,la-liga,2014,Elche
2015-01-11,Ath Bilbao,Away,2,False,False,la-liga,2014,Elche
2015-01-18,Levante,Home,1,False,False,la-liga,2014,Elche
2015-01-24,Barcelona,Home,0,False,False,la-liga,2014,Elche
2015-01-31,Granada,Away,0,False,False,la-liga,2014,Elche
2015-02-09,Vallecano,Home,2,False,False,la-liga,2014,Elche
2015-02-16,Eibar,Away,1,False,False,la-liga,2014,Elche
2015-02-22,Real Madrid,Home,0,False,False,la-liga,2014,Elche
2015-03-02,Celta,Away,1,False,False,la-liga,2014,Elche
2015-03-07,Almeria,Home,1,False,False,la-liga,2014,Elche
2015-03-15,Sevilla,Away,0,False,False,la-liga,2014,Elche
2015-03-20,Valencia,Home,0,False,False,la-liga,2014,Elche
2015-04-06,Espanol,Away,1,False,False,la-liga,2014,Elche
2015-04-09,Getafe,Home,0,False,False,la-liga,2014,Elche
2015-04-12,Cordoba,Away,2,False,False,la-liga,2014,Elche
2015-04-20,Sociedad,Home,1,False,False,la-liga,2014,Elche
2015-04-25,Ath Madrid,Away,0,False,False,la-liga,2014,Elche
2015-04-29,La Coruna,Home,4,False,False,la-liga,2014,Elche
2015-05-03,Malaga,Away,2,False,False,la-liga,2014,Elche
2015-05-10,Villarreal,Away,0,False,False,la-liga,2014,Elche
2015-05-17,Ath Bilbao,Home,2,False,False,la-liga,2014,Elche
2015-05-23,Levante,Away,0,False,False,la-liga,2014,Elche
2014-08-23,Almeria,Away,1,True,True,la-liga,2014,Espanol
2014-08-30,Sevilla,Home,1,True,True,la-liga,2014,Espanol
2014-09-14,Valencia,Away,1,True,True,la-liga,2014,Espanol
2014-09-20,Malaga,Home,2,True,True,la-liga,2014,Espanol
2014-09-25,Getafe,Home,2,True,True,la-liga,2014,Espanol
2014-09-28,Cordoba,Away,0,True,True,la-liga,2014,Espanol
2014-10-05,Sociedad,Home,2,True,True,la-liga,2014,Espanol
2014-10-19,Ath Madrid,Away,0,True,True,la-liga,2014,Espanol
2014-10-26,La Coruna,Home,0,True,True,la-liga,2014,Espanol
2014-11-02,Elche,Away,1,True,True,la-liga,2014,Espanol
2014-11-09,Villarreal,Home,1,True,True,la-liga,2014,Espanol
2014-11-21,Ath Bilbao,Away,1,True,True,la-liga,2014,Espanol
2014-11-29,Levante,Home,2,True,True,la-liga,2014,Espanol
2014-12-07,Barcelona,Away,1,True,True,la-liga,2014,Espanol
2014-12-14,Granada,Home,2,True,True,la-liga,2014,Espanol
2014-12-20,Vallecano,Away,3,True,True,la-liga,2014,Espanol
2015-01-04,Eibar,Home,1,True,True,la-liga,2014,Espanol
2015-01-10,Real Madrid,Away,0,True,True,la-liga,2014,Espanol
2015-01-17,Celta,Home,1,True,True,la-liga,2014,Espanol
2015-01-25,Almeria,Home,3,True,True,la-liga,2014,Espanol
2015-02-01,Sevilla,Away,2,True,True,la-liga,2014,Espanol
2015-02-08,Valencia,Home,1,True,True,la-liga,2014,Espanol
2015-02-14,Malaga,Away,2,True,True,la-liga,2014,Espanol
2015-02-20,Getafe,Away,1,True,True,la-liga,2014,Espanol
2015-02-27,Cordoba,Home,1,True,True,la-liga,2014,Espanol
2015-03-08,Sociedad,Away,0,True,True,la-liga,2014,Espanol
2015-03-14,Ath Madrid,Home,0,True,True,la-liga,2014,Espanol
2015-03-22,La Coruna,Away,0,True,True,la-liga,2014,Espanol
2015-04-06,Elche,Home,1,True,True,la-liga,2014,Espanol
2015-04-09,Villarreal,Away,3,True,True,la-liga,2014,Espanol
2015-04-12,Ath Bilbao,Home,1,True,True,la-liga,2014,Espanol
2015-04-17,Levante,Away,2,True,True,la-liga,2014,Espanol
2015-04-25,Barcelona,Home,0,True,True,la-liga,2014,Espanol
2015-04-30,Granada,Away,2,True,False,la-liga,2014,Espanol
2015-05-03,Vallecano,Home,1,True,True,la-liga,2014,Espanol
2015-05-08,Eibar,Away,2,True,True,la-liga,2014,Espanol
2015-05-17,Real Madrid,Home,1,True,True,la-liga,2014,Espanol
2015-05-23,Celta,Away,2,True,True,la-liga,2014,Espanol
2014-08-24,Celta,Away,1,True,True,la-liga,2014,Getafe
2014-08-29,Almeria,Home,1,True,True,la-liga,2014,Getafe
2014-09-14,Sevilla,Away,0,True,True,la-liga,2014,Getafe
2014-09-22,Valencia,Home,0,True,True,la-liga,2014,Getafe
2014-09-25,Espanol,Away,0,True,True,la-liga,2014,Getafe
2014-09-28,Malaga,Home,1,True,True,la-liga,2014,Getafe
2014-10-03,Cordoba,Home,1,True,True,la-liga,2014,Getafe
2014-10-20,Sociedad,Away,2,True,True,la-liga,2014,Getafe
2014-10-26,Ath Madrid,Home,0,True,True,la-liga,2014,Getafe
2014-10-31,La Coruna,Away,2,True,True,la-liga,2014,Getafe
2014-11-08,Elche,Home,0,True,True,la-liga,2014,Getafe
2014-11-23,Villarreal,Away,1,True,True,la-liga,2014,Getafe
2014-11-29,Ath Bilbao,Home,1,True,True,la-liga,2014,Getafe
2014-12-08,Levante,Away,1,True,True,la-liga,2014,Getafe
2014-12-13,Barcelona,Home,0,True,True,la-liga,2014,Getafe
2014-12-21,Granada,Away,1,True,True,la-liga,2014,Getafe
2015-01-04,Vallecano,Home,1,True,True,la-liga,2014,Getafe
2015-01-10,Eibar,Away,1,True,True,la-liga,2014,Getafe
2015-01-18,Real Madrid,Home,0,True,True,la-liga,2014,Getafe
2015-01-26,Celta,Home,2,True,True,la-liga,2014,Getafe
2015-02-01,Almeria,Away,0,True,True,la-liga,2014,Getafe
2015-02-08,Sevilla,Home,2,True,True,la-liga,2014,Getafe
2015-02-15,Valencia,Away,0,True,True,la-liga,2014,Getafe
2015-02-20,Espanol,Home,2,True,True,la-liga,2014,Getafe
2015-02-28,Malaga,Away,2,True,True,la-liga,2014,Getafe
2015-03-09,Cordoba,Away,2,True,True,la-liga,2014,Getafe
2015-03-16,Sociedad,Home,0,True,True,la-liga,2014,Getafe
2015-03-21,Ath Madrid,Away,0,True,True,la-liga,2014,Getafe
2015-04-05,La Coruna,Home,2,True,True,la-liga,2014,Getafe
2015-04-09,Elche,Away,1,True,True,la-liga,2014,Getafe
2015-04-12,Villarreal,Home,1,True,True,la-liga,2014,Getafe
2015-04-18,Ath Bilbao,Away,0,True,True,la-liga,2014,Getafe
2015-04-25,Levante,Home,0,True,True,la-liga,2014,Getafe
2015-04-28,Barcelona,Away,0,True,True,la-liga,2014,Getafe
2015-05-03,Granada,Home,1,True,True,la-liga,2014,Getafe
2015-05-11,Vallecano,Away,0,True,True,la-liga,2014,Getafe
2015-05-17,Eibar,Home,1,True,True,la-liga,2014,Getafe
2015-05-23,Real Madrid,Away,3,True,True,la-liga,2014,Getafe
2014-08-23,La Coruna,Home,2,True,True,la-liga,2014,Granada
2014-08-31,Elche,Away,1,True,True,la-liga,2014,Granada
2014-09-14,Villarreal,Home,0,True,True,la-liga,2014,Granada
2014-09-20,Ath Bilbao,Away,1,True,True,la-liga,2014,Granada
2014-09-24,Levante,Home,0,True,True,la-liga,2014,Granada
2014-09-27,Barcelona,Away,0,True,True,la-liga,2014,Granada
2014-10-04,Malaga,Away,1,True,True,la-liga,2014,Granada
2014-10-17,Vallecano,Home,0,True,True,la-liga,2014,Granada
2014-10-25,Eibar,Away,1,True,True,la-liga,2014,Granada
2014-11-01,Real Madrid,Home,0,True,True,la-liga,2014,Granada
2014-11-08,Celta,Away,0,True,True,la-liga,2014,Granada
2014-11-24,Almeria,Home,0,True,True,la-liga,2014,Granada
2014-11-30,Sevilla,Away,1,True,True,la-liga,2014,Granada
2014-12-07,Valencia,Home,1,True,True,la-liga,2014,Granada
2014-12-14,Espanol,Away,1,True,True,la-liga,2014,Granada
2014-12-21,Getafe,Home,1,True,True,la-liga,2014,Granada
2015-01-05,Cordoba,Away,0,True,True,la-liga,2014,Granada
2015-01-11,Sociedad,Home,1,True,True,la-liga,2014,Granada
2015-01-18,Ath Madrid,Away,0,True,True,la-liga,2014,Granada
2015-01-25,La Coruna,Away,2,True,True,la-liga,2014,Granada
2015-01-31,Elche,Home,1,True,True,la-liga,2014,Granada
2015-02-07,Villarreal,Away,0,True,True,la-liga,2014,Granada
2015-02-14,Ath Bilbao,Home,0,True,True,la-liga,2014,Granada
2015-02-23,Levante,Away,1,True,True,la-liga,2014,Granada
2015-02-28,Barcelona,Home,1,True,True,la-liga,2014,Granada
2015-03-07,Malaga,Home,1,True,True,la-liga,2014,Granada
2015-03-14,Vallecano,Away,1,True,True,la-liga,2014,Granada
2015-03-21,Eibar,Home,0,True,True,la-liga,2014,Granada
2015-04-05,Real Madrid,Away,1,True,True,la-liga,2014,Granada
2015-04-08,Celta,Home,1,True,True,la-liga,2014,Granada
2015-04-11,Almeria,Away,0,True,True,la-liga,2014,Granada
2015-04-19,Sevilla,Home,1,True,True,la-liga,2014,Granada
2015-04-27,Valencia,Away,0,True,True,la-liga,2014,Granada
2015-04-30,Espanol,Home,1,True,True,la-liga,2014,Granada
2015-05-03,Getafe,Away,2,True,True,la-liga,2014,Granada
2015-05-09,Cordoba,Home,2,True,True,la-liga,2014,Granada
2015-05-17,Sociedad,Away,3,True,True,la-liga,2014,Granada
2015-05-23,Ath Madrid,Home,0,True,True,la-liga,2014,Granada
2014-08-23,Granada,Away,1,True,True,la-liga,2014,La Coruna
2014-08-31,Vallecano,Home,2,True,True,la-liga,2014,La Coruna
2014-09-15,Eibar,Away,1,True,True,la-liga,2014,La Coruna
2014-09-20,Real Madrid,Home,2,True,True,la-liga,2014,La Coruna
2014-09-23,Celta,Away,1,True,True,la-liga,2014,La Coruna
2014-09-28,Almeria,Home,0,True,True,la-liga,2014,La Coruna
2014-10-05,Sevilla,Away,1,True,True,la-liga,2014,La Coruna
2014-10-19,Valencia,Home,3,True,True,la-liga,2014,La Coruna
2014-10-26,Espanol,Away,0,True,True,la-liga,2014,La Coruna
2014-10-31,Getafe,Home,1,True,True,la-liga,2014,La Coruna
2014-11-07,Cordoba,Away,0,True,True,la-liga,2014,La Coruna
2014-11-22,Sociedad,Home,0,True,True,la-liga,2014,La Coruna
2014-11-30,Ath Madrid,Away,0,True,True,la-liga,2014,La Coruna
2014-12-06,Malaga,Home,0,True,True,la-liga,2014,La Coruna
2014-12-15,Elche,Home,1,True,True,la-liga,2014,La Coruna
2014-12-21,Villarreal,Away,0,True,True,la-liga,2014,La Coruna
2015-01-03,Ath Bilbao,Home,1,True,True,la-liga,2014,La Coruna
2015-01-09,Levante,Away,0,True,True,la-liga,2014,La Coruna
2015-01-18,Barcelona,Home,0,True,True,la-liga,2014,La Coruna
2015-01-25,Granada,Home,2,True,True,la-liga,2014,La Coruna
2015-01-30,Vallecano,Away,2,True,True,la-liga,2014,La Coruna
2015-02-06,Eibar,Home,2,True,True,la-liga,2014,La Coruna
2015-02-14,Real Madrid,Away,0,True,True,la-liga,2014,La Coruna
2015-02-21,Celta,Home,0,True,True,la-liga,2014,La Coruna
2015-02-28,Almeria,Away,0,True,True,la-liga,2014,La Coruna
2015-03-07,Sevilla,Home,3,True,True,la-liga,2014,La Coruna
2015-03-13,Valencia,Away,0,True,True,la-liga,2014,La Coruna
2015-03-22,Espanol,Home,0,True,True,la-liga,2014,La Coruna
2015-04-05,Getafe,Away,1,True,False,la-liga,2014,La Coruna
2015-04-08,Cordoba,Home,1,True,True,la-liga,2014,La Coruna
2015-04-12,Sociedad,Away,2,True,True,la-liga,2014,La Coruna
2015-04-18,Ath Madrid,Home,1,True,True,la-liga,2014,La Coruna
2015-04-26,Malaga,Away,1,True,True,la-liga,2014,La Coruna
2015-04-29,Elche,Away,0,True,True,la-liga,2014,La Coruna
2015-05-02,Villarreal,Home,1,True,True,la-liga,2014,La Coruna
2015-05-09,Ath Bilbao,Away,1,True,True,la-liga,2014,La Coruna
2015-05-17,Levante,Home,2,True,True,la-liga,2014,La Coruna
2015-05-23,Barcelona,Away,2,True,True,la-liga,2014,La Coruna
2014-08-24,Villarreal,Home,0,False,False,la-liga,2014,Levante
2014-08-30,Ath Bilbao,Away,0,False,False,la-liga,2014,Levante
2014-09-13,Malaga,Away,0,False,False,la-liga,2014,Levante
2014-09-21,Barcelona,Home,0,False,False,la-liga,2014,Levante
2014-09-24,Granada,Away,1,False,False,la-liga,2014,Levante
2014-09-27,Vallecano,Home,0,False,False,la-liga,2014,Levante
2014-10-04,Eibar,Away,3,False,False,la-liga,2014,Levante
2014-10-18,Real Madrid,Home,0,False,False,la-liga,2014,Levante
2014-10-24,Celta,Away,0,False,False,la-liga,2014,Levante
2014-11-02,Almeria,Home,2,False,False,la-liga,2014,Levante
2014-11-09,Sevilla,Away,1,False,False,la-liga,2014,Levante
2014-11-23,Valencia,Home,2,False,False,la-liga,2014,Levante
2014-11-29,Espanol,Away,1,False,False,la-liga,2014,Levante
2014-12-08,Getafe,Home,1,False,False,la-liga,2014,Levante
2014-12-13,Cordoba,Away,0,False,False,la-liga,2014,Levante
2014-12-20,Sociedad,Home,1,False,False,la-liga,2014,Levante
2015-01-03,Ath Madrid,Away,1,False,False,la-liga,2014,Levante
2015-01-09,La Coruna,Home,0,False,False,la-liga,2014,Levante
2015-01-18,Elche,Away,0,False,False,la-liga,2014,Levante
2015-01-24,Villarreal,Away,0,False,False,la-liga,2014,Levante
2015-02-01,Ath Bilbao,Home,0,False,False,la-liga,2014,Levante
2015-02-07,Malaga,Home,4,False,False,la-liga,2014,Levante
2015-02-15,Barcelona,Away,0,False,False,la-liga,2014,Levante
2015-02-23,Granada,Home,2,False,False,la-liga,2014,Levante
2015-02-28,Vallecano,Away,2,False,False,la-liga,2014,Levante
2015-03-06,Eibar,Home,2,False,False,la-liga,2014,Levante
2015-03-15,Real Madrid,Away,0,False,False,la-liga,2014,Levante
2015-03-21,Celta,Home,0,False,False,la-liga,2014,Levante
2015-04-04,Almeria,Away,4,False,False,la-liga,2014,Levante
2015-04-07,Sevilla,Home,1,False,False,la-liga,2014,Levante
2015-04-13,Valencia,Away,0,False,False,la-liga,2014,Levante
2015-04-17,Espanol,Home,2,False,False,la-liga,2014,Levante
2015-04-25,Getafe,Away,1,False,False,la-liga,2014,Levante
2015-04-28,Cordoba,Home,1,False,False,la-liga,2014,Levante
2015-05-01,Sociedad,Away,0,False,False,la-liga,2014,Levante
2015-05-10,Ath Madrid,Home,2,False,False,la-liga,2014,Levante
2015-05-17,La Coruna,Away,0,False,False,la-liga,2014,Levante
2015-05-23,Elche,Home,0,False,False,la-liga,2014,Levante
2014-08-23,Ath Bilbao,Home,1,True,True,la-liga,2014,Malaga
2014-08-29,Valencia,Away,0,True,True,la-liga,2014,Malaga
2014-09-13,Levante,Home,0,True,True,la-liga,2014,Malaga
2014-09-20,Espanol,Away,2,True,True,la-liga,2014,Malaga
2014-09-24,Barcelona,Home,0,True,True,la-liga,2014,Malaga
2014-09-28,Getafe,Away,0,True,True,la-liga,2014,Malaga
2014-10-04,Granada,Home,2,True,True,la-liga,2014,Malaga
2014-10-18,Cordoba,Away,2,True,True,la-liga,2014,Malaga
2014-10-26,Vallecano,Home,4,True,True,la-liga,2014,Malaga
2014-11-01,Sociedad,Away,1,True,True,la-liga,2014,Malaga
2014-11-08,Eibar,Home,2,True,True,la-liga,2014,Malaga
2014-11-22,Ath Madrid,Away,1,True,True,la-liga,2014,Malaga
2014-11-29,Real Madrid,Home,1,True,True,la-liga,2014,Malaga
2014-12-06,La Coruna,Away,1,True,True,la-liga,2014,Malaga
2014-12-13,Celta,Home,1,True,True,la-liga,2014,Malaga
2014-12-21,Elche,Away,2,True,True,la-liga,2014,Malaga
2015-01-03,Almeria,Home,1,True,True,la-liga,2014,Malaga
2015-01-10,Villarreal,Home,1,True,True,la-liga,2014,Malaga
2015-01-18,Sevilla,Away,0,True,True,la-liga,2014,Malaga
2015-01-25,Ath Bilbao,Away,1,True,True,la-liga,2014,Malaga
2015-02-02,Valencia,Home,1,True,True,la-liga,2014,Malaga
2015-02-07,Levante,Away,1,True,True,la-liga,2014,Malaga
2015-02-14,Espanol,Home,0,True,True,la-liga,2014,Malaga
2015-02-21,Barcelona,Away,1,True,True,la-liga,2014,Malaga
2015-02-28,Getafe,Home,3,True,True,la-liga,2014,Malaga
2015-03-07,Granada,Away,0,True,True,la-liga,2014,Malaga
2015-03-15,Cordoba,Home,2,True,True,la-liga,2014,Malaga
2015-03-21,Vallecano,Away,0,True,True,la-liga,2014,Malaga
2015-04-04,Sociedad,Home,1,True,True,la-liga,2014,Malaga
2015-04-07,Eibar,Away,0,True,True,la-liga,2014,Malaga
2015-04-11,Ath Madrid,Home,2,True,True,la-liga,2014,Malaga
2015-04-18,Real Madrid,Away,1,True,True,la-liga,2014,Malaga
2015-04-26,La Coruna,Home,1,True,True,la-liga,2014,Malaga
2015-04-29,Celta,Away,0,True,True,la-liga,2014,Malaga
2015-05-03,Elche,Home,1,True,True,la-liga,2014,Malaga
2015-05-10,Almeria,Away,2,True,True,la-liga,2014,Malaga
2015-05-17,Villarreal,Away,1,True,True,la-liga,2014,Malaga
2015-05-23,Sevilla,Home,2,True,True,la-liga,2014,Malaga
2014-08-25,Cordoba,Home,2,True,True,la-liga,2014,Real Madrid
2014-08-31,Sociedad,Away,2,True,True,la-liga,2014,Real Madrid
2014-09-13,Ath Madrid,Home,1,True,True,la-liga,2014,Real Madrid
2014-09-20,La Coruna,Away,8,True,True,la-liga,2014,Real Madrid
2014-09-23,Elche,Home,5,True,True,la-liga,2014,Real Madrid
2014-09-27,Villarreal,Away,2,True,True,la-liga,2014,Real Madrid
2014-10-05,Ath Bilbao,Home,5,True,True,la-liga,2014,Real Madrid
2014-10-18,Levante,Away,5,True,True,la-liga,2014,Real Madrid
2014-10-25,Barcelona,Home,3,True,True,la-liga,2014,Real Madrid
2014-11-01,Granada,Away,4,True,True,la-liga,2014,Real Madrid
2014-11-08,Vallecano,Home,5,True,True,la-liga,2014,Real Madrid
2014-11-22,Eibar,Away,4,True,True,la-liga,2014,Real Madrid
2014-11-29,Malaga,Away,2,True,True,la-liga,2014,Real Madrid
2014-12-06,Celta,Home,3,True,True,la-liga,2014,Real Madrid
2014-12-12,Almeria,Away,4,True,True,la-liga,2014,Real Madrid
2015-01-04,Valencia,Away,1,True,True,la-liga,2014,Real Madrid
2015-01-10,Espanol,Home,3,True,True,la-liga,2014,Real Madrid
2015-01-18,Getafe,Away,3,True,True,la-liga,2014,Real Madrid
2015-01-24,Cordoba,Away,2,True,True,la-liga,2014,Real Madrid
2015-01-31,Sociedad,Home,4,True,True,la-liga,2014,Real Madrid
2015-02-04,Sevilla,Home,2,True,True,la-liga,2014,Real Madrid
2015-02-07,Ath Madrid,Away,0,True,True,la-liga,2014,Real Madrid
2015-02-14,La Coruna,Home,2,True,True,la-liga,2014,Real Madrid
2015-02-22,Elche,Away,2,True,True,la-liga,2014,Real Madrid
2015-03-01,Villarreal,Home,1,True,True,la-liga,2014,Real Madrid
2015-03-07,Ath Bilbao,Away,0,True,True,la-liga,2014,Real Madrid
2015-03-15,Levante,Home,2,True,True,la-liga,2014,Real Madrid
2015-03-22,Barcelona,Away,1,True,True,la-liga,2014,Real Madrid
2015-04-05,Granada,Home,9,True,True,la-liga,2014,Real Madrid
2015-04-08,Vallecano,Away,2,True,True,la-liga,2014,Real Madrid
2015-04-11,Eibar,Home,3,True,True,la-liga,2014,Real Madrid
2015-04-18,Malaga,Home,3,True,True,la-liga,2014,Real Madrid
2015-04-26,Celta,Away,4,True,True,la-liga,2014,Real Madrid
2015-04-29,Almeria,Home,3,True,True,la-liga,2014,Real Madrid
2015-05-02,Sevilla,Away,3,True,True,la-liga,2014,Real Madrid
2015-05-09,Valencia,Home,2,True,True,la-liga,2014,Real Madrid
2015-05-17,Espanol,Away,4,True,True,la-liga,2014,Real Madrid
2015-05-23,Getafe,Home,7,True,True,la-liga,2014,Real Madrid
2014-08-23,Valencia,Home,1,True,True,la-liga,2014,Sevilla
2014-08-30,Espanol,Away,2,False,False,la-liga,2014,Sevilla
2014-09-14,Getafe,Home,2,True,True,la-liga,2014,Sevilla
2014-09-21,Cordoba,Away,3,True,True,la-liga,2014,Sevilla
2014-09-24,Sociedad,Home,1,True,True,la-liga,2014,Sevilla
2014-09-27,Ath Madrid,Away,0,True,True,la-liga,2014,Sevilla
2014-10-05,La Coruna,Home,4,True,True,la-liga,2014,Sevilla
2014-10-19,Elche,Away,2,True,True,la-liga,2014,Sevilla
2014-10-26,Villarreal,Home,2,True,True,la-liga,2014,Sevilla
2014-11-02,Ath Bilbao,Away,0,True,True,la-liga,2014,Sevilla
2014-11-09,Levante,Home,1,True,True,la-liga,2014,Sevilla
2014-11-22,Barcelona,Away,1,True,True,la-liga,2014,Sevilla
2014-11-30,Granada,Home,5,True,True,la-liga,2014,Sevilla
2014-12-07,Vallecano,Away,1,True,True,la-liga,2014,Sevilla
2014-12-14,Eibar,Home,0,True,True,la-liga,2014,Sevilla
2015-01-03,Celta,Home,1,True,True,la-liga,2014,Sevilla
2015-01-11,Almeria,Away,2,True,True,la-liga,2014,Sevilla
2015-01-18,Malaga,Home,2,True,True,la-liga,2014,Sevilla
2015-01-25,Valencia,Away,1,True,True,la-liga,2014,Sevilla
2015-02-01,Espanol,Home,3,True,True,la-liga,2014,Sevilla
2015-02-04,Real Madrid,Away,1,True,True,la-liga,2014,Sevilla
2015-02-08,Getafe,Away,1,True,True,la-liga,2014,Sevilla
2015-02-14,Cordoba,Home,3,True,True,la-liga,2014,Sevilla
2015-02-22,Sociedad,Away,3,True,True,la-liga,2014,Sevilla
2015-03-01,Ath Madrid,Home,0,True,True,la-liga,2014,Sevilla
2015-03-07,La Coruna,Away,4,True,True,la-liga,2014,Sevilla
2015-03-15,Elche,Home,3,True,True,la-liga,2014,Sevilla
2015-03-22,Villarreal,Away,2,True,True,la-liga,2014,Sevilla
2015-04-04,Ath Bilbao,Home,2,True,True,la-liga,2014,Sevilla
2015-04-07,Levante,Away,2,True,True,la-liga,2014,Sevilla
2015-04-11,Barcelona,Home,2,True,True,la-liga,2014,Sevilla
2015-04-19,Granada,Away,1,True,True,la-liga,2014,Sevilla
2015-04-26,Vallecano,Home,2,True,True,la-liga,2014,Sevilla
2015-04-29,Eibar,Away,3,True,True,la-liga,2014,Sevilla
2015-05-02,Real Madrid,Home,2,True,True,la-liga,2014,Sevilla
2015-05-10,Celta,Away,1,True,True,la-liga,2014,Sevilla
2015-05-17,Almeria,Home,2,True,True,la-liga,2014,Sevilla
2015-05-23,Malaga,Away,3,True,True,la-liga,2014,Sevilla
2014-08-24,Eibar,Away,0,True,True,la-liga,2014,Sociedad
2014-08-31,Real Madrid,Home,4,True,True,la-liga,2014,Sociedad
2014-09-13,Celta,Away,2,True,True,la-liga,2014,Sociedad
2014-09-21,Almeria,Home,1,True,True,la-liga,2014,Sociedad
2014-09-24,Sevilla,Away,0,True,True,la-liga,2014,Sociedad
2014-09-28,Valencia,Home,1,True,True,la-liga,2014,Sociedad
2014-10-05,Espanol,Away,0,True,True,la-liga,2014,Sociedad
2014-10-20,Getafe,Home,1,True,True,la-liga,2014,Sociedad
2014-10-25,Cordoba,Away,1,True,True,la-liga,2014,Sociedad
2014-11-01,Malaga,Home,0,True,True,la-liga,2014,Sociedad
2014-11-09,Ath Madrid,Home,2,True,True,la-liga,2014,Sociedad
2014-11-22,La Coruna,Away,0,True,True,la-liga,2014,Sociedad
2014-11-28,Elche,Home,3,True,True,la-liga,2014,Sociedad
2014-12-07,Villarreal,Away,0,True,True,la-liga,2014,Sociedad
2014-12-14,Ath Bilbao,Home,1,True,True,la-liga,2014,Sociedad
2014-12-20,Levante,Away,1,True,True,la-liga,2014,Sociedad
2015-01-04,Barcelona,Home,1,True,True,la-liga,2014,Sociedad
2015-01-11,Granada,Away,1,True,True,la-liga,2014,Sociedad
2015-01-17,Vallecano,Home,0,True,True,la-liga,2014,Sociedad
2015-01-24,Eibar,Home,1,True,True,la-liga,2014,Sociedad
2015-01-31,Real Madrid,Away,1,True,True,la-liga,2014,Sociedad
2015-02-07,Celta,Home,1,True,True,la-liga,2014,Sociedad
2015-02-13,Almeria,Away,2,True,True,la-liga,2014,Sociedad
2015-02-22,Sevilla,Home,4,True,True,la-liga,2014,Sociedad
2015-03-01,Valencia,Away,0,True,True,la-liga,2014,Sociedad
2015-03-08,Espanol,Home,1,True,True,la-liga,2014,Sociedad
2015-03-16,Getafe,Away,1,True,True,la-liga,2014,Sociedad
2015-03-22,Cordoba,Home,3,True,True,la-liga,2014,Sociedad
2015-04-04,Malaga,Away,1,True,True,la-liga,2014,Sociedad
2015-04-07,Ath Madrid,Away,0,True,True,la-liga,2014,Sociedad
2015-04-12,La Coruna,Home,2,True,True,la-liga,2014,Sociedad
2015-04-20,Elche,Away,0,True,True,la-liga,2014,Sociedad
2015-04-25,Villarreal,Home,0,True,True,la-liga,2014,Sociedad
2015-04-28,Ath Bilbao,Away,1,True,True,la-liga,2014,Sociedad
2015-05-01,Levante,Home,3,True,True,la-liga,2014,Sociedad
2015-05-09,Barcelona,Away,0,True,True,la-liga,2014,Sociedad
2015-05-17,Granada,Home,0,True,True,la-liga,2014,Sociedad
2015-05-23,Vallecano,Away,4,True,False,la-liga,2014,Sociedad
2014-08-23,Sevilla,Away,1,True,True,la-liga,2014,Valencia
2014-08-29,Malaga,Home,3,True,True,la-liga,2014,Valencia
2014-09-14,Espanol,Home,3,True,True,la-liga,2014,Valencia
2014-09-22,Getafe,Away,3,True,True,la-liga,2014,Valencia
2014-09-25,Cordoba,Home,3,True,True,la-liga,2014,Valencia
2014-09-28,Sociedad,Away,1,True,True,la-liga,2014,Valencia
2014-10-04,Ath Madrid,Home,3,True,True,la-liga,2014,Valencia
2014-10-19,La Coruna,Away,0,True,True,la-liga,2014,Valencia
2014-10-25,Elche,Home,3,True,True,la-liga,2014,Valencia
2014-11-02,Villarreal,Away,3,True,True,la-liga,2014,Valencia
2014-11-09,Ath Bilbao,Home,0,True,True,la-liga,2014,Valencia
2014-11-23,Levante,Away,1,True,True,la-liga,2014,Valencia
2014-11-30,Barcelona,Home,0,True,True,la-liga,2014,Valencia
2014-12-07,Granada,Away,1,True,True,la-liga,2014,Valencia
2014-12-13,Vallecano,Home,3,True,True,la-liga,2014,Valencia
2014-12-20,Eibar,Away,1,True,True,la-liga,2014,Valencia
2015-01-04,Real Madrid,Home,2,True,True,la-liga,2014,Valencia
2015-01-10,Celta,Away,1,True,True,la-liga,2014,Valencia
2015-01-17,Almeria,Home,3,True,True,la-liga,2014,Valencia
2015-01-25,Sevilla,Home,3,True,True,la-liga,2014,Valencia
2015-02-02,Malaga,Away,0,True,True,la-liga,2014,Valencia
2015-02-08,Espanol,Away,2,True,True,la-liga,2014,Valencia
2015-02-15,Getafe,Home,1,True,True,la-liga,2014,Valencia
2015-02-21,Cordoba,Away,2,True,True,la-liga,2014,Valencia
2015-03-01,Sociedad,Home,2,True,True,la-liga,2014,Valencia
2015-03-08,Ath Madrid,Away,1,True,True,la-liga,2014,Valencia
2015-03-13,La Coruna,Home,2,True,True,la-liga,2014,Valencia
2015-03-20,Elche,Away,4,True,True,la-liga,2014,Valencia
2015-04-05,Villarreal,Home,0,True,True,la-liga,2014,Valencia
2015-04-09,Ath Bilbao,Away,1,True,True,la-liga,2014,Valencia
2015-04-13,Levante,Home,3,True,True,la-liga,2014,Valencia
2015-04-18,Barcelona,Away,0,True,True,la-liga,2014,Valencia
2015-04-27,Granada,Home,4,True,True,la-liga,2014,Valencia
2015-04-30,Vallecano,Away,1,True,True,la-liga,2014,Valencia
2015-05-03,Eibar,Home,3,True,True,la-liga,2014,Valencia
2015-05-09,Real Madrid,Away,2,True,True,la-liga,2014,Valencia
2015-05-17,Celta,Home,1,True,True,la-liga,2014,Valencia
2015-05-23,Almeria,Away,3,True,True,la-liga,2014,Valencia
2014-08-25,Ath Madrid,Home,0,True,True,la-liga,2014,Vallecano
2014-08-31,La Coruna,Away,2,True,True,la-liga,2014,Vallecano
2014-09-14,Elche,Home,2,True,True,la-liga,2014,Vallecano
2014-09-21,Villarreal,Away,2,True,True,la-liga,2014,Vallecano
2014-09-24,Ath Bilbao,Home,2,True,True,la-liga,2014,Vallecano
2014-09-27,Levante,Away,2,True,True,la-liga,2014,Vallecano
2014-10-04,Barcelona,Home,0,True,True,la-liga,2014,Vallecano
2014-10-17,Granada,Away,1,True,True,la-liga,2014,Vallecano
2014-10-26,Malaga,Away,0,True,True,la-liga,2014,Vallecano
2014-11-03,Eibar,Home,2,True,True,la-liga,2014,Vallecano
2014-11-08,Real Madrid,Away,1,True,True,la-liga,2014,Vallecano
2014-11-23,Celta,Home,1,True,True,la-liga,2014,Vallecano
2014-12-01,Almeria,Away,1,True,True,la-liga,2014,Vallecano
2014-12-07,Sevilla,Home,0,True,True,la-liga,2014,Vallecano
2014-12-13,Valencia,Away,0,True,True,la-liga,2014,Vallecano
2014-12-20,Espanol,Home,1,True,True,la-liga,2014,Vallecano
2015-01-04,Getafe,Away,2,True,True,la-liga,2014,Vallecano
2015-01-12,Cordoba,Home,0,True,True,la-liga,2014,Vallecano
2015-01-17,Sociedad,Away,1,True,True,la-liga,2014,Vallecano
2015-01-24,Ath Madrid,Away,1,True,True,la-liga,2014,Vallecano
2015-01-30,La Coruna,Home,1,True,True,la-liga,2014,Vallecano
2015-02-09,Elche,Away,0,True,True,la-liga,2014,Vallecano
2015-02-15,Villarreal,Home,2,True,True,la-liga,2014,Vallecano
2015-02-22,Ath Bilbao,Away,0,True,True,la-liga,2014,Vallecano
2015-02-28,Levante,Home,4,True,True,la-liga,2014,Vallecano
2015-03-08,Barcelona,Away,1,True,True,la-liga,2014,Vallecano
2015-03-14,Granada,Home,3,True,True,la-liga,2014,Vallecano
2015-03-21,Malaga,Home,1,True,True,la-liga,2014,Vallecano
2015-04-03,Eibar,Away,2,True,True,la-liga,2014,Vallecano
2015-04-08,Real Madrid,Home,0,True,True,la-liga,2014,Vallecano
2015-04-11,Celta,Away,1,True,True,la-liga,2014,Vallecano
2015-04-19,Almeria,Home,2,True,True,la-liga,2014,Vallecano
2015-04-26,Sevilla,Away,0,True,True,la-liga,2014,Vallecano
2015-04-30,Valencia,Home,1,True,True,la-liga,2014,Vallecano
2015-05-03,Espanol,Away,1,True,True,la-liga,2014,Vallecano
2015-05-11,Getafe,Home,2,True,True,la-liga,2014,Vallecano
2015-05-17,Cordoba,Away,2,True,True,la-liga,2014,Vallecano
2015-05-23,Sociedad,Home,2,True,True,la-liga,2014,Vallecano
2014-08-24,Levante,Away,2,True,True,la-liga,2014,Villarreal
2014-08-31,Barcelona,Home,0,True,True,la-liga,2014,Villarreal
2014-09-14,Granada,Away,0,True,True,la-liga,2014,Villarreal
2014-09-21,Vallecano,Home,4,True,True,la-liga,2014,Villarreal
2014-09-24,Eibar,Away,1,True,True,la-liga,2014,Villarreal
2014-09-27,Real Madrid,Home,0,True,True,la-liga,2014,Villarreal
2014-10-05,Celta,Away,3,True,True,la-liga,2014,Villarreal
2014-10-19,Almeria,Home,2,True,True,la-liga,2014,Villarreal
2014-10-26,Sevilla,Away,1,True,True,la-liga,2014,Villarreal
2014-11-02,Valencia,Home,1,True,True,la-liga,2014,Villarreal
2014-11-09,Espanol,Away,1,True,True,la-liga,2014,Villarreal
2014-11-23,Getafe,Home,2,True,True,la-liga,2014,Villarreal
2014-11-30,Cordoba,Away,2,True,True,la-liga,2014,Villarreal
2014-12-07,Sociedad,Home,4,True,True,la-liga,2014,Villarreal
2014-12-14,Ath Madrid,Away,1,True,True,la-liga,2014,Villarreal
2014-12-21,La Coruna,Home,3,True,True,la-liga,2014,Villarreal
2015-01-03,Elche,Away,2,True,True,la-liga,2014,Villarreal
2015-01-10,Malaga,Away,1,True,True,la-liga,2014,Villarreal
2015-01-17,Ath Bilbao,Home,2,True,True,la-liga,2014,Villarreal
2015-01-24,Levante,Home,1,True,True,la-liga,2014,Villarreal
2015-02-01,Barcelona,Away,2,True,True,la-liga,2014,Villarreal
2015-02-07,Granada,Home,2,True,True,la-liga,2014,Villarreal
2015-02-15,Vallecano,Away,0,True,True,la-liga,2014,Villarreal
2015-02-22,Eibar,Home,1,True,True,la-liga,2014,Villarreal
2015-03-01,Real Madrid,Away,1,True,True,la-liga,2014,Villarreal
2015-03-08,Celta,Home,4,True,True,la-liga,2014,Villarreal
2015-03-15,Almeria,Away,0,True,True,la-liga,2014,Villarreal
2015-03-22,Sevilla,Home,0,True,True,la-liga,2014,Villarreal
2015-04-05,Valencia,Away,0,True,True,la-liga,2014,Villarreal
2015-04-09,Espanol,Home,0,True,True,la-liga,2014,Villarreal
2015-04-12,Getafe,Away,1,True,True,la-liga,2014,Villarreal
2015-04-19,Cordoba,Home,0,True,True,la-liga,2014,Villarreal
2015-04-25,Sociedad,Away,0,True,True,la-liga,2014,Villarreal
2015-04-29,Ath Madrid,Home,0,True,True,la-liga,2014,Villarreal
2015-05-02,La Coruna,Away,1,True,True,la-liga,2014,Villarreal
2015-05-10,Elche,Home,1,True,True,la-liga,2014,Villarreal
2015-05-17,Malaga,Home,2,True,True,la-liga,2014,Villarreal
2015-05-23,Ath Bilbao,Away,0,True,True,la-liga,2014,Villarreal
2015-08-23,Barcelona,Home,0,True,True,la-liga,2015,Ath Bilbao
2015-08-30,Eibar,Away,0,True,True,la-liga,2015,Ath Bilbao
2015-09-13,Getafe,Home,3,True,True,la-liga,2015,Ath Bilbao
2015-09-20,Villarreal,Away,1,True,True,la-liga,2015,Ath Bilbao
2015-09-23,Real Madrid,Home,1,True,True,la-liga,2015,Ath Bilbao
2015-09-27,Sociedad,Away,0,True,True,la-liga,2015,Ath Bilbao
2015-10-04,Valencia,Home,3,True,True,la-liga,2015,Ath Bilbao
2015-10-18,La Coruna,Away,2,True,True,la-liga,2015,Ath Bilbao
2015-10-26,Sp Gijon,Home,3,True,True,la-liga,2015,Ath Bilbao
2015-11-01,Betis,Away,3,True,True,la-liga,2015,Ath Bilbao
2015-11-08,Espanol,Home,2,True,True,la-liga,2015,Ath Bilbao
2015-11-22,Granada,Away,0,False,False,la-liga,2015,Ath Bilbao
2015-11-29,Vallecano,Away,3,True,True,la-liga,2015,Ath Bilbao
2015-12-06,Malaga,Home,0,True,True,la-liga,2015,Ath Bilbao
2015-12-13,Ath Madrid,Away,1,True,True,la-liga,2015,Ath Bilbao
2015-12-20,Levante,Home,2,True,True,la-liga,2015,Ath Bilbao
2015-12-30,Celta,Away,1,True,True,la-liga,2015,Ath Bilbao
2016-01-03,Las Palmas,Home,2,True,True,la-liga,2015,Ath Bilbao
2016-01-09,Sevilla,Away,0,True,True,la-liga,2015,Ath Bilbao
2016-01-17,Barcelona,Away,0,True,True,la-liga,2015,Ath Bilbao
2016-01-24,Eibar,Home,5,True,True,la-liga,2015,Ath Bilbao
2016-01-30,Getafe,Away,1,True,True,la-liga,2015,Ath Bilbao
2016-02-06,Villarreal,Home,0,True,True,la-liga,2015,Ath Bilbao
2016-02-13,Real Madrid,Away,2,True,True,la-liga,2015,Ath Bilbao
2016-02-21,Sociedad,Home,0,True,True,la-liga,2015,Ath Bilbao
2016-02-28,Valencia,Away,3,True,True,la-liga,2015,Ath Bilbao
2016-03-02,La Coruna,Home,4,True,True,la-liga,2015,Ath Bilbao
2016-03-06,Sp Gijon,Away,2,True,True,la-liga,2015,Ath Bilbao
2016-03-13,Betis,Home,3,True,True,la-liga,2015,Ath Bilbao
2016-03-20,Espanol,Away,1,True,True,la-liga,2015,Ath Bilbao
2016-04-03,Granada,Home,1,True,True,la-liga,2015,Ath Bilbao
2016-04-10,Vallecano,Home,1,True,True,la-liga,2015,Ath Bilbao
2016-04-17,Malaga,Away,1,True,True,la-liga,2015,Ath Bilbao
2016-04-20,Ath Madrid,Home,0,True,True,la-liga,2015,Ath Bilbao
2016-04-24,Levante,Away,2,True,True,la-liga,2015,Ath Bilbao
2016-05-01,Celta,Home,2,True,True,la-liga,2015,Ath Bilbao
2016-05-08,Las Palmas,Away,0,True,True,la-liga,2015,Ath Bilbao
2016-05-14,Sevilla,Home,3,True,True,la-liga,2015,Ath Bilbao
2015-08-22,Las Palmas,Home,1,True,True,la-liga,2015,Ath Madrid
2015-08-30,Sevilla,Away,3,True,True,la-liga,2015,Ath Madrid
2015-09-12,Barcelona,Home,1,True,True,la-liga,2015,Ath Madrid
2015-09-19,Eibar,Away,2,True,True,la-liga,2015,Ath Madrid
2015-09-22,Getafe,Home,2,True,True,la-liga,2015,Ath Madrid
2015-09-26,Villarreal,Away,0,True,True,la-liga,2015,Ath Madrid
2015-10-04,Real Madrid,Home,1,True,True,la-liga,2015,Ath Madrid
2015-10-18,Sociedad,Away,2,True,True,la-liga,2015,Ath Madrid
2015-10-25,Valencia,Home,2,True,True,la-liga,2015,Ath Madrid
2015-10-30,La Coruna,Away,1,True,True,la-liga,2015,Ath Madrid
2015-11-08,Sp Gijon,Home,1,True,True,la-liga,2015,Ath Madrid
2015-11-22,Betis,Away,1,True,True,la-liga,2015,Ath Madrid
2015-11-28,Espanol,Home,1,True,True,la-liga,2015,Ath Madrid
2015-12-05,Granada,Away,2,True,True,la-liga,2015,Ath Madrid
2015-12-13,Ath Bilbao,Home,2,True,True,la-liga,2015,Ath Madrid
2015-12-20,Malaga,Away,0,True,True,la-liga,2015,Ath Madrid
2015-12-30,Vallecano,Away,2,True,True,la-liga,2015,Ath Madrid
2016-01-02,Levante,Home,1,True,True,la-liga,2015,Ath Madrid
2016-01-10,Celta,Away,2,True,True,la-liga,2015,Ath Madrid
2016-01-17,Las Palmas,Away,3,True,True,la-liga,2015,Ath Madrid
2016-01-24,Sevilla,Home,0,True,True,la-liga,2015,Ath Madrid
2016-01-30,Barcelona,Away,1,True,True,la-liga,2015,Ath Madrid
2016-02-06,Eibar,Home,3,True,True,la-liga,2015,Ath Madrid
2016-02-14,Getafe,Away,1,True,True,la-liga,2015,Ath Madrid
2016-02-21,Villarreal,Home,0,True,True,la-liga,2015,Ath Madrid
2016-02-27,Real Madrid,Away,1,True,True,la-liga,2015,Ath Madrid
2016-03-01,Sociedad,Home,3,True,True,la-liga,2015,Ath Madrid
2016-03-06,Valencia,Away,3,True,True,la-liga,2015,Ath Madrid
2016-03-12,La Coruna,Home,3,True,True,la-liga,2015,Ath Madrid
2016-03-19,Sp Gijon,Away,1,True,True,la-liga,2015,Ath Madrid
2016-04-02,Betis,Home,5,True,True,la-liga,2015,Ath Madrid
2016-04-09,Espanol,Away,3,True,True,la-liga,2015,Ath Madrid
2016-04-17,Granada,Home,3,True,True,la-liga,2015,Ath Madrid
2016-04-20,Ath Bilbao,Away,1,True,True,la-liga,2015,Ath Madrid
2016-04-23,Malaga,Home,1,True,True,la-liga,2015,Ath Madrid
2016-04-30,Vallecano,Home,1,True,True,la-liga,2015,Ath Madrid
2016-05-08,Levante,Away,1,True,True,la-liga,2015,Ath Madrid
2016-05-14,Celta,Home,2,True,True,la-liga,2015,Ath Madrid
2015-08-23,Ath Bilbao,Away,1,True,True,la-liga,2015,Barcelona
2015-08-29,Malaga,Home,1,True,True,la-liga,2015,Barcelona
2015-09-12,Ath Madrid,Away,2,True,True,la-liga,2015,Barcelona
2015-09-20,Levante,Home,4,True,True,la-liga,2015,Barcelona
2015-09-23,Celta,Away,1,True,True,la-liga,2015,Barcelona
2015-09-26,Las Palmas,Home,2,True,True,la-liga,2015,Barcelona
2015-10-03,Sevilla,Away,1,True,True,la-liga,2015,Barcelona
2015-10-17,Vallecano,Home,5,True,True,la-liga,2015,Barcelona
2015-10-25,Eibar,Home,3,True,True,la-liga,2015,Barcelona
2015-10-31,Getafe,Away,2,True,True,la-liga,2015,Barcelona
2015-11-08,Villarreal,Home,3,True,True,la-liga,2015,Barcelona
2015-11-21,Real Madrid,Away,4,True,True,la-liga,2015,Barcelona
2015-11-28,Sociedad,Home,4,True,True,la-liga,2015,Barcelona
2015-12-05,Valencia,Away,1,True,True,la-liga,2015,Barcelona
2015-12-12,La Coruna,Home,2,True,True,la-liga,2015,Barcelona
2015-12-30,Betis,Home,4,True,True,la-liga,2015,Barcelona
2016-01-02,Espanol,Away,0,True,True,la-liga,2015,Barcelona
2016-01-09,Granada,Home,4,True,True,la-liga,2015,Barcelona
2016-01-17,Ath Bilbao,Home,6,True,True,la-liga,2015,Barcelona
2016-01-23,Malaga,Away,2,True,True,la-liga,2015,Barcelona
2016-01-30,Ath Madrid,Home,2,True,True,la-liga,2015,Barcelona
2016-02-07,Levante,Away,2,True,True,la-liga,2015,Barcelona
2016-02-14,Celta,Home,6,True,True,la-liga,2015,Barcelona
2016-02-17,Sp Gijon,Away,3,True,True,la-liga,2015,Barcelona
2016-02-20,Las Palmas,Away,2,True,True,la-liga,2015,Barcelona
2016-02-28,Sevilla,Home,2,True,True,la-liga,2015,Barcelona
2016-03-03,Vallecano,Away,5,True,True,la-liga,2015,Barcelona
2016-03-06,Eibar,Away,4,True,True,la-liga,2015,Barcelona
2016-03-12,Getafe,Home,6,True,True,la-liga,2015,Barcelona
2016-03-20,Villarreal,Away,2,True,True,la-liga,2015,Barcelona
2016-04-02,Real Madrid,Home,1,True,True,la-liga,2015,Barcelona
2016-04-09,Sociedad,Away,0,True,True,la-liga,2015,Barcelona
2016-04-17,Valencia,Home,1,True,True,la-liga,2015,Barcelona
2016-04-20,La Coruna,Away,8,True,True,la-liga,2015,Barcelona
2016-04-23,Sp Gijon,Home,6,True,True,la-liga,2015,Barcelona
2016-04-30,Betis,Away,2,True,True,la-liga,2015,Barcelona
2016-05-08,Espanol,Home,5,True,True,la-liga,2015,Barcelona
2016-05-14,Granada,Away,3,True,True,la-liga,2015,Barcelona
2015-08-23,Villarreal,Home,1,True,True,la-liga,2015,Betis
2015-08-29,Real Madrid,Away,0,True,True,la-liga,2015,Betis
2015-09-12,Sociedad,Home,1,True,True,la-liga,2015,Betis
2015-09-19,Valencia,Away,0,True,True,la-liga,2015,Betis
2015-09-24,La Coruna,Home,1,True,True,la-liga,2015,Betis
2015-09-27,Sp Gijon,Away,2,True,True,la-liga,2015,Betis
2015-10-04,Vallecano,Away,2,True,True,la-liga,2015,Betis
2015-10-17,Espanol,Home,1,True,True,la-liga,2015,Betis
2015-10-24,Granada,Away,1,True,True,la-liga,2015,Betis
2015-11-01,Ath Bilbao,Home,1,True,True,la-liga,2015,Betis
2015-11-07,Malaga,Away,1,True,True,la-liga,2015,Betis
2015-11-22,Ath Madrid,Home,0,True,True,la-liga,2015,Betis
2015-11-27,Levante,Away,1,True,True,la-liga,2015,Betis
2015-12-05,Celta,Home,1,True,True,la-liga,2015,Betis
2015-12-12,Las Palmas,Away,0,True,True,la-liga,2015,Betis
2015-12-19,Sevilla,Home,0,True,True,la-liga,2015,Betis
2015-12-30,Barcelona,Away,0,True,True,la-liga,2015,Betis
2016-01-03,Eibar,Home,0,True,True,la-liga,2015,Betis
2016-01-09,Getafe,Away,0,True,True,la-liga,2015,Betis
2016-01-16,Villarreal,Away,0,True,True,la-liga,2015,Betis
2016-01-24,Real Madrid,Home,1,True,True,la-liga,2015,Betis
2016-01-30,Sociedad,Away,1,True,True,la-liga,2015,Betis
2016-02-07,Valencia,Home,1,True,True,la-liga,2015,Betis
2016-02-13,La Coruna,Away,2,True,True,la-liga,2015,Betis
2016-02-20,Sp Gijon,Home,1,True,True,la-liga,2015,Betis
2016-02-27,Vallecano,Home,2,True,True,la-liga,2015,Betis
2016-03-03,Espanol,Away,3,True,True,la-liga,2015,Betis
2016-03-06,Granada,Home,2,True,True,la-liga,2015,Betis
2016-03-13,Ath Bilbao,Away,1,True,True,la-liga,2015,Betis
2016-03-19,Malaga,Home,0,True,True,la-liga,2015,Betis
2016-04-02,Ath Madrid,Away,1,True,True,la-liga,2015,Betis
2016-04-09,Levante,Home,1,True,True,la-liga,2015,Betis
2016-04-16,Celta,Away,1,True,True,la-liga,2015,Betis
2016-04-19,Las Palmas,Home,1,True,True,la-liga,2015,Betis
2016-04-24,Sevilla,Away,0,True,True,la-liga,2015,Betis
2016-04-30,Barcelona,Home,0,True,True,la-liga,2015,Betis
2016-05-08,Eibar,Away,1,True,True,la-liga,2015,Betis
2016-05-15,Getafe,Home,2,True,True,la-liga,2015,Betis
2015-08-24,Granada,Away,3,False,False,la-liga,2015,Eibar
2015-08-30,Ath Bilbao,Home,2,False,False,la-liga,2015,Eibar
2015-09-13,Malaga,Away,0,False,False,la-liga,2015,Eibar
2015-09-19,Ath Madrid,Home,0,False,False,la-liga,2015,Eibar
2015-09-23,Levante,Away,2,False,False,la-liga,2015,Eibar
2015-09-26,Celta,Home,1,False,False,la-liga,2015,Eibar
2015-10-03,Las Palmas,Away,2,False,False,la-liga,2015,Eibar
2015-10-17,Sevilla,Home,1,False,False,la-liga,2015,Eibar
2015-10-25,Barcelona,Away,1,False,False,la-liga,2015,Eibar
2015-11-01,Vallecano,Home,1,False,False,la-liga,2015,Eibar
2015-11-07,Getafe,Home,3,False,False,la-liga,2015,Eibar
2015-11-22,Villarreal,Away,1,False,False,la-liga,2015,Eibar
2015-11-29,Real Madrid,Home,0,False,False,la-liga,2015,Eibar
2015-12-06,Sociedad,Away,1,False,False,la-liga,2015,Eibar
2015-12-13,Valencia,Home,1,False,False,la-liga,2015,Eibar
2015-12-19,La Coruna,Away,0,False,False,la-liga,2015,Eibar
2015-12-30,Sp Gijon,Home,2,False,False,la-liga,2015,Eibar
2016-01-03,Betis,Away,4,False,False,la-liga,2015,Eibar
2016-01-10,Espanol,Home,2,False,False,la-liga,2015,Eibar
2016-01-18,Granada,Home,5,False,False,la-liga,2015,Eibar
2016-01-24,Ath Bilbao,Away,2,False,False,la-liga,2015,Eibar
2016-01-30,Malaga,Home,1,False,False,la-liga,2015,Eibar
2016-02-06,Ath Madrid,Away,1,False,False,la-liga,2015,Eibar
2016-02-14,Levante,Home,2,False,False,la-liga,2015,Eibar
2016-02-20,Celta,Away,2,False,False,la-liga,2015,Eibar
2016-02-26,Las Palmas,Home,0,False,False,la-liga,2015,Eibar
2016-03-02,Sevilla,Away,0,False,False,la-liga,2015,Eibar
2016-03-06,Barcelona,Home,0,False,False,la-liga,2015,Eibar
2016-03-12,Vallecano,Away,1,False,False,la-liga,2015,Eibar
2016-03-18,Getafe,Away,1,False,False,la-liga,2015,Eibar
2016-04-03,Villarreal,Home,1,False,False,la-liga,2015,Eibar
2016-04-09,Real Madrid,Away,0,False,False,la-liga,2015,Eibar
2016-04-16,Sociedad,Home,2,False,False,la-liga,2015,Eibar
2016-04-20,Valencia,Away,0,False,False,la-liga,2015,Eibar
2016-04-23,La Coruna,Home,1,False,False,la-liga,2015,Eibar
2016-04-29,Sp Gijon,Away,0,False,False,la-liga,2015,Eibar
2016-05-08,Betis,Home,1,False,False,la-liga,2015,Eibar
2016-05-15,Espanol,Away,2,False,False,la-liga,2015,Eibar
2015-08-22,Getafe,Home,1,True,True,la-liga,2015,Espanol
2015-08-28,Villarreal,Away,1,True,True,la-liga,2015,Espanol
2015-09-12,Real Madrid,Home,0,True,True,la-liga,2015,Espanol
2015-09-19,Sociedad,Away,3,True,True,la-liga,2015,Espanol
2015-09-22,Valencia,Home,1,True,True,la-liga,2015,Espanol
2015-09-27,La Coruna,Away,0,True,True,la-liga,2015,Espanol
2015-10-03,Sp Gijon,Home,1,True,True,la-liga,2015,Espanol
2015-10-17,Betis,Away,3,True,True,la-liga,2015,Espanol
2015-10-23,Vallecano,Away,0,True,True,la-liga,2015,Espanol
2015-11-01,Granada,Home,1,True,True,la-liga,2015,Espanol
2015-11-08,Ath Bilbao,Away,1,True,True,la-liga,2015,Espanol
2015-11-21,Malaga,Home,2,True,True,la-liga,2015,Espanol
2015-11-28,Ath Madrid,Away,0,True,True,la-liga,2015,Espanol
2015-12-07,Levante,Home,1,True,False,la-liga,2015,Espanol
2015-12-12,Celta,Away,0,True,True,la-liga,2015,Espanol
2015-12-19,Las Palmas,Home,1,True,True,la-liga,2015,Espanol
2015-12-30,Sevilla,Away,0,True,True,la-liga,2015,Espanol
2016-01-02,Barcelona,Home,0,True,True,la-liga,2015,Espanol
2016-01-10,Eibar,Away,1,True,True,la-liga,2015,Espanol
2016-01-17,Getafe,Away,1,True,True,la-liga,2015,Espanol
2016-01-23,Villarreal,Home,2,True,True,la-liga,2015,Espanol
2016-01-31,Real Madrid,Away,0,True,True,la-liga,2015,Espanol
2016-02-08,Sociedad,Home,0,True,True,la-liga,2015,Espanol
2016-02-13,Valencia,Away,1,True,True,la-liga,2015,Espanol
2016-02-20,La Coruna,Home,1,True,True,la-liga,2015,Espanol
2016-02-27,Sp Gijon,Away,4,True,True,la-liga,2015,Espanol
2016-03-03,Betis,Home,0,True,True,la-liga,2015,Espanol
2016-03-07,Vallecano,Home,2,True,True,la-liga,2015,Espanol
2016-03-14,Granada,Away,1,True,True,la-liga,2015,Espanol
2016-03-20,Ath Bilbao,Home,2,True,True,la-liga,2015,Espanol
2016-04-03,Malaga,Away,1,True,True,la-liga,2015,Espanol
2016-04-09,Ath Madrid,Home,1,True,True,la-liga,2015,Espanol
2016-04-15,Levante,Away,1,False,False,la-liga,2015,Espanol
2016-04-19,Celta,Home,1,True,True,la-liga,2015,Espanol
2016-04-22,Las Palmas,Away,0,True,True,la-liga,2015,Espanol
2016-05-01,Sevilla,Home,1,True,True,la-liga,2015,Espanol
2016-05-08,Barcelona,Away,0,True,True,la-liga,2015,Espanol
2016-05-15,Eibar,Home,4,True,False,la-liga,2015,Espanol
2015-08-22,Espanol,Away,0,True,True,la-liga,2015,Getafe
2015-08-30,Granada,Home,1,False,False,la-liga,2015,Getafe
2015-09-13,Ath Bilbao,Away,1,True,True,la-liga,2015,Getafe
2015-09-18,Malaga,Home,1,True,True,la-liga,2015,Getafe
2015-09-22,Ath Madrid,Away,0,True,True,la-liga,2015,Getafe
2015-09-27,Levante,Home,3,True,True,la-liga,2015,Getafe
2015-10-02,Celta,Away,0,True,True,la-liga,2015,Getafe
2015-10-18,Las Palmas,Home,4,True,True,la-liga,2015,Getafe
2015-10-24,Sevilla,Away,0,True,True,la-liga,2015,Getafe
2015-10-31,Barcelona,Home,0,True,True,la-liga,2015,Getafe
2015-11-07,Eibar,Away,1,True,True,la-liga,2015,Getafe
2015-11-23,Vallecano,Home,1,True,False,la-liga,2015,Getafe
2015-11-29,Villarreal,Home,2,True,True,la-liga,2015,Getafe
2015-12-05,Real Madrid,Away,1,True,True,la-liga,2015,Getafe
2015-12-11,Sociedad,Home,1,True,True,la-liga,2015,Getafe
2015-12-19,Valencia,Away,2,True,True,la-liga,2015,Getafe
2015-12-30,La Coruna,Home,0,True,True,la-liga,2015,Getafe
2016-01-04,Sp Gijon,Away,2,True,True,la-liga,2015,Getafe
2016-01-09,Betis,Home,1,True,True,la-liga,2015,Getafe
2016-01-17,Espanol,Home,3,True,True,la-liga,2015,Getafe
2016-01-23,Granada,Away,2,True,True,la-liga,2015,Getafe
2016-01-30,Ath Bilbao,Home,0,True,True,la-liga,2015,Getafe
2016-02-05,Malaga,Away,0,True,True,la-liga,2015,Getafe
2016-02-14,Ath Madrid,Home,0,True,True,la-liga,2015,Getafe
2016-02-19,Levante,Away,0,False,False,la-liga,2015,Getafe
2016-02-27,Celta,Home,0,True,True,la-liga,2015,Getafe
2016-03-01,Las Palmas,Away,0,True,True,la-liga,2015,Getafe
2016-03-05,Sevilla,Home,1,True,True,la-liga,2015,Getafe
2016-03-12,Barcelona,Away,0,True,True,la-liga,2015,Getafe
2016-03-18,Eibar,Home,1,True,True,la-liga,2015,Getafe
2016-04-01,Vallecano,Away,0,False,False,la-liga,2015,Getafe
2016-04-10,Villarreal,Away,0,True,True,la-liga,2015,Getafe
2016-04-16,Real Madrid,Home,1,True,True,la-liga,2015,Getafe
2016-04-21,Sociedad,Away,2,True,True,la-liga,2015,Getafe
2016-04-24,Valencia,Home,2,True,True,la-liga,2015,Getafe
2016-05-01,La Coruna,Away,2,True,True,la-liga,2015,Getafe
2016-05-08,Sp Gijon,Home,1,True,True,la-liga,2015,Getafe
2016-05-15,Betis,Away,1,True,True,la-liga,2015,Getafe
2015-08-24,Eibar,Home,1,True,True,la-liga,2015,Granada
2015-08-30,Getafe,Away,2,False,False,la-liga,2015,Granada
2015-09-13,Villarreal,Home,1,True,True,la-liga,2015,Granada
2015-09-19,Real Madrid,Away,0,True,True,la-liga,2015,Granada
2015-09-22,Sociedad,Home,0,True,True,la-liga,2015,Granada
2015-09-25,Valencia,Away,0,True,True,la-liga,2015,Granada
2015-10-03,La Coruna,Home,1,True,True,la-liga,2015,Granada
2015-10-19,Sp Gijon,Away,3,True,True,la-liga,2015,Granada
2015-10-24,Betis,Home,1,True,True,la-liga,2015,Granada
2015-11-01,Espanol,Away,1,True,True,la-liga,2015,Granada
2015-11-07,Vallecano,Away,1,True,True,la-liga,2015,Granada
2015-11-22,Ath Bilbao,Home,2,False,False,la-liga,2015,Granada
2015-11-28,Malaga,Away,2,True,True,la-liga,2015,Granada
2015-12-05,Ath Madrid,Home,0,True,True,la-liga,2015,Granada
2015-12-12,Levante,Away,2,True,True,la-liga,2015,Granada
2015-12-20,Celta,Home,0,True,True,la-liga,2015,Granada
2015-12-30,Las Palmas,Away,1,True,True,la-liga,2015,Granada
2016-01-03,Sevilla,Home,2,True,True,la-liga,2015,Granada
2016-01-09,Barcelona,Away,0,True,True,la-liga,2015,Granada
2016-01-18,Eibar,Away,1,True,True,la-liga,2015,Granada
2016-01-23,Getafe,Home,3,True,True,la-liga,2015,Granada
2016-01-30,Villarreal,Away,0,True,True,la-liga,2015,Granada
2016-02-07,Real Madrid,Home,1,True,True,la-liga,2015,Granada
2016-02-14,Sociedad,Away,0,True,True,la-liga,2015,Granada
2016-02-21,Valencia,Home,1,True,True,la-liga,2015,Granada
2016-02-28,La Coruna,Away,1,True,True,la-liga,2015,Granada
2016-03-03,Sp Gijon,Home,2,True,True,la-liga,2015,Granada
2016-03-06,Betis,Away,0,False,False,la-liga,2015,Granada
2016-03-14,Espanol,Home,1,True,True,la-liga,2015,Granada
2016-03-19,Vallecano,Home,2,True,True,la-liga,2015,Granada
2016-04-03,Ath Bilbao,Away,1,True,True,la-liga,2015,Granada
2016-04-08,Malaga,Home,0,True,True,la-liga,2015,Granada
2016-04-17,Ath Madrid,Away,0,True,True,la-liga,2015,Granada
2016-04-21,Levante,Home,5,True,True,la-liga,2015,Granada
2016-04-25,Celta,Away,1,True,True,la-liga,2015,Granada
2016-04-30,Las Palmas,Home,3,True,True,la-liga,2015,Granada
2016-05-08,Sevilla,Away,4,True,True,la-liga,2015,Granada
2016-05-14,Barcelona,Home,0,True,True,la-liga,2015,Granada
2015-08-22,Sociedad,Home,0,True,True,la-liga,2015,La Coruna
2015-08-30,Valencia,Away,1,True,True,la-liga,2015,La Coruna
2015-09-14,Vallecano,Away,3,True,True,la-liga,2015,La Coruna
2015-09-20,Sp Gijon,Home,2,True,True,la-liga,2015,La Coruna
2015-09-24,Betis,Away,2,True,True,la-liga,2015,La Coruna
2015-09-27,Espanol,Home,3,True,True,la-liga,2015,La Coruna
2015-10-03,Granada,Away,1,True,True,la-liga,2015,La Coruna
2015-10-18,Ath Bilbao,Home,2,True,True,la-liga,2015,La Coruna
2015-10-24,Malaga,Away,0,True,True,la-liga,2015,La Coruna
2015-10-30,Ath Madrid,Home,1,True,True,la-liga,2015,La Coruna
2015-11-07,Levante,Away,1,True,True,la-liga,2015,La Coruna
2015-11-21,Celta,Home,2,True,False,la-liga,2015,La Coruna
2015-11-28,Las Palmas,Away,2,True,True,la-liga,2015,La Coruna
2015-12-05,Sevilla,Home,1,False,False,la-liga,2015,La Coruna
2015-12-12,Barcelona,Away,2,True,True,la-liga,2015,La Coruna
2015-12-19,Eibar,Home,2,True,True,la-liga,2015,La Coruna
2015-12-30,Getafe,Away,0,True,True,la-liga,2015,La Coruna
2016-01-03,Villarreal,Home,1,True,True,la-liga,2015,La Coruna
2016-01-09,Real Madrid,Away,0,True,True,la-liga,2015,La Coruna
2016-01-16,Sociedad,Away,1,True,True,la-liga,2015,La Coruna
2016-01-24,Valencia,Home,1,True,True,la-liga,2015,La Coruna
2016-02-01,Vallecano,Home,2,True,True,la-liga,2015,La Coruna
2016-02-06,Sp Gijon,Away,1,True,True,la-liga,2015,La Coruna
2016-02-13,Betis,Home,2,True,True,la-liga,2015,La Coruna
2016-02-20,Espanol,Away,0,True,True,la-liga,2015,La Coruna
2016-02-28,Granada,Home,0,True,True,la-liga,2015,La Coruna
2016-03-02,Ath Bilbao,Away,1,True,True,la-liga,2015,La Coruna
2016-03-05,Malaga,Home,3,True,True,la-liga,2015,La Coruna
2016-03-12,Ath Madrid,Away,0,True,True,la-liga,2015,La Coruna
2016-03-19,Levante,Home,2,True,True,la-liga,2015,La Coruna
2016-04-02,Celta,Away,1,True,True,la-liga,2015,La Coruna
2016-04-11,Las Palmas,Home,1,True,True,la-liga,2015,La Coruna
2016-04-17,Sevilla,Away,1,True,True,la-liga,2015,La Coruna
2016-04-20,Barcelona,Home,0,True,True,la-liga,2015,La Coruna
2016-04-23,Eibar,Away,1,True,True,la-liga,2015,La Coruna
2016-05-01,Getafe,Home,0,True,True,la-liga,2015,La Coruna
2016-05-08,Villarreal,Away,2,True,True,la-liga,2015,La Coruna
2016-05-14,Real Madrid,Home,0,True,True,la-liga,2015,La Coruna
2015-08-22,Ath Madrid,Away,0,True,True,la-liga,2015,Las Palmas
2015-08-30,Levante,Home,0,True,True,la-liga,2015,Las Palmas
2015-09-13,Celta,Away,3,True,True,la-liga,2015,Las Palmas
2015-09-20,Vallecano,Home,0,True,True,la-liga,2015,Las Palmas
2015-09-23,Sevilla,Home,2,True,True,la-liga,2015,Las Palmas
2015-09-26,Barcelona,Away,1,True,True,la-liga,2015,Las Palmas
2015-10-03,Eibar,Home,0,True,True,la-liga,2015,Las Palmas
2015-10-18,Getafe,Away,0,True,True,la-liga,2015,Las Palmas
2015-10-25,Villarreal,Home,0,True,True,la-liga,2015,Las Palmas
2015-10-31,Real Madrid,Away,1,True,True,la-liga,2015,Las Palmas
2015-11-06,Sociedad,Home,2,True,True,la-liga,2015,Las Palmas
2015-11-21,Valencia,Away,1,True,True,la-liga,2015,Las Palmas
2015-11-28,La Coruna,Home,0,True,True,la-liga,2015,Las Palmas
2015-12-06,Sp Gijon,Away,1,True,True,la-liga,2015,Las Palmas
2015-12-12,Betis,Home,1,True,True,la-liga,2015,Las Palmas
2015-12-19,Espanol,Away,0,True,True,la-liga,2015,Las Palmas
2015-12-30,Granada,Home,4,True,False,la-liga,2015,Las Palmas
2016-01-03,Ath Bilbao,Away,2,True,True,la-liga,2015,Las Palmas
2016-01-10,Malaga,Home,1,True,True,la-liga,2015,Las Palmas
2016-01-17,Ath Madrid,Home,0,True,True,la-liga,2015,Las Palmas
2016-01-25,Levante,Away,2,True,True,la-liga,2015,Las Palmas
2016-01-31,Celta,Home,2,True,True,la-liga,2015,Las Palmas
2016-02-06,Vallecano,Away,0,True,True,la-liga,2015,Las Palmas
2016-02-14,Sevilla,Away,0,True,True,la-liga,2015,Las Palmas
2016-02-20,Barcelona,Home,1,True,True,la-liga,2015,Las Palmas
2016-02-26,Eibar,Away,1,True,True,la-liga,2015,Las Palmas
2016-03-01,Getafe,Home,4,True,True,la-liga,2015,Las Palmas
2016-03-05,Villarreal,Away,1,True,True,la-liga,2015,Las Palmas
2016-03-13,Real Madrid,Home,1,True,True,la-liga,2015,Las Palmas
2016-03-19,Sociedad,Away,1,True,True,la-liga,2015,Las Palmas
2016-04-02,Valencia,Home,2,True,True,la-liga,2015,Las Palmas
2016-04-11,La Coruna,Away,3,True,True,la-liga,2015,Las Palmas
2016-04-16,Sp Gijon,Home,1,True,True,la-liga,2015,Las Palmas
2016-04-19,Betis,Away,0,True,True,la-liga,2015,Las Palmas
2016-04-22,Espanol,Home,4,True,True,la-liga,2015,Las Palmas
2016-04-30,Granada,Away,2,True,True,la-liga,2015,Las Palmas
2016-05-08,Ath Bilbao,Home,0,True,True,la-liga,2015,Las Palmas
2016-05-15,Malaga,Away,1,True,True,la-liga,2015,Las Palmas
2015-08-23,Celta,Home,1,True,True,la-liga,2015,Levante
2015-08-30,Las Palmas,Away,0,False,False,la-liga,2015,Levante
2015-09-11,Sevilla,Home,1,True,True,la-liga,2015,Levante
2015-09-20,Barcelona,Away,1,True,True,la-liga,2015,Levante
2015-09-23,Eibar,Home,2,True,True,la-liga,2015,Levante
2015-09-27,Getafe,Away,0,True,True,la-liga,2015,Levante
2015-10-04,Villarreal,Home,1,True,True,la-liga,2015,Levante
2015-10-17,Real Madrid,Away,0,True,True,la-liga,2015,Levante
2015-10-25,Sociedad,Home,0,True,True,la-liga,2015,Levante
2015-10-31,Valencia,Away,0,True,True,la-liga,2015,Levante
2015-11-07,La Coruna,Home,1,True,True,la-liga,2015,Levante
2015-11-22,Sp Gijon,Away,3,True,True,la-liga,2015,Levante
2015-11-27,Betis,Home,0,True,True,la-liga,2015,Levante
2015-12-07,Espanol,Away,1,True,True,la-liga,2015,Levante
2015-12-12,Granada,Home,1,True,True,la-liga,2015,Levante
2015-12-20,Ath Bilbao,Away,0,True,True,la-liga,2015,Levante
2015-12-30,Malaga,Home,0,True,True,la-liga,2015,Levante
2016-01-02,Ath Madrid,Away,0,True,True,la-liga,2015,Levante
2016-01-09,Vallecano,Home,2,True,True,la-liga,2015,Levante
2016-01-16,Celta,Away,3,True,True,la-liga,2015,Levante
2016-01-25,Las Palmas,Home,3,True,True,la-liga,2015,Levante
2016-01-31,Sevilla,Away,1,True,True,la-liga,2015,Levante
2016-02-07,Barcelona,Home,0,True,True,la-liga,2015,Levante
2016-02-14,Eibar,Away,0,True,True,la-liga,2015,Levante
2016-02-19,Getafe,Home,3,False,False,la-liga,2015,Levante
2016-02-28,Villarreal,Away,0,True,True,la-liga,2015,Levante
2016-03-02,Real Madrid,Home,1,True,True,la-liga,2015,Levante
2016-03-06,Sociedad,Away,1,True,True,la-liga,2015,Levante
2016-03-13,Valencia,Home,1,True,True,la-liga,2015,Levante
2016-03-19,La Coruna,Away,1,True,True,la-liga,2015,Levante
2016-04-04,Sp Gijon,Home,0,True,True,la-liga,2015,Levante
2016-04-09,Betis,Away,0,True,True,la-liga,2015,Levante
2016-04-15,Espanol,Home,2,False,False,la-liga,2015,Levante
2016-04-21,Granada,Away,1,True,False,la-liga,2015,Levante
2016-04-24,Ath Bilbao,Home,2,True,True,la-liga,2015,Levante
2016-05-02,Malaga,Away,1,True,True,la-liga,2015,Levante
2016-05-08,Ath Madrid,Home,2,True,True,la-liga,2015,Levante
2016-05-15,Vallecano,Away,1,True,True,la-liga,2015,Levante
2015-08-21,Sevilla,Home,0,False,False,la-liga,2015,Malaga
2015-08-29,Barcelona,Away,0,True,True,la-liga,2015,Malaga
2015-09-13,Eibar,Home,0,True,True,la-liga,2015,Malaga
2015-09-18,Getafe,Away,0,True,True,la-liga,2015,Malaga
2015-09-23,Villarreal,Home,0,True,True,la-liga,2015,Malaga
2015-09-26,Real Madrid,Away,0,True,True,la-liga,2015,Malaga
2015-10-03,Sociedad,Home,3,True,True,la-liga,2015,Malaga
2015-10-17,Valencia,Away,0,True,True,la-liga,2015,Malaga
2015-10-24,La Coruna,Home,2,True,True,la-liga,2015,Malaga
2015-11-01,Sp Gijon,Away,0,True,True,la-liga,2015,Malaga
2015-11-07,Betis,Home,0,True,True,la-liga,2015,Malaga
2015-11-21,Espanol,Away,0,True,True,la-liga,2015,Malaga
2015-11-28,Granada,Home,2,True,True,la-liga,2015,Malaga
2015-12-06,Ath Bilbao,Away,0,True,True,la-liga,2015,Malaga
2015-12-13,Vallecano,Away,2,True,True,la-liga,2015,Malaga
2015-12-20,Ath Madrid,Home,1,True,True,la-liga,2015,Malaga
2015-12-30,Levante,Away,1,True,True,la-liga,2015,Malaga
2016-01-02,Celta,Home,2,True,True,la-liga,2015,Malaga
2016-01-10,Las Palmas,Away,1,True,True,la-liga,2015,Malaga
2016-01-16,Sevilla,Away,1,True,True,la-liga,2015,Malaga
2016-01-23,Barcelona,Home,1,True,True,la-liga,2015,Malaga
2016-01-30,Eibar,Away,2,True,True,la-liga,2015,Malaga
2016-02-05,Getafe,Home,3,True,True,la-liga,2015,Malaga
2016-02-13,Villarreal,Away,0,True,True,la-liga,2015,Malaga
2016-02-21,Real Madrid,Home,1,True,True,la-liga,2015,Malaga
2016-02-27,Sociedad,Away,1,True,True,la-liga,2015,Malaga
2016-03-02,Valencia,Home,1,True,True,la-liga,2015,Malaga
2016-03-05,La Coruna,Away,3,True,True,la-liga,2015,Malaga
2016-03-11,Sp Gijon,Home,1,True,True,la-liga,2015,Malaga
2016-03-19,Betis,Away,1,True,True,la-liga,2015,Malaga
2016-04-03,Espanol,Home,1,True,True,la-liga,2015,Malaga
2016-04-08,Granada,Away,0,True,True,la-liga,2015,Malaga
2016-04-17,Ath Bilbao,Home,0,True,True,la-liga,2015,Malaga
2016-04-20,Vallecano,Home,1,True,True,la-liga,2015,Malaga
2016-04-23,Ath Madrid,Away,0,True,True,la-liga,2015,Malaga
2016-05-02,Levante,Home,3,True,True,la-liga,2015,Malaga
2016-05-08,Celta,Away,0,True,True,la-liga,2015,Malaga
2016-05-15,Las Palmas,Home,4,True,True,la-liga,2015,Malaga
2015-08-23,Sp Gijon,Away,0,True,True,la-liga,2015,Real Madrid
2015-08-29,Betis,Home,5,True,True,la-liga,2015,Real Madrid
2015-09-12,Espanol,Away,6,True,True,la-liga,2015,Real Madrid
2015-09-19,Granada,Home,1,True,True,la-liga,2015,Real Madrid
2015-09-23,Ath Bilbao,Away,2,True,True,la-liga,2015,Real Madrid
2015-09-26,Malaga,Home,0,True,True,la-liga,2015,Real Madrid
2015-10-04,Ath Madrid,Away,1,True,True,la-liga,2015,Real Madrid
2015-10-17,Levante,Home,3,True,True,la-liga,2015,Real Madrid
2015-10-24,Celta,Away,3,True,True,la-liga,2015,Real Madrid
2015-10-31,Las Palmas,Home,3,True,True,la-liga,2015,Real Madrid
2015-11-08,Sevilla,Away,2,True,True,la-liga,2015,Real Madrid
2015-11-21,Barcelona,Home,0,True,True,la-liga,2015,Real Madrid
2015-11-29,Eibar,Away,2,True,True,la-liga,2015,Real Madrid
2015-12-05,Getafe,Home,4,True,True,la-liga,2015,Real Madrid
2015-12-13,Villarreal,Away,0,True,True,la-liga,2015,Real Madrid
2015-12-20,Vallecano,Home,10,True,True,la-liga,2015,Real Madrid
2015-12-30,Sociedad,Home,3,True,True,la-liga,2015,Real Madrid
2016-01-03,Valencia,Away,2,True,True,la-liga,2015,Real Madrid
2016-01-09,La Coruna,Home,5,True,True,la-liga,2015,Real Madrid
2016-01-17,Sp Gijon,Home,5,True,True,la-liga,2015,Real Madrid
2016-01-24,Betis,Away,1,True,True,la-liga,2015,Real Madrid
2016-01-31,Espanol,Home,6,True,True,la-liga,2015,Real Madrid
2016-02-07,Granada,Away,2,True,True,la-liga,2015,Real Madrid
2016-02-13,Ath Bilbao,Home,4,True,True,la-liga,2015,Real Madrid
2016-02-21,Malaga,Away,1,True,True,la-liga,2015,Real Madrid
2016-02-27,Ath Madrid,Home,0,True,True,la-liga,2015,Real Madrid
2016-03-02,Levante,Away,3,True,True,la-liga,2015,Real Madrid
2016-03-05,Celta,Home,7,True,True,la-liga,2015,Real Madrid
2016-03-13,Las Palmas,Away,2,True,True,la-liga,2015,Real Madrid
2016-03-20,Sevilla,Home,4,True,True,la-liga,2015,Real Madrid
2016-04-02,Barcelona,Away,2,True,True,la-liga,2015,Real Madrid
2016-04-09,Eibar,Home,4,True,True,la-liga,2015,Real Madrid
2016-04-16,Getafe,Away,5,True,True,la-liga,2015,Real Madrid
2016-04-20,Villarreal,Home,3,True,True,la-liga,2015,Real Madrid
2016-04-23,Vallecano,Away,3,True,True,la-liga,2015,Real Madrid
2016-04-30,Sociedad,Away,1,True,True,la-liga,2015,Real Madrid
2016-05-08,Valencia,Home,3,True,True,la-liga,2015,Real Madrid
2016-05-14,La Coruna,Away,2,True,True,la-liga,2015,Real Madrid
2015-08-21,Malaga,Away,0,True,True,la-liga,2015,Sevilla
2015-08-30,Ath Madrid,Home,0,True,True,la-liga,2015,Sevilla
2015-09-11,Levante,Away,1,True,True,la-liga,2015,Sevilla
2015-09-20,Celta,Home,1,True,True,la-liga,2015,Sevilla
2015-09-23,Las Palmas,Away,0,True,True,la-liga,2015,Sevilla
2015-09-26,Vallecano,Home,3,True,True,la-liga,2015,Sevilla
2015-10-03,Barcelona,Home,2,True,True,la-liga,2015,Sevilla
2015-10-17,Eibar,Away,1,True,True,la-liga,2015,Sevilla
2015-10-24,Getafe,Home,5,True,True,la-liga,2015,Sevilla
2015-10-31,Villarreal,Away,1,True,True,la-liga,2015,Sevilla
2015-11-08,Real Madrid,Home,3,True,True,la-liga,2015,Sevilla
2015-11-21,Sociedad,Away,0,True,True,la-liga,2015,Sevilla
2015-11-29,Valencia,Home,1,True,True,la-liga,2015,Sevilla
2015-12-05,La Coruna,Away,1,True,True,la-liga,2015,Sevilla
2015-12-12,Sp Gijon,Home,2,True,True,la-liga,2015,Sevilla
2015-12-19,Betis,Away,0,True,True,la-liga,2015,Sevilla
2015-12-30,Espanol,Home,2,True,True,la-liga,2015,Sevilla
2016-01-03,Granada,Away,1,True,True,la-liga,2015,Sevilla
2016-01-09,Ath Bilbao,Home,2,True,True,la-liga,2015,Sevilla
2016-01-16,Malaga,Home,2,True,True,la-liga,2015,Sevilla
2016-01-24,Ath Madrid,Away,0,True,True,la-liga,2015,Sevilla
2016-01-31,Levante,Home,3,True,True,la-liga,2015,Sevilla
2016-02-07,Celta,Away,1,True,True,la-liga,2015,Sevilla
2016-02-14,Las Palmas,Home,2,True,True,la-liga,2015,Sevilla
2016-02-21,Vallecano,Away,2,True,True,la-liga,2015,Sevilla
2016-02-28,Barcelona,Away,1,True,True,la-liga,2015,Sevilla
2016-03-02,Eibar,Home,1,True,True,la-liga,2015,Sevilla
2016-03-05,Getafe,Away,1,True,True,la-liga,2015,Sevilla
2016-03-13,Villarreal,Home,4,True,True,la-liga,2015,Sevilla
2016-03-20,Real Madrid,Away,0,True,True,la-liga,2015,Sevilla
2016-04-03,Sociedad,Home,1,True,True,la-liga,2015,Sevilla
2016-04-10,Valencia,Away,1,True,True,la-liga,2015,Sevilla
2016-04-17,La Coruna,Home,1,True,True,la-liga,2015,Sevilla
2016-04-20,Sp Gijon,Away,1,True,True,la-liga,2015,Sevilla
2016-04-24,Betis,Home,2,True,True,la-liga,2015,Sevilla
2016-05-01,Espanol,Away,0,True,True,la-liga,2015,Sevilla
2016-05-08,Granada,Home,1,True,True,la-liga,2015,Sevilla
2016-05-14,Ath Bilbao,Away,1,True,True,la-liga,2015,Sevilla
2015-08-22,La Coruna,Away,0,True,True,la-liga,2015,Sociedad
2015-08-29,Sp Gijon,Home,0,True,True,la-liga,2015,Sociedad
2015-09-12,Betis,Away,0,True,True,la-liga,2015,Sociedad
2015-09-19,Espanol,Home,2,True,True,la-liga,2015,Sociedad
2015-09-22,Granada,Away,3,True,True,la-liga,2015,Sociedad
2015-09-27,Ath Bilbao,Home,0,True,True,la-liga,2015,Sociedad
2015-10-03,Malaga,Away,1,True,True,la-liga,2015,Sociedad
2015-10-18,Ath Madrid,Home,0,True,True,la-liga,2015,Sociedad
2015-10-25,Levante,Away,4,True,True,la-liga,2015,Sociedad
2015-10-31,Celta,Home,2,True,True,la-liga,2015,Sociedad
2015-11-06,Las Palmas,Away,0,True,True,la-liga,2015,Sociedad
2015-11-21,Sevilla,Home,2,True,True,la-liga,2015,Sociedad
2015-11-28,Barcelona,Away,0,True,True,la-liga,2015,Sociedad
2015-12-06,Eibar,Home,2,True,False,la-liga,2015,Sociedad
2015-12-11,Getafe,Away,1,True,True,la-liga,2015,Sociedad
2015-12-20,Villarreal,Home,0,True,True,la-liga,2015,Sociedad
2015-12-30,Real Madrid,Away,1,True,True,la-liga,2015,Sociedad
2016-01-03,Vallecano,Away,2,True,True,la-liga,2015,Sociedad
2016-01-10,Valencia,Home,2,True,True,la-liga,2015,Sociedad
2016-01-16,La Coruna,Home,1,True,True,la-liga,2015,Sociedad
2016-01-22,Sp Gijon,Away,1,True,True,la-liga,2015,Sociedad
2016-01-30,Betis,Home,2,True,True,la-liga,2015,Sociedad
2016-02-08,Espanol,Away,5,True,True,la-liga,2015,Sociedad
2016-02-14,Granada,Home,3,True,True,la-liga,2015,Sociedad
2016-02-21,Ath Bilbao,Away,1,True,True,la-liga,2015,Sociedad
2016-02-27,Malaga,Home,1,True,True,la-liga,2015,Sociedad
2016-03-01,Ath Madrid,Away,0,True,True,la-liga,2015,Sociedad
2016-03-06,Levante,Home,1,True,True,la-liga,2015,Sociedad
2016-03-12,Celta,Away,0,True,True,la-liga,2015,Sociedad
2016-03-19,Las Palmas,Home,0,True,True,la-liga,2015,Sociedad
2016-04-03,Sevilla,Away,2,True,True,la-liga,2015,Sociedad
2016-04-09,Barcelona,Home,1,True,True,la-liga,2015,Sociedad
2016-04-16,Eibar,Away,1,True,True,la-liga,2015,Sociedad
2016-04-21,Getafe,Home,1,True,True,la-liga,2015,Sociedad
2016-04-24,Villarreal,Away,0,True,True,la-liga,2015,Sociedad
2016-04-30,Real Madrid,Home,0,True,True,la-liga,2015,Sociedad
2016-05-08,Vallecano,Home,2,True,True,la-liga,2015,Sociedad
2016-05-13,Valencia,Away,1,False,False,la-liga,2015,Sociedad
2015-08-22,Vallecano,Away,0,True,True,la-liga,2015,Valencia
2015-08-30,La Coruna,Home,1,True,True,la-liga,2015,Valencia
2015-09-12,Sp Gijon,Away,1,True,True,la-liga,2015,Valencia
2015-09-19,Betis,Home,0,True,True,la-liga,2015,Valencia
2015-09-22,Espanol,Away,0,True,True,la-liga,2015,Valencia
2015-09-25,Granada,Home,1,True,True,la-liga,2015,Valencia
2015-10-04,Ath Bilbao,Away,1,True,True,la-liga,2015,Valencia
2015-10-17,Malaga,Home,3,True,True,la-liga,2015,Valencia
2015-10-25,Ath Madrid,Away,1,True,True,la-liga,2015,Valencia
2015-10-31,Levante,Home,3,True,True,la-liga,2015,Valencia
2015-11-07,Celta,Away,5,True,True,la-liga,2015,Valencia
2015-11-21,Las Palmas,Home,1,True,True,la-liga,2015,Valencia
2015-11-29,Sevilla,Away,0,True,True,la-liga,2015,Valencia
2015-12-05,Barcelona,Home,1,True,True,la-liga,2015,Valencia
2015-12-13,Eibar,Away,1,True,True,la-liga,2015,Valencia
2015-12-19,Getafe,Home,2,True,True,la-liga,2015,Valencia
2015-12-31,Villarreal,Away,0,True,True,la-liga,2015,Valencia
2016-01-03,Real Madrid,Home,2,True,True,la-liga,2015,Valencia
2016-01-10,Sociedad,Away,0,True,True,la-liga,2015,Valencia
2016-01-17,Vallecano,Home,2,True,True,la-liga,2015,Valencia
2016-01-24,La Coruna,Away,1,True,True,la-liga,2015,Valencia
2016-01-31,Sp Gijon,Home,0,True,True,la-liga,2015,Valencia
2016-02-07,Betis,Away,0,True,True,la-liga,2015,Valencia
2016-02-13,Espanol,Home,2,True,True,la-liga,2015,Valencia
2016-02-21,Granada,Away,2,True,True,la-liga,2015,Valencia
2016-02-28,Ath Bilbao,Home,0,True,True,la-liga,2015,Valencia
2016-03-02,Malaga,Away,2,True,True,la-liga,2015,Valencia
2016-03-06,Ath Madrid,Home,1,True,True,la-liga,2015,Valencia
2016-03-13,Levante,Away,0,True,True,la-liga,2015,Valencia
2016-03-20,Celta,Home,0,True,True,la-liga,2015,Valencia
2016-04-02,Las Palmas,Away,1,True,True,la-liga,2015,Valencia
2016-04-10,Sevilla,Home,2,True,True,la-liga,2015,Valencia
2016-04-17,Barcelona,Away,2,True,True,la-liga,2015,Valencia
2016-04-20,Eibar,Home,4,True,True,la-liga,2015,Valencia
2016-04-24,Getafe,Away,2,True,True,la-liga,2015,Valencia
2016-05-01,Villarreal,Home,0,True,True,la-liga,2015,Valencia
2016-05-08,Real Madrid,Away,2,True,True,la-liga,2015,Valencia
2016-05-13,Sociedad,Home,0,False,False,la-liga,2015,Valencia
2015-08-22,Valencia,Home,0,False,False,la-liga,2015,Vallecano
2015-08-29,Celta,Away,0,True,True,la-liga,2015,Vallecano
2015-09-14,La Coruna,Home,1,True,True,la-liga,2015,Vallecano
2015-09-20,Las Palmas,Away,1,True,True,la-liga,2015,Vallecano
2015-09-23,Sp Gijon,Home,2,False,False,la-liga,2015,Vallecano
2015-09-26,Sevilla,Away,2,True,True,la-liga,2015,Vallecano
2015-10-04,Betis,Home,0,True,True,la-liga,2015,Vallecano
2015-10-17,Barcelona,Away,2,True,True,la-liga,2015,Vallecano
2015-10-23,Espanol,Home,3,True,True,la-liga,2015,Vallecano
2015-11-01,Eibar,Away,0,True,True,la-liga,2015,Vallecano
2015-11-07,Granada,Home,2,True,True,la-liga,2015,Vallecano
2015-11-23,Getafe,Away,1,True,True,la-liga,2015,Vallecano
2015-11-29,Ath Bilbao,Home,0,True,True,la-liga,2015,Vallecano
2015-12-06,Villarreal,Away,1,True,True,la-liga,2015,Vallecano
2015-12-13,Malaga,Home,1,True,True,la-liga,2015,Vallecano
2015-12-20,Real Madrid,Away,2,True,True,la-liga,2015,Vallecano
2015-12-30,Ath Madrid,Home,0,True,True,la-liga,2015,Vallecano
2016-01-03,Sociedad,Home,2,True,True,la-liga,2015,Vallecano
2016-01-09,Levante,Away,1,True,True,la-liga,2015,Vallecano
2016-01-17,Valencia,Away,2,True,True,la-liga,2015,Vallecano
2016-01-23,Celta,Home,3,True,True,la-liga,2015,Vallecano
2016-02-01,La Coruna,Away,2,True,True,la-liga,2015,Vallecano
2016-02-06,Las Palmas,Home,2,True,True,la-liga,2015,Vallecano
2016-02-12,Sp Gijon,Away,2,False,False,la-liga,2015,Vallecano
2016-02-21,Sevilla,Home,2,True,True,la-liga,2015,Vallecano
2016-02-27,Betis,Away,2,True,True,la-liga,2015,Vallecano
2016-03-03,Barcelona,Home,1,True,True,la-liga,2015,Vallecano
2016-03-07,Espanol,Away,1,True,True,la-liga,2015,Vallecano
2016-03-12,Eibar,Home,1,True,True,la-liga,2015,Vallecano
2016-03-19,Granada,Away,2,True,True,la-liga,2015,Vallecano
2016-04-01,Getafe,Home,2,False,False,la-liga,2015,Vallecano
2016-04-10,Ath Bilbao,Away,0,True,True,la-liga,2015,Vallecano
2016-04-17,Villarreal,Home,2,True,True,la-liga,2015,Vallecano
2016-04-20,Malaga,Away,1,True,True,la-liga,2015,Vallecano
2016-04-23,Real Madrid,Home,2,True,True,la-liga,2015,Vallecano
2016-04-30,Ath Madrid,Away,0,True,True,la-liga,2015,Vallecano
2016-05-08,Sociedad,Away,1,True,True,la-liga,2015,Vallecano
2016-05-15,Levante,Home,3,True,True,la-liga,2015,Vallecano
2015-08-23,Betis,Away,1,True,True,la-liga,2015,Villarreal
2015-08-28,Espanol,Home,3,True,True,la-liga,2015,Villarreal
2015-09-13,Granada,Away,3,True,True,la-liga,2015,Villarreal
2015-09-20,Ath Bilbao,Home,3,True,True,la-liga,2015,Villarreal
2015-09-23,Malaga,Away,1,True,True,la-liga,2015,Villarreal
2015-09-26,Ath Madrid,Home,1,True,True,la-liga,2015,Villarreal
2015-10-04,Levante,Away,0,True,True,la-liga,2015,Villarreal
2015-10-18,Celta,Home,1,True,True,la-liga,2015,Villarreal
2015-10-25,Las Palmas,Away,0,True,True,la-liga,2015,Villarreal
2015-10-31,Sevilla,Home,2,True,True,la-liga,2015,Villarreal
2015-11-08,Barcelona,Away,0,True,True,la-liga,2015,Villarreal
2015-11-22,Eibar,Home,1,True,True,la-liga,2015,Villarreal
2015-11-29,Getafe,Away,0,True,True,la-liga,2015,Villarreal
2015-12-06,Vallecano,Home,2,True,True,la-liga,2015,Villarreal
2015-12-13,Real Madrid,Home,1,True,True,la-liga,2015,Villarreal
2015-12-20,Sociedad,Away,2,True,True,la-liga,2015,Villarreal
2015-12-31,Valencia,Home,1,True,True,la-liga,2015,Villarreal
2016-01-03,La Coruna,Away,2,True,True,la-liga,2015,Villarreal
2016-01-10,Sp Gijon,Home,2,True,True,la-liga,2015,Villarreal
2016-01-16,Betis,Home,0,True,True,la-liga,2015,Villarreal
2016-01-23,Espanol,Away,2,True,True,la-liga,2015,Villarreal
2016-01-30,Granada,Home,1,True,True,la-liga,2015,Villarreal
2016-02-06,Ath Bilbao,Away,0,True,True,la-liga,2015,Villarreal
2016-02-13,Malaga,Home,1,True,True,la-liga,2015,Villarreal
2016-02-21,Ath Madrid,Away,0,True,True,la-liga,2015,Villarreal
2016-02-28,Levante,Home,3,True,True,la-liga,2015,Villarreal
2016-03-02,Celta,Away,0,True,True,la-liga,2015,Villarreal
2016-03-05,Las Palmas,Home,0,True,True,la-liga,2015,Villarreal
2016-03-13,Sevilla,Away,2,True,True,la-liga,2015,Villarreal
2016-03-20,Barcelona,Home,2,True,True,la-liga,2015,Villarreal
2016-04-03,Eibar,Away,2,True,True,la-liga,2015,Villarreal
2016-04-10,Getafe,Home,2,True,True,la-liga,2015,Villarreal
2016-04-17,Vallecano,Away,1,True,True,la-liga,2015,Villarreal
2016-04-20,Real Madrid,Away,0,True,True,la-liga,2015,Villarreal
2016-04-24,Sociedad,Home,0,True,True,la-liga,2015,Villarreal
2016-05-01,Valencia,Away,2,True,True,la-liga,2015,Villarreal
2016-05-08,La Coruna,Home,0,True,True,la-liga,2015,Villarreal
2016-05-15,Sp Gijon,Away,0,True,True,la-liga,2015,Villarreal
2016-08-21,Ath Madrid,Away,1,True,True,la-liga,2016,Alaves
2016-08-28,Sp Gijon,Home,0,True,True,la-liga,2016,Alaves
2016-09-10,Barcelona,Away,2,True,True,la-liga,2016,Alaves
2016-09-19,La Coruna,Home,0,True,True,la-liga,2016,Alaves
2016-09-22,Valencia,Away,1,True,True,la-liga,2016,Alaves
2016-09-26,Granada,Home,3,True,True,la-liga,2016,Alaves
2016-10-01,Sevilla,Away,1,True,True,la-liga,2016,Alaves
2016-10-16,Malaga,Home,1,True,True,la-liga,2016,Alaves
2016-10-22,Sociedad,Away,0,True,True,la-liga,2016,Alaves
2016-10-29,Real Madrid,Home,1,True,True,la-liga,2016,Alaves
2016-11-05,Osasuna,Away,1,True,True,la-liga,2016,Alaves
2016-11-20,Espanol,Home,0,True,True,la-liga,2016,Alaves
2016-11-27,Villarreal,Away,2,True,True,la-liga,2016,Alaves
2016-12-04,Las Palmas,Home,1,True,True,la-liga,2016,Alaves
2016-12-11,Eibar,Away,0,True,True,la-liga,2016,Alaves
2016-12-16,Betis,Home,1,True,True,la-liga,2016,Alaves
2017-01-08,Ath Bilbao,Away,0,True,True,la-liga,2016,Alaves
2017-01-15,Celta,Away,0,False,False,la-liga,2016,Alaves
2017-01-21,Leganes,Home,2,True,True,la-liga,2016,Alaves
2017-01-28,Ath Madrid,Home,0,False,False,la-liga,2016,Alaves
2017-02-05,Sp Gijon,Away,4,True,True,la-liga,2016,Alaves
2017-02-11,Barcelona,Home,0,True,True,la-liga,2016,Alaves
2017-02-18,La Coruna,Away,1,True,True,la-liga,2016,Alaves
2017-02-25,Valencia,Home,2,True,True,la-liga,2016,Alaves
2017-03-01,Granada,Away,1,True,True,la-liga,2016,Alaves
2017-03-06,Sevilla,Home,1,True,True,la-liga,2016,Alaves
2017-03-11,Malaga,Away,2,True,True,la-liga,2016,Alaves
2017-03-18,Sociedad,Home,1,True,True,la-liga,2016,Alaves
2017-04-02,Real Madrid,Away,0,True,True,la-liga,2016,Alaves
2017-04-05,Osasuna,Home,0,True,True,la-liga,2016,Alaves
2017-04-08,Espanol,Away,0,True,True,la-liga,2016,Alaves
2017-04-17,Villarreal,Home,2,True,True,la-liga,2016,Alaves
2017-04-23,Las Palmas,Away,1,True,True,la-liga,2016,Alaves
2017-04-27,Eibar,Home,0,True,True,la-liga,2016,Alaves
2017-04-30,Betis,Away,4,True,True,la-liga,2016,Alaves
2017-05-07,Ath Bilbao,Home,1,True,True,la-liga,2016,Alaves
2017-05-14,Celta,Home,3,True,True,la-liga,2016,Alaves
2017-05-20,Leganes,Away,1,True,True,la-liga,2016,Alaves
2016-08-21,Sp Gijon,Away,1,True,True,la-liga,2016,Ath Bilbao
2016-08-28,Barcelona,Home,0,True,True,la-liga,2016,Ath Bilbao
2016-09-11,La Coruna,Away,1,True,True,la-liga,2016,Ath Bilbao
2016-09-18,Valencia,Home,2,True,True,la-liga,2016,Ath Bilbao
2016-09-21,Granada,Away,2,True,True,la-liga,2016,Ath Bilbao
2016-09-24,Sevilla,Home,3,True,True,la-liga,2016,Ath Bilbao
2016-10-02,Malaga,Away,1,True,True,la-liga,2016,Ath Bilbao
2016-10-16,Sociedad,Home,3,True,True,la-liga,2016,Ath Bilbao
2016-10-23,Real Madrid,Away,1,True,True,la-liga,2016,Ath Bilbao
2016-10-30,Osasuna,Home,1,True,True,la-liga,2016,Ath Bilbao
2016-11-06,Espanol,Away,0,True,True,la-liga,2016,Ath Bilbao
2016-11-20,Villarreal,Home,1,True,True,la-liga,2016,Ath Bilbao
2016-11-28,Las Palmas,Away,1,True,True,la-liga,2016,Ath Bilbao
2016-12-04,Eibar,Home,3,True,True,la-liga,2016,Ath Bilbao
2016-12-11,Betis,Away,0,True,True,la-liga,2016,Ath Bilbao
2016-12-19,Celta,Home,2,True,True,la-liga,2016,Ath Bilbao
2017-01-08,Alaves,Home,0,True,True,la-liga,2016,Ath Bilbao
2017-01-14,Leganes,Away,0,True,True,la-liga,2016,Ath Bilbao
2017-01-22,Ath Madrid,Home,2,True,True,la-liga,2016,Ath Bilbao
2017-01-29,Sp Gijon,Home,2,True,True,la-liga,2016,Ath Bilbao
2017-02-04,Barcelona,Away,0,True,True,la-liga,2016,Ath Bilbao
2017-02-11,La Coruna,Home,2,True,True,la-liga,2016,Ath Bilbao
2017-02-19,Valencia,Away,0,True,True,la-liga,2016,Ath Bilbao
2017-02-26,Granada,Home,3,True,True,la-liga,2016,Ath Bilbao
2017-03-02,Sevilla,Away,0,True,True,la-liga,2016,Ath Bilbao
2017-03-05,Malaga,Home,1,True,True,la-liga,2016,Ath Bilbao
2017-03-12,Sociedad,Away,2,True,True,la-liga,2016,Ath Bilbao
2017-03-18,Real Madrid,Home,1,True,True,la-liga,2016,Ath Bilbao
2017-04-01,Osasuna,Away,2,True,True,la-liga,2016,Ath Bilbao
2017-04-04,Espanol,Home,2,True,True,la-liga,2016,Ath Bilbao
2017-04-07,Villarreal,Away,1,True,True,la-liga,2016,Ath Bilbao
2017-04-14,Las Palmas,Home,5,True,True,la-liga,2016,Ath Bilbao
2017-04-24,Eibar,Away,1,True,True,la-liga,2016,Ath Bilbao
2017-04-27,Betis,Home,2,True,True,la-liga,2016,Ath Bilbao
2017-04-30,Celta,Away,3,True,True,la-liga,2016,Ath Bilbao
2017-05-07,Alaves,Away,0,True,True,la-liga,2016,Ath Bilbao
2017-05-14,Leganes,Home,1,True,True,la-liga,2016,Ath Bilbao
2017-05-21,Ath Madrid,Away,1,True,True,la-liga,2016,Ath Bilbao
2016-08-21,Alaves,Home,1,True,True,la-liga,2016,Ath Madrid
2016-08-27,Leganes,Away,0,True,True,la-liga,2016,Ath Madrid
2016-09-10,Celta,Away,4,True,True,la-liga,2016,Ath Madrid
2016-09-17,Sp Gijon,Home,5,True,True,la-liga,2016,Ath Madrid
2016-09-21,Barcelona,Away,1,True,True,la-liga,2016,Ath Madrid
2016-09-25,La Coruna,Home,1,True,True,la-liga,2016,Ath Madrid
2016-10-02,Valencia,Away,2,True,True,la-liga,2016,Ath Madrid
2016-10-15,Granada,Home,7,True,True,la-liga,2016,Ath Madrid
2016-10-23,Sevilla,Away,0,True,True,la-liga,2016,Ath Madrid
2016-10-29,Malaga,Home,4,True,True,la-liga,2016,Ath Madrid
2016-11-05,Sociedad,Away,0,True,True,la-liga,2016,Ath Madrid
2016-11-19,Real Madrid,Home,0,True,True,la-liga,2016,Ath Madrid
2016-11-27,Osasuna,Away,3,True,True,la-liga,2016,Ath Madrid
2016-12-03,Espanol,Home,0,True,True,la-liga,2016,Ath Madrid
2016-12-12,Villarreal,Away,0,True,True,la-liga,2016,Ath Madrid
2016-12-17,Las Palmas,Home,1,True,True,la-liga,2016,Ath Madrid
2017-01-07,Eibar,Away,2,True,True,la-liga,2016,Ath Madrid
2017-01-14,Betis,Home,1,True,True,la-liga,2016,Ath Madrid
2017-01-22,Ath Bilbao,Away,2,True,True,la-liga,2016,Ath Madrid
2017-01-28,Alaves,Away,0,True,True,la-liga,2016,Ath Madrid
2017-02-04,Leganes,Home,2,True,True,la-liga,2016,Ath Madrid
2017-02-12,Celta,Home,3,True,True,la-liga,2016,Ath Madrid
2017-02-18,Sp Gijon,Away,4,True,True,la-liga,2016,Ath Madrid
2017-02-26,Barcelona,Home,1,True,True,la-liga,2016,Ath Madrid
2017-03-02,La Coruna,Away,1,True,True,la-liga,2016,Ath Madrid
2017-03-05,Valencia,Home,3,True,True,la-liga,2016,Ath Madrid
2017-03-11,Granada,Away,1,True,True,la-liga,2016,Ath Madrid
2017-03-19,Sevilla,Home,3,True,True,la-liga,2016,Ath Madrid
2017-04-01,Malaga,Away,2,True,True,la-liga,2016,Ath Madrid
2017-04-04,Sociedad,Home,1,True,True,la-liga,2016,Ath Madrid
2017-04-08,Real Madrid,Away,1,True,True,la-liga,2016,Ath Madrid
2017-04-15,Osasuna,Home,3,True,True,la-liga,2016,Ath Madrid
2017-04-22,Espanol,Away,1,True,True,la-liga,2016,Ath Madrid
2017-04-25,Villarreal,Home,0,True,True,la-liga,2016,Ath Madrid
2017-04-29,Las Palmas,Away,5,True,True,la-liga,2016,Ath Madrid
2017-05-06,Eibar,Home,1,True,True,la-liga,2016,Ath Madrid
2017-05-14,Betis,Away,1,True,True,la-liga,2016,Ath Madrid
2017-05-21,Ath Bilbao,Home,3,True,True,la-liga,2016,Ath Madrid
2016-08-20,Betis,Home,6,True,True,la-liga,2016,Barcelona
2016-08-28,Ath Bilbao,Away,1,True,True,la-liga,2016,Barcelona
2016-09-10,Alaves,Home,1,True,True,la-liga,2016,Barcelona
2016-09-17,Leganes,Away,5,True,True,la-liga,2016,Barcelona
2016-09-21,Ath Madrid,Home,1,True,True,la-liga,2016,Barcelona
2016-09-24,Sp Gijon,Away,5,True,True,la-liga,2016,Barcelona
2016-10-02,Celta,Away,3,True,True,la-liga,2016,Barcelona
2016-10-15,La Coruna,Home,4,True,True,la-liga,2016,Barcelona
2016-10-22,Valencia,Away,3,True,True,la-liga,2016,Barcelona
2016-10-29,Granada,Home,1,True,True,la-liga,2016,Barcelona
2016-11-06,Sevilla,Away,2,True,True,la-liga,2016,Barcelona
2016-11-19,Malaga,Home,0,True,True,la-liga,2016,Barcelona
2016-11-27,Sociedad,Away,1,True,True,la-liga,2016,Barcelona
2016-12-03,Real Madrid,Home,1,True,True,la-liga,2016,Barcelona
2016-12-10,Osasuna,Away,3,True,True,la-liga,2016,Barcelona
2016-12-18,Espanol,Home,4,True,True,la-liga,2016,Barcelona
2017-01-08,Villarreal,Away,1,True,True,la-liga,2016,Barcelona
2017-01-14,Las Palmas,Home,5,True,True,la-liga,2016,Barcelona
2017-01-22,Eibar,Away,4,True,True,la-liga,2016,Barcelona
2017-01-29,Betis,Away,1,True,True,la-liga,2016,Barcelona
2017-02-04,Ath Bilbao,Home,3,True,True,la-liga,2016,Barcelona
2017-02-11,Alaves,Away,6,True,True,la-liga,2016,Barcelona
2017-02-19,Leganes,Home,2,True,True,la-liga,2016,Barcelona
2017-02-26,Ath Madrid,Away,2,True,True,la-liga,2016,Barcelona
2017-03-01,Sp Gijon,Home,6,True,True,la-liga,2016,Barcelona
2017-03-04,Celta,Home,5,True,True,la-liga,2016,Barcelona
2017-03-12,La Coruna,Away,1,True,True,la-liga,2016,Barcelona
2017-03-19,Valencia,Home,4,True,True,la-liga,2016,Barcelona
2017-04-02,Granada,Away,4,True,True,la-liga,2016,Barcelona
2017-04-05,Sevilla,Home,3,True,True,la-liga,2016,Barcelona
2017-04-08,Malaga,Away,0,True,True,la-liga,2016,Barcelona
2017-04-15,Sociedad,Home,3,True,True,la-liga,2016,Barcelona
2017-04-23,Real Madrid,Away,3,True,True,la-liga,2016,Barcelona
2017-04-26,Osasuna,Home,7,True,True,la-liga,2016,Barcelona
2017-04-29,Espanol,Away,3,True,True,la-liga,2016,Barcelona
2017-05-06,Villarreal,Home,4,True,True,la-liga,2016,Barcelona
2017-05-14,Las Palmas,Away,4,True,True,la-liga,2016,Barcelona
2017-05-21,Eibar,Home,4,True,True,la-liga,2016,Barcelona
2016-08-20,Barcelona,Away,2,True,True,la-liga,2016,Betis
2016-08-26,La Coruna,Home,0,True,True,la-liga,2016,Betis
2016-09-11,Valencia,Away,3,True,True,la-liga,2016,Betis
2016-09-16,Granada,Home,2,True,True,la-liga,2016,Betis
2016-09-20,Sevilla,Away,0,True,True,la-liga,2016,Betis
2016-09-23,Malaga,Home,1,True,True,la-liga,2016,Betis
2016-09-30,Sociedad,Away,0,True,True,la-liga,2016,Betis
2016-10-15,Real Madrid,Home,1,True,True,la-liga,2016,Betis
2016-10-21,Osasuna,Away,2,True,True,la-liga,2016,Betis
2016-10-30,Espanol,Home,0,True,True,la-liga,2016,Betis
2016-11-06,Villarreal,Away,0,True,True,la-liga,2016,Betis
2016-11-18,Las Palmas,Home,2,True,True,la-liga,2016,Betis
2016-11-25,Eibar,Away,1,True,True,la-liga,2016,Betis
2016-12-04,Celta,Home,3,True,True,la-liga,2016,Betis
2016-12-11,Ath Bilbao,Home,1,True,True,la-liga,2016,Betis
2016-12-16,Alaves,Away,0,True,True,la-liga,2016,Betis
2017-01-08,Leganes,Home,2,False,False,la-liga,2016,Betis
2017-01-14,Ath Madrid,Away,0,True,True,la-liga,2016,Betis
2017-01-22,Sp Gijon,Home,0,True,True,la-liga,2016,Betis
2017-01-29,Barcelona,Home,1,True,True,la-liga,2016,Betis
2017-02-11,Valencia,Home,0,True,True,la-liga,2016,Betis
2017-02-17,Granada,Away,1,True,True,la-liga,2016,Betis
2017-02-25,Sevilla,Home,1,True,True,la-liga,2016,Betis
2017-02-28,Malaga,Away,2,True,True,la-liga,2016,Betis
2017-03-03,Sociedad,Home,2,True,True,la-liga,2016,Betis
2017-03-08,La Coruna,Away,1,True,True,la-liga,2016,Betis
2017-03-12,Real Madrid,Away,1,True,True,la-liga,2016,Betis
2017-03-18,Osasuna,Home,2,True,True,la-liga,2016,Betis
2017-03-31,Espanol,Away,1,True,True,la-liga,2016,Betis
2017-04-04,Villarreal,Home,0,True,True,la-liga,2016,Betis
2017-04-09,Las Palmas,Away,1,True,True,la-liga,2016,Betis
2017-04-16,Eibar,Home,2,True,True,la-liga,2016,Betis
2017-04-23,Celta,Away,1,True,True,la-liga,2016,Betis
2017-04-27,Ath Bilbao,Away,1,True,True,la-liga,2016,Betis
2017-04-30,Alaves,Home,1,True,True,la-liga,2016,Betis
2017-05-08,Leganes,Away,0,True,True,la-liga,2016,Betis
2017-05-14,Ath Madrid,Home,1,True,True,la-liga,2016,Betis
2017-05-20,Sp Gijon,Away,2,True,True,la-liga,2016,Betis
2016-08-19,La Coruna,Away,1,False,False,la-liga,2016,Eibar
2016-08-27,Valencia,Home,1,False,False,la-liga,2016,Eibar
2016-09-11,Granada,Away,2,False,False,la-liga,2016,Eibar
2016-09-17,Sevilla,Home,1,False,False,la-liga,2016,Eibar
2016-09-20,Malaga,Away,1,False,False,la-liga,2016,Eibar
2016-09-24,Sociedad,Home,2,False,False,la-liga,2016,Eibar
2016-10-02,Real Madrid,Away,1,False,False,la-liga,2016,Eibar
2016-10-17,Osasuna,Home,2,False,False,la-liga,2016,Eibar
2016-10-22,Espanol,Away,3,False,False,la-liga,2016,Eibar
2016-10-30,Villarreal,Home,2,False,False,la-liga,2016,Eibar
2016-11-05,Las Palmas,Away,0,False,False,la-liga,2016,Eibar
2016-11-19,Celta,Home,1,False,False,la-liga,2016,Eibar
2016-11-25,Betis,Home,3,False,False,la-liga,2016,Eibar
2016-12-04,Ath Bilbao,Away,1,False,False,la-liga,2016,Eibar
2016-12-11,Alaves,Home,0,False,False,la-liga,2016,Eibar
2016-12-18,Leganes,Away,1,False,False,la-liga,2016,Eibar
2017-01-07,Ath Madrid,Home,0,False,False,la-liga,2016,Eibar
2017-01-15,Sp Gijon,Away,3,False,False,la-liga,2016,Eibar
2017-01-22,Barcelona,Home,0,False,False,la-liga,2016,Eibar
2017-01-28,La Coruna,Home,3,False,False,la-liga,2016,Eibar
2017-02-04,Valencia,Away,4,False,False,la-liga,2016,Eibar
2017-02-13,Granada,Home,4,False,False,la-liga,2016,Eibar
2017-02-18,Sevilla,Away,0,False,False,la-liga,2016,Eibar
2017-02-25,Malaga,Home,3,False,False,la-liga,2016,Eibar
2017-02-28,Sociedad,Away,2,False,False,la-liga,2016,Eibar
2017-03-04,Real Madrid,Home,1,False,False,la-liga,2016,Eibar
2017-03-13,Osasuna,Away,1,False,False,la-liga,2016,Eibar
2017-03-18,Espanol,Home,1,False,False,la-liga,2016,Eibar
2017-04-01,Villarreal,Away,3,False,False,la-liga,2016,Eibar
2017-04-06,Las Palmas,Home,3,False,False,la-liga,2016,Eibar
2017-04-09,Celta,Away,2,False,False,la-liga,2016,Eibar
2017-04-16,Betis,Away,0,False,False,la-liga,2016,Eibar
2017-04-24,Ath Bilbao,Home,0,False,False,la-liga,2016,Eibar
2017-04-27,Alaves,Away,0,False,False,la-liga,2016,Eibar
2017-04-30,Leganes,Home,2,False,False,la-liga,2016,Eibar
2017-05-06,Ath Madrid,Away,0,False,False,la-liga,2016,Eibar
2017-05-14,Sp Gijon,Home,0,False,False,la-liga,2016,Eibar
2017-05-21,Barcelona,Away,2,False,False,la-liga,2016,Eibar
2016-08-20,Sevilla,Away,4,True,True,la-liga,2016,Espanol
2016-08-26,Malaga,Home,2,True,True,la-liga,2016,Espanol
2016-09-09,Sociedad,Away,1,True,True,la-liga,2016,Espanol
2016-09-18,Real Madrid,Home,0,True,True,la-liga,2016,Espanol
2016-09-22,Osasuna,Away,2,True,True,la-liga,2016,Espanol
2016-09-25,Celta,Home,0,True,True,la-liga,2016,Espanol
2016-10-02,Villarreal,Home,0,True,True,la-liga,2016,Espanol
2016-10-14,Las Palmas,Away,0,True,True,la-liga,2016,Espanol
2016-10-22,Eibar,Home,3,True,True,la-liga,2016,Espanol
2016-10-30,Betis,Away,1,True,True,la-liga,2016,Espanol
2016-11-06,Ath Bilbao,Home,0,True,True,la-liga,2016,Espanol
2016-11-20,Alaves,Away,1,True,True,la-liga,2016,Espanol
2016-11-26,Leganes,Home,3,True,True,la-liga,2016,Espanol
2016-12-03,Ath Madrid,Away,0,True,True,la-liga,2016,Espanol
2016-12-11,Sp Gijon,Home,2,True,True,la-liga,2016,Espanol
2016-12-18,Barcelona,Away,1,True,True,la-liga,2016,Espanol
2017-01-06,La Coruna,Home,1,True,True,la-liga,2016,Espanol
2017-01-15,Valencia,Away,1,True,True,la-liga,2016,Espanol
2017-01-21,Granada,Home,3,True,True,la-liga,2016,Espanol
2017-01-29,Sevilla,Home,3,True,True,la-liga,2016,Espanol
2017-02-04,Malaga,Away,1,True,True,la-liga,2016,Espanol
2017-02-10,Sociedad,Home,1,True,True,la-liga,2016,Espanol
2017-02-18,Real Madrid,Away,0,True,True,la-liga,2016,Espanol
2017-02-26,Osasuna,Home,3,True,True,la-liga,2016,Espanol
2017-03-01,Celta,Away,2,True,True,la-liga,2016,Espanol
2017-03-04,Villarreal,Away,0,True,True,la-liga,2016,Espanol
2017-03-10,Las Palmas,Home,4,True,True,la-liga,2016,Espanol
2017-03-18,Eibar,Away,1,True,True,la-liga,2016,Espanol
2017-03-31,Betis,Home,2,True,True,la-liga,2016,Espanol
2017-04-04,Ath Bilbao,Away,0,True,True,la-liga,2016,Espanol
2017-04-08,Alaves,Home,1,True,True,la-liga,2016,Espanol
2017-04-16,Leganes,Away,1,True,True,la-liga,2016,Espanol
2017-04-22,Ath Madrid,Home,0,True,True,la-liga,2016,Espanol
2017-04-25,Sp Gijon,Away,1,True,True,la-liga,2016,Espanol
2017-04-29,Barcelona,Home,0,True,True,la-liga,2016,Espanol
2017-05-07,La Coruna,Away,2,True,True,la-liga,2016,Espanol
2017-05-13,Valencia,Home,0,True,True,la-liga,2016,Espanol
2017-05-19,Granada,Away,2,True,True,la-liga,2016,Espanol
2016-08-20,Villarreal,Home,1,True,True,la-liga,2016,Granada
2016-08-28,Las Palmas,Away,1,True,True,la-liga,2016,Granada
2016-09-11,Eibar,Home,1,True,True,la-liga,2016,Granada
2016-09-16,Betis,Away,2,True,True,la-liga,2016,Granada
2016-09-21,Ath Bilbao,Home,1,True,True,la-liga,2016,Granada
2016-09-26,Alaves,Away,1,True,True,la-liga,2016,Granada
2016-10-01,Leganes,Home,0,True,True,la-liga,2016,Granada
2016-10-15,Ath Madrid,Away,1,True,True,la-liga,2016,Granada
2016-10-22,Sp Gijon,Home,0,True,True,la-liga,2016,Granada
2016-10-29,Barcelona,Away,0,True,True,la-liga,2016,Granada
2016-11-05,La Coruna,Home,1,True,True,la-liga,2016,Granada
2016-11-20,Valencia,Away,1,True,True,la-liga,2016,Granada
2016-11-27,Celta,Away,1,True,True,la-liga,2016,Granada
2016-12-03,Sevilla,Home,2,True,True,la-liga,2016,Granada
2016-12-09,Malaga,Away,1,True,True,la-liga,2016,Granada
2016-12-17,Sociedad,Home,0,True,True,la-liga,2016,Granada
2017-01-07,Real Madrid,Away,0,True,True,la-liga,2016,Granada
2017-01-15,Osasuna,Home,1,True,True,la-liga,2016,Granada
2017-01-21,Espanol,Away,1,True,True,la-liga,2016,Granada
2017-01-28,Villarreal,Away,0,True,True,la-liga,2016,Granada
2017-02-06,Las Palmas,Home,1,True,True,la-liga,2016,Granada
2017-02-13,Eibar,Away,0,True,True,la-liga,2016,Granada
2017-02-17,Betis,Home,4,True,True,la-liga,2016,Granada
2017-02-26,Ath Bilbao,Away,1,True,True,la-liga,2016,Granada
2017-03-01,Alaves,Home,2,True,True,la-liga,2016,Granada
2017-03-04,Leganes,Away,0,True,True,la-liga,2016,Granada
2017-03-11,Ath Madrid,Home,0,True,True,la-liga,2016,Granada
2017-03-19,Sp Gijon,Away,1,True,True,la-liga,2016,Granada
2017-04-02,Barcelona,Home,1,True,True,la-liga,2016,Granada
2017-04-05,La Coruna,Away,0,True,True,la-liga,2016,Granada
2017-04-09,Valencia,Home,1,True,True,la-liga,2016,Granada
2017-04-16,Celta,Home,0,True,True,la-liga,2016,Granada
2017-04-21,Sevilla,Away,0,True,True,la-liga,2016,Granada
2017-04-25,Malaga,Home,0,True,True,la-liga,2016,Granada
2017-04-29,Sociedad,Away,1,True,True,la-liga,2016,Granada
2017-05-06,Real Madrid,Home,0,True,True,la-liga,2016,Granada
2017-05-13,Osasuna,Away,1,True,True,la-liga,2016,Granada
2017-05-19,Espanol,Home,1,True,True,la-liga,2016,Granada
2016-08-19,Eibar,Home,2,True,True,la-liga,2016,La Coruna
2016-08-26,Betis,Away,0,True,True,la-liga,2016,La Coruna
2016-09-11,Ath Bilbao,Home,0,True,True,la-liga,2016,La Coruna
2016-09-19,Alaves,Away,0,True,True,la-liga,2016,La Coruna
2016-09-22,Leganes,Home,1,True,True,la-liga,2016,La Coruna
2016-09-25,Ath Madrid,Away,0,True,True,la-liga,2016,La Coruna
2016-10-01,Sp Gijon,Home,2,True,True,la-liga,2016,La Coruna
2016-10-15,Barcelona,Away,0,True,True,la-liga,2016,La Coruna
2016-10-23,Celta,Away,1,True,True,la-liga,2016,La Coruna
2016-10-31,Valencia,Home,1,True,True,la-liga,2016,La Coruna
2016-11-05,Granada,Away,1,True,False,la-liga,2016,La Coruna
2016-11-19,Sevilla,Home,2,True,True,la-liga,2016,La Coruna
2016-11-26,Malaga,Away,3,True,True,la-liga,2016,La Coruna
2016-12-05,Sociedad,Home,5,True,True,la-liga,2016,La Coruna
2016-12-10,Real Madrid,Away,2,True,True,la-liga,2016,La Coruna
2016-12-18,Osasuna,Home,2,True,True,la-liga,2016,La Coruna
2017-01-06,Espanol,Away,1,True,True,la-liga,2016,La Coruna
2017-01-14,Villarreal,Home,0,True,True,la-liga,2016,La Coruna
2017-01-20,Las Palmas,Away,1,True,True,la-liga,2016,La Coruna
2017-01-28,Eibar,Away,1,True,True,la-liga,2016,La Coruna
2017-02-11,Ath Bilbao,Away,1,True,True,la-liga,2016,La Coruna
2017-02-18,Alaves,Home,0,True,True,la-liga,2016,La Coruna
2017-02-25,Leganes,Away,0,True,True,la-liga,2016,La Coruna
2017-03-02,Ath Madrid,Home,1,True,True,la-liga,2016,La Coruna
2017-03-05,Sp Gijon,Away,1,True,True,la-liga,2016,La Coruna
2017-03-08,Betis,Home,1,True,True,la-liga,2016,La Coruna
2017-03-12,Barcelona,Home,2,True,True,la-liga,2016,La Coruna
2017-03-19,Celta,Home,0,True,True,la-liga,2016,La Coruna
2017-04-02,Valencia,Away,0,True,True,la-liga,2016,La Coruna
2017-04-05,Granada,Home,0,True,True,la-liga,2016,La Coruna
2017-04-08,Sevilla,Away,2,True,False,la-liga,2016,La Coruna
2017-04-15,Malaga,Home,2,True,False,la-liga,2016,La Coruna
2017-04-23,Sociedad,Away,0,True,True,la-liga,2016,La Coruna
2017-04-26,Real Madrid,Home,2,True,True,la-liga,2016,La Coruna
2017-04-30,Osasuna,Away,2,True,True,la-liga,2016,La Coruna
2017-05-07,Espanol,Home,1,True,True,la-liga,2016,La Coruna
2017-05-14,Villarreal,Away,0,True,True,la-liga,2016,La Coruna
2017-05-20,Las Palmas,Home,3,True,True,la-liga,2016,La Coruna
2016-08-22,Valencia,Away,4,True,True,la-liga,2016,Las Palmas
2016-08-28,Granada,Home,5,True,True,la-liga,2016,Las Palmas
2016-09-10,Sevilla,Away,1,True,True,la-liga,2016,Las Palmas
2016-09-17,Malaga,Home,1,True,True,la-liga,2016,Las Palmas
2016-09-21,Sociedad,Away,1,True,True,la-liga,2016,Las Palmas
2016-09-24,Real Madrid,Home,2,True,True,la-liga,2016,Las Palmas
2016-10-01,Osasuna,Away,2,True,True,la-liga,2016,Las Palmas
2016-10-14,Espanol,Home,0,True,True,la-liga,2016,Las Palmas
2016-10-23,Villarreal,Away,1,True,True,la-liga,2016,Las Palmas
2016-10-30,Celta,Home,3,True,True,la-liga,2016,Las Palmas
2016-11-05,Eibar,Home,1,True,False,la-liga,2016,Las Palmas
2016-11-18,Betis,Away,0,True,True,la-liga,2016,Las Palmas
2016-11-28,Ath Bilbao,Home,3,True,True,la-liga,2016,Las Palmas
2016-12-04,Alaves,Away,1,True,True,la-liga,2016,Las Palmas
2016-12-10,Leganes,Home,1,True,True,la-liga,2016,Las Palmas
2016-12-17,Ath Madrid,Away,0,False,False,la-liga,2016,Las Palmas
2017-01-07,Sp Gijon,Home,1,True,True,la-liga,2016,Las Palmas
2017-01-14,Barcelona,Away,0,True,True,la-liga,2016,Las Palmas
2017-01-20,La Coruna,Home,1,True,True,la-liga,2016,Las Palmas
2017-01-30,Valencia,Home,3,True,True,la-liga,2016,Las Palmas
2017-02-06,Granada,Away,0,True,True,la-liga,2016,Las Palmas
2017-02-12,Sevilla,Home,0,True,True,la-liga,2016,Las Palmas
2017-02-20,Malaga,Away,1,True,True,la-liga,2016,Las Palmas
2017-02-24,Sociedad,Home,0,False,False,la-liga,2016,Las Palmas
2017-03-01,Real Madrid,Away,3,True,True,la-liga,2016,Las Palmas
2017-03-05,Osasuna,Home,5,True,True,la-liga,2016,Las Palmas
2017-03-10,Espanol,Away,3,True,True,la-liga,2016,Las Palmas
2017-03-17,Villarreal,Home,1,False,False,la-liga,2016,Las Palmas
2017-04-03,Celta,Away,1,True,True,la-liga,2016,Las Palmas
2017-04-06,Eibar,Away,1,True,False,la-liga,2016,Las Palmas
2017-04-09,Betis,Home,4,True,True,la-liga,2016,Las Palmas
2017-04-14,Ath Bilbao,Away,1,True,True,la-liga,2016,Las Palmas
2017-04-23,Alaves,Home,1,True,True,la-liga,2016,Las Palmas
2017-04-26,Leganes,Away,0,True,True,la-liga,2016,Las Palmas
2017-04-29,Ath Madrid,Home,0,True,True,la-liga,2016,Las Palmas
2017-05-06,Sp Gijon,Away,0,True,True,la-liga,2016,Las Palmas
2017-05-14,Barcelona,Home,1,True,True,la-liga,2016,Las Palmas
2017-05-20,La Coruna,Away,0,True,True,la-liga,2016,Las Palmas
2016-08-22,Celta,Away,1,True,True,la-liga,2016,Leganes
2016-08-27,Ath Madrid,Home,0,True,True,la-liga,2016,Leganes
2016-09-11,Sp Gijon,Away,1,True,True,la-liga,2016,Leganes
2016-09-17,Barcelona,Home,1,True,True,la-liga,2016,Leganes
2016-09-22,La Coruna,Away,2,True,True,la-liga,2016,Leganes
2016-09-25,Valencia,Home,1,True,True,la-liga,2016,Leganes
2016-10-01,Granada,Away,1,True,True,la-liga,2016,Leganes
2016-10-15,Sevilla,Home,2,True,True,la-liga,2016,Leganes
2016-10-23,Malaga,Away,0,True,True,la-liga,2016,Leganes
2016-10-28,Sociedad,Home,0,True,True,la-liga,2016,Leganes
2016-11-06,Real Madrid,Away,0,True,True,la-liga,2016,Leganes
2016-11-21,Osasuna,Home,2,True,True,la-liga,2016,Leganes
2016-11-26,Espanol,Away,0,True,True,la-liga,2016,Leganes
2016-12-03,Villarreal,Home,0,True,True,la-liga,2016,Leganes
2016-12-10,Las Palmas,Away,1,True,True,la-liga,2016,Leganes
2016-12-18,Eibar,Home,1,True,True,la-liga,2016,Leganes
2017-01-08,Betis,Away,0,False,False,la-liga,2016,Leganes
2017-01-14,Ath Bilbao,Home,0,True,True,la-liga,2016,Leganes
2017-01-21,Alaves,Away,2,True,True,la-liga,2016,Leganes
2017-01-28,Celta,Home,0,True,True,la-liga,2016,Leganes
2017-02-04,Ath Madrid,Away,0,True,True,la-liga,2016,Leganes
2017-02-12,Sp Gijon,Home,0,True,True,la-liga,2016,Leganes
2017-02-19,Barcelona,Away,1,True,True,la-liga,2016,Leganes
2017-02-25,La Coruna,Home,4,True,True,la-liga,2016,Leganes
2017-02-28,Valencia,Away,0,True,True,la-liga,2016,Leganes
2017-03-04,Granada,Home,1,True,True,la-liga,2016,Leganes
2017-03-11,Sevilla,Away,1,True,True,la-liga,2016,Leganes
2017-03-19,Malaga,Home,0,True,True,la-liga,2016,Leganes
2017-04-01,Sociedad,Away,1,True,True,la-liga,2016,Leganes
2017-04-05,Real Madrid,Home,2,True,True,la-liga,2016,Leganes
2017-04-09,Osasuna,Away,1,True,True,la-liga,2016,Leganes
2017-04-16,Espanol,Home,0,True,True,la-liga,2016,Leganes
2017-04-22,Villarreal,Away,1,True,True,la-liga,2016,Leganes
2017-04-26,Las Palmas,Home,3,True,True,la-liga,2016,Leganes
2017-04-30,Eibar,Away,0,True,True,la-liga,2016,Leganes
2017-05-08,Betis,Home,4,True,True,la-liga,2016,Leganes
2017-05-14,Ath Bilbao,Away,1,True,True,la-liga,2016,Leganes
2017-05-20,Alaves,Home,1,True,True,la-liga,2016,Leganes
2016-08-19,Osasuna,Home,1,True,True,la-liga,2016,Malaga
2016-08-26,Espanol,Away,2,True,True,la-liga,2016,Malaga
2016-09-10,Villarreal,Home,0,True,True,la-liga,2016,Malaga
2016-09-17,Las Palmas,Away,0,True,True,la-liga,2016,Malaga
2016-09-20,Eibar,Home,2,True,True,la-liga,2016,Malaga
2016-09-23,Betis,Away,0,True,True,la-liga,2016,Malaga
2016-10-02,Ath Bilbao,Home,2,True,True,la-liga,2016,Malaga
2016-10-16,Alaves,Away,1,True,True,la-liga,2016,Malaga
2016-10-23,Leganes,Home,4,True,True,la-liga,2016,Malaga
2016-10-29,Ath Madrid,Away,2,True,True,la-liga,2016,Malaga
2016-11-04,Sp Gijon,Home,3,True,True,la-liga,2016,Malaga
2016-11-19,Barcelona,Away,0,True,True,la-liga,2016,Malaga
2016-11-26,La Coruna,Home,4,True,True,la-liga,2016,Malaga
2016-12-04,Valencia,Away,2,True,True,la-liga,2016,Malaga
2016-12-09,Granada,Home,1,True,True,la-liga,2016,Malaga
2016-12-17,Sevilla,Away,1,True,True,la-liga,2016,Malaga
2017-01-08,Celta,Away,1,True,True,la-liga,2016,Malaga
2017-01-16,Sociedad,Home,0,True,True,la-liga,2016,Malaga
2017-01-21,Real Madrid,Away,1,True,True,la-liga,2016,Malaga
2017-01-27,Osasuna,Away,1,True,True,la-liga,2016,Malaga
2017-02-04,Espanol,Home,0,True,True,la-liga,2016,Malaga
2017-02-12,Villarreal,Away,1,True,True,la-liga,2016,Malaga
2017-02-20,Las Palmas,Home,2,True,True,la-liga,2016,Malaga
2017-02-25,Eibar,Away,0,True,True,la-liga,2016,Malaga
2017-02-28,Betis,Home,1,True,True,la-liga,2016,Malaga
2017-03-05,Ath Bilbao,Away,0,True,True,la-liga,2016,Malaga
2017-03-11,Alaves,Home,1,True,True,la-liga,2016,Malaga
2017-03-19,Leganes,Away,0,True,True,la-liga,2016,Malaga
2017-04-01,Ath Madrid,Home,0,True,True,la-liga,2016,Malaga
2017-04-05,Sp Gijon,Away,1,True,True,la-liga,2016,Malaga
2017-04-08,Barcelona,Home,2,True,True,la-liga,2016,Malaga
2017-04-15,La Coruna,Away,0,True,True,la-liga,2016,Malaga
2017-04-22,Valencia,Home,2,True,True,la-liga,2016,Malaga
2017-04-25,Granada,Away,2,True,True,la-liga,2016,Malaga
2017-05-01,Sevilla,Home,4,True,True,la-liga,2016,Malaga
2017-05-07,Celta,Home,3,True,True,la-liga,2016,Malaga
2017-05-14,Sociedad,Away,2,True,True,la-liga,2016,Malaga
2017-05-21,Real Madrid,Home,0,True,True,la-liga,2016,Malaga
2016-08-19,Malaga,Away,1,True,True,la-liga,2016,Osasuna
2016-08-27,Sociedad,Home,0,True,True,la-liga,2016,Osasuna
2016-09-10,Real Madrid,Away,2,True,True,la-liga,2016,Osasuna
2016-09-18,Celta,Home,0,True,True,la-liga,2016,Osasuna
2016-09-22,Espanol,Home,1,True,True,la-liga,2016,Osasuna
2016-09-25,Villarreal,Away,1,True,True,la-liga,2016,Osasuna
2016-10-01,Las Palmas,Home,2,True,True,la-liga,2016,Osasuna
2016-10-17,Eibar,Away,3,True,True,la-liga,2016,Osasuna
2016-10-21,Betis,Home,1,True,True,la-liga,2016,Osasuna
2016-10-30,Ath Bilbao,Away,1,True,True,la-liga,2016,Osasuna
2016-11-05,Alaves,Home,0,True,True,la-liga,2016,Osasuna
2016-11-21,Leganes,Away,0,True,True,la-liga,2016,Osasuna
2016-11-27,Ath Madrid,Home,0,True,True,la-liga,2016,Osasuna
2016-12-04,Sp Gijon,Away,1,True,True,la-liga,2016,Osasuna
2016-12-10,Barcelona,Home,0,True,True,la-liga,2016,Osasuna
2016-12-18,La Coruna,Away,0,True,True,la-liga,2016,Osasuna
2017-01-09,Valencia,Home,3,True,True,la-liga,2016,Osasuna
2017-01-15,Granada,Away,1,True,True,la-liga,2016,Osasuna
2017-01-22,Sevilla,Home,3,True,True,la-liga,2016,Osasuna
2017-01-27,Malaga,Home,1,True,True,la-liga,2016,Osasuna
2017-02-05,Sociedad,Away,2,True,True,la-liga,2016,Osasuna
2017-02-11,Real Madrid,Home,1,True,True,la-liga,2016,Osasuna
2017-02-19,Celta,Away,0,True,True,la-liga,2016,Osasuna
2017-02-26,Espanol,Away,0,True,True,la-liga,2016,Osasuna
2017-03-01,Villarreal,Home,1,True,True,la-liga,2016,Osasuna
2017-03-05,Las Palmas,Away,2,True,True,la-liga,2016,Osasuna
2017-03-13,Eibar,Home,1,True,True,la-liga,2016,Osasuna
2017-03-18,Betis,Away,0,True,True,la-liga,2016,Osasuna
2017-04-01,Ath Bilbao,Home,1,True,True,la-liga,2016,Osasuna
2017-04-05,Alaves,Away,1,True,True,la-liga,2016,Osasuna
2017-04-09,Leganes,Home,2,True,True,la-liga,2016,Osasuna
2017-04-15,Ath Madrid,Away,0,True,True,la-liga,2016,Osasuna
2017-04-22,Sp Gijon,Home,2,True,True,la-liga,2016,Osasuna
2017-04-26,Barcelona,Away,1,True,True,la-liga,2016,Osasuna
2017-04-30,La Coruna,Home,2,True,True,la-liga,2016,Osasuna
2017-05-07,Valencia,Away,1,True,True,la-liga,2016,Osasuna
2017-05-13,Granada,Home,2,True,True,la-liga,2016,Osasuna
2017-05-20,Sevilla,Away,0,True,True,la-liga,2016,Osasuna
2016-08-21,Sociedad,Away,3,True,True,la-liga,2016,Real Madrid
2016-08-27,Celta,Home,2,True,True,la-liga,2016,Real Madrid
2016-09-10,Osasuna,Home,5,True,True,la-liga,2016,Real Madrid
2016-09-18,Espanol,Away,2,True,True,la-liga,2016,Real Madrid
2016-09-21,Villarreal,Home,1,True,True,la-liga,2016,Real Madrid
2016-09-24,Las Palmas,Away,2,True,True,la-liga,2016,Real Madrid
2016-10-02,Eibar,Home,1,True,True,la-liga,2016,Real Madrid
2016-10-15,Betis,Away,6,True,True,la-liga,2016,Real Madrid
2016-10-23,Ath Bilbao,Home,2,True,True,la-liga,2016,Real Madrid
2016-10-29,Alaves,Away,4,True,True,la-liga,2016,Real Madrid
2016-11-06,Leganes,Home,3,True,True,la-liga,2016,Real Madrid
2016-11-19,Ath Madrid,Away,3,True,True,la-liga,2016,Real Madrid
2016-11-26,Sp Gijon,Home,2,True,True,la-liga,2016,Real Madrid
2016-12-03,Barcelona,Away,1,True,True,la-liga,2016,Real Madrid
2016-12-10,La Coruna,Home,3,True,True,la-liga,2016,Real Madrid
2017-01-07,Granada,Home,5,True,True,la-liga,2016,Real Madrid
2017-01-15,Sevilla,Away,1,True,True,la-liga,2016,Real Madrid
2017-01-21,Malaga,Home,2,True,True,la-liga,2016,Real Madrid
2017-01-29,Sociedad,Home,3,True,True,la-liga,2016,Real Madrid
2017-02-11,Osasuna,Away,3,True,True,la-liga,2016,Real Madrid
2017-02-18,Espanol,Home,2,True,True,la-liga,2016,Real Madrid
2017-02-22,Valencia,Away,1,True,True,la-liga,2016,Real Madrid
2017-02-26,Villarreal,Away,3,True,True,la-liga,2016,Real Madrid
2017-03-01,Las Palmas,Home,3,True,True,la-liga,2016,Real Madrid
2017-03-04,Eibar,Away,4,True,True,la-liga,2016,Real Madrid
2017-03-12,Betis,Home,2,True,True,la-liga,2016,Real Madrid
2017-03-18,Ath Bilbao,Away,2,True,True,la-liga,2016,Real Madrid
2017-04-02,Alaves,Home,3,True,True,la-liga,2016,Real Madrid
2017-04-05,Leganes,Away,4,True,True,la-liga,2016,Real Madrid
2017-04-08,Ath Madrid,Home,1,True,True,la-liga,2016,Real Madrid
2017-04-15,Sp Gijon,Away,3,True,True,la-liga,2016,Real Madrid
2017-04-23,Barcelona,Home,2,True,True,la-liga,2016,Real Madrid
2017-04-26,La Coruna,Away,6,True,True,la-liga,2016,Real Madrid
2017-04-29,Valencia,Home,2,True,True,la-liga,2016,Real Madrid
2017-05-06,Granada,Away,4,True,True,la-liga,2016,Real Madrid
2017-05-14,Sevilla,Home,4,True,True,la-liga,2016,Real Madrid
2017-05-17,Celta,Away,4,True,True,la-liga,2016,Real Madrid
2017-05-21,Malaga,Away,2,True,True,la-liga,2016,Real Madrid
2016-08-20,Espanol,Home,6,True,True,la-liga,2016,Sevilla
2016-08-28,Villarreal,Away,0,True,True,la-liga,2016,Sevilla
2016-09-10,Las Palmas,Home,2,True,True,la-liga,2016,Sevilla
2016-09-17,Eibar,Away,1,True,True,la-liga,2016,Sevilla
2016-09-20,Betis,Home,1,True,True,la-liga,2016,Sevilla
2016-09-24,Ath Bilbao,Away,1,True,True,la-liga,2016,Sevilla
2016-10-01,Alaves,Home,2,True,True,la-liga,2016,Sevilla
2016-10-15,Leganes,Away,3,True,True,la-liga,2016,Sevilla
2016-10-23,Ath Madrid,Home,1,True,True,la-liga,2016,Sevilla
2016-10-29,Sp Gijon,Away,1,True,True,la-liga,2016,Sevilla
2016-11-06,Barcelona,Home,1,True,True,la-liga,2016,Sevilla
2016-11-19,La Coruna,Away,3,True,True,la-liga,2016,Sevilla
2016-11-26,Valencia,Home,2,True,True,la-liga,2016,Sevilla
2016-12-03,Granada,Away,1,True,True,la-liga,2016,Sevilla
2016-12-11,Celta,Away,3,True,True,la-liga,2016,Sevilla
2016-12-17,Malaga,Home,4,True,True,la-liga,2016,Sevilla
2017-01-07,Sociedad,Away,4,True,True,la-liga,2016,Sevilla
2017-01-15,Real Madrid,Home,2,True,True,la-liga,2016,Sevilla
2017-01-22,Osasuna,Away,4,True,True,la-liga,2016,Sevilla
2017-01-29,Espanol,Away,1,True,True,la-liga,2016,Sevilla
2017-02-05,Villarreal,Home,0,True,True,la-liga,2016,Sevilla
2017-02-12,Las Palmas,Away,1,True,True,la-liga,2016,Sevilla
2017-02-18,Eibar,Home,2,True,True,la-liga,2016,Sevilla
2017-02-25,Betis,Away,2,True,True,la-liga,2016,Sevilla
2017-03-02,Ath Bilbao,Home,1,True,True,la-liga,2016,Sevilla
2017-03-06,Alaves,Away,1,True,True,la-liga,2016,Sevilla
2017-03-11,Leganes,Home,1,True,True,la-liga,2016,Sevilla
2017-03-19,Ath Madrid,Away,1,True,True,la-liga,2016,Sevilla
2017-04-02,Sp Gijon,Home,0,True,True,la-liga,2016,Sevilla
2017-04-05,Barcelona,Away,0,True,True,la-liga,2016,Sevilla
2017-04-08,La Coruna,Home,4,True,True,la-liga,2016,Sevilla
2017-04-16,Valencia,Away,0,True,True,la-liga,2016,Sevilla
2017-04-21,Granada,Home,2,False,False,la-liga,2016,Sevilla
2017-04-27,Celta,Home,2,True,True,la-liga,2016,Sevilla
2017-05-01,Malaga,Away,2,True,True,la-liga,2016,Sevilla
2017-05-05,Sociedad,Home,1,True,True,la-liga,2016,Sevilla
2017-05-14,Real Madrid,Away,1,True,True,la-liga,2016,Sevilla
2017-05-20,Osasuna,Home,5,True,True,la-liga,2016,Sevilla
2016-08-21,Real Madrid,Home,0,True,True,la-liga,2016,Sociedad
2016-08-27,Osasuna,Away,2,True,True,la-liga,2016,Sociedad
2016-09-09,Espanol,Home,1,True,True,la-liga,2016,Sociedad
2016-09-18,Villarreal,Away,1,True,True,la-liga,2016,Sociedad
2016-09-21,Las Palmas,Home,4,True,True,la-liga,2016,Sociedad
2016-09-24,Eibar,Away,0,True,True,la-liga,2016,Sociedad
2016-09-30,Betis,Home,1,True,True,la-liga,2016,Sociedad
2016-10-16,Ath Bilbao,Away,2,True,True,la-liga,2016,Sociedad
2016-10-22,Alaves,Home,3,True,True,la-liga,2016,Sociedad
2016-10-28,Leganes,Away,2,True,True,la-liga,2016,Sociedad
2016-11-05,Ath Madrid,Home,2,True,True,la-liga,2016,Sociedad
2016-11-20,Sp Gijon,Away,3,True,True,la-liga,2016,Sociedad
2016-11-27,Barcelona,Home,1,True,True,la-liga,2016,Sociedad
2016-12-05,La Coruna,Away,1,True,True,la-liga,2016,Sociedad
2016-12-10,Valencia,Home,3,True,True,la-liga,2016,Sociedad
2016-12-17,Granada,Away,2,True,True,la-liga,2016,Sociedad
2017-01-07,Sevilla,Home,0,True,True,la-liga,2016,Sociedad
2017-01-16,Malaga,Away,2,True,True,la-liga,2016,Sociedad
2017-01-22,Celta,Home,1,True,True,la-liga,2016,Sociedad
2017-01-29,Real Madrid,Away,0,True,True,la-liga,2016,Sociedad
2017-02-05,Osasuna,Home,3,True,True,la-liga,2016,Sociedad
2017-02-10,Espanol,Away,2,True,True,la-liga,2016,Sociedad
2017-02-19,Villarreal,Home,0,True,True,la-liga,2016,Sociedad
2017-02-24,Las Palmas,Away,1,False,False,la-liga,2016,Sociedad
2017-02-28,Eibar,Home,2,True,True,la-liga,2016,Sociedad
2017-03-03,Betis,Away,3,False,False,la-liga,2016,Sociedad
2017-03-12,Ath Bilbao,Home,0,True,True,la-liga,2016,Sociedad
2017-03-18,Alaves,Away,0,True,True,la-liga,2016,Sociedad
2017-04-01,Leganes,Home,1,True,True,la-liga,2016,Sociedad
2017-04-04,Ath Madrid,Away,0,True,True,la-liga,2016,Sociedad
2017-04-10,Sp Gijon,Home,3,True,True,la-liga,2016,Sociedad
2017-04-15,Barcelona,Away,2,True,True,la-liga,2016,Sociedad
2017-04-23,La Coruna,Home,1,True,True,la-liga,2016,Sociedad
2017-04-26,Valencia,Away,3,True,True,la-liga,2016,Sociedad
2017-04-29,Granada,Home,2,True,True,la-liga,2016,Sociedad
2017-05-05,Sevilla,Away,1,False,False,la-liga,2016,Sociedad
2017-05-14,Malaga,Home,2,True,True,la-liga,2016,Sociedad
2017-05-21,Celta,Away,2,True,True,la-liga,2016,Sociedad
2016-08-22,Las Palmas,Home,2,True,True,la-liga,2016,Valencia
2016-08-27,Eibar,Away,0,True,True,la-liga,2016,Valencia
2016-09-11,Betis,Home,2,True,True,la-liga,2016,Valencia
2016-09-18,Ath Bilbao,Away,1,True,True,la-liga,2016,Valencia
2016-09-22,Alaves,Home,2,True,True,la-liga,2016,Valencia
2016-09-25,Leganes,Away,2,True,True,la-liga,2016,Valencia
2016-10-02,Ath Madrid,Home,0,True,True,la-liga,2016,Valencia
2016-10-16,Sp Gijon,Away,2,True,True,la-liga,2016,Valencia
2016-10-22,Barcelona,Home,2,True,True,la-liga,2016,Valencia
2016-10-31,La Coruna,Away,1,True,True,la-liga,2016,Valencia
2016-11-06,Celta,Away,1,True,True,la-liga,2016,Valencia
2016-11-20,Granada,Home,1,True,True,la-liga,2016,Valencia
2016-11-26,Sevilla,Away,1,True,True,la-liga,2016,Valencia
2016-12-04,Malaga,Home,2,True,True,la-liga,2016,Valencia
2016-12-10,Sociedad,Away,2,True,True,la-liga,2016,Valencia
2017-01-09,Osasuna,Away,3,True,True,la-liga,2016,Valencia
2017-01-15,Espanol,Home,2,True,True,la-liga,2016,Valencia
2017-01-21,Villarreal,Away,2,True,True,la-liga,2016,Valencia
2017-01-30,Las Palmas,Away,1,True,True,la-liga,2016,Valencia
2017-02-04,Eibar,Home,0,True,True,la-liga,2016,Valencia
2017-02-11,Betis,Away,0,True,True,la-liga,2016,Valencia
2017-02-19,Ath Bilbao,Home,2,True,True,la-liga,2016,Valencia
2017-02-22,Real Madrid,Home,2,True,True,la-liga,2016,Valencia
2017-02-25,Alaves,Away,1,True,True,la-liga,2016,Valencia
2017-02-28,Leganes,Home,1,True,True,la-liga,2016,Valencia
2017-03-05,Ath Madrid,Away,0,True,True,la-liga,2016,Valencia
2017-03-11,Sp Gijon,Home,1,True,True,la-liga,2016,Valencia
2017-03-19,Barcelona,Away,2,True,True,la-liga,2016,Valencia
2017-04-02,La Coruna,Home,3,True,True,la-liga,2016,Valencia
2017-04-06,Celta,Home,3,True,True,la-liga,2016,Valencia
2017-04-09,Granada,Away,3,True,True,la-liga,2016,Valencia
2017-04-16,Sevilla,Home,0,True,True,la-liga,2016,Valencia
2017-04-22,Malaga,Away,0,True,True,la-liga,2016,Valencia
2017-04-26,Sociedad,Home,2,True,True,la-liga,2016,Valencia
2017-04-29,Real Madrid,Away,1,True,True,la-liga,2016,Valencia
2017-05-07,Osasuna,Home,4,True,True,la-liga,2016,Valencia
2017-05-13,Espanol,Away,1,True,True,la-liga,2016,Valencia
2017-05-21,Villarreal,Home,1,True,True,la-liga,2016,Valencia
2016-08-20,Granada,Away,1,True,True,la-liga,2016,Villarreal
2016-08-28,Sevilla,Home,0,True,True,la-liga,2016,Villarreal
2016-09-10,Malaga,Away,2,True,True,la-liga,2016,Villarreal
2016-09-18,Sociedad,Home,2,True,True,la-liga,2016,Villarreal
2016-09-21,Real Madrid,Away,1,True,True,la-liga,2016,Villarreal
2016-09-25,Osasuna,Home,3,True,True,la-liga,2016,Villarreal
2016-10-02,Espanol,Away,0,True,True,la-liga,2016,Villarreal
2016-10-16,Celta,Home,5,True,True,la-liga,2016,Villarreal
2016-10-23,Las Palmas,Home,2,True,True,la-liga,2016,Villarreal
2016-10-30,Eibar,Away,1,True,True,la-liga,2016,Villarreal
2016-11-06,Betis,Home,2,True,True,la-liga,2016,Villarreal
2016-11-20,Ath Bilbao,Away,0,True,True,la-liga,2016,Villarreal
2016-11-27,Alaves,Home,0,True,True,la-liga,2016,Villarreal
2016-12-03,Leganes,Away,0,True,True,la-liga,2016,Villarreal
2016-12-12,Ath Madrid,Home,3,True,True,la-liga,2016,Villarreal
2016-12-17,Sp Gijon,Away,3,True,True,la-liga,2016,Villarreal
2017-01-08,Barcelona,Home,1,True,True,la-liga,2016,Villarreal
2017-01-14,La Coruna,Away,0,True,True,la-liga,2016,Villarreal
2017-01-21,Valencia,Home,0,True,True,la-liga,2016,Villarreal
2017-01-28,Granada,Home,2,True,True,la-liga,2016,Villarreal
2017-02-05,Sevilla,Away,0,True,True,la-liga,2016,Villarreal
2017-02-12,Malaga,Home,1,True,True,la-liga,2016,Villarreal
2017-02-19,Sociedad,Away,1,True,True,la-liga,2016,Villarreal
2017-02-26,Real Madrid,Home,2,True,True,la-liga,2016,Villarreal
2017-03-01,Osasuna,Away,4,True,True,la-liga,2016,Villarreal
2017-03-04,Espanol,Home,2,True,True,la-liga,2016,Villarreal
2017-03-12,Celta,Away,1,True,True,la-liga,2016,Villarreal
2017-03-17,Las Palmas,Away,0,False,False,la-liga,2016,Villarreal
2017-04-01,Eibar,Home,2,True,True,la-liga,2016,Villarreal
2017-04-04,Betis,Away,1,True,True,la-liga,2016,Villarreal
2017-04-07,Ath Bilbao,Home,3,False,False,la-liga,2016,Villarreal
2017-04-17,Alaves,Away,1,True,True,la-liga,2016,Villarreal
2017-04-22,Leganes,Home,2,True,True,la-liga,2016,Villarreal
2017-04-25,Ath Madrid,Away,1,True,True,la-liga,2016,Villarreal
2017-04-28,Sp Gijon,Home,3,True,True,la-liga,2016,Villarreal
2017-05-06,Barcelona,Away,1,True,True,la-liga,2016,Villarreal
2017-05-14,La Coruna,Home,0,True,True,la-liga,2016,Villarreal
2017-05-21,Valencia,Away,3,True,True,la-liga,2016,Villarreal
2017-08-18,Leganes,Away,0,True,True,la-liga,2017,Alaves
2017-08-26,Barcelona,Home,0,True,True,la-liga,2017,Alaves
2017-09-10,Celta,Away,0,True,True,la-liga,2017,Alaves
2017-09-17,Villarreal,Home,0,True,True,la-liga,2017,Alaves
2017-09-20,La Coruna,Away,0,True,True,la-liga,2017,Alaves
2017-09-23,Real Madrid,Home,1,True,True,la-liga,2017,Alaves
2017-09-30,Levante,Away,2,True,True,la-liga,2017,Alaves
2017-10-14,Sociedad,Home,0,True,True,la-liga,2017,Alaves
2017-10-21,Betis,Away,0,True,True,la-liga,2017,Alaves
2017-10-28,Valencia,Home,1,True,True,la-liga,2017,Alaves
2017-11-04,Espanol,Home,1,True,True,la-liga,2017,Alaves
2017-11-18,Getafe,Away,1,True,True,la-liga,2017,Alaves
2017-11-25,Eibar,Home,1,True,True,la-liga,2017,Alaves
2017-12-04,Girona,Away,3,True,True,la-liga,2017,Alaves
2017-12-08,Las Palmas,Home,2,True,True,la-liga,2017,Alaves
2017-12-16,Ath Madrid,Away,0,True,True,la-liga,2017,Alaves
2017-12-21,Malaga,Home,1,True,True,la-liga,2017,Alaves
2018-01-07,Ath Bilbao,Away,0,True,True,la-liga,2017,Alaves
2018-01-14,Sevilla,Home,1,True,True,la-liga,2017,Alaves
2018-01-21,Leganes,Home,2,True,True,la-liga,2017,Alaves
2018-01-28,Barcelona,Away,1,True,True,la-liga,2017,Alaves
2018-02-03,Celta,Home,2,True,True,la-liga,2017,Alaves
2018-02-10,Villarreal,Away,2,True,True,la-liga,2017,Alaves
2018-02-17,La Coruna,Home,1,True,True,la-liga,2017,Alaves
2018-02-24,Real Madrid,Away,0,True,True,la-liga,2017,Alaves
2018-03-01,Levante,Home,1,True,True,la-liga,2017,Alaves
2018-03-04,Sociedad,Away,1,True,True,la-liga,2017,Alaves
2018-03-12,Betis,Home,1,True,True,la-liga,2017,Alaves
2018-03-17,Valencia,Away,1,True,True,la-liga,2017,Alaves
2018-04-01,Espanol,Away,0,True,True,la-liga,2017,Alaves
2018-04-07,Getafe,Home,2,True,True,la-liga,2017,Alaves
2018-04-15,Eibar,Away,1,True,True,la-liga,2017,Alaves
2018-04-19,Girona,Home,1,True,True,la-liga,2017,Alaves
2018-04-22,Las Palmas,Away,4,True,True,la-liga,2017,Alaves
2018-04-29,Ath Madrid,Home,0,True,True,la-liga,2017,Alaves
2018-05-06,Malaga,Away,3,True,True,la-liga,2017,Alaves
2018-05-12,Ath Bilbao,Home,3,True,True,la-liga,2017,Alaves
2018-05-19,Sevilla,Away,0,True,True,la-liga,2017,Alaves
2017-08-20,Getafe,Home,0,True,True,la-liga,2017,Ath Bilbao
2017-08-27,Eibar,Away,1,True,True,la-liga,2017,Ath Bilbao
2017-09-10,Girona,Home,2,True,True,la-liga,2017,Ath Bilbao
2017-09-17,Las Palmas,Away,0,True,True,la-liga,2017,Ath Bilbao
2017-09-20,Ath Madrid,Home,1,True,True,la-liga,2017,Ath Bilbao
2017-09-23,Malaga,Away,3,True,True,la-liga,2017,Ath Bilbao
2017-10-01,Valencia,Away,2,True,True,la-liga,2017,Ath Bilbao
2017-10-14,Sevilla,Home,1,True,True,la-liga,2017,Ath Bilbao
2017-10-22,Leganes,Away,0,True,True,la-liga,2017,Ath Bilbao
2017-10-28,Barcelona,Home,0,True,True,la-liga,2017,Ath Bilbao
2017-11-05,Celta,Away,1,True,True,la-liga,2017,Ath Bilbao
2017-11-19,Villarreal,Home,1,True,True,la-liga,2017,Ath Bilbao
2017-11-26,La Coruna,Away,2,True,True,la-liga,2017,Ath Bilbao
2017-12-02,Real Madrid,Home,0,True,True,la-liga,2017,Ath Bilbao
2017-12-10,Levante,Away,2,True,True,la-liga,2017,Ath Bilbao
2017-12-16,Sociedad,Home,0,True,True,la-liga,2017,Ath Bilbao
2017-12-22,Betis,Away,2,True,True,la-liga,2017,Ath Bilbao
2018-01-07,Alaves,Home,2,True,True,la-liga,2017,Ath Bilbao
2018-01-14,Espanol,Away,1,True,True,la-liga,2017,Ath Bilbao
2018-01-19,Getafe,Away,2,True,True,la-liga,2017,Ath Bilbao
2018-01-26,Eibar,Home,1,True,True,la-liga,2017,Ath Bilbao
2018-02-04,Girona,Away,0,True,True,la-liga,2017,Ath Bilbao
2018-02-09,Las Palmas,Home,0,True,True,la-liga,2017,Ath Bilbao
2018-02-18,Ath Madrid,Away,0,True,True,la-liga,2017,Ath Bilbao
2018-02-25,Malaga,Home,2,True,True,la-liga,2017,Ath Bilbao
2018-02-28,Valencia,Home,1,True,True,la-liga,2017,Ath Bilbao
2018-03-03,Sevilla,Away,0,True,True,la-liga,2017,Ath Bilbao
2018-03-11,Leganes,Home,2,True,True,la-liga,2017,Ath Bilbao
2018-03-18,Barcelona,Away,0,True,True,la-liga,2017,Ath Bilbao
2018-03-31,Celta,Home,1,True,True,la-liga,2017,Ath Bilbao
2018-04-09,Villarreal,Away,3,True,True,la-liga,2017,Ath Bilbao
2018-04-14,La Coruna,Home,2,True,True,la-liga,2017,Ath Bilbao
2018-04-18,Real Madrid,Away,1,True,True,la-liga,2017,Ath Bilbao
2018-04-23,Levante,Home,1,True,True,la-liga,2017,Ath Bilbao
2018-04-28,Sociedad,Away,1,True,True,la-liga,2017,Ath Bilbao
2018-05-05,Betis,Home,2,True,True,la-liga,2017,Ath Bilbao
2018-05-12,Alaves,Away,1,True,True,la-liga,2017,Ath Bilbao
2018-05-20,Espanol,Home,0,True,True,la-liga,2017,Ath Bilbao
2017-08-19,Girona,Away,2,True,True,la-liga,2017,Ath Madrid
2017-08-26,Las Palmas,Away,5,True,True,la-liga,2017,Ath Madrid
2017-09-09,Valencia,Away,0,True,True,la-liga,2017,Ath Madrid
2017-09-16,Malaga,Home,1,True,True,la-liga,2017,Ath Madrid
2017-09-20,Ath Bilbao,Away,2,True,True,la-liga,2017,Ath Madrid
2017-09-23,Sevilla,Home,2,True,True,la-liga,2017,Ath Madrid
2017-09-30,Leganes,Away,0,True,True,la-liga,2017,Ath Madrid
2017-10-14,Barcelona,Home,1,True,True,la-liga,2017,Ath Madrid
2017-10-22,Celta,Away,1,True,True,la-liga,2017,Ath Madrid
2017-10-28,Villarreal,Home,1,True,True,la-liga,2017,Ath Madrid
2017-11-04,La Coruna,Away,1,True,True,la-liga,2017,Ath Madrid
2017-11-18,Real Madrid,Home,0,True,True,la-liga,2017,Ath Madrid
2017-11-25,Levante,Away,5,True,True,la-liga,2017,Ath Madrid
2017-12-02,Sociedad,Home,2,True,True,la-liga,2017,Ath Madrid
2017-12-10,Betis,Away,1,True,True,la-liga,2017,Ath Madrid
2017-12-16,Alaves,Home,1,True,True,la-liga,2017,Ath Madrid
2017-12-22,Espanol,Away,0,True,True,la-liga,2017,Ath Madrid
2018-01-06,Getafe,Home,2,True,True,la-liga,2017,Ath Madrid
2018-01-13,Eibar,Away,1,True,True,la-liga,2017,Ath Madrid
2018-01-20,Girona,Home,1,True,True,la-liga,2017,Ath Madrid
2018-01-28,Las Palmas,Home,3,True,True,la-liga,2017,Ath Madrid
2018-02-04,Valencia,Home,1,True,True,la-liga,2017,Ath Madrid
2018-02-10,Malaga,Away,1,True,True,la-liga,2017,Ath Madrid
2018-02-18,Ath Bilbao,Home,2,True,True,la-liga,2017,Ath Madrid
2018-02-25,Sevilla,Away,5,True,True,la-liga,2017,Ath Madrid
2018-02-28,Leganes,Home,4,True,True,la-liga,2017,Ath Madrid
2018-03-04,Barcelona,Away,0,True,True,la-liga,2017,Ath Madrid
2018-03-11,Celta,Home,3,True,True,la-liga,2017,Ath Madrid
2018-03-18,Villarreal,Away,1,True,True,la-liga,2017,Ath Madrid
2018-04-01,La Coruna,Home,1,True,True,la-liga,2017,Ath Madrid
2018-04-08,Real Madrid,Away,1,True,True,la-liga,2017,Ath Madrid
2018-04-15,Levante,Home,3,True,True,la-liga,2017,Ath Madrid
2018-04-19,Sociedad,Away,0,True,True,la-liga,2017,Ath Madrid
2018-04-22,Betis,Home,0,True,True,la-liga,2017,Ath Madrid
2018-04-29,Alaves,Away,1,True,True,la-liga,2017,Ath Madrid
2018-05-06,Espanol,Home,0,True,True,la-liga,2017,Ath Madrid
2018-05-12,Getafe,Away,1,True,True,la-liga,2017,Ath Madrid
2018-05-20,Eibar,Home,2,True,True,la-liga,2017,Ath Madrid
2017-08-20,Betis,Home,2,True,True,la-liga,2017,Barcelona
2017-08-26,Alaves,Away,2,True,True,la-liga,2017,Barcelona
2017-09-09,Espanol,Home,5,True,True,la-liga,2017,Barcelona
2017-09-16,Getafe,Away,2,True,True,la-liga,2017,Barcelona
2017-09-19,Eibar,Home,6,True,True,la-liga,2017,Barcelona
2017-09-23,Girona,Away,3,True,True,la-liga,2017,Barcelona
2017-10-01,Las Palmas,Home,3,True,True,la-liga,2017,Barcelona
2017-10-14,Ath Madrid,Away,1,True,True,la-liga,2017,Barcelona
2017-10-21,Malaga,Home,2,True,True,la-liga,2017,Barcelona
2017-10-28,Ath Bilbao,Away,2,True,True,la-liga,2017,Barcelona
2017-11-04,Sevilla,Home,2,True,True,la-liga,2017,Barcelona
2017-11-18,Leganes,Away,3,True,True,la-liga,2017,Barcelona
2017-11-26,Valencia,Away,1,True,True,la-liga,2017,Barcelona
2017-12-02,Celta,Home,2,True,True,la-liga,2017,Barcelona
2017-12-10,Villarreal,Away,2,True,True,la-liga,2017,Barcelona
2017-12-17,La Coruna,Home,4,True,True,la-liga,2017,Barcelona
2017-12-23,Real Madrid,Away,3,True,True,la-liga,2017,Barcelona
2018-01-07,Levante,Home,3,True,True,la-liga,2017,Barcelona
2018-01-14,Sociedad,Away,4,True,True,la-liga,2017,Barcelona
2018-01-21,Betis,Away,5,True,True,la-liga,2017,Barcelona
2018-01-28,Alaves,Home,2,True,True,la-liga,2017,Barcelona
2018-02-04,Espanol,Away,1,True,True,la-liga,2017,Barcelona
2018-02-11,Getafe,Home,0,True,True,la-liga,2017,Barcelona
2018-02-17,Eibar,Away,2,True,True,la-liga,2017,Barcelona
2018-02-24,Girona,Home,6,True,True,la-liga,2017,Barcelona
2018-03-01,Las Palmas,Away,1,True,True,la-liga,2017,Barcelona
2018-03-04,Ath Madrid,Home,1,True,True,la-liga,2017,Barcelona
2018-03-10,Malaga,Away,2,True,True,la-liga,2017,Barcelona
2018-03-18,Ath Bilbao,Home,2,True,True,la-liga,2017,Barcelona
2018-03-31,Sevilla,Away,2,True,True,la-liga,2017,Barcelona
2018-04-07,Leganes,Home,3,True,True,la-liga,2017,Barcelona
2018-04-14,Valencia,Home,2,True,True,la-liga,2017,Barcelona
2018-04-17,Celta,Away,2,True,True,la-liga,2017,Barcelona
2018-04-29,La Coruna,Away,4,True,True,la-liga,2017,Barcelona
2018-05-06,Real Madrid,Home,2,True,True,la-liga,2017,Barcelona
2018-05-09,Villarreal,Home,5,True,True,la-liga,2017,Barcelona
2018-05-13,Levante,Away,4,True,True,la-liga,2017,Barcelona
2018-05-20,Sociedad,Home,1,True,True,la-liga,2017,Barcelona
2017-08-20,Barcelona,Away,0,True,True,la-liga,2017,Betis
2017-08-25,Celta,Home,2,True,True,la-liga,2017,Betis
2017-09-10,Villarreal,Away,1,True,True,la-liga,2017,Betis
2017-09-16,La Coruna,Home,2,True,True,la-liga,2017,Betis
2017-09-20,Real Madrid,Away,1,True,True,la-liga,2017,Betis
2017-09-25,Levante,Home,4,True,True,la-liga,2017,Betis
2017-10-01,Sociedad,Away,4,True,True,la-liga,2017,Betis
2017-10-15,Valencia,Home,3,True,True,la-liga,2017,Betis
2017-10-21,Alaves,Home,2,True,True,la-liga,2017,Betis
2017-10-30,Espanol,Away,0,True,True,la-liga,2017,Betis
2017-11-03,Getafe,Home,2,True,True,la-liga,2017,Betis
2017-11-20,Eibar,Away,0,True,True,la-liga,2017,Betis
2017-11-25,Girona,Home,2,True,True,la-liga,2017,Betis
2017-12-03,Las Palmas,Away,0,True,True,la-liga,2017,Betis
2017-12-10,Ath Madrid,Home,0,True,True,la-liga,2017,Betis
2017-12-18,Malaga,Away,2,True,True,la-liga,2017,Betis
2017-12-22,Ath Bilbao,Home,0,True,True,la-liga,2017,Betis
2018-01-06,Sevilla,Away,5,True,True,la-liga,2017,Betis
2018-01-15,Leganes,Home,3,True,True,la-liga,2017,Betis
2018-01-21,Barcelona,Home,0,True,True,la-liga,2017,Betis
2018-01-29,Celta,Away,2,True,True,la-liga,2017,Betis
2018-02-03,Villarreal,Home,2,True,True,la-liga,2017,Betis
2018-02-12,La Coruna,Away,1,True,True,la-liga,2017,Betis
2018-02-18,Real Madrid,Home,3,True,True,la-liga,2017,Betis
2018-02-26,Levante,Away,2,True,True,la-liga,2017,Betis
2018-03-01,Sociedad,Home,0,True,True,la-liga,2017,Betis
2018-03-04,Valencia,Away,0,True,True,la-liga,2017,Betis
2018-03-12,Alaves,Away,3,True,True,la-liga,2017,Betis
2018-03-17,Espanol,Home,3,True,True,la-liga,2017,Betis
2018-04-02,Getafe,Away,1,True,True,la-liga,2017,Betis
2018-04-07,Eibar,Home,2,True,True,la-liga,2017,Betis
2018-04-13,Girona,Away,1,True,True,la-liga,2017,Betis
2018-04-19,Las Palmas,Home,1,True,True,la-liga,2017,Betis
2018-04-22,Ath Madrid,Away,0,True,True,la-liga,2017,Betis
2018-04-30,Malaga,Home,2,True,True,la-liga,2017,Betis
2018-05-05,Ath Bilbao,Away,0,True,True,la-liga,2017,Betis
2018-05-12,Sevilla,Home,2,True,True,la-liga,2017,Betis
2018-05-19,Leganes,Away,2,True,True,la-liga,2017,Betis
2017-08-21,Malaga,Away,1,True,True,la-liga,2017,Eibar
2017-08-27,Ath Bilbao,Home,0,True,True,la-liga,2017,Eibar
2017-09-09,Sevilla,Away,0,True,True,la-liga,2017,Eibar
2017-09-15,Leganes,Home,1,True,True,la-liga,2017,Eibar
2017-09-19,Barcelona,Away,1,True,True,la-liga,2017,Eibar
2017-09-24,Celta,Home,0,True,True,la-liga,2017,Eibar
2017-10-01,Villarreal,Away,0,True,True,la-liga,2017,Eibar
2017-10-15,La Coruna,Home,0,True,True,la-liga,2017,Eibar
2017-10-22,Real Madrid,Away,0,True,True,la-liga,2017,Eibar
2017-10-29,Levante,Home,2,True,True,la-liga,2017,Eibar
2017-11-05,Sociedad,Away,1,True,True,la-liga,2017,Eibar
2017-11-20,Betis,Home,5,True,True,la-liga,2017,Eibar
2017-11-25,Alaves,Away,2,True,True,la-liga,2017,Eibar
2017-12-03,Espanol,Home,3,True,True,la-liga,2017,Eibar
2017-12-09,Getafe,Away,0,True,True,la-liga,2017,Eibar
2017-12-16,Valencia,Home,2,True,True,la-liga,2017,Eibar
2017-12-21,Girona,Home,4,True,True,la-liga,2017,Eibar
2018-01-06,Las Palmas,Away,2,True,True,la-liga,2017,Eibar
2018-01-13,Ath Madrid,Home,0,True,True,la-liga,2017,Eibar
2018-01-22,Malaga,Home,1,True,True,la-liga,2017,Eibar
2018-01-26,Ath Bilbao,Away,1,True,True,la-liga,2017,Eibar
2018-02-03,Sevilla,Home,5,True,True,la-liga,2017,Eibar
2018-02-10,Leganes,Away,1,True,True,la-liga,2017,Eibar
2018-02-17,Barcelona,Home,0,True,True,la-liga,2017,Eibar
2018-02-24,Celta,Away,0,True,True,la-liga,2017,Eibar
2018-02-28,Villarreal,Home,1,True,True,la-liga,2017,Eibar
2018-03-03,La Coruna,Away,1,True,True,la-liga,2017,Eibar
2018-03-10,Real Madrid,Home,1,True,True,la-liga,2017,Eibar
2018-03-16,Levante,Away,1,False,False,la-liga,2017,Eibar
2018-04-01,Sociedad,Home,0,True,True,la-liga,2017,Eibar
2018-04-07,Betis,Away,0,True,True,la-liga,2017,Eibar
2018-04-15,Alaves,Home,0,True,True,la-liga,2017,Eibar
2018-04-18,Espanol,Away,1,True,True,la-liga,2017,Eibar
2018-04-21,Getafe,Home,0,True,True,la-liga,2017,Eibar
2018-04-29,Valencia,Away,0,True,True,la-liga,2017,Eibar
2018-05-05,Girona,Away,4,True,True,la-liga,2017,Eibar
2018-05-12,Las Palmas,Home,1,True,False,la-liga,2017,Eibar
2018-05-20,Ath Madrid,Away,2,True,False,la-liga,2017,Eibar
2017-08-19,Sevilla,Away,1,True,True,la-liga,2017,Espanol
2017-08-27,Leganes,Home,0,True,True,la-liga,2017,Espanol
2017-09-09,Barcelona,Away,0,True,True,la-liga,2017,Espanol
2017-09-18,Celta,Home,2,True,True,la-liga,2017,Espanol
2017-09-21,Villarreal,Away,0,True,True,la-liga,2017,Espanol
2017-09-24,La Coruna,Home,4,True,True,la-liga,2017,Espanol
2017-10-01,Real Madrid,Away,0,True,True,la-liga,2017,Espanol
2017-10-13,Levante,Home,0,True,True,la-liga,2017,Espanol
2017-10-23,Sociedad,Away,1,True,True,la-liga,2017,Espanol
2017-10-30,Betis,Home,1,True,True,la-liga,2017,Espanol
2017-11-04,Alaves,Away,0,True,True,la-liga,2017,Espanol
2017-11-19,Valencia,Home,0,True,True,la-liga,2017,Espanol
2017-11-27,Getafe,Home,1,True,True,la-liga,2017,Espanol
2017-12-03,Eibar,Away,1,True,True,la-liga,2017,Espanol
2017-12-11,Girona,Home,0,True,True,la-liga,2017,Espanol
2017-12-17,Las Palmas,Away,2,True,True,la-liga,2017,Espanol
2017-12-22,Ath Madrid,Home,1,True,True,la-liga,2017,Espanol
2018-01-08,Malaga,Away,1,True,True,la-liga,2017,Espanol
2018-01-14,Ath Bilbao,Home,1,True,True,la-liga,2017,Espanol
2018-01-20,Sevilla,Home,0,True,True,la-liga,2017,Espanol
2018-01-28,Leganes,Away,2,True,True,la-liga,2017,Espanol
2018-02-04,Barcelona,Home,1,True,True,la-liga,2017,Espanol
2018-02-11,Celta,Away,2,True,True,la-liga,2017,Espanol
2018-02-18,Villarreal,Home,1,True,True,la-liga,2017,Espanol
2018-02-23,La Coruna,Away,0,True,True,la-liga,2017,Espanol
2018-02-27,Real Madrid,Home,1,True,True,la-liga,2017,Espanol
2018-03-04,Levante,Away,1,True,True,la-liga,2017,Espanol
2018-03-11,Sociedad,Home,2,True,True,la-liga,2017,Espanol
2018-03-17,Betis,Away,0,True,True,la-liga,2017,Espanol
2018-04-01,Alaves,Home,0,True,True,la-liga,2017,Espanol
2018-04-08,Valencia,Away,0,True,True,la-liga,2017,Espanol
2018-04-15,Getafe,Away,0,True,True,la-liga,2017,Espanol
2018-04-18,Eibar,Home,0,True,True,la-liga,2017,Espanol
2018-04-22,Girona,Away,2,True,True,la-liga,2017,Espanol
2018-04-28,Las Palmas,Home,1,True,True,la-liga,2017,Espanol
2018-05-06,Ath Madrid,Away,2,True,True,la-liga,2017,Espanol
2018-05-13,Malaga,Home,4,True,True,la-liga,2017,Espanol
2018-05-20,Ath Bilbao,Away,1,True,True,la-liga,2017,Espanol
2017-08-20,Ath Bilbao,Away,0,True,True,la-liga,2017,Getafe
2017-08-27,Sevilla,Home,0,True,True,la-liga,2017,Getafe
2017-09-08,Leganes,Away,2,True,True,la-liga,2017,Getafe
2017-09-16,Barcelona,Home,1,True,True,la-liga,2017,Getafe
2017-09-21,Celta,Away,1,True,True,la-liga,2017,Getafe
2017-09-24,Villarreal,Home,4,True,True,la-liga,2017,Getafe
2017-09-30,La Coruna,Away,1,True,True,la-liga,2017,Getafe
2017-10-14,Real Madrid,Home,1,True,True,la-liga,2017,Getafe
2017-10-21,Levante,Away,1,True,True,la-liga,2017,Getafe
2017-10-29,Sociedad,Home,2,True,True,la-liga,2017,Getafe
2017-11-03,Betis,Away,2,True,True,la-liga,2017,Getafe
2017-11-18,Alaves,Home,4,True,True,la-liga,2017,Getafe
2017-11-27,Espanol,Away,0,True,True,la-liga,2017,Getafe
2017-12-03,Valencia,Home,1,True,True,la-liga,2017,Getafe
2017-12-09,Eibar,Home,0,True,True,la-liga,2017,Getafe
2017-12-17,Girona,Away,0,True,True,la-liga,2017,Getafe
2017-12-20,Las Palmas,Home,2,True,True,la-liga,2017,Getafe
2018-01-06,Ath Madrid,Away,0,True,True,la-liga,2017,Getafe
2018-01-12,Malaga,Home,1,True,True,la-liga,2017,Getafe
2018-01-19,Ath Bilbao,Home,2,True,True,la-liga,2017,Getafe
2018-01-28,Sevilla,Away,1,True,True,la-liga,2017,Getafe
2018-02-04,Leganes,Home,0,True,True,la-liga,2017,Getafe
2018-02-11,Barcelona,Away,0,True,True,la-liga,2017,Getafe
2018-02-19,Celta,Home,3,True,True,la-liga,2017,Getafe
2018-02-25,Villarreal,Away,0,True,True,la-liga,2017,Getafe
2018-02-28,La Coruna,Home,3,True,True,la-liga,2017,Getafe
2018-03-03,Real Madrid,Away,1,True,True,la-liga,2017,Getafe
2018-03-10,Levante,Home,0,True,True,la-liga,2017,Getafe
2018-03-17,Sociedad,Away,2,True,False,la-liga,2017,Getafe
2018-04-02,Betis,Home,0,True,True,la-liga,2017,Getafe
2018-04-07,Alaves,Away,0,True,True,la-liga,2017,Getafe
2018-04-15,Espanol,Home,1,True,False,la-liga,2017,Getafe
2018-04-18,Valencia,Away,2,True,False,la-liga,2017,Getafe
2018-04-21,Eibar,Away,1,True,False,la-liga,2017,Getafe
2018-04-29,Girona,Home,1,True,False,la-liga,2017,Getafe
2018-05-06,Las Palmas,Away,1,True,False,la-liga,2017,Getafe
2018-05-12,Ath Madrid,Home,0,True,True,la-liga,2017,Getafe
2018-05-19,Malaga,Away,1,True,False,la-liga,2017,Getafe
2017-08-19,Ath Madrid,Home,2,True,True,la-liga,2017,Girona
2017-08-26,Malaga,Home,1,True,True,la-liga,2017,Girona
2017-09-10,Ath Bilbao,Away,0,True,True,la-liga,2017,Girona
2017-09-17,Sevilla,Home,0,True,True,la-liga,2017,Girona
2017-09-20,Leganes,Away,0,True,True,la-liga,2017,Girona
2017-09-23,Barcelona,Home,0,True,True,la-liga,2017,Girona
2017-09-29,Celta,Away,3,True,True,la-liga,2017,Girona
2017-10-15,Villarreal,Home,1,True,True,la-liga,2017,Girona
2017-10-23,La Coruna,Away,2,True,True,la-liga,2017,Girona
2017-10-29,Real Madrid,Home,2,True,True,la-liga,2017,Girona
2017-11-05,Levante,Away,2,True,True,la-liga,2017,Girona
2017-11-17,Sociedad,Home,1,True,True,la-liga,2017,Girona
2017-11-25,Betis,Away,2,True,True,la-liga,2017,Girona
2017-12-04,Alaves,Home,2,True,True,la-liga,2017,Girona
2017-12-11,Espanol,Away,1,True,True,la-liga,2017,Girona
2017-12-17,Getafe,Home,1,True,True,la-liga,2017,Girona
2017-12-21,Eibar,Away,1,True,True,la-liga,2017,Girona
2018-01-06,Valencia,Away,1,True,True,la-liga,2017,Girona
2018-01-13,Las Palmas,Home,6,True,True,la-liga,2017,Girona
2018-01-20,Ath Madrid,Away,1,True,True,la-liga,2017,Girona
2018-01-27,Malaga,Away,0,True,True,la-liga,2017,Girona
2018-02-04,Ath Bilbao,Home,2,True,True,la-liga,2017,Girona
2018-02-11,Sevilla,Away,0,True,True,la-liga,2017,Girona
2018-02-16,Leganes,Home,3,False,False,la-liga,2017,Girona
2018-02-24,Barcelona,Away,1,True,True,la-liga,2017,Girona
2018-02-27,Celta,Home,1,True,True,la-liga,2017,Girona
2018-03-03,Villarreal,Away,2,True,True,la-liga,2017,Girona
2018-03-09,La Coruna,Home,2,True,True,la-liga,2017,Girona
2018-03-18,Real Madrid,Away,3,True,True,la-liga,2017,Girona
2018-03-31,Levante,Home,1,True,True,la-liga,2017,Girona
2018-04-08,Sociedad,Away,0,True,True,la-liga,2017,Girona
2018-04-13,Betis,Home,0,False,False,la-liga,2017,Girona
2018-04-19,Alaves,Away,2,True,True,la-liga,2017,Girona
2018-04-22,Espanol,Home,0,True,True,la-liga,2017,Girona
2018-04-29,Getafe,Away,1,True,True,la-liga,2017,Girona
2018-05-05,Eibar,Home,1,True,True,la-liga,2017,Girona
2018-05-12,Valencia,Home,0,True,True,la-liga,2017,Girona
2018-05-19,Las Palmas,Away,2,True,True,la-liga,2017,Girona
2017-08-20,Real Madrid,Home,0,True,True,la-liga,2017,La Coruna
2017-08-26,Levante,Away,2,True,True,la-liga,2017,La Coruna
2017-09-10,Sociedad,Home,2,True,True,la-liga,2017,La Coruna
2017-09-16,Betis,Away,1,True,True,la-liga,2017,La Coruna
2017-09-20,Alaves,Home,1,True,True,la-liga,2017,La Coruna
2017-09-24,Espanol,Away,1,True,True,la-liga,2017,La Coruna
2017-09-30,Getafe,Home,2,True,True,la-liga,2017,La Coruna
2017-10-15,Eibar,Away,0,True,True,la-liga,2017,La Coruna
2017-10-23,Girona,Home,1,True,True,la-liga,2017,La Coruna
2017-10-30,Las Palmas,Away,3,True,True,la-liga,2017,La Coruna
2017-11-04,Ath Madrid,Home,0,True,True,la-liga,2017,La Coruna
2017-11-19,Malaga,Away,2,True,True,la-liga,2017,La Coruna
2017-11-26,Ath Bilbao,Home,2,True,True,la-liga,2017,La Coruna
2017-12-02,Sevilla,Away,0,True,True,la-liga,2017,La Coruna
2017-12-09,Leganes,Home,1,True,True,la-liga,2017,La Coruna
2017-12-17,Barcelona,Away,0,True,True,la-liga,2017,La Coruna
2017-12-23,Celta,Home,1,True,True,la-liga,2017,La Coruna
2018-01-07,Villarreal,Away,1,True,True,la-liga,2017,La Coruna
2018-01-13,Valencia,Home,1,True,True,la-liga,2017,La Coruna
2018-01-21,Real Madrid,Away,1,True,True,la-liga,2017,La Coruna
2018-01-27,Levante,Home,2,True,True,la-liga,2017,La Coruna
2018-02-02,Sociedad,Away,0,True,True,la-liga,2017,La Coruna
2018-02-12,Betis,Home,0,True,True,la-liga,2017,La Coruna
2018-02-17,Alaves,Away,0,True,True,la-liga,2017,La Coruna
2018-02-23,Espanol,Home,0,True,True,la-liga,2017,La Coruna
2018-02-28,Getafe,Away,0,True,True,la-liga,2017,La Coruna
2018-03-03,Eibar,Home,1,True,True,la-liga,2017,La Coruna
2018-03-09,Girona,Away,0,True,True,la-liga,2017,La Coruna
2018-03-17,Las Palmas,Home,1,True,True,la-liga,2017,La Coruna
2018-04-01,Ath Madrid,Away,0,True,True,la-liga,2017,La Coruna
2018-04-06,Malaga,Home,3,True,True,la-liga,2017,La Coruna
2018-04-14,Ath Bilbao,Away,3,True,True,la-liga,2017,La Coruna
2018-04-17,Sevilla,Home,0,True,True,la-liga,2017,La Coruna
2018-04-20,Leganes,Away,0,True,True,la-liga,2017,La Coruna
2018-04-29,Barcelona,Home,2,True,True,la-liga,2017,La Coruna
2018-05-05,Celta,Away,1,True,True,la-liga,2017,La Coruna
2018-05-12,Villarreal,Home,2,True,True,la-liga,2017,La Coruna
2018-05-20,Valencia,Away,1,True,True,la-liga,2017,La Coruna
2017-08-18,Valencia,Away,0,True,True,la-liga,2017,Las Palmas
2017-08-26,Ath Madrid,Home,1,True,True,la-liga,2017,Las Palmas
2017-09-11,Malaga,Away,3,True,True,la-liga,2017,Las Palmas
2017-09-17,Ath Bilbao,Home,1,True,True,la-liga,2017,Las Palmas
2017-09-20,Sevilla,Away,0,True,True,la-liga,2017,Las Palmas
2017-09-24,Leganes,Home,0,True,True,la-liga,2017,Las Palmas
2017-10-01,Barcelona,Away,0,True,True,la-liga,2017,Las Palmas
2017-10-16,Celta,Home,2,True,True,la-liga,2017,Las Palmas
2017-10-22,Villarreal,Away,0,True,True,la-liga,2017,Las Palmas
2017-10-30,La Coruna,Home,1,True,True,la-liga,2017,Las Palmas
2017-11-05,Real Madrid,Away,0,True,True,la-liga,2017,Las Palmas
2017-11-19,Levante,Home,0,True,True,la-liga,2017,Las Palmas
2017-11-26,Sociedad,Away,2,True,True,la-liga,2017,Las Palmas
2017-12-03,Betis,Home,1,True,True,la-liga,2017,Las Palmas
2017-12-08,Alaves,Away,0,True,True,la-liga,2017,Las Palmas
2017-12-17,Espanol,Home,2,True,True,la-liga,2017,Las Palmas
2017-12-20,Getafe,Away,0,True,True,la-liga,2017,Las Palmas
2018-01-06,Eibar,Home,1,True,True,la-liga,2017,Las Palmas
2018-01-13,Girona,Away,0,True,True,la-liga,2017,Las Palmas
2018-01-20,Valencia,Home,2,True,True,la-liga,2017,Las Palmas
2018-01-28,Ath Madrid,Away,0,True,True,la-liga,2017,Las Palmas
2018-02-05,Malaga,Home,1,True,True,la-liga,2017,Las Palmas
2018-02-09,Ath Bilbao,Away,0,True,True,la-liga,2017,Las Palmas
2018-02-17,Sevilla,Home,1,True,True,la-liga,2017,Las Palmas
2018-02-24,Leganes,Away,0,True,True,la-liga,2017,Las Palmas
2018-03-01,Barcelona,Home,1,True,True,la-liga,2017,Las Palmas
2018-03-05,Celta,Away,1,True,True,la-liga,2017,Las Palmas
2018-03-11,Villarreal,Home,0,True,True,la-liga,2017,Las Palmas
2018-03-17,La Coruna,Away,1,True,True,la-liga,2017,Las Palmas
2018-03-31,Real Madrid,Home,0,True,True,la-liga,2017,Las Palmas
2018-04-08,Levante,Away,1,True,True,la-liga,2017,Las Palmas
2018-04-14,Sociedad,Home,0,True,True,la-liga,2017,Las Palmas
2018-04-19,Betis,Away,0,True,True,la-liga,2017,Las Palmas
2018-04-22,Alaves,Home,0,True,True,la-liga,2017,Las Palmas
2018-04-28,Espanol,Away,1,True,True,la-liga,2017,Las Palmas
2018-05-06,Getafe,Home,0,True,True,la-liga,2017,Las Palmas
2018-05-12,Eibar,Away,0,True,True,la-liga,2017,Las Palmas
2018-05-19,Girona,Home,1,True,True,la-liga,2017,Las Palmas
2017-08-18,Alaves,Home,1,True,True,la-liga,2017,Leganes
2017-08-27,Espanol,Away,1,True,True,la-liga,2017,Leganes
2017-09-08,Getafe,Home,1,True,True,la-liga,2017,Leganes
2017-09-15,Eibar,Away,0,True,True,la-liga,2017,Leganes
2017-09-20,Girona,Home,0,True,True,la-liga,2017,Leganes
2017-09-24,Las Palmas,Away,2,True,True,la-liga,2017,Leganes
2017-09-30,Ath Madrid,Home,0,True,True,la-liga,2017,Leganes
2017-10-15,Malaga,Away,2,True,True,la-liga,2017,Leganes
2017-10-22,Ath Bilbao,Home,1,True,True,la-liga,2017,Leganes
2017-10-28,Sevilla,Away,1,True,True,la-liga,2017,Leganes
2017-11-04,Valencia,Away,0,True,True,la-liga,2017,Leganes
2017-11-18,Barcelona,Home,0,True,True,la-liga,2017,Leganes
2017-11-24,Celta,Away,0,True,True,la-liga,2017,Leganes
2017-12-03,Villarreal,Home,3,True,True,la-liga,2017,Leganes
2017-12-09,La Coruna,Away,0,True,True,la-liga,2017,Leganes
2017-12-19,Levante,Away,0,True,True,la-liga,2017,Leganes
2018-01-07,Sociedad,Home,1,True,True,la-liga,2017,Leganes
2018-01-15,Betis,Away,2,True,True,la-liga,2017,Leganes
2018-01-21,Alaves,Away,2,True,True,la-liga,2017,Leganes
2018-01-28,Espanol,Home,3,True,True,la-liga,2017,Leganes
2018-02-04,Getafe,Away,0,False,False,la-liga,2017,Leganes
2018-02-10,Eibar,Home,0,True,True,la-liga,2017,Leganes
2018-02-16,Girona,Away,0,True,True,la-liga,2017,Leganes
2018-02-21,Real Madrid,Home,1,True,True,la-liga,2017,Leganes
2018-02-24,Las Palmas,Home,0,True,True,la-liga,2017,Leganes
2018-02-28,Ath Madrid,Away,0,True,True,la-liga,2017,Leganes
2018-03-03,Malaga,Home,2,True,True,la-liga,2017,Leganes
2018-03-11,Ath Bilbao,Away,0,True,True,la-liga,2017,Leganes
2018-03-18,Sevilla,Home,2,True,True,la-liga,2017,Leganes
2018-04-01,Valencia,Home,0,True,True,la-liga,2017,Leganes
2018-04-07,Barcelona,Away,1,True,True,la-liga,2017,Leganes
2018-04-14,Celta,Home,1,True,True,la-liga,2017,Leganes
2018-04-17,Villarreal,Away,1,True,True,la-liga,2017,Leganes
2018-04-20,La Coruna,Home,0,True,True,la-liga,2017,Leganes
2018-04-28,Real Madrid,Away,1,True,True,la-liga,2017,Leganes
2018-05-07,Levante,Home,0,True,True,la-liga,2017,Leganes
2018-05-12,Sociedad,Away,2,True,True,la-liga,2017,Leganes
2018-05-19,Betis,Home,3,True,True,la-liga,2017,Leganes
2017-08-21,Villarreal,Home,1,True,True,la-liga,2017,Levante
2017-08-26,La Coruna,Home,2,True,True,la-liga,2017,Levante
2017-09-09,Real Madrid,Away,1,True,True,la-liga,2017,Levante
2017-09-16,Valencia,Home,1,True,True,la-liga,2017,Levante
2017-09-21,Sociedad,Home,3,True,True,la-liga,2017,Levante
2017-09-25,Betis,Away,0,True,True,la-liga,2017,Levante
2017-09-30,Alaves,Home,0,True,True,la-liga,2017,Levante
2017-10-13,Espanol,Away,0,True,True,la-liga,2017,Levante
2017-10-21,Getafe,Home,1,True,True,la-liga,2017,Levante
2017-10-29,Eibar,Away,2,True,True,la-liga,2017,Levante
2017-11-05,Girona,Home,1,True,True,la-liga,2017,Levante
2017-11-19,Las Palmas,Away,2,True,True,la-liga,2017,Levante
2017-11-25,Ath Madrid,Home,0,True,True,la-liga,2017,Levante
2017-12-01,Malaga,Away,0,True,True,la-liga,2017,Levante
2017-12-10,Ath Bilbao,Home,1,True,True,la-liga,2017,Levante
2017-12-15,Sevilla,Away,0,True,True,la-liga,2017,Levante
2017-12-19,Leganes,Home,0,True,True,la-liga,2017,Levante
2018-01-07,Barcelona,Away,0,True,True,la-liga,2017,Levante
2018-01-14,Celta,Home,0,True,True,la-liga,2017,Levante
2018-01-20,Villarreal,Away,1,True,True,la-liga,2017,Levante
2018-01-27,La Coruna,Away,2,True,True,la-liga,2017,Levante
2018-02-03,Real Madrid,Home,2,True,True,la-liga,2017,Levante
2018-02-11,Valencia,Away,1,True,False,la-liga,2017,Levante
2018-02-18,Sociedad,Away,0,True,True,la-liga,2017,Levante
2018-02-26,Betis,Home,0,True,True,la-liga,2017,Levante
2018-03-01,Alaves,Away,0,True,True,la-liga,2017,Levante
2018-03-04,Espanol,Home,1,True,False,la-liga,2017,Levante
2018-03-10,Getafe,Away,1,True,True,la-liga,2017,Levante
2018-03-16,Eibar,Home,2,True,True,la-liga,2017,Levante
2018-03-31,Girona,Away,1,True,True,la-liga,2017,Levante
2018-04-08,Las Palmas,Home,2,True,True,la-liga,2017,Levante
2018-04-15,Ath Madrid,Away,0,True,True,la-liga,2017,Levante
2018-04-19,Malaga,Home,1,True,True,la-liga,2017,Levante
2018-04-23,Ath Bilbao,Away,3,True,False,la-liga,2017,Levante
2018-04-27,Sevilla,Home,2,True,True,la-liga,2017,Levante
2018-05-07,Leganes,Away,3,True,True,la-liga,2017,Levante
2018-05-13,Barcelona,Home,5,True,False,la-liga,2017,Levante
2018-05-19,Celta,Away,2,True,True,la-liga,2017,Levante
2017-08-21,Eibar,Home,0,True,True,la-liga,2017,Malaga
2017-08-26,Girona,Away,0,True,True,la-liga,2017,Malaga
2017-09-11,Las Palmas,Home,1,True,True,la-liga,2017,Malaga
2017-09-16,Ath Madrid,Away,0,True,True,la-liga,2017,Malaga
2017-09-19,Valencia,Away,0,True,True,la-liga,2017,Malaga
2017-09-23,Ath Bilbao,Home,3,True,True,la-liga,2017,Malaga
2017-09-30,Sevilla,Away,0,True,True,la-liga,2017,Malaga
2017-10-15,Leganes,Home,0,True,True,la-liga,2017,Malaga
2017-10-21,Barcelona,Away,0,True,True,la-liga,2017,Malaga
2017-10-29,Celta,Home,2,True,True,la-liga,2017,Malaga
2017-11-05,Villarreal,Away,0,True,True,la-liga,2017,Malaga
2017-11-19,La Coruna,Home,3,True,True,la-liga,2017,Malaga
2017-11-25,Real Madrid,Away,2,True,True,la-liga,2017,Malaga
2017-12-01,Levante,Home,0,True,True,la-liga,2017,Malaga
2017-12-10,Sociedad,Away,2,True,True,la-liga,2017,Malaga
2017-12-18,Betis,Home,0,True,True,la-liga,2017,Malaga
2017-12-21,Alaves,Away,0,True,True,la-liga,2017,Malaga
2018-01-08,Espanol,Home,0,True,True,la-liga,2017,Malaga
2018-01-12,Getafe,Away,0,True,True,la-liga,2017,Malaga
2018-01-22,Eibar,Away,1,True,True,la-liga,2017,Malaga
2018-01-27,Girona,Home,0,True,True,la-liga,2017,Malaga
2018-02-05,Las Palmas,Away,0,True,True,la-liga,2017,Malaga
2018-02-10,Ath Madrid,Home,0,True,True,la-liga,2017,Malaga
2018-02-17,Valencia,Home,1,True,True,la-liga,2017,Malaga
2018-02-25,Ath Bilbao,Away,1,True,True,la-liga,2017,Malaga
2018-02-28,Sevilla,Home,0,True,True,la-liga,2017,Malaga
2018-03-03,Leganes,Away,0,True,True,la-liga,2017,Malaga
2018-03-10,Barcelona,Home,0,True,True,la-liga,2017,Malaga
2018-03-18,Celta,Away,0,True,True,la-liga,2017,Malaga
2018-04-01,Villarreal,Home,1,True,True,la-liga,2017,Malaga
2018-04-06,La Coruna,Away,2,True,True,la-liga,2017,Malaga
2018-04-15,Real Madrid,Home,1,True,True,la-liga,2017,Malaga
2018-04-19,Levante,Away,0,True,True,la-liga,2017,Malaga
2018-04-22,Sociedad,Home,2,True,True,la-liga,2017,Malaga
2018-04-30,Betis,Away,1,True,True,la-liga,2017,Malaga
2018-05-06,Alaves,Home,0,True,True,la-liga,2017,Malaga
2018-05-13,Espanol,Away,1,True,True,la-liga,2017,Malaga
2018-05-19,Getafe,Home,0,True,True,la-liga,2017,Malaga
2017-08-20,La Coruna,Away,3,True,True,la-liga,2017,Real Madrid
2017-08-27,Valencia,Home,2,True,True,la-liga,2017,Real Madrid
2017-09-09,Levante,Home,1,True,True,la-liga,2017,Real Madrid
2017-09-17,Sociedad,Away,3,True,True,la-liga,2017,Real Madrid
2017-09-20,Betis,Home,0,True,True,la-liga,2017,Real Madrid
2017-09-23,Alaves,Away,2,True,True,la-liga,2017,Real Madrid
2017-10-01,Espanol,Home,2,True,True,la-liga,2017,Real Madrid
2017-10-14,Getafe,Away,2,True,True,la-liga,2017,Real Madrid
2017-10-22,Eibar,Home,3,True,True,la-liga,2017,Real Madrid
2017-10-29,Girona,Away,1,True,True,la-liga,2017,Real Madrid
2017-11-05,Las Palmas,Home,3,True,True,la-liga,2017,Real Madrid
2017-11-18,Ath Madrid,Away,0,True,True,la-liga,2017,Real Madrid
2017-11-25,Malaga,Home,3,True,True,la-liga,2017,Real Madrid
2017-12-02,Ath Bilbao,Away,0,True,True,la-liga,2017,Real Madrid
2017-12-09,Sevilla,Home,5,True,True,la-liga,2017,Real Madrid
2017-12-23,Barcelona,Home,0,True,True,la-liga,2017,Real Madrid
2018-01-07,Celta,Away,2,True,True,la-liga,2017,Real Madrid
2018-01-13,Villarreal,Home,0,True,True,la-liga,2017,Real Madrid
2018-01-21,La Coruna,Home,7,True,True,la-liga,2017,Real Madrid
2018-01-27,Valencia,Away,4,True,True,la-liga,2017,Real Madrid
2018-02-03,Levante,Away,2,True,True,la-liga,2017,Real Madrid
2018-02-10,Sociedad,Home,5,True,True,la-liga,2017,Real Madrid
2018-02-18,Betis,Away,5,True,True,la-liga,2017,Real Madrid
2018-02-21,Leganes,Away,3,True,True,la-liga,2017,Real Madrid
2018-02-24,Alaves,Home,4,True,True,la-liga,2017,Real Madrid
2018-02-27,Espanol,Away,0,True,True,la-liga,2017,Real Madrid
2018-03-03,Getafe,Home,3,True,True,la-liga,2017,Real Madrid
2018-03-10,Eibar,Away,2,True,True,la-liga,2017,Real Madrid
2018-03-18,Girona,Home,6,True,True,la-liga,2017,Real Madrid
2018-03-31,Las Palmas,Away,3,True,True,la-liga,2017,Real Madrid
2018-04-08,Ath Madrid,Home,1,True,True,la-liga,2017,Real Madrid
2018-04-15,Malaga,Away,2,True,True,la-liga,2017,Real Madrid
2018-04-18,Ath Bilbao,Home,1,True,True,la-liga,2017,Real Madrid
2018-04-28,Leganes,Home,2,True,True,la-liga,2017,Real Madrid
2018-05-06,Barcelona,Away,2,True,True,la-liga,2017,Real Madrid
2018-05-09,Sevilla,Away,2,True,True,la-liga,2017,Real Madrid
2018-05-12,Celta,Home,6,True,True,la-liga,2017,Real Madrid
2018-05-19,Villarreal,Away,2,True,True,la-liga,2017,Real Madrid
2017-08-19,Espanol,Home,1,True,True,la-liga,2017,Sevilla
2017-08-27,Getafe,Away,1,True,True,la-liga,2017,Sevilla
2017-09-09,Eibar,Home,3,True,True,la-liga,2017,Sevilla
2017-09-17,Girona,Away,1,True,True,la-liga,2017,Sevilla
2017-09-20,Las Palmas,Home,1,True,True,la-liga,2017,Sevilla
2017-09-23,Ath Madrid,Away,0,True,True,la-liga,2017,Sevilla
2017-09-30,Malaga,Home,2,True,True,la-liga,2017,Sevilla
2017-10-14,Ath Bilbao,Away,0,True,True,la-liga,2017,Sevilla
2017-10-21,Valencia,Away,0,True,True,la-liga,2017,Sevilla
2017-10-28,Leganes,Home,2,True,True,la-liga,2017,Sevilla
2017-11-04,Barcelona,Away,1,True,True,la-liga,2017,Sevilla
2017-11-18,Celta,Home,2,True,True,la-liga,2017,Sevilla
2017-11-26,Villarreal,Away,3,True,True,la-liga,2017,Sevilla
2017-12-02,La Coruna,Home,2,True,True,la-liga,2017,Sevilla
2017-12-09,Real Madrid,Away,0,True,True,la-liga,2017,Sevilla
2017-12-15,Levante,Home,0,True,True,la-liga,2017,Sevilla
2017-12-20,Sociedad,Away,1,True,True,la-liga,2017,Sevilla
2018-01-06,Betis,Home,3,True,True,la-liga,2017,Sevilla
2018-01-14,Alaves,Away,0,True,True,la-liga,2017,Sevilla
2018-01-20,Espanol,Away,3,True,True,la-liga,2017,Sevilla
2018-01-28,Getafe,Home,1,True,True,la-liga,2017,Sevilla
2018-02-03,Eibar,Away,1,True,True,la-liga,2017,Sevilla
2018-02-11,Girona,Home,1,True,True,la-liga,2017,Sevilla
2018-02-17,Las Palmas,Away,2,True,True,la-liga,2017,Sevilla
2018-02-25,Ath Madrid,Home,2,True,True,la-liga,2017,Sevilla
2018-02-28,Malaga,Away,1,True,True,la-liga,2017,Sevilla
2018-03-03,Ath Bilbao,Home,2,True,True,la-liga,2017,Sevilla
2018-03-10,Valencia,Home,0,True,True,la-liga,2017,Sevilla
2018-03-18,Leganes,Away,1,True,True,la-liga,2017,Sevilla
2018-03-31,Barcelona,Home,2,True,True,la-liga,2017,Sevilla
2018-04-07,Celta,Away,0,True,True,la-liga,2017,Sevilla
2018-04-14,Villarreal,Home,2,True,True,la-liga,2017,Sevilla
2018-04-17,La Coruna,Away,0,True,True,la-liga,2017,Sevilla
2018-04-27,Levante,Away,1,True,True,la-liga,2017,Sevilla
2018-05-04,Sociedad,Home,1,True,True,la-liga,2017,Sevilla
2018-05-09,Real Madrid,Home,3,True,True,la-liga,2017,Sevilla
2018-05-12,Betis,Away,2,True,True,la-liga,2017,Sevilla
2018-05-19,Alaves,Home,1,True,True,la-liga,2017,Sevilla
2017-08-19,Celta,Away,3,True,True,la-liga,2017,Sociedad
2017-08-25,Villarreal,Home,3,True,True,la-liga,2017,Sociedad
2017-09-10,La Coruna,Away,4,True,True,la-liga,2017,Sociedad
2017-09-17,Real Madrid,Home,1,True,True,la-liga,2017,Sociedad
2017-09-21,Levante,Away,0,True,True,la-liga,2017,Sociedad
2017-09-24,Valencia,Home,2,True,True,la-liga,2017,Sociedad
2017-10-01,Betis,Home,4,True,True,la-liga,2017,Sociedad
2017-10-14,Alaves,Away,2,True,True,la-liga,2017,Sociedad
2017-10-23,Espanol,Home,1,True,True,la-liga,2017,Sociedad
2017-10-29,Getafe,Away,1,True,True,la-liga,2017,Sociedad
2017-11-05,Eibar,Home,3,True,True,la-liga,2017,Sociedad
2017-11-17,Girona,Away,1,True,True,la-liga,2017,Sociedad
2017-11-26,Las Palmas,Home,2,True,True,la-liga,2017,Sociedad
2017-12-02,Ath Madrid,Away,1,True,True,la-liga,2017,Sociedad
2017-12-10,Malaga,Home,0,True,True,la-liga,2017,Sociedad
2017-12-16,Ath Bilbao,Away,0,True,True,la-liga,2017,Sociedad
2017-12-20,Sevilla,Home,3,True,True,la-liga,2017,Sociedad
2018-01-07,Leganes,Away,0,True,True,la-liga,2017,Sociedad
2018-01-14,Barcelona,Home,2,True,True,la-liga,2017,Sociedad
2018-01-21,Celta,Home,1,True,True,la-liga,2017,Sociedad
2018-01-27,Villarreal,Away,2,True,True,la-liga,2017,Sociedad
2018-02-02,La Coruna,Home,5,True,True,la-liga,2017,Sociedad
2018-02-10,Real Madrid,Away,2,True,True,la-liga,2017,Sociedad
2018-02-18,Levante,Home,3,True,True,la-liga,2017,Sociedad
2018-02-25,Valencia,Away,1,True,True,la-liga,2017,Sociedad
2018-03-01,Betis,Away,0,True,True,la-liga,2017,Sociedad
2018-03-04,Alaves,Home,2,True,True,la-liga,2017,Sociedad
2018-03-11,Espanol,Away,1,True,True,la-liga,2017,Sociedad
2018-03-17,Getafe,Home,1,True,True,la-liga,2017,Sociedad
2018-04-01,Eibar,Away,0,True,True,la-liga,2017,Sociedad
2018-04-08,Girona,Home,5,True,True,la-liga,2017,Sociedad
2018-04-14,Las Palmas,Away,1,True,True,la-liga,2017,Sociedad
2018-04-19,Ath Madrid,Home,3,True,True,la-liga,2017,Sociedad
2018-04-22,Malaga,Away,0,True,True,la-liga,2017,Sociedad
2018-04-28,Ath Bilbao,Home,3,True,True,la-liga,2017,Sociedad
2018-05-04,Sevilla,Away,0,True,True,la-liga,2017,Sociedad
2018-05-12,Leganes,Home,3,True,True,la-liga,2017,Sociedad
2018-05-20,Barcelona,Away,0,True,True,la-liga,2017,Sociedad
2017-08-18,Las Palmas,Home,1,True,True,la-liga,2017,Valencia
2017-08-27,Real Madrid,Away,2,True,True,la-liga,2017,Valencia
2017-09-09,Ath Madrid,Home,0,True,True,la-liga,2017,Valencia
2017-09-16,Levante,Away,1,True,True,la-liga,2017,Valencia
2017-09-19,Malaga,Home,5,True,True,la-liga,2017,Valencia
2017-09-24,Sociedad,Away,3,True,True,la-liga,2017,Valencia
2017-10-01,Ath Bilbao,Home,3,True,True,la-liga,2017,Valencia
2017-10-15,Betis,Away,6,True,True,la-liga,2017,Valencia
2017-10-21,Sevilla,Home,4,True,True,la-liga,2017,Valencia
2017-10-28,Alaves,Away,2,True,True,la-liga,2017,Valencia
2017-11-04,Leganes,Home,3,True,True,la-liga,2017,Valencia
2017-11-19,Espanol,Away,2,True,True,la-liga,2017,Valencia
2017-11-26,Barcelona,Home,1,True,True,la-liga,2017,Valencia
2017-12-03,Getafe,Away,0,True,True,la-liga,2017,Valencia
2017-12-09,Celta,Home,2,True,True,la-liga,2017,Valencia
2017-12-16,Eibar,Away,1,True,True,la-liga,2017,Valencia
2017-12-23,Villarreal,Home,0,True,True,la-liga,2017,Valencia
2018-01-06,Girona,Home,2,True,True,la-liga,2017,Valencia
2018-01-13,La Coruna,Away,2,True,True,la-liga,2017,Valencia
2018-01-20,Las Palmas,Away,1,True,True,la-liga,2017,Valencia
2018-01-27,Real Madrid,Home,1,True,True,la-liga,2017,Valencia
2018-02-04,Ath Madrid,Away,0,True,True,la-liga,2017,Valencia
2018-02-11,Levante,Home,3,True,True,la-liga,2017,Valencia
2018-02-17,Malaga,Away,2,True,True,la-liga,2017,Valencia
2018-02-25,Sociedad,Home,2,True,True,la-liga,2017,Valencia
2018-02-28,Ath Bilbao,Away,1,True,True,la-liga,2017,Valencia
2018-03-04,Betis,Home,2,True,True,la-liga,2017,Valencia
2018-03-10,Sevilla,Away,2,True,True,la-liga,2017,Valencia
2018-03-17,Alaves,Home,3,True,True,la-liga,2017,Valencia
2018-04-01,Leganes,Away,1,True,True,la-liga,2017,Valencia
2018-04-08,Espanol,Home,1,True,True,la-liga,2017,Valencia
2018-04-14,Barcelona,Away,1,True,True,la-liga,2017,Valencia
2018-04-18,Getafe,Home,1,True,True,la-liga,2017,Valencia
2018-04-21,Celta,Away,1,True,True,la-liga,2017,Valencia
2018-04-29,Eibar,Home,0,True,True,la-liga,2017,Valencia
2018-05-05,Villarreal,Away,0,True,True,la-liga,2017,Valencia
2018-05-12,Girona,Away,1,True,True,la-liga,2017,Valencia
2018-05-20,La Coruna,Home,2,True,True,la-liga,2017,Valencia
2017-08-21,Levante,Away,0,True,True,la-liga,2017,Villarreal
2017-08-25,Sociedad,Away,0,True,True,la-liga,2017,Villarreal
2017-09-10,Betis,Home,3,True,True,la-liga,2017,Villarreal
2017-09-17,Alaves,Away,3,True,True,la-liga,2017,Villarreal
2017-09-21,Espanol,Home,0,True,True,la-liga,2017,Villarreal
2017-09-24,Getafe,Away,0,True,True,la-liga,2017,Villarreal
2017-10-01,Eibar,Home,3,True,True,la-liga,2017,Villarreal
2017-10-15,Girona,Away,2,True,True,la-liga,2017,Villarreal
2017-10-22,Las Palmas,Home,4,True,True,la-liga,2017,Villarreal
2017-10-28,Ath Madrid,Away,1,True,True,la-liga,2017,Villarreal
2017-11-05,Malaga,Home,2,True,True,la-liga,2017,Villarreal
2017-11-19,Ath Bilbao,Away,1,True,True,la-liga,2017,Villarreal
2017-11-26,Sevilla,Home,2,True,True,la-liga,2017,Villarreal
2017-12-03,Leganes,Away,1,True,True,la-liga,2017,Villarreal
2017-12-10,Barcelona,Home,0,True,True,la-liga,2017,Villarreal
2017-12-17,Celta,Away,1,True,True,la-liga,2017,Villarreal
2017-12-23,Valencia,Away,1,True,True,la-liga,2017,Villarreal
2018-01-07,La Coruna,Home,1,True,True,la-liga,2017,Villarreal
2018-01-13,Real Madrid,Away,1,True,True,la-liga,2017,Villarreal
2018-01-20,Levante,Home,2,True,True,la-liga,2017,Villarreal
2018-01-27,Sociedad,Home,4,True,True,la-liga,2017,Villarreal
2018-02-03,Betis,Away,1,True,True,la-liga,2017,Villarreal
2018-02-10,Alaves,Home,1,True,True,la-liga,2017,Villarreal
2018-02-18,Espanol,Away,1,True,True,la-liga,2017,Villarreal
2018-02-25,Getafe,Home,1,True,True,la-liga,2017,Villarreal
2018-02-28,Eibar,Away,0,True,True,la-liga,2017,Villarreal
2018-03-03,Girona,Home,0,True,True,la-liga,2017,Villarreal
2018-03-11,Las Palmas,Away,2,True,True,la-liga,2017,Villarreal
2018-03-18,Ath Madrid,Home,2,True,True,la-liga,2017,Villarreal
2018-04-01,Malaga,Away,0,True,True,la-liga,2017,Villarreal
2018-04-09,Ath Bilbao,Home,1,True,True,la-liga,2017,Villarreal
2018-04-14,Sevilla,Away,2,True,True,la-liga,2017,Villarreal
2018-04-17,Leganes,Home,2,True,True,la-liga,2017,Villarreal
2018-04-28,Celta,Home,4,True,True,la-liga,2017,Villarreal
2018-05-05,Valencia,Home,1,True,True,la-liga,2017,Villarreal
2018-05-09,Barcelona,Away,1,True,True,la-liga,2017,Villarreal
2018-05-12,La Coruna,Away,4,True,True,la-liga,2017,Villarreal
2018-05-19,Real Madrid,Home,2,True,True,la-liga,2017,Villarreal
2018-08-18,Barcelona,Away,0,True,True,la-liga,2018,Alaves
2018-08-25,Betis,Home,0,True,True,la-liga,2018,Alaves
2018-09-02,Espanol,Home,2,True,True,la-liga,2018,Alaves
2018-09-16,Valladolid,Away,1,True,True,la-liga,2018,Alaves
2018-09-22,Vallecano,Away,5,True,True,la-liga,2018,Alaves
2018-09-27,Getafe,Home,1,True,True,la-liga,2018,Alaves
2018-09-30,Levante,Away,1,True,True,la-liga,2018,Alaves
2018-10-06,Real Madrid,Home,1,True,True,la-liga,2018,Alaves
2018-10-19,Celta,Away,1,True,True,la-liga,2018,Alaves
2018-10-28,Villarreal,Home,2,True,True,la-liga,2018,Alaves
2018-11-04,Eibar,Away,1,True,True,la-liga,2018,Alaves
2018-11-11,Huesca,Home,2,True,True,la-liga,2018,Alaves
2018-11-23,Leganes,Away,0,True,True,la-liga,2018,Alaves
2018-12-02,Sevilla,Home,1,True,True,la-liga,2018,Alaves
2018-12-08,Ath Madrid,Away,0,True,True,la-liga,2018,Alaves
2018-12-17,Ath Bilbao,Home,0,True,True,la-liga,2018,Alaves
2018-12-21,Sociedad,Away,1,True,True,la-liga,2018,Alaves
2019-01-05,Valencia,Home,2,True,True,la-liga,2018,Alaves
2019-01-12,Girona,Away,1,True,True,la-liga,2018,Alaves
2019-01-18,Getafe,Away,0,True,True,la-liga,2018,Alaves
2019-01-28,Vallecano,Home,0,True,True,la-liga,2018,Alaves
2019-02-03,Real Madrid,Away,0,True,True,la-liga,2018,Alaves
2019-02-11,Levante,Home,2,True,True,la-liga,2018,Alaves
2019-02-17,Betis,Away,1,True,True,la-liga,2018,Alaves
2019-02-23,Celta,Home,0,True,True,la-liga,2018,Alaves
2019-03-02,Villarreal,Away,2,True,True,la-liga,2018,Alaves
2019-03-09,Eibar,Home,1,True,True,la-liga,2018,Alaves
2019-03-16,Huesca,Away,3,True,True,la-liga,2018,Alaves
2019-03-30,Ath Madrid,Home,0,True,True,la-liga,2018,Alaves
2019-04-04,Sevilla,Away,0,True,True,la-liga,2018,Alaves
2019-04-07,Leganes,Home,1,True,True,la-liga,2018,Alaves
2019-04-13,Espanol,Away,1,True,True,la-liga,2018,Alaves
2019-04-19,Valladolid,Home,2,True,True,la-liga,2018,Alaves
2019-04-23,Barcelona,Home,0,True,True,la-liga,2018,Alaves
2019-04-27,Ath Bilbao,Away,1,True,True,la-liga,2018,Alaves
2019-05-04,Sociedad,Home,0,True,True,la-liga,2018,Alaves
2019-05-12,Valencia,Away,1,True,True,la-liga,2018,Alaves
2019-05-18,Girona,Home,2,True,True,la-liga,2018,Alaves
2018-08-20,Leganes,Home,2,True,True,la-liga,2018,Ath Bilbao
2018-08-27,Huesca,Home,2,True,True,la-liga,2018,Ath Bilbao
2018-09-15,Real Madrid,Home,1,True,True,la-liga,2018,Ath Bilbao
2018-09-23,Betis,Away,2,True,True,la-liga,2018,Ath Bilbao
2018-09-26,Villarreal,Home,0,True,True,la-liga,2018,Ath Bilbao
2018-09-29,Barcelona,Away,1,True,True,la-liga,2018,Ath Bilbao
2018-10-05,Sociedad,Home,1,True,True,la-liga,2018,Ath Bilbao
2018-10-21,Eibar,Away,1,True,True,la-liga,2018,Ath Bilbao
2018-10-24,Vallecano,Away,1,True,True,la-liga,2018,Ath Bilbao
2018-10-27,Valencia,Home,0,True,True,la-liga,2018,Ath Bilbao
2018-11-05,Espanol,Away,0,True,True,la-liga,2018,Ath Bilbao
2018-11-10,Ath Madrid,Away,2,True,True,la-liga,2018,Ath Bilbao
2018-11-25,Getafe,Home,1,True,True,la-liga,2018,Ath Bilbao
2018-12-03,Levante,Away,0,True,True,la-liga,2018,Ath Bilbao
2018-12-10,Girona,Home,1,True,True,la-liga,2018,Ath Bilbao
2018-12-17,Alaves,Away,0,True,True,la-liga,2018,Ath Bilbao
2018-12-22,Valladolid,Home,1,True,True,la-liga,2018,Ath Bilbao
2019-01-07,Celta,Away,2,True,True,la-liga,2018,Ath Bilbao
2019-01-13,Sevilla,Home,2,True,True,la-liga,2018,Ath Bilbao
2019-01-20,Villarreal,Away,1,True,True,la-liga,2018,Ath Bilbao
2019-01-27,Betis,Home,1,True,True,la-liga,2018,Ath Bilbao
2019-02-02,Sociedad,Away,1,True,True,la-liga,2018,Ath Bilbao
2019-02-10,Barcelona,Home,0,True,True,la-liga,2018,Ath Bilbao
2019-02-18,Huesca,Away,1,True,True,la-liga,2018,Ath Bilbao
2019-02-23,Eibar,Home,1,True,True,la-liga,2018,Ath Bilbao
2019-03-03,Valencia,Away,0,True,True,la-liga,2018,Ath Bilbao
2019-03-08,Espanol,Home,1,True,True,la-liga,2018,Ath Bilbao
2019-03-16,Ath Madrid,Home,2,True,True,la-liga,2018,Ath Bilbao
2019-03-29,Girona,Away,2,True,True,la-liga,2018,Ath Bilbao
2019-04-03,Levante,Home,3,True,True,la-liga,2018,Ath Bilbao
2019-04-07,Getafe,Away,0,True,True,la-liga,2018,Ath Bilbao
2019-04-14,Vallecano,Home,3,True,True,la-liga,2018,Ath Bilbao
2019-04-21,Real Madrid,Away,0,True,True,la-liga,2018,Ath Bilbao
2019-04-24,Leganes,Away,1,True,True,la-liga,2018,Ath Bilbao
2019-04-27,Alaves,Home,1,True,True,la-liga,2018,Ath Bilbao
2019-05-05,Valladolid,Away,0,True,True,la-liga,2018,Ath Bilbao
2019-05-12,Celta,Home,3,True,True,la-liga,2018,Ath Bilbao
2019-05-18,Sevilla,Away,0,True,True,la-liga,2018,Ath Bilbao
2018-08-20,Valencia,Away,1,True,True,la-liga,2018,Ath Madrid
2018-08-25,Vallecano,Home,1,True,True,la-liga,2018,Ath Madrid
2018-09-01,Celta,Away,0,True,True,la-liga,2018,Ath Madrid
2018-09-15,Eibar,Home,1,True,True,la-liga,2018,Ath Madrid
2018-09-22,Getafe,Away,2,True,True,la-liga,2018,Ath Madrid
2018-09-25,Huesca,Home,3,True,True,la-liga,2018,Ath Madrid
2018-09-29,Real Madrid,Away,0,True,True,la-liga,2018,Ath Madrid
2018-10-07,Betis,Home,1,True,True,la-liga,2018,Ath Madrid
2018-10-20,Villarreal,Away,1,True,True,la-liga,2018,Ath Madrid
2018-10-27,Sociedad,Home,2,True,True,la-liga,2018,Ath Madrid
2018-11-03,Leganes,Away,1,True,True,la-liga,2018,Ath Madrid
2018-11-10,Ath Bilbao,Home,3,True,True,la-liga,2018,Ath Madrid
2018-11-24,Barcelona,Home,1,True,True,la-liga,2018,Ath Madrid
2018-12-02,Girona,Away,1,True,True,la-liga,2018,Ath Madrid
2018-12-08,Alaves,Home,3,True,True,la-liga,2018,Ath Madrid
2018-12-15,Valladolid,Away,3,True,True,la-liga,2018,Ath Madrid
2018-12-22,Espanol,Home,1,True,True,la-liga,2018,Ath Madrid
2019-01-06,Sevilla,Away,1,True,True,la-liga,2018,Ath Madrid
2019-01-13,Levante,Home,1,True,True,la-liga,2018,Ath Madrid
2019-01-19,Huesca,Away,3,True,True,la-liga,2018,Ath Madrid
2019-01-26,Getafe,Home,2,True,True,la-liga,2018,Ath Madrid
2019-02-03,Betis,Away,0,True,True,la-liga,2018,Ath Madrid
2019-02-09,Real Madrid,Home,1,True,True,la-liga,2018,Ath Madrid
2019-02-16,Vallecano,Away,1,True,True,la-liga,2018,Ath Madrid
2019-02-24,Villarreal,Home,2,True,True,la-liga,2018,Ath Madrid
2019-03-03,Sociedad,Away,2,True,True,la-liga,2018,Ath Madrid
2019-03-09,Leganes,Home,1,True,True,la-liga,2018,Ath Madrid
2019-03-16,Ath Bilbao,Away,0,True,True,la-liga,2018,Ath Madrid
2019-03-30,Alaves,Away,4,True,True,la-liga,2018,Ath Madrid
2019-04-02,Girona,Home,2,True,True,la-liga,2018,Ath Madrid
2019-04-06,Barcelona,Away,0,True,True,la-liga,2018,Ath Madrid
2019-04-13,Celta,Home,2,True,True,la-liga,2018,Ath Madrid
2019-04-20,Eibar,Away,1,True,True,la-liga,2018,Ath Madrid
2019-04-24,Valencia,Home,3,True,True,la-liga,2018,Ath Madrid
2019-04-27,Valladolid,Home,1,True,True,la-liga,2018,Ath Madrid
2019-05-04,Espanol,Away,0,True,True,la-liga,2018,Ath Madrid
2019-05-12,Sevilla,Home,1,True,True,la-liga,2018,Ath Madrid
2019-05-18,Levante,Away,2,True,True,la-liga,2018,Ath Madrid
2018-08-18,Alaves,Home,3,True,True,la-liga,2018,Barcelona
2018-08-25,Valladolid,Away,1,True,True,la-liga,2018,Barcelona
2018-09-02,Huesca,Home,8,True,True,la-liga,2018,Barcelona
2018-09-15,Sociedad,Away,2,True,True,la-liga,2018,Barcelona
2018-09-23,Girona,Home,2,True,True,la-liga,2018,Barcelona
2018-09-26,Leganes,Away,1,True,True,la-liga,2018,Barcelona
2018-09-29,Ath Bilbao,Home,1,True,True,la-liga,2018,Barcelona
2018-10-07,Valencia,Away,1,True,True,la-liga,2018,Barcelona
2018-10-20,Sevilla,Home,4,True,True,la-liga,2018,Barcelona
2018-10-28,Real Madrid,Home,5,True,True,la-liga,2018,Barcelona
2018-11-03,Vallecano,Away,3,True,True,la-liga,2018,Barcelona
2018-11-11,Betis,Home,3,True,True,la-liga,2018,Barcelona
2018-11-24,Ath Madrid,Away,1,True,True,la-liga,2018,Barcelona
2018-12-02,Villarreal,Home,2,True,True,la-liga,2018,Barcelona
2018-12-08,Espanol,Away,4,True,True,la-liga,2018,Barcelona
2018-12-16,Levante,Away,5,True,True,la-liga,2018,Barcelona
2018-12-22,Celta,Home,2,True,True,la-liga,2018,Barcelona
2019-01-06,Getafe,Away,2,True,True,la-liga,2018,Barcelona
2019-01-13,Eibar,Home,3,True,True,la-liga,2018,Barcelona
2019-01-20,Leganes,Home,3,True,True,la-liga,2018,Barcelona
2019-01-27,Girona,Away,2,True,True,la-liga,2018,Barcelona
2019-02-02,Valencia,Home,2,True,True,la-liga,2018,Barcelona
2019-02-10,Ath Bilbao,Away,0,True,True,la-liga,2018,Barcelona
2019-02-16,Valladolid,Home,1,True,True,la-liga,2018,Barcelona
2019-02-23,Sevilla,Away,4,True,True,la-liga,2018,Barcelona
2019-03-02,Real Madrid,Away,1,True,True,la-liga,2018,Barcelona
2019-03-09,Vallecano,Home,3,True,True,la-liga,2018,Barcelona
2019-03-17,Betis,Away,4,True,True,la-liga,2018,Barcelona
2019-03-30,Espanol,Home,2,True,True,la-liga,2018,Barcelona
2019-04-02,Villarreal,Away,4,True,True,la-liga,2018,Barcelona
2019-04-06,Ath Madrid,Home,2,True,True,la-liga,2018,Barcelona
2019-04-13,Huesca,Away,0,True,True,la-liga,2018,Barcelona
2019-04-20,Sociedad,Home,2,True,True,la-liga,2018,Barcelona
2019-04-23,Alaves,Away,2,True,True,la-liga,2018,Barcelona
2019-04-27,Levante,Home,1,True,True,la-liga,2018,Barcelona
2019-05-04,Celta,Away,0,True,True,la-liga,2018,Barcelona
2019-05-12,Getafe,Home,2,True,True,la-liga,2018,Barcelona
2019-05-19,Eibar,Away,2,True,True,la-liga,2018,Barcelona
2018-08-17,Levante,Home,0,True,True,la-liga,2018,Betis
2018-08-25,Alaves,Away,0,True,True,la-liga,2018,Betis
2018-09-02,Sevilla,Home,1,True,True,la-liga,2018,Betis
2018-09-15,Valencia,Away,0,True,True,la-liga,2018,Betis
2018-09-23,Ath Bilbao,Home,2,True,True,la-liga,2018,Betis
2018-09-27,Girona,Away,1,True,True,la-liga,2018,Betis
2018-09-30,Leganes,Home,1,True,True,la-liga,2018,Betis
2018-10-07,Ath Madrid,Away,0,True,True,la-liga,2018,Betis
2018-10-21,Valladolid,Home,0,True,True,la-liga,2018,Betis
2018-10-28,Getafe,Away,0,True,True,la-liga,2018,Betis
2018-11-04,Celta,Home,3,True,True,la-liga,2018,Betis
2018-11-11,Barcelona,Away,4,True,True,la-liga,2018,Betis
2018-11-25,Villarreal,Away,1,True,True,la-liga,2018,Betis
2018-12-02,Sociedad,Home,1,True,True,la-liga,2018,Betis
2018-12-09,Vallecano,Home,2,True,True,la-liga,2018,Betis
2018-12-16,Espanol,Away,3,True,True,la-liga,2018,Betis
2018-12-22,Eibar,Home,1,True,True,la-liga,2018,Betis
2019-01-05,Huesca,Away,1,True,True,la-liga,2018,Betis
2019-01-13,Real Madrid,Home,1,True,True,la-liga,2018,Betis
2019-01-20,Girona,Home,3,True,True,la-liga,2018,Betis
2019-01-27,Ath Bilbao,Away,0,True,True,la-liga,2018,Betis
2019-02-03,Ath Madrid,Home,1,True,True,la-liga,2018,Betis
2019-02-10,Leganes,Away,0,True,True,la-liga,2018,Betis
2019-02-17,Alaves,Home,1,True,True,la-liga,2018,Betis
2019-02-24,Valladolid,Away,2,True,True,la-liga,2018,Betis
2019-03-03,Getafe,Home,1,True,True,la-liga,2018,Betis
2019-03-10,Celta,Away,1,True,True,la-liga,2018,Betis
2019-03-17,Barcelona,Home,1,True,True,la-liga,2018,Betis
2019-03-31,Vallecano,Away,1,True,True,la-liga,2018,Betis
2019-04-04,Sociedad,Away,1,True,True,la-liga,2018,Betis
2019-04-07,Villarreal,Home,2,True,True,la-liga,2018,Betis
2019-04-13,Sevilla,Away,2,True,True,la-liga,2018,Betis
2019-04-21,Valencia,Home,1,True,True,la-liga,2018,Betis
2019-04-24,Levante,Away,0,True,True,la-liga,2018,Betis
2019-04-29,Espanol,Home,1,True,True,la-liga,2018,Betis
2019-05-05,Eibar,Away,0,True,True,la-liga,2018,Betis
2019-05-12,Huesca,Home,2,True,True,la-liga,2018,Betis
2019-05-19,Real Madrid,Away,2,True,True,la-liga,2018,Betis
2018-08-19,Huesca,Home,1,True,True,la-liga,2018,Eibar
2018-08-24,Getafe,Away,0,True,True,la-liga,2018,Eibar
2018-08-31,Sociedad,Home,2,True,True,la-liga,2018,Eibar
2018-09-15,Ath Madrid,Away,1,True,True,la-liga,2018,Eibar
2018-09-22,Leganes,Home,1,True,True,la-liga,2018,Eibar
2018-09-25,Espanol,Away,0,True,True,la-liga,2018,Eibar
2018-09-29,Sevilla,Home,1,True,True,la-liga,2018,Eibar
2018-10-06,Girona,Away,3,True,True,la-liga,2018,Eibar
2018-10-21,Ath Bilbao,Home,1,True,True,la-liga,2018,Eibar
2018-10-27,Celta,Away,0,True,True,la-liga,2018,Eibar
2018-11-04,Alaves,Home,2,True,True,la-liga,2018,Eibar
2018-11-10,Valladolid,Away,0,True,True,la-liga,2018,Eibar
2018-11-24,Real Madrid,Home,3,True,True,la-liga,2018,Eibar
2018-11-30,Vallecano,Away,0,True,True,la-liga,2018,Eibar
2018-12-09,Levante,Home,4,True,True,la-liga,2018,Eibar
2018-12-15,Valencia,Home,1,True,True,la-liga,2018,Eibar
2018-12-22,Betis,Away,1,True,True,la-liga,2018,Eibar
2019-01-06,Villarreal,Home,0,True,True,la-liga,2018,Eibar
2019-01-13,Barcelona,Away,0,True,True,la-liga,2018,Eibar
2019-01-21,Espanol,Home,3,True,True,la-liga,2018,Eibar
2019-01-26,Leganes,Away,2,True,True,la-liga,2018,Eibar
2019-02-03,Girona,Home,3,True,True,la-liga,2018,Eibar
2019-02-10,Sevilla,Away,2,True,True,la-liga,2018,Eibar
2019-02-15,Getafe,Home,2,True,True,la-liga,2018,Eibar
2019-02-23,Ath Bilbao,Away,0,True,True,la-liga,2018,Eibar
2019-03-03,Celta,Home,1,True,True,la-liga,2018,Eibar
2019-03-09,Alaves,Away,1,True,True,la-liga,2018,Eibar
2019-03-17,Valladolid,Home,1,True,True,la-liga,2018,Eibar
2019-03-31,Levante,Away,2,True,True,la-liga,2018,Eibar
2019-04-03,Vallecano,Home,2,True,True,la-liga,2018,Eibar
2019-04-06,Real Madrid,Away,1,True,True,la-liga,2018,Eibar
2019-04-14,Sociedad,Away,1,True,True,la-liga,2018,Eibar
2019-04-20,Ath Madrid,Home,0,True,True,la-liga,2018,Eibar
2019-04-23,Huesca,Away,0,True,True,la-liga,2018,Eibar
2019-04-28,Valencia,Away,1,True,True,la-liga,2018,Eibar
2019-05-05,Betis,Home,1,True,True,la-liga,2018,Eibar
2019-05-12,Villarreal,Away,0,True,True,la-liga,2018,Eibar
2019-05-19,Barcelona,Home,2,True,True,la-liga,2018,Eibar
2018-08-18,Celta,Away,1,True,True,la-liga,2018,Espanol
2018-08-26,Valencia,Home,2,True,True,la-liga,2018,Espanol
2018-09-02,Alaves,Away,1,True,True,la-liga,2018,Espanol
2018-09-16,Levante,Home,1,True,True,la-liga,2018,Espanol
2018-09-22,Real Madrid,Away,0,True,True,la-liga,2018,Espanol
2018-09-25,Eibar,Home,1,True,True,la-liga,2018,Espanol
2018-09-28,Vallecano,Away,2,True,True,la-liga,2018,Espanol
2018-10-07,Villarreal,Home,3,True,True,la-liga,2018,Espanol
2018-10-21,Huesca,Away,2,True,True,la-liga,2018,Espanol
2018-10-26,Valladolid,Away,1,False,False,la-liga,2018,Espanol
2018-11-05,Ath Bilbao,Home,1,True,True,la-liga,2018,Espanol
2018-11-11,Sevilla,Away,1,True,True,la-liga,2018,Espanol
2018-11-25,Girona,Home,1,True,True,la-liga,2018,Espanol
2018-12-01,Getafe,Away,0,True,True,la-liga,2018,Espanol
2018-12-08,Barcelona,Home,0,True,True,la-liga,2018,Espanol
2018-12-16,Betis,Home,1,True,True,la-liga,2018,Espanol
2018-12-22,Ath Madrid,Away,0,True,True,la-liga,2018,Espanol
2019-01-04,Leganes,Home,1,True,True,la-liga,2018,Espanol
2019-01-14,Sociedad,Away,2,True,True,la-liga,2018,Espanol
2019-01-21,Eibar,Away,0,True,True,la-liga,2018,Espanol
2019-01-27,Real Madrid,Home,2,True,True,la-liga,2018,Espanol
2019-02-03,Villarreal,Away,2,True,True,la-liga,2018,Espanol
2019-02-09,Vallecano,Home,2,True,True,la-liga,2018,Espanol
2019-02-17,Valencia,Away,0,True,True,la-liga,2018,Espanol
2019-02-22,Huesca,Home,1,True,True,la-liga,2018,Espanol
2019-03-02,Valladolid,Home,3,True,True,la-liga,2018,Espanol
2019-03-08,Ath Bilbao,Away,1,True,True,la-liga,2018,Espanol
2019-03-17,Sevilla,Home,0,True,True,la-liga,2018,Espanol
2019-03-30,Barcelona,Away,0,True,True,la-liga,2018,Espanol
2019-04-02,Getafe,Home,1,True,True,la-liga,2018,Espanol
2019-04-06,Girona,Away,2,True,True,la-liga,2018,Espanol
2019-04-13,Alaves,Home,2,True,True,la-liga,2018,Espanol
2019-04-21,Levante,Away,2,True,True,la-liga,2018,Espanol
2019-04-24,Celta,Home,1,True,True,la-liga,2018,Espanol
2019-04-29,Betis,Away,1,True,True,la-liga,2018,Espanol
2019-05-04,Ath Madrid,Home,3,True,True,la-liga,2018,Espanol
2019-05-12,Leganes,Away,2,True,True,la-liga,2018,Espanol
2019-05-18,Sociedad,Home,2,True,True,la-liga,2018,Espanol
2018-08-19,Real Madrid,Away,0,True,True,la-liga,2018,Getafe
2018-08-24,Eibar,Home,2,True,True,la-liga,2018,Getafe
2018-08-31,Valladolid,Home,0,True,True,la-liga,2018,Getafe
2018-09-16,Sevilla,Away,2,True,True,la-liga,2018,Getafe
2018-09-22,Ath Madrid,Home,0,True,True,la-liga,2018,Getafe
2018-09-27,Alaves,Away,1,True,True,la-liga,2018,Getafe
2018-10-01,Celta,Away,1,True,True,la-liga,2018,Getafe
2018-10-06,Levante,Home,0,True,True,la-liga,2018,Getafe
2018-10-21,Vallecano,Away,2,True,True,la-liga,2018,Getafe
2018-10-28,Betis,Home,2,True,True,la-liga,2018,Getafe
2018-11-04,Huesca,Away,1,True,True,la-liga,2018,Getafe
2018-11-10,Valencia,Home,0,True,True,la-liga,2018,Getafe
2018-11-25,Ath Bilbao,Away,1,True,True,la-liga,2018,Getafe
2018-12-01,Espanol,Home,3,True,True,la-liga,2018,Getafe
2018-12-07,Leganes,Away,1,True,True,la-liga,2018,Getafe
2018-12-15,Sociedad,Home,1,True,True,la-liga,2018,Getafe
2018-12-21,Girona,Away,1,True,True,la-liga,2018,Getafe
2019-01-06,Barcelona,Home,1,True,True,la-liga,2018,Getafe
2019-01-12,Villarreal,Away,2,True,True,la-liga,2018,Getafe
2019-01-18,Alaves,Home,4,True,True,la-liga,2018,Getafe
2019-01-26,Ath Madrid,Away,0,True,True,la-liga,2018,Getafe
2019-02-02,Levante,Away,0,True,True,la-liga,2018,Getafe
2019-02-09,Celta,Home,3,True,True,la-liga,2018,Getafe
2019-02-15,Eibar,Away,2,True,True,la-liga,2018,Getafe
2019-02-23,Vallecano,Home,2,True,True,la-liga,2018,Getafe
2019-03-03,Betis,Away,2,True,True,la-liga,2018,Getafe
2019-03-09,Huesca,Home,2,True,True,la-liga,2018,Getafe
2019-03-17,Valencia,Away,0,True,True,la-liga,2018,Getafe
2019-03-30,Leganes,Home,0,True,True,la-liga,2018,Getafe
2019-04-02,Espanol,Away,1,True,True,la-liga,2018,Getafe
2019-04-07,Ath Bilbao,Home,1,True,True,la-liga,2018,Getafe
2019-04-14,Valladolid,Away,2,True,True,la-liga,2018,Getafe
2019-04-21,Sevilla,Home,3,True,True,la-liga,2018,Getafe
2019-04-25,Real Madrid,Home,0,True,True,la-liga,2018,Getafe
2019-04-28,Sociedad,Away,1,True,True,la-liga,2018,Getafe
2019-05-05,Girona,Home,2,True,True,la-liga,2018,Getafe
2019-05-12,Barcelona,Away,0,True,True,la-liga,2018,Getafe
2019-05-18,Villarreal,Home,2,True,True,la-liga,2018,Getafe
2018-08-17,Valladolid,Home,0,True,True,la-liga,2018,Girona
2018-08-26,Real Madrid,Home,1,True,True,la-liga,2018,Girona
2018-08-31,Villarreal,Away,1,True,True,la-liga,2018,Girona
2018-09-17,Celta,Home,3,True,True,la-liga,2018,Girona
2018-09-23,Barcelona,Away,2,True,True,la-liga,2018,Girona
2018-09-27,Betis,Home,0,True,True,la-liga,2018,Girona
2018-09-30,Huesca,Away,1,True,True,la-liga,2018,Girona
2018-10-06,Eibar,Home,2,True,True,la-liga,2018,Girona
2018-10-22,Sociedad,Away,0,True,True,la-liga,2018,Girona
2018-10-27,Vallecano,Home,2,True,True,la-liga,2018,Girona
2018-11-03,Valencia,Away,1,True,True,la-liga,2018,Girona
2018-11-10,Leganes,Home,0,True,True,la-liga,2018,Girona
2018-11-25,Espanol,Away,3,True,True,la-liga,2018,Girona
2018-12-02,Ath Madrid,Home,1,True,True,la-liga,2018,Girona
2018-12-10,Ath Bilbao,Away,0,True,True,la-liga,2018,Girona
2018-12-16,Sevilla,Away,0,True,True,la-liga,2018,Girona
2018-12-21,Getafe,Home,1,True,True,la-liga,2018,Girona
2019-01-04,Levante,Away,2,True,True,la-liga,2018,Girona
2019-01-12,Alaves,Home,1,True,True,la-liga,2018,Girona
2019-01-20,Betis,Away,2,True,True,la-liga,2018,Girona
2019-01-27,Barcelona,Home,0,True,True,la-liga,2018,Girona
2019-02-03,Eibar,Away,0,True,True,la-liga,2018,Girona
2019-02-09,Huesca,Home,0,True,True,la-liga,2018,Girona
2019-02-17,Real Madrid,Away,2,True,True,la-liga,2018,Girona
2019-02-25,Sociedad,Home,0,True,True,la-liga,2018,Girona
2019-03-01,Vallecano,Away,2,True,True,la-liga,2018,Girona
2019-03-10,Valencia,Home,2,True,True,la-liga,2018,Girona
2019-03-16,Leganes,Away,2,True,True,la-liga,2018,Girona
2019-03-29,Ath Bilbao,Home,1,True,True,la-liga,2018,Girona
2019-04-02,Ath Madrid,Away,0,True,True,la-liga,2018,Girona
2019-04-06,Espanol,Home,1,True,True,la-liga,2018,Girona
2019-04-14,Villarreal,Home,0,True,True,la-liga,2018,Girona
2019-04-20,Celta,Away,1,True,True,la-liga,2018,Girona
2019-04-23,Valladolid,Away,0,True,True,la-liga,2018,Girona
2019-04-28,Sevilla,Home,1,True,True,la-liga,2018,Girona
2019-05-05,Getafe,Away,0,True,True,la-liga,2018,Girona
2019-05-12,Levante,Home,1,True,True,la-liga,2018,Girona
2019-05-18,Alaves,Away,1,True,True,la-liga,2018,Girona
2018-08-19,Eibar,Away,2,True,True,la-liga,2018,Huesca
2018-08-27,Ath Bilbao,Away,2,True,True,la-liga,2018,Huesca
2018-09-02,Barcelona,Away,2,True,True,la-liga,2018,Huesca
2018-09-14,Vallecano,Home,0,True,True,la-liga,2018,Huesca
2018-09-21,Sociedad,Home,0,True,True,la-liga,2018,Huesca
2018-09-25,Ath Madrid,Away,0,True,True,la-liga,2018,Huesca
2018-09-30,Girona,Home,1,True,True,la-liga,2018,Huesca
2018-10-07,Valladolid,Away,0,True,True,la-liga,2018,Huesca
2018-10-21,Espanol,Home,0,True,True,la-liga,2018,Huesca
2018-10-28,Sevilla,Away,1,True,True,la-liga,2018,Huesca
2018-11-04,Getafe,Home,1,True,True,la-liga,2018,Huesca
2018-11-11,Alaves,Away,1,True,True,la-liga,2018,Huesca
2018-11-24,Levante,Home,2,True,True,la-liga,2018,Huesca
2018-12-01,Celta,Away,0,True,True,la-liga,2018,Huesca
2018-12-09,Real Madrid,Home,0,True,True,la-liga,2018,Huesca
2018-12-16,Villarreal,Home,2,True,True,la-liga,2018,Huesca
2018-12-23,Valencia,Away,1,True,True,la-liga,2018,Huesca
2019-01-05,Betis,Home,2,True,True,la-liga,2018,Huesca
2019-01-12,Leganes,Away,0,True,True,la-liga,2018,Huesca
2019-01-19,Ath Madrid,Home,0,True,True,la-liga,2018,Huesca
2019-01-27,Sociedad,Away,0,True,True,la-liga,2018,Huesca
2019-02-01,Valladolid,Home,4,True,True,la-liga,2018,Huesca
2019-02-09,Girona,Away,2,True,True,la-liga,2018,Huesca
2019-02-18,Ath Bilbao,Home,0,True,True,la-liga,2018,Huesca
2019-02-22,Espanol,Away,1,True,True,la-liga,2018,Huesca
2019-03-02,Sevilla,Home,2,True,True,la-liga,2018,Huesca
2019-03-09,Getafe,Away,1,True,True,la-liga,2018,Huesca
2019-03-16,Alaves,Home,1,True,True,la-liga,2018,Huesca
2019-03-31,Real Madrid,Away,2,True,True,la-liga,2018,Huesca
2019-04-03,Celta,Home,3,True,True,la-liga,2018,Huesca
2019-04-07,Levante,Away,2,True,True,la-liga,2018,Huesca
2019-04-13,Barcelona,Home,0,True,True,la-liga,2018,Huesca
2019-04-20,Vallecano,Away,0,True,True,la-liga,2018,Huesca
2019-04-23,Eibar,Home,2,True,True,la-liga,2018,Huesca
2019-04-28,Villarreal,Away,1,True,True,la-liga,2018,Huesca
2019-05-05,Valencia,Home,2,True,True,la-liga,2018,Huesca
2019-05-12,Betis,Away,1,True,True,la-liga,2018,Huesca
2019-05-18,Leganes,Home,2,True,True,la-liga,2018,Huesca
2018-08-20,Ath Bilbao,Away,1,True,True,la-liga,2018,Leganes
2018-08-24,Sociedad,Home,2,True,True,la-liga,2018,Leganes
2018-09-01,Real Madrid,Away,1,True,True,la-liga,2018,Leganes
2018-09-16,Villarreal,Home,0,True,True,la-liga,2018,Leganes
2018-09-22,Eibar,Away,0,True,True,la-liga,2018,Leganes
2018-09-26,Barcelona,Home,2,True,True,la-liga,2018,Leganes
2018-09-30,Betis,Away,0,True,True,la-liga,2018,Leganes
2018-10-06,Vallecano,Home,1,True,True,la-liga,2018,Leganes
2018-10-20,Valencia,Away,1,True,True,la-liga,2018,Leganes
2018-10-27,Levante,Away,0,True,True,la-liga,2018,Leganes
2018-11-03,Ath Madrid,Home,1,True,True,la-liga,2018,Leganes
2018-11-10,Girona,Away,0,True,True,la-liga,2018,Leganes
2018-11-23,Alaves,Home,1,True,True,la-liga,2018,Leganes
2018-12-01,Valladolid,Away,4,True,True,la-liga,2018,Leganes
2018-12-07,Getafe,Home,1,True,True,la-liga,2018,Leganes
2018-12-14,Celta,Away,0,True,True,la-liga,2018,Leganes
2018-12-23,Sevilla,Home,1,True,True,la-liga,2018,Leganes
2019-01-04,Espanol,Away,0,True,True,la-liga,2018,Leganes
2019-01-12,Huesca,Home,1,True,True,la-liga,2018,Leganes
2019-01-20,Barcelona,Away,1,True,True,la-liga,2018,Leganes
2019-01-26,Eibar,Home,2,True,True,la-liga,2018,Leganes
2019-02-04,Vallecano,Away,2,True,True,la-liga,2018,Leganes
2019-02-10,Betis,Home,3,True,True,la-liga,2018,Leganes
2019-02-16,Sociedad,Away,0,True,True,la-liga,2018,Leganes
2019-02-24,Valencia,Home,1,True,True,la-liga,2018,Leganes
2019-03-04,Levante,Home,1,True,True,la-liga,2018,Leganes
2019-03-09,Ath Madrid,Away,0,True,True,la-liga,2018,Leganes
2019-03-16,Girona,Home,0,True,True,la-liga,2018,Leganes
2019-03-30,Getafe,Away,2,True,True,la-liga,2018,Leganes
2019-04-04,Valladolid,Home,1,True,True,la-liga,2018,Leganes
2019-04-07,Alaves,Away,1,True,True,la-liga,2018,Leganes
2019-04-15,Real Madrid,Home,1,True,True,la-liga,2018,Leganes
2019-04-21,Villarreal,Away,1,True,True,la-liga,2018,Leganes
2019-04-24,Ath Bilbao,Home,0,True,True,la-liga,2018,Leganes
2019-04-27,Celta,Home,0,True,True,la-liga,2018,Leganes
2019-05-03,Sevilla,Away,3,True,True,la-liga,2018,Leganes
2019-05-12,Espanol,Home,0,True,True,la-liga,2018,Leganes
2019-05-18,Huesca,Away,1,True,True,la-liga,2018,Leganes
2018-08-17,Betis,Away,3,True,True,la-liga,2018,Levante
2018-08-27,Celta,Home,1,True,True,la-liga,2018,Levante
2018-09-02,Valencia,Home,2,True,True,la-liga,2018,Levante
2018-09-16,Espanol,Away,0,True,True,la-liga,2018,Levante
2018-09-23,Sevilla,Home,2,True,True,la-liga,2018,Levante
2018-09-27,Valladolid,Away,1,True,True,la-liga,2018,Levante
2018-09-30,Alaves,Home,2,True,True,la-liga,2018,Levante
2018-10-06,Getafe,Away,1,True,True,la-liga,2018,Levante
2018-10-20,Real Madrid,Away,2,True,True,la-liga,2018,Levante
2018-10-27,Leganes,Home,2,True,True,la-liga,2018,Levante
2018-11-04,Villarreal,Away,1,True,True,la-liga,2018,Levante
2018-11-09,Sociedad,Home,1,False,False,la-liga,2018,Levante
2018-11-24,Huesca,Away,2,True,True,la-liga,2018,Levante
2018-12-03,Ath Bilbao,Home,3,True,True,la-liga,2018,Levante
2018-12-09,Eibar,Away,4,True,True,la-liga,2018,Levante
2018-12-16,Barcelona,Home,0,True,True,la-liga,2018,Levante
2018-12-23,Vallecano,Away,1,True,True,la-liga,2018,Levante
2019-01-04,Girona,Home,2,True,True,la-liga,2018,Levante
2019-01-13,Ath Madrid,Away,0,True,True,la-liga,2018,Levante
2019-01-20,Valladolid,Home,2,True,True,la-liga,2018,Levante
2019-01-26,Sevilla,Away,0,True,True,la-liga,2018,Levante
2019-02-02,Getafe,Home,0,True,True,la-liga,2018,Levante
2019-02-11,Alaves,Away,0,True,True,la-liga,2018,Levante
2019-02-16,Celta,Away,4,True,True,la-liga,2018,Levante
2019-02-24,Real Madrid,Home,1,True,True,la-liga,2018,Levante
2019-03-04,Leganes,Away,0,True,True,la-liga,2018,Levante
2019-03-10,Villarreal,Home,0,True,True,la-liga,2018,Levante
2019-03-15,Sociedad,Away,1,True,True,la-liga,2018,Levante
2019-03-31,Eibar,Home,2,True,True,la-liga,2018,Levante
2019-04-03,Ath Bilbao,Away,2,True,True,la-liga,2018,Levante
2019-04-07,Huesca,Home,2,True,True,la-liga,2018,Levante
2019-04-14,Valencia,Away,1,True,True,la-liga,2018,Levante
2019-04-21,Espanol,Home,2,True,True,la-liga,2018,Levante
2019-04-24,Betis,Home,4,True,True,la-liga,2018,Levante
2019-04-27,Barcelona,Away,0,True,True,la-liga,2018,Levante
2019-05-04,Vallecano,Home,4,True,True,la-liga,2018,Levante
2019-05-12,Girona,Away,2,True,True,la-liga,2018,Levante
2019-05-18,Ath Madrid,Home,2,True,True,la-liga,2018,Levante
2018-08-19,Getafe,Home,2,True,True,la-liga,2018,Real Madrid
2018-08-26,Girona,Away,4,True,True,la-liga,2018,Real Madrid
2018-09-01,Leganes,Home,4,True,True,la-liga,2018,Real Madrid
2018-09-15,Ath Bilbao,Away,1,True,True,la-liga,2018,Real Madrid
2018-09-22,Espanol,Home,1,True,True,la-liga,2018,Real Madrid
2018-09-26,Sevilla,Away,0,True,True,la-liga,2018,Real Madrid
2018-09-29,Ath Madrid,Home,0,True,True,la-liga,2018,Real Madrid
2018-10-06,Alaves,Away,0,True,True,la-liga,2018,Real Madrid
2018-10-20,Levante,Home,1,True,True,la-liga,2018,Real Madrid
2018-10-28,Barcelona,Away,1,True,True,la-liga,2018,Real Madrid
2018-11-03,Valladolid,Home,2,True,True,la-liga,2018,Real Madrid
2018-11-11,Celta,Away,4,True,True,la-liga,2018,Real Madrid
2018-11-24,Eibar,Away,0,True,True,la-liga,2018,Real Madrid
2018-12-01,Valencia,Home,2,True,True,la-liga,2018,Real Madrid
2018-12-09,Huesca,Away,1,True,True,la-liga,2018,Real Madrid
2018-12-15,Vallecano,Home,1,True,True,la-liga,2018,Real Madrid
2019-01-03,Villarreal,Away,2,True,True,la-liga,2018,Real Madrid
2019-01-06,Sociedad,Home,0,True,True,la-liga,2018,Real Madrid
2019-01-13,Betis,Away,2,True,True,la-liga,2018,Real Madrid
2019-01-19,Sevilla,Home,2,True,True,la-liga,2018,Real Madrid
2019-01-27,Espanol,Away,4,True,True,la-liga,2018,Real Madrid
2019-02-03,Alaves,Home,3,True,True,la-liga,2018,Real Madrid
2019-02-09,Ath Madrid,Away,3,True,True,la-liga,2018,Real Madrid
2019-02-17,Girona,Home,1,True,True,la-liga,2018,Real Madrid
2019-02-24,Levante,Away,2,True,True,la-liga,2018,Real Madrid
2019-03-02,Barcelona,Home,0,True,True,la-liga,2018,Real Madrid
2019-03-10,Valladolid,Away,4,True,True,la-liga,2018,Real Madrid
2019-03-16,Celta,Home,2,True,True,la-liga,2018,Real Madrid
2019-03-31,Huesca,Home,3,True,True,la-liga,2018,Real Madrid
2019-04-03,Valencia,Away,1,True,True,la-liga,2018,Real Madrid
2019-04-06,Eibar,Home,2,True,True,la-liga,2018,Real Madrid
2019-04-15,Leganes,Away,1,True,True,la-liga,2018,Real Madrid
2019-04-21,Ath Bilbao,Home,3,True,True,la-liga,2018,Real Madrid
2019-04-25,Getafe,Away,0,True,True,la-liga,2018,Real Madrid
2019-04-28,Vallecano,Away,0,True,True,la-liga,2018,Real Madrid
2019-05-05,Villarreal,Home,3,True,True,la-liga,2018,Real Madrid
2019-05-12,Sociedad,Away,1,True,True,la-liga,2018,Real Madrid
2019-05-19,Betis,Home,0,True,True,la-liga,2018,Real Madrid
2018-08-19,Vallecano,Away,4,True,True,la-liga,2018,Sevilla
2018-08-26,Villarreal,Home,0,True,True,la-liga,2018,Sevilla
2018-09-02,Betis,Away,0,True,True,la-liga,2018,Sevilla
2018-09-16,Getafe,Home,0,True,True,la-liga,2018,Sevilla
2018-09-23,Levante,Away,6,True,True,la-liga,2018,Sevilla
2018-09-26,Real Madrid,Home,3,True,True,la-liga,2018,Sevilla
2018-09-29,Eibar,Away,3,True,True,la-liga,2018,Sevilla
2018-10-07,Celta,Home,2,True,True,la-liga,2018,Sevilla
2018-10-20,Barcelona,Away,2,True,True,la-liga,2018,Sevilla
2018-10-28,Huesca,Home,2,True,True,la-liga,2018,Sevilla
2018-11-04,Sociedad,Away,0,True,True,la-liga,2018,Sevilla
2018-11-11,Espanol,Home,2,True,True,la-liga,2018,Sevilla
2018-11-25,Valladolid,Home,1,True,True,la-liga,2018,Sevilla
2018-12-02,Alaves,Away,1,True,True,la-liga,2018,Sevilla
2018-12-08,Valencia,Away,1,True,True,la-liga,2018,Sevilla
2018-12-16,Girona,Home,2,True,True,la-liga,2018,Sevilla
2018-12-23,Leganes,Away,1,True,True,la-liga,2018,Sevilla
2019-01-06,Ath Madrid,Home,1,True,True,la-liga,2018,Sevilla
2019-01-13,Ath Bilbao,Away,0,True,True,la-liga,2018,Sevilla
2019-01-19,Real Madrid,Away,0,True,True,la-liga,2018,Sevilla
2019-01-26,Levante,Home,5,True,True,la-liga,2018,Sevilla
2019-02-02,Celta,Away,0,True,True,la-liga,2018,Sevilla
2019-02-10,Eibar,Home,2,True,True,la-liga,2018,Sevilla
2019-02-17,Villarreal,Away,0,True,True,la-liga,2018,Sevilla
2019-02-23,Barcelona,Home,2,True,True,la-liga,2018,Sevilla
2019-03-02,Huesca,Away,1,True,True,la-liga,2018,Sevilla
2019-03-10,Sociedad,Home,5,True,True,la-liga,2018,Sevilla
2019-03-17,Espanol,Away,1,True,True,la-liga,2018,Sevilla
2019-03-31,Valencia,Home,0,True,True,la-liga,2018,Sevilla
2019-04-04,Alaves,Home,2,True,True,la-liga,2018,Sevilla
2019-04-07,Valladolid,Away,2,True,True,la-liga,2018,Sevilla
2019-04-13,Betis,Home,3,True,True,la-liga,2018,Sevilla
2019-04-21,Getafe,Away,0,True,True,la-liga,2018,Sevilla
2019-04-25,Vallecano,Home,5,True,True,la-liga,2018,Sevilla
2019-04-28,Girona,Away,0,True,True,la-liga,2018,Sevilla
2019-05-03,Leganes,Home,0,True,True,la-liga,2018,Sevilla
2019-05-12,Ath Madrid,Away,1,True,True,la-liga,2018,Sevilla
2019-05-18,Ath Bilbao,Home,2,True,True,la-liga,2018,Sevilla
2018-08-18,Villarreal,Away,2,True,True,la-liga,2018,Sociedad
2018-08-24,Leganes,Away,2,True,True,la-liga,2018,Sociedad
2018-08-31,Eibar,Away,1,True,True,la-liga,2018,Sociedad
2018-09-15,Barcelona,Home,1,True,True,la-liga,2018,Sociedad
2018-09-21,Huesca,Away,1,True,True,la-liga,2018,Sociedad
2018-09-25,Vallecano,Home,2,True,True,la-liga,2018,Sociedad
2018-09-29,Valencia,Home,0,True,True,la-liga,2018,Sociedad
2018-10-05,Ath Bilbao,Away,3,True,True,la-liga,2018,Sociedad
2018-10-22,Girona,Home,0,True,True,la-liga,2018,Sociedad
2018-10-27,Ath Madrid,Away,0,True,True,la-liga,2018,Sociedad
2018-11-04,Sevilla,Home,0,True,True,la-liga,2018,Sociedad
2018-11-09,Levante,Away,3,False,False,la-liga,2018,Sociedad
2018-11-26,Celta,Home,2,True,True,la-liga,2018,Sociedad
2018-12-02,Betis,Away,0,True,True,la-liga,2018,Sociedad
2018-12-09,Valladolid,Home,1,True,True,la-liga,2018,Sociedad
2018-12-15,Getafe,Away,0,True,True,la-liga,2018,Sociedad
2018-12-21,Alaves,Home,0,True,True,la-liga,2018,Sociedad
2019-01-06,Real Madrid,Away,2,True,True,la-liga,2018,Sociedad
2019-01-14,Espanol,Home,3,True,True,la-liga,2018,Sociedad
2019-01-20,Vallecano,Away,2,True,True,la-liga,2018,Sociedad
2019-01-27,Huesca,Home,0,True,True,la-liga,2018,Sociedad
2019-02-02,Ath Bilbao,Home,2,True,True,la-liga,2018,Sociedad
2019-02-10,Valencia,Away,0,True,True,la-liga,2018,Sociedad
2019-02-16,Leganes,Home,3,True,True,la-liga,2018,Sociedad
2019-02-25,Girona,Away,0,True,True,la-liga,2018,Sociedad
2019-03-03,Ath Madrid,Home,0,True,True,la-liga,2018,Sociedad
2019-03-10,Sevilla,Away,2,True,True,la-liga,2018,Sociedad
2019-03-15,Levante,Home,1,True,True,la-liga,2018,Sociedad
2019-03-31,Valladolid,Away,1,True,True,la-liga,2018,Sociedad
2019-04-04,Betis,Home,2,True,True,la-liga,2018,Sociedad
2019-04-07,Celta,Away,1,True,True,la-liga,2018,Sociedad
2019-04-14,Eibar,Home,1,True,True,la-liga,2018,Sociedad
2019-04-20,Barcelona,Away,1,True,True,la-liga,2018,Sociedad
2019-04-25,Villarreal,Home,0,True,True,la-liga,2018,Sociedad
2019-04-28,Getafe,Home,2,True,True,la-liga,2018,Sociedad
2019-05-04,Alaves,Away,1,True,True,la-liga,2018,Sociedad
2019-05-12,Real Madrid,Home,3,True,True,la-liga,2018,Sociedad
2019-05-18,Espanol,Away,0,True,True,la-liga,2018,Sociedad
2018-08-20,Ath Madrid,Home,1,True,True,la-liga,2018,Valencia
2018-08-26,Espanol,Away,0,True,True,la-liga,2018,Valencia
2018-09-02,Levante,Away,2,True,True,la-liga,2018,Valencia
2018-09-15,Betis,Home,0,True,True,la-liga,2018,Valencia
2018-09-23,Villarreal,Away,0,True,True,la-liga,2018,Valencia
2018-09-26,Celta,Home,1,True,True,la-liga,2018,Valencia
2018-09-29,Sociedad,Away,1,True,True,la-liga,2018,Valencia
2018-10-07,Barcelona,Home,1,True,True,la-liga,2018,Valencia
2018-10-20,Leganes,Home,1,True,True,la-liga,2018,Valencia
2018-10-27,Ath Bilbao,Away,0,True,True,la-liga,2018,Valencia
2018-11-03,Girona,Home,0,True,True,la-liga,2018,Valencia
2018-11-10,Getafe,Away,1,True,True,la-liga,2018,Valencia
2018-11-24,Vallecano,Home,3,True,True,la-liga,2018,Valencia
2018-12-01,Real Madrid,Away,0,True,True,la-liga,2018,Valencia
2018-12-08,Sevilla,Home,1,True,True,la-liga,2018,Valencia
2018-12-15,Eibar,Away,1,True,True,la-liga,2018,Valencia
2018-12-23,Huesca,Home,2,True,True,la-liga,2018,Valencia
2019-01-05,Alaves,Away,1,True,True,la-liga,2018,Valencia
2019-01-12,Valladolid,Home,1,True,True,la-liga,2018,Valencia
2019-01-19,Celta,Away,2,True,True,la-liga,2018,Valencia
2019-01-26,Villarreal,Home,3,True,True,la-liga,2018,Valencia
2019-02-02,Barcelona,Away,2,True,True,la-liga,2018,Valencia
2019-02-10,Sociedad,Home,0,True,True,la-liga,2018,Valencia
2019-02-17,Espanol,Home,0,True,True,la-liga,2018,Valencia
2019-02-24,Leganes,Away,1,True,True,la-liga,2018,Valencia
2019-03-03,Ath Bilbao,Home,2,True,True,la-liga,2018,Valencia
2019-03-10,Girona,Away,3,True,True,la-liga,2018,Valencia
2019-03-17,Getafe,Home,0,True,True,la-liga,2018,Valencia
2019-03-31,Sevilla,Away,1,True,True,la-liga,2018,Valencia
2019-04-03,Real Madrid,Home,2,True,True,la-liga,2018,Valencia
2019-04-06,Vallecano,Away,0,True,True,la-liga,2018,Valencia
2019-04-14,Levante,Home,3,True,True,la-liga,2018,Valencia
2019-04-21,Betis,Away,2,True,True,la-liga,2018,Valencia
2019-04-24,Ath Madrid,Away,2,True,True,la-liga,2018,Valencia
2019-04-28,Eibar,Home,0,True,True,la-liga,2018,Valencia
2019-05-05,Huesca,Away,6,True,True,la-liga,2018,Valencia
2019-05-12,Alaves,Home,3,True,True,la-liga,2018,Valencia
2019-05-18,Valladolid,Away,2,True,True,la-liga,2018,Valencia
2018-08-17,Girona,Away,0,True,True,la-liga,2018,Valladolid
2018-08-25,Barcelona,Home,0,True,True,la-liga,2018,Valladolid
2018-08-31,Getafe,Away,0,True,True,la-liga,2018,Valladolid
2018-09-16,Alaves,Home,0,True,True,la-liga,2018,Valladolid
2018-09-22,Celta,Away,3,True,True,la-liga,2018,Valladolid
2018-09-27,Levante,Home,2,True,True,la-liga,2018,Valladolid
2018-09-30,Villarreal,Away,1,True,True,la-liga,2018,Valladolid
2018-10-07,Huesca,Home,1,True,True,la-liga,2018,Valladolid
2018-10-21,Betis,Away,1,True,True,la-liga,2018,Valladolid
2018-10-26,Espanol,Home,1,True,True,la-liga,2018,Valladolid
2018-11-03,Real Madrid,Away,0,True,True,la-liga,2018,Valladolid
2018-11-10,Eibar,Home,0,True,True,la-liga,2018,Valladolid
2018-11-25,Sevilla,Away,0,True,True,la-liga,2018,Valladolid
2018-12-01,Leganes,Home,2,True,True,la-liga,2018,Valladolid
2018-12-09,Sociedad,Away,2,True,True,la-liga,2018,Valladolid
2018-12-15,Ath Madrid,Home,2,True,True,la-liga,2018,Valladolid
2018-12-22,Ath Bilbao,Away,1,True,True,la-liga,2018,Valladolid
2019-01-05,Vallecano,Home,0,True,True,la-liga,2018,Valladolid
2019-01-12,Valencia,Away,1,True,True,la-liga,2018,Valladolid
2019-01-20,Levante,Away,0,True,True,la-liga,2018,Valladolid
2019-01-27,Celta,Home,2,True,True,la-liga,2018,Valladolid
2019-02-01,Huesca,Away,0,True,True,la-liga,2018,Valladolid
2019-02-08,Villarreal,Home,0,True,True,la-liga,2018,Valladolid
2019-02-16,Barcelona,Away,0,True,True,la-liga,2018,Valladolid
2019-02-24,Betis,Home,0,True,True,la-liga,2018,Valladolid
2019-03-02,Espanol,Away,1,True,True,la-liga,2018,Valladolid
2019-03-10,Real Madrid,Home,1,True,True,la-liga,2018,Valladolid
2019-03-17,Eibar,Away,2,True,True,la-liga,2018,Valladolid
2019-03-31,Sociedad,Home,1,True,True,la-liga,2018,Valladolid
2019-04-04,Leganes,Away,0,True,True,la-liga,2018,Valladolid
2019-04-07,Sevilla,Home,0,True,True,la-liga,2018,Valladolid
2019-04-14,Getafe,Home,2,True,True,la-liga,2018,Valladolid
2019-04-19,Alaves,Away,2,True,True,la-liga,2018,Valladolid
2019-04-23,Girona,Home,1,True,True,la-liga,2018,Valladolid
2019-04-27,Ath Madrid,Away,0,True,True,la-liga,2018,Valladolid
2019-05-05,Ath Bilbao,Home,1,True,True,la-liga,2018,Valladolid
2019-05-12,Vallecano,Away,2,True,True,la-liga,2018,Valladolid
2019-05-18,Valencia,Home,0,True,True,la-liga,2018,Valladolid
2018-08-19,Sevilla,Home,1,True,True,la-liga,2018,Vallecano
2018-08-25,Ath Madrid,Away,0,True,True,la-liga,2018,Vallecano
2018-09-14,Huesca,Away,1,True,True,la-liga,2018,Vallecano
2018-09-22,Alaves,Home,1,True,True,la-liga,2018,Vallecano
2018-09-25,Sociedad,Away,2,True,True,la-liga,2018,Vallecano
2018-09-28,Espanol,Home,2,True,True,la-liga,2018,Vallecano
2018-10-06,Leganes,Away,0,True,True,la-liga,2018,Vallecano
2018-10-21,Getafe,Home,1,True,True,la-liga,2018,Vallecano
2018-10-24,Ath Bilbao,Home,1,True,True,la-liga,2018,Vallecano
2018-10-27,Girona,Away,1,True,True,la-liga,2018,Vallecano
2018-11-03,Barcelona,Home,2,True,True,la-liga,2018,Vallecano
2018-11-11,Villarreal,Home,2,True,True,la-liga,2018,Vallecano
2018-11-24,Valencia,Away,0,True,True,la-liga,2018,Vallecano
2018-11-30,Eibar,Home,1,True,True,la-liga,2018,Vallecano
2018-12-09,Betis,Away,0,True,True,la-liga,2018,Vallecano
2018-12-15,Real Madrid,Away,0,True,True,la-liga,2018,Vallecano
2018-12-23,Levante,Home,2,True,True,la-liga,2018,Vallecano
2019-01-05,Valladolid,Away,1,True,True,la-liga,2018,Vallecano
2019-01-11,Celta,Home,4,True,True,la-liga,2018,Vallecano
2019-01-20,Sociedad,Home,2,True,True,la-liga,2018,Vallecano
2019-01-28,Alaves,Away,1,True,True,la-liga,2018,Vallecano
2019-02-04,Leganes,Home,1,True,True,la-liga,2018,Vallecano
2019-02-09,Espanol,Away,1,True,True,la-liga,2018,Vallecano
2019-02-16,Ath Madrid,Home,0,True,True,la-liga,2018,Vallecano
2019-02-23,Getafe,Away,1,True,True,la-liga,2018,Vallecano
2019-03-01,Girona,Home,0,True,True,la-liga,2018,Vallecano
2019-03-09,Barcelona,Away,1,True,True,la-liga,2018,Vallecano
2019-03-17,Villarreal,Away,1,True,True,la-liga,2018,Vallecano
2019-03-31,Betis,Home,1,True,True,la-liga,2018,Vallecano
2019-04-03,Eibar,Away,1,True,True,la-liga,2018,Vallecano
2019-04-06,Valencia,Home,2,True,True,la-liga,2018,Vallecano
2019-04-14,Ath Bilbao,Away,2,True,True,la-liga,2018,Vallecano
2019-04-20,Huesca,Home,0,True,True,la-liga,2018,Vallecano
2019-04-25,Sevilla,Away,0,True,True,la-liga,2018,Vallecano
2019-04-28,Real Madrid,Home,1,True,True,la-liga,2018,Vallecano
2019-05-04,Levante,Away,1,True,True,la-liga,2018,Vallecano
2019-05-12,Valladolid,Home,1,True,True,la-liga,2018,Vallecano
2019-05-18,Celta,Away,2,True,True,la-liga,2018,Vallecano
2018-08-18,Sociedad,Home,1,True,True,la-liga,2018,Villarreal
2018-08-26,Sevilla,Away,0,True,True,la-liga,2018,Villarreal
2018-08-31,Girona,Home,0,True,True,la-liga,2018,Villarreal
2018-09-16,Leganes,Away,1,True,True,la-liga,2018,Villarreal
2018-09-23,Valencia,Home,0,True,True,la-liga,2018,Villarreal
2018-09-26,Ath Bilbao,Away,3,True,True,la-liga,2018,Villarreal
2018-09-30,Valladolid,Home,0,True,True,la-liga,2018,Villarreal
2018-10-07,Espanol,Away,1,True,True,la-liga,2018,Villarreal
2018-10-20,Ath Madrid,Home,1,True,True,la-liga,2018,Villarreal
2018-10-28,Alaves,Away,1,True,True,la-liga,2018,Villarreal
2018-11-04,Levante,Home,1,True,True,la-liga,2018,Villarreal
2018-11-11,Vallecano,Away,2,True,True,la-liga,2018,Villarreal
2018-11-25,Betis,Home,2,True,True,la-liga,2018,Villarreal
2018-12-02,Barcelona,Away,0,True,True,la-liga,2018,Villarreal
2018-12-08,Celta,Home,2,True,True,la-liga,2018,Villarreal
2018-12-16,Huesca,Away,2,True,True,la-liga,2018,Villarreal
2019-01-03,Real Madrid,Home,2,True,True,la-liga,2018,Villarreal
2019-01-06,Eibar,Away,0,True,True,la-liga,2018,Villarreal
2019-01-12,Getafe,Home,1,True,True,la-liga,2018,Villarreal
2019-01-20,Ath Bilbao,Home,1,True,True,la-liga,2018,Villarreal
2019-01-26,Valencia,Away,0,True,True,la-liga,2018,Villarreal
2019-02-03,Espanol,Home,2,True,True,la-liga,2018,Villarreal
2019-02-08,Valladolid,Away,0,True,True,la-liga,2018,Villarreal
2019-02-17,Sevilla,Home,3,True,True,la-liga,2018,Villarreal
2019-02-24,Ath Madrid,Away,0,True,True,la-liga,2018,Villarreal
2019-03-02,Alaves,Home,1,True,True,la-liga,2018,Villarreal
2019-03-10,Levante,Away,2,True,True,la-liga,2018,Villarreal
2019-03-17,Vallecano,Home,3,True,True,la-liga,2018,Villarreal
2019-03-30,Celta,Away,2,True,True,la-liga,2018,Villarreal
2019-04-02,Barcelona,Home,4,True,True,la-liga,2018,Villarreal
2019-04-07,Betis,Away,1,True,True,la-liga,2018,Villarreal
2019-04-14,Girona,Away,1,True,True,la-liga,2018,Villarreal
2019-04-21,Leganes,Home,2,True,True,la-liga,2018,Villarreal
2019-04-25,Sociedad,Away,1,True,True,la-liga,2018,Villarreal
2019-04-28,Huesca,Home,1,True,True,la-liga,2018,Villarreal
2019-05-05,Real Madrid,Away,2,True,True,la-liga,2018,Villarreal
2019-05-12,Eibar,Home,1,True,True,la-liga,2018,Villarreal
2019-05-18,Getafe,Away,2,True,True,la-liga,2018,Villarreal
2019-08-18,Levante,Home,1,True,True,la-liga,2019,Alaves
2019-08-25,Espanol,Home,0,True,True,la-liga,2019,Alaves
2019-08-31,Getafe,Away,1,True,True,la-liga,2019,Alaves
2019-09-15,Sevilla,Home,0,True,True,la-liga,2019,Alaves
2019-09-22,Ath Bilbao,Away,0,True,True,la-liga,2019,Alaves
2019-09-26,Sociedad,Away,0,True,True,la-liga,2019,Alaves
2019-09-29,Mallorca,Home,2,True,True,la-liga,2019,Alaves
2019-10-05,Valencia,Away,1,True,True,la-liga,2019,Alaves
2019-10-20,Celta,Home,2,True,True,la-liga,2019,Alaves
2019-10-25,Villarreal,Away,1,True,True,la-liga,2019,Alaves
2019-10-29,Ath Madrid,Home,1,True,True,la-liga,2019,Alaves
2019-11-03,Osasuna,Away,2,True,True,la-liga,2019,Alaves
2019-11-09,Valladolid,Home,3,True,True,la-liga,2019,Alaves
2019-11-24,Eibar,Away,2,True,True,la-liga,2019,Alaves
2019-11-30,Real Madrid,Home,1,True,True,la-liga,2019,Alaves
2019-12-07,Granada,Away,0,True,True,la-liga,2019,Alaves
2019-12-13,Leganes,Home,1,True,True,la-liga,2019,Alaves
2019-12-21,Barcelona,Away,1,True,True,la-liga,2019,Alaves
2020-01-05,Betis,Home,1,True,True,la-liga,2019,Alaves
2020-01-18,Levante,Away,1,True,True,la-liga,2019,Alaves
2020-01-25,Villarreal,Home,1,True,True,la-liga,2019,Alaves
2020-02-02,Sevilla,Away,1,True,True,la-liga,2019,Alaves
2020-02-07,Eibar,Home,2,True,True,la-liga,2019,Alaves
2020-02-15,Mallorca,Away,0,True,True,la-liga,2019,Alaves
2020-02-23,Ath Bilbao,Home,2,True,True,la-liga,2019,Alaves
2020-02-29,Leganes,Away,1,True,True,la-liga,2019,Alaves
2020-03-06,Valencia,Home,1,True,True,la-liga,2019,Alaves
2020-06-13,Espanol,Away,0,True,True,la-liga,2019,Alaves
2020-06-18,Sociedad,Home,2,True,True,la-liga,2019,Alaves
2020-06-21,Celta,Away,0,True,True,la-liga,2019,Alaves
2020-06-24,Osasuna,Home,0,True,True,la-liga,2019,Alaves
2020-06-27,Ath Madrid,Away,1,True,True,la-liga,2019,Alaves
2020-07-01,Granada,Home,0,True,True,la-liga,2019,Alaves
2020-07-04,Valladolid,Away,0,True,True,la-liga,2019,Alaves
2020-07-10,Real Madrid,Away,0,True,True,la-liga,2019,Alaves
2020-07-13,Getafe,Home,0,True,True,la-liga,2019,Alaves
2020-07-16,Betis,Away,2,True,True,la-liga,2019,Alaves
2020-07-19,Barcelona,Home,0,True,True,la-liga,2019,Alaves
2019-08-16,Barcelona,Home,1,True,True,la-liga,2019,Ath Bilbao
2019-08-24,Getafe,Away,1,True,True,la-liga,2019,Ath Bilbao
2019-08-30,Sociedad,Home,2,True,True,la-liga,2019,Ath Bilbao
2019-09-13,Mallorca,Away,0,True,True,la-liga,2019,Ath Bilbao
2019-09-22,Alaves,Home,2,True,True,la-liga,2019,Ath Bilbao
2019-09-25,Leganes,Away,1,True,True,la-liga,2019,Ath Bilbao
2019-09-28,Valencia,Home,0,True,True,la-liga,2019,Ath Bilbao
2019-10-06,Celta,Away,0,True,True,la-liga,2019,Ath Bilbao
2019-10-20,Valladolid,Home,1,True,True,la-liga,2019,Ath Bilbao
2019-10-26,Ath Madrid,Away,0,True,True,la-liga,2019,Ath Bilbao
2019-10-30,Espanol,Home,3,True,True,la-liga,2019,Ath Bilbao
2019-11-03,Villarreal,Away,0,True,True,la-liga,2019,Ath Bilbao
2019-11-10,Levante,Home,2,True,True,la-liga,2019,Ath Bilbao
2019-11-24,Osasuna,Away,2,True,True,la-liga,2019,Ath Bilbao
2019-12-01,Granada,Home,2,True,True,la-liga,2019,Ath Bilbao
2019-12-08,Betis,Away,2,True,True,la-liga,2019,Ath Bilbao
2019-12-14,Eibar,Home,0,True,True,la-liga,2019,Ath Bilbao
2019-12-22,Real Madrid,Away,0,True,True,la-liga,2019,Ath Bilbao
2020-01-03,Sevilla,Away,1,True,True,la-liga,2019,Ath Bilbao
2020-01-19,Celta,Home,1,True,True,la-liga,2019,Ath Bilbao
2020-01-25,Espanol,Away,1,True,True,la-liga,2019,Ath Bilbao
2020-02-02,Getafe,Home,0,True,True,la-liga,2019,Ath Bilbao
2020-02-09,Sociedad,Away,1,True,True,la-liga,2019,Ath Bilbao
2020-02-16,Osasuna,Home,0,True,True,la-liga,2019,Ath Bilbao
2020-02-23,Alaves,Away,1,True,True,la-liga,2019,Ath Bilbao
2020-03-01,Villarreal,Home,1,True,True,la-liga,2019,Ath Bilbao
2020-03-08,Valladolid,Away,4,True,True,la-liga,2019,Ath Bilbao
2020-06-14,Ath Madrid,Home,1,True,True,la-liga,2019,Ath Bilbao
2020-06-17,Eibar,Away,2,True,True,la-liga,2019,Ath Bilbao
2020-06-20,Betis,Home,1,True,True,la-liga,2019,Ath Bilbao
2020-06-23,Barcelona,Away,0,True,True,la-liga,2019,Ath Bilbao
2020-06-27,Mallorca,Home,3,True,True,la-liga,2019,Ath Bilbao
2020-07-01,Valencia,Away,2,True,True,la-liga,2019,Ath Bilbao
2020-07-05,Real Madrid,Home,0,True,True,la-liga,2019,Ath Bilbao
2020-07-09,Sevilla,Home,1,True,True,la-liga,2019,Ath Bilbao
2020-07-12,Levante,Away,2,True,True,la-liga,2019,Ath Bilbao
2020-07-16,Leganes,Home,0,True,True,la-liga,2019,Ath Bilbao
2020-07-19,Granada,Away,0,True,True,la-liga,2019,Ath Bilbao
2019-08-18,Getafe,Home,1,True,True,la-liga,2019,Ath Madrid
2019-08-25,Leganes,Away,1,True,True,la-liga,2019,Ath Madrid
2019-09-01,Eibar,Home,3,True,True,la-liga,2019,Ath Madrid
2019-09-14,Sociedad,Away,0,True,True,la-liga,2019,Ath Madrid
2019-09-21,Celta,Home,0,True,True,la-liga,2019,Ath Madrid
2019-09-25,Mallorca,Away,2,True,True,la-liga,2019,Ath Madrid
2019-09-28,Real Madrid,Home,0,True,True,la-liga,2019,Ath Madrid
2019-10-06,Valladolid,Away,0,True,True,la-liga,2019,Ath Madrid
2019-10-19,Valencia,Home,1,True,True,la-liga,2019,Ath Madrid
2019-10-26,Ath Bilbao,Home,2,True,True,la-liga,2019,Ath Madrid
2019-10-29,Alaves,Away,1,True,True,la-liga,2019,Ath Madrid
2019-11-02,Sevilla,Away,1,True,True,la-liga,2019,Ath Madrid
2019-11-10,Espanol,Home,3,True,True,la-liga,2019,Ath Madrid
2019-11-23,Granada,Away,1,True,True,la-liga,2019,Ath Madrid
2019-12-01,Barcelona,Home,0,True,True,la-liga,2019,Ath Madrid
2019-12-06,Villarreal,Away,0,True,True,la-liga,2019,Ath Madrid
2019-12-14,Osasuna,Home,2,True,True,la-liga,2019,Ath Madrid
2019-12-22,Betis,Away,2,True,True,la-liga,2019,Ath Madrid
2020-01-04,Levante,Home,2,True,True,la-liga,2019,Ath Madrid
2020-01-18,Eibar,Away,0,True,True,la-liga,2019,Ath Madrid
2020-01-26,Leganes,Home,0,True,True,la-liga,2019,Ath Madrid
2020-02-01,Real Madrid,Away,0,True,True,la-liga,2019,Ath Madrid
2020-02-08,Granada,Home,1,True,True,la-liga,2019,Ath Madrid
2020-02-14,Valencia,Away,2,True,True,la-liga,2019,Ath Madrid
2020-02-23,Villarreal,Home,3,True,True,la-liga,2019,Ath Madrid
2020-03-01,Espanol,Away,1,True,True,la-liga,2019,Ath Madrid
2020-03-07,Sevilla,Home,2,True,True,la-liga,2019,Ath Madrid
2020-06-14,Ath Bilbao,Away,1,True,True,la-liga,2019,Ath Madrid
2020-06-17,Osasuna,Away,5,True,True,la-liga,2019,Ath Madrid
2020-06-20,Valladolid,Home,1,True,True,la-liga,2019,Ath Madrid
2020-06-23,Levante,Away,1,True,True,la-liga,2019,Ath Madrid
2020-06-27,Alaves,Home,2,True,True,la-liga,2019,Ath Madrid
2020-06-30,Barcelona,Away,2,True,True,la-liga,2019,Ath Madrid
2020-07-03,Mallorca,Home,3,True,True,la-liga,2019,Ath Madrid
2020-07-07,Celta,Away,1,True,True,la-liga,2019,Ath Madrid
2020-07-11,Betis,Home,1,True,True,la-liga,2019,Ath Madrid
2020-07-16,Getafe,Away,2,True,True,la-liga,2019,Ath Madrid
2020-07-19,Sociedad,Home,1,True,True,la-liga,2019,Ath Madrid
2019-08-16,Ath Bilbao,Away,0,True,True,la-liga,2019,Barcelona
2019-08-25,Betis,Home,5,True,True,la-liga,2019,Barcelona
2019-08-31,Osasuna,Away,2,True,True,la-liga,2019,Barcelona
2019-09-14,Valencia,Home,5,True,True,la-liga,2019,Barcelona
2019-09-21,Granada,Away,0,True,True,la-liga,2019,Barcelona
2019-09-24,Villarreal,Home,2,True,True,la-liga,2019,Barcelona
2019-09-28,Getafe,Away,2,True,True,la-liga,2019,Barcelona
2019-10-06,Sevilla,Home,4,True,True,la-liga,2019,Barcelona
2019-10-19,Eibar,Away,3,True,True,la-liga,2019,Barcelona
2019-10-29,Valladolid,Home,5,True,True,la-liga,2019,Barcelona
2019-11-02,Levante,Away,1,True,True,la-liga,2019,Barcelona
2019-11-09,Celta,Home,4,True,True,la-liga,2019,Barcelona
2019-11-23,Leganes,Away,2,True,True,la-liga,2019,Barcelona
2019-12-01,Ath Madrid,Away,1,True,True,la-liga,2019,Barcelona
2019-12-07,Mallorca,Home,5,True,True,la-liga,2019,Barcelona
2019-12-14,Sociedad,Away,2,True,True,la-liga,2019,Barcelona
2019-12-18,Real Madrid,Home,0,True,True,la-liga,2019,Barcelona
2019-12-21,Alaves,Home,4,True,True,la-liga,2019,Barcelona
2020-01-04,Espanol,Away,2,True,True,la-liga,2019,Barcelona
2020-01-19,Granada,Home,1,True,True,la-liga,2019,Barcelona
2020-01-25,Valencia,Away,0,True,True,la-liga,2019,Barcelona
2020-02-02,Levante,Home,2,True,True,la-liga,2019,Barcelona
2020-02-09,Betis,Away,3,True,True,la-liga,2019,Barcelona
2020-02-15,Getafe,Home,2,True,True,la-liga,2019,Barcelona
2020-02-22,Eibar,Home,5,True,True,la-liga,2019,Barcelona
2020-03-01,Real Madrid,Away,0,True,True,la-liga,2019,Barcelona
2020-03-07,Sociedad,Home,1,True,True,la-liga,2019,Barcelona
2020-06-13,Mallorca,Away,4,True,True,la-liga,2019,Barcelona
2020-06-16,Leganes,Home,2,True,True,la-liga,2019,Barcelona
2020-06-19,Sevilla,Away,0,True,True,la-liga,2019,Barcelona
2020-06-23,Ath Bilbao,Home,1,True,True,la-liga,2019,Barcelona
2020-06-27,Celta,Away,2,True,True,la-liga,2019,Barcelona
2020-06-30,Ath Madrid,Home,2,True,True,la-liga,2019,Barcelona
2020-07-05,Villarreal,Away,4,True,True,la-liga,2019,Barcelona
2020-07-08,Espanol,Home,1,True,True,la-liga,2019,Barcelona
2020-07-11,Valladolid,Away,1,True,True,la-liga,2019,Barcelona
2020-07-16,Osasuna,Home,1,True,True,la-liga,2019,Barcelona
2020-07-19,Alaves,Away,5,True,True,la-liga,2019,Barcelona
2019-08-18,Valladolid,Home,1,True,True,la-liga,2019,Betis
2019-08-25,Barcelona,Away,2,True,True,la-liga,2019,Betis
2019-08-31,Leganes,Home,2,True,True,la-liga,2019,Betis
2019-09-15,Getafe,Home,1,True,True,la-liga,2019,Betis
2019-09-20,Osasuna,Away,0,True,True,la-liga,2019,Betis
2019-09-24,Levante,Home,3,True,True,la-liga,2019,Betis
2019-09-27,Villarreal,Away,1,True,True,la-liga,2019,Betis
2019-10-04,Eibar,Home,1,True,True,la-liga,2019,Betis
2019-10-20,Sociedad,Away,1,True,True,la-liga,2019,Betis
2019-10-27,Granada,Away,0,True,True,la-liga,2019,Betis
2019-10-30,Celta,Home,2,True,True,la-liga,2019,Betis
2019-11-02,Real Madrid,Away,0,True,True,la-liga,2019,Betis
2019-11-10,Sevilla,Home,1,True,True,la-liga,2019,Betis
2019-11-23,Valencia,Home,2,True,True,la-liga,2019,Betis
2019-11-30,Mallorca,Away,2,True,True,la-liga,2019,Betis
2019-12-08,Ath Bilbao,Home,3,True,True,la-liga,2019,Betis
2019-12-15,Espanol,Away,2,True,True,la-liga,2019,Betis
2019-12-22,Ath Madrid,Home,1,True,True,la-liga,2019,Betis
2020-01-05,Alaves,Away,1,True,True,la-liga,2019,Betis
2020-01-19,Sociedad,Home,3,True,True,la-liga,2019,Betis
2020-01-26,Getafe,Away,0,True,True,la-liga,2019,Betis
2020-02-02,Eibar,Away,1,True,True,la-liga,2019,Betis
2020-02-09,Barcelona,Home,2,True,True,la-liga,2019,Betis
2020-02-16,Leganes,Away,0,True,True,la-liga,2019,Betis
2020-02-21,Mallorca,Home,3,True,True,la-liga,2019,Betis
2020-02-29,Valencia,Away,1,True,True,la-liga,2019,Betis
2020-03-08,Real Madrid,Home,2,True,True,la-liga,2019,Betis
2020-06-11,Sevilla,Away,0,True,True,la-liga,2019,Betis
2020-06-15,Granada,Home,2,True,True,la-liga,2019,Betis
2020-06-20,Ath Bilbao,Away,0,True,True,la-liga,2019,Betis
2020-06-25,Espanol,Home,1,True,True,la-liga,2019,Betis
2020-06-28,Levante,Away,2,True,True,la-liga,2019,Betis
2020-07-01,Villarreal,Home,0,True,True,la-liga,2019,Betis
2020-07-04,Celta,Away,1,True,True,la-liga,2019,Betis
2020-07-08,Osasuna,Home,3,True,True,la-liga,2019,Betis
2020-07-11,Ath Madrid,Away,0,True,True,la-liga,2019,Betis
2020-07-16,Alaves,Home,1,True,True,la-liga,2019,Betis
2020-07-19,Valladolid,Away,0,True,True,la-liga,2019,Betis
2019-08-17,Real Madrid,Home,1,True,True,la-liga,2019,Celta
2019-08-24,Valencia,Home,1,True,True,la-liga,2019,Celta
2019-08-30,Sevilla,Away,1,True,True,la-liga,2019,Celta
2019-09-15,Granada,Home,0,True,True,la-liga,2019,Celta
2019-09-21,Ath Madrid,Away,0,True,True,la-liga,2019,Celta
2019-09-26,Espanol,Home,1,True,True,la-liga,2019,Celta
2019-09-29,Eibar,Away,0,True,True,la-liga,2019,Celta
2019-10-06,Ath Bilbao,Home,1,True,True,la-liga,2019,Celta
2019-10-20,Alaves,Away,0,True,True,la-liga,2019,Celta
2019-10-27,Sociedad,Home,0,True,True,la-liga,2019,Celta
2019-10-30,Betis,Away,1,True,True,la-liga,2019,Celta
2019-11-03,Getafe,Home,0,True,True,la-liga,2019,Celta
2019-11-09,Barcelona,Away,1,True,True,la-liga,2019,Celta
2019-11-24,Villarreal,Away,3,True,True,la-liga,2019,Celta
2019-11-29,Valladolid,Home,0,True,True,la-liga,2019,Celta
2019-12-08,Leganes,Away,2,True,True,la-liga,2019,Celta
2019-12-15,Mallorca,Home,2,True,True,la-liga,2019,Celta
2019-12-22,Levante,Away,1,True,True,la-liga,2019,Celta
2020-01-05,Osasuna,Home,1,True,True,la-liga,2019,Celta
2020-01-19,Ath Bilbao,Away,1,True,True,la-liga,2019,Celta
2020-01-26,Eibar,Home,0,True,True,la-liga,2019,Celta
2020-02-01,Valencia,Away,0,True,True,la-liga,2019,Celta
2020-02-09,Sevilla,Home,2,True,True,la-liga,2019,Celta
2020-02-16,Real Madrid,Away,2,True,True,la-liga,2019,Celta
2020-02-22,Leganes,Home,1,True,True,la-liga,2019,Celta
2020-02-29,Granada,Away,0,True,True,la-liga,2019,Celta
2020-03-07,Getafe,Away,0,True,True,la-liga,2019,Celta
2020-06-13,Villarreal,Home,0,True,True,la-liga,2019,Celta
2020-06-17,Valladolid,Away,0,True,True,la-liga,2019,Celta
2020-06-21,Alaves,Home,6,True,True,la-liga,2019,Celta
2020-06-24,Sociedad,Away,1,True,True,la-liga,2019,Celta
2020-06-27,Barcelona,Home,2,True,True,la-liga,2019,Celta
2020-06-30,Mallorca,Away,1,True,True,la-liga,2019,Celta
2020-07-04,Betis,Home,1,True,True,la-liga,2019,Celta
2020-07-07,Ath Madrid,Home,1,True,True,la-liga,2019,Celta
2020-07-11,Osasuna,Away,1,True,True,la-liga,2019,Celta
2020-07-16,Levante,Home,2,True,True,la-liga,2019,Celta
2020-07-19,Espanol,Away,0,True,True,la-liga,2019,Celta
2019-08-17,Mallorca,Away,1,True,True,la-liga,2019,Eibar
2019-08-24,Osasuna,Away,0,True,True,la-liga,2019,Eibar
2019-09-01,Ath Madrid,Away,2,True,True,la-liga,2019,Eibar
2019-09-15,Espanol,Home,1,True,True,la-liga,2019,Eibar
2019-09-21,Levante,Away,0,True,True,la-liga,2019,Eibar
2019-09-26,Sevilla,Home,3,True,True,la-liga,2019,Eibar
2019-09-29,Celta,Home,2,True,True,la-liga,2019,Eibar
2019-10-04,Betis,Away,1,True,True,la-liga,2019,Eibar
2019-10-19,Barcelona,Home,0,True,True,la-liga,2019,Eibar
2019-10-26,Valladolid,Away,0,True,True,la-liga,2019,Eibar
2019-10-31,Villarreal,Home,2,True,True,la-liga,2019,Eibar
2019-11-03,Leganes,Away,2,True,True,la-liga,2019,Eibar
2019-11-09,Real Madrid,Home,0,True,True,la-liga,2019,Eibar
2019-11-24,Alaves,Home,0,True,True,la-liga,2019,Eibar
2019-11-30,Sociedad,Away,1,True,True,la-liga,2019,Eibar
2019-12-08,Getafe,Home,0,True,True,la-liga,2019,Eibar
2019-12-14,Ath Bilbao,Away,0,True,True,la-liga,2019,Eibar
2019-12-20,Granada,Home,3,True,True,la-liga,2019,Eibar
2020-01-04,Valencia,Away,0,True,True,la-liga,2019,Eibar
2020-01-18,Ath Madrid,Home,2,True,True,la-liga,2019,Eibar
2020-01-26,Celta,Away,0,True,True,la-liga,2019,Eibar
2020-02-02,Betis,Home,1,True,True,la-liga,2019,Eibar
2020-02-07,Alaves,Away,1,True,True,la-liga,2019,Eibar
2020-02-22,Barcelona,Away,0,True,True,la-liga,2019,Eibar
2020-02-29,Levante,Home,3,True,True,la-liga,2019,Eibar
2020-03-07,Mallorca,Home,1,True,True,la-liga,2019,Eibar
2020-03-10,Sociedad,Home,1,True,True,la-liga,2019,Eibar
2020-06-14,Real Madrid,Away,1,True,True,la-liga,2019,Eibar
2020-06-17,Ath Bilbao,Home,2,True,True,la-liga,2019,Eibar
2020-06-20,Getafe,Away,1,True,True,la-liga,2019,Eibar
2020-06-25,Valencia,Home,1,True,True,la-liga,2019,Eibar
2020-06-28,Granada,Away,2,True,True,la-liga,2019,Eibar
2020-07-02,Osasuna,Home,0,True,True,la-liga,2019,Eibar
2020-07-06,Sevilla,Away,0,True,True,la-liga,2019,Eibar
2020-07-09,Leganes,Home,0,True,True,la-liga,2019,Eibar
2020-07-12,Espanol,Away,2,True,True,la-liga,2019,Eibar
2020-07-16,Valladolid,Home,3,True,True,la-liga,2019,Eibar
2020-07-19,Villarreal,Away,0,True,True,la-liga,2019,Eibar
2019-08-18,Sevilla,Home,0,True,True,la-liga,2019,Espanol
2019-08-25,Alaves,Away,0,True,True,la-liga,2019,Espanol
2019-09-01,Granada,Home,0,True,True,la-liga,2019,Espanol
2019-09-15,Eibar,Away,2,True,True,la-liga,2019,Espanol
2019-09-22,Sociedad,Home,1,True,True,la-liga,2019,Espanol
2019-09-26,Celta,Away,1,True,True,la-liga,2019,Espanol
2019-09-29,Valladolid,Home,0,True,True,la-liga,2019,Espanol
2019-10-06,Mallorca,Away,0,True,True,la-liga,2019,Espanol
2019-10-20,Villarreal,Home,0,True,True,la-liga,2019,Espanol
2019-10-27,Levante,Away,1,True,True,la-liga,2019,Espanol
2019-10-30,Ath Bilbao,Away,0,True,True,la-liga,2019,Espanol
2019-11-02,Valencia,Home,1,True,True,la-liga,2019,Espanol
2019-11-10,Ath Madrid,Away,1,True,True,la-liga,2019,Espanol
2019-11-24,Getafe,Home,1,True,True,la-liga,2019,Espanol
2019-12-01,Osasuna,Home,2,True,True,la-liga,2019,Espanol
2019-12-07,Real Madrid,Away,0,True,True,la-liga,2019,Espanol
2019-12-15,Betis,Home,2,True,True,la-liga,2019,Espanol
2019-12-22,Leganes,Away,0,True,True,la-liga,2019,Espanol
2020-01-04,Barcelona,Home,2,True,True,la-liga,2019,Espanol
2020-01-19,Villarreal,Away,2,True,True,la-liga,2019,Espanol
2020-01-25,Ath Bilbao,Home,1,True,True,la-liga,2019,Espanol
2020-02-01,Granada,Away,1,True,True,la-liga,2019,Espanol
2020-02-09,Mallorca,Home,1,True,True,la-liga,2019,Espanol
2020-02-16,Sevilla,Away,2,True,True,la-liga,2019,Espanol
2020-02-23,Valladolid,Away,1,True,True,la-liga,2019,Espanol
2020-03-01,Ath Madrid,Home,1,True,True,la-liga,2019,Espanol
2020-03-08,Osasuna,Away,0,True,True,la-liga,2019,Espanol
2020-06-13,Alaves,Home,2,True,True,la-liga,2019,Espanol
2020-06-16,Getafe,Away,0,True,True,la-liga,2019,Espanol
2020-06-20,Levante,Home,1,True,True,la-liga,2019,Espanol
2020-06-25,Betis,Away,0,True,True,la-liga,2019,Espanol
2020-06-28,Real Madrid,Home,0,True,True,la-liga,2019,Espanol
2020-07-02,Sociedad,Away,1,True,True,la-liga,2019,Espanol
2020-07-05,Leganes,Home,0,True,True,la-liga,2019,Espanol
2020-07-08,Barcelona,Away,0,True,True,la-liga,2019,Espanol
2020-07-12,Eibar,Home,0,True,True,la-liga,2019,Espanol
2020-07-16,Valencia,Away,0,True,True,la-liga,2019,Espanol
2020-07-19,Celta,Home,0,True,True,la-liga,2019,Espanol
2019-08-18,Ath Madrid,Away,0,True,True,la-liga,2019,Getafe
2019-08-24,Ath Bilbao,Home,1,True,True,la-liga,2019,Getafe
2019-08-31,Alaves,Home,1,True,True,la-liga,2019,Getafe
2019-09-15,Betis,Away,1,True,True,la-liga,2019,Getafe
2019-09-22,Mallorca,Home,4,True,True,la-liga,2019,Getafe
2019-09-25,Valencia,Away,3,True,True,la-liga,2019,Getafe
2019-09-28,Barcelona,Home,0,True,True,la-liga,2019,Getafe
2019-10-06,Sociedad,Away,2,True,True,la-liga,2019,Getafe
2019-10-19,Leganes,Home,2,True,True,la-liga,2019,Getafe
2019-10-27,Sevilla,Away,0,True,True,la-liga,2019,Getafe
2019-10-31,Granada,Home,3,True,True,la-liga,2019,Getafe
2019-11-03,Celta,Away,1,True,True,la-liga,2019,Getafe
2019-11-10,Osasuna,Home,0,True,True,la-liga,2019,Getafe
2019-11-24,Espanol,Away,1,True,True,la-liga,2019,Getafe
2019-12-01,Levante,Home,4,True,True,la-liga,2019,Getafe
2019-12-08,Eibar,Away,1,True,True,la-liga,2019,Getafe
2019-12-15,Valladolid,Home,2,True,True,la-liga,2019,Getafe
2019-12-21,Villarreal,Away,0,True,True,la-liga,2019,Getafe
2020-01-04,Real Madrid,Home,0,True,True,la-liga,2019,Getafe
2020-01-17,Leganes,Away,3,True,True,la-liga,2019,Getafe
2020-01-26,Betis,Home,1,True,True,la-liga,2019,Getafe
2020-02-02,Ath Bilbao,Away,2,True,True,la-liga,2019,Getafe
2020-02-08,Valencia,Home,3,True,True,la-liga,2019,Getafe
2020-02-15,Barcelona,Away,1,True,True,la-liga,2019,Getafe
2020-02-23,Sevilla,Home,0,True,True,la-liga,2019,Getafe
2020-03-01,Mallorca,Away,1,True,True,la-liga,2019,Getafe
2020-03-07,Celta,Home,0,True,True,la-liga,2019,Getafe
2020-06-12,Granada,Away,1,True,True,la-liga,2019,Getafe
2020-06-16,Espanol,Home,0,True,True,la-liga,2019,Getafe
2020-06-20,Eibar,Home,1,True,True,la-liga,2019,Getafe
2020-06-23,Valladolid,Away,1,True,True,la-liga,2019,Getafe
2020-06-29,Sociedad,Home,2,True,True,la-liga,2019,Getafe
2020-07-02,Real Madrid,Away,0,True,True,la-liga,2019,Getafe
2020-07-05,Osasuna,Away,0,True,True,la-liga,2019,Getafe
2020-07-08,Villarreal,Home,1,True,True,la-liga,2019,Getafe
2020-07-13,Alaves,Away,0,True,True,la-liga,2019,Getafe
2020-07-16,Ath Madrid,Home,0,True,True,la-liga,2019,Getafe
2020-07-19,Levante,Away,0,True,True,la-liga,2019,Getafe
2019-08-17,Villarreal,Away,4,True,True,la-liga,2019,Granada
2019-08-23,Sevilla,Home,0,True,True,la-liga,2019,Granada
2019-09-01,Espanol,Away,3,True,True,la-liga,2019,Granada
2019-09-15,Celta,Away,2,True,True,la-liga,2019,Granada
2019-09-21,Barcelona,Home,2,True,True,la-liga,2019,Granada
2019-09-24,Valladolid,Away,1,True,True,la-liga,2019,Granada
2019-09-28,Leganes,Home,1,True,True,la-liga,2019,Granada
2019-10-05,Real Madrid,Away,2,True,True,la-liga,2019,Granada
2019-10-18,Osasuna,Home,1,True,True,la-liga,2019,Granada
2019-10-27,Betis,Home,1,True,True,la-liga,2019,Granada
2019-10-31,Getafe,Away,1,True,True,la-liga,2019,Granada
2019-11-03,Sociedad,Home,1,True,True,la-liga,2019,Granada
2019-11-09,Valencia,Away,0,True,True,la-liga,2019,Granada
2019-11-23,Ath Madrid,Home,1,True,True,la-liga,2019,Granada
2019-12-01,Ath Bilbao,Away,0,True,True,la-liga,2019,Granada
2019-12-07,Alaves,Home,3,True,True,la-liga,2019,Granada
2019-12-14,Levante,Home,1,True,True,la-liga,2019,Granada
2019-12-20,Eibar,Away,0,True,True,la-liga,2019,Granada
2020-01-05,Mallorca,Home,1,True,True,la-liga,2019,Granada
2020-01-19,Barcelona,Away,0,True,True,la-liga,2019,Granada
2020-01-25,Sevilla,Away,0,True,True,la-liga,2019,Granada
2020-02-01,Espanol,Home,2,True,True,la-liga,2019,Granada
2020-02-08,Ath Madrid,Away,0,True,True,la-liga,2019,Granada
2020-02-15,Valladolid,Home,2,True,True,la-liga,2019,Granada
2020-02-23,Osasuna,Away,3,True,True,la-liga,2019,Granada
2020-02-29,Celta,Home,0,True,True,la-liga,2019,Granada
2020-03-08,Levante,Away,1,True,True,la-liga,2019,Granada
2020-06-12,Getafe,Home,2,True,True,la-liga,2019,Granada
2020-06-15,Betis,Away,2,True,True,la-liga,2019,Granada
2020-06-19,Villarreal,Home,0,True,True,la-liga,2019,Granada
2020-06-22,Leganes,Away,0,True,True,la-liga,2019,Granada
2020-06-28,Eibar,Home,1,True,True,la-liga,2019,Granada
2020-07-01,Alaves,Away,2,True,True,la-liga,2019,Granada
2020-07-04,Valencia,Home,2,True,True,la-liga,2019,Granada
2020-07-10,Sociedad,Away,3,True,True,la-liga,2019,Granada
2020-07-13,Real Madrid,Home,1,True,True,la-liga,2019,Granada
2020-07-16,Mallorca,Away,2,True,True,la-liga,2019,Granada
2020-07-19,Ath Bilbao,Home,4,True,True,la-liga,2019,Granada
2019-08-17,Osasuna,Home,0,True,True,la-liga,2019,Leganes
2019-08-25,Ath Madrid,Home,0,True,True,la-liga,2019,Leganes
2019-08-31,Betis,Away,1,True,True,la-liga,2019,Leganes
2019-09-14,Villarreal,Home,0,True,True,la-liga,2019,Leganes
2019-09-22,Valencia,Away,1,True,True,la-liga,2019,Leganes
2019-09-25,Ath Bilbao,Home,1,True,True,la-liga,2019,Leganes
2019-09-28,Granada,Away,0,True,True,la-liga,2019,Leganes
2019-10-05,Levante,Home,1,True,True,la-liga,2019,Leganes
2019-10-19,Getafe,Away,0,True,True,la-liga,2019,Leganes
2019-10-26,Mallorca,Home,1,True,True,la-liga,2019,Leganes
2019-10-30,Real Madrid,Away,0,True,True,la-liga,2019,Leganes
2019-11-03,Eibar,Home,1,True,True,la-liga,2019,Leganes
2019-11-08,Sociedad,Away,1,True,True,la-liga,2019,Leganes
2019-11-23,Barcelona,Home,1,True,True,la-liga,2019,Leganes
2019-12-01,Sevilla,Away,0,True,True,la-liga,2019,Leganes
2019-12-08,Celta,Home,3,True,True,la-liga,2019,Leganes
2019-12-13,Alaves,Away,1,True,True,la-liga,2019,Leganes
2019-12-22,Espanol,Home,2,True,True,la-liga,2019,Leganes
2020-01-03,Valladolid,Away,2,True,True,la-liga,2019,Leganes
2020-01-17,Getafe,Home,0,True,True,la-liga,2019,Leganes
2020-01-26,Ath Madrid,Away,0,True,True,la-liga,2019,Leganes
2020-02-02,Sociedad,Home,2,True,True,la-liga,2019,Leganes
2020-02-08,Levante,Away,0,True,True,la-liga,2019,Leganes
2020-02-16,Betis,Home,0,True,True,la-liga,2019,Leganes
2020-02-22,Celta,Away,0,True,True,la-liga,2019,Leganes
2020-02-29,Alaves,Home,1,True,True,la-liga,2019,Leganes
2020-03-08,Villarreal,Away,2,True,True,la-liga,2019,Leganes
2020-06-13,Valladolid,Home,1,True,True,la-liga,2019,Leganes
2020-06-16,Barcelona,Away,0,True,True,la-liga,2019,Leganes
2020-06-19,Mallorca,Away,1,True,True,la-liga,2019,Leganes
2020-06-22,Granada,Home,0,True,True,la-liga,2019,Leganes
2020-06-27,Osasuna,Away,1,True,True,la-liga,2019,Leganes
2020-06-30,Sevilla,Home,0,True,True,la-liga,2019,Leganes
2020-07-05,Espanol,Away,1,True,True,la-liga,2019,Leganes
2020-07-09,Eibar,Away,0,True,True,la-liga,2019,Leganes
2020-07-12,Valencia,Home,1,True,True,la-liga,2019,Leganes
2020-07-16,Ath Bilbao,Away,2,True,True,la-liga,2019,Leganes
2020-07-19,Real Madrid,Home,2,True,True,la-liga,2019,Leganes
2019-08-18,Alaves,Away,0,True,True,la-liga,2019,Levante
2019-08-23,Villarreal,Home,2,True,True,la-liga,2019,Levante
2019-08-31,Valladolid,Home,2,True,True,la-liga,2019,Levante
2019-09-14,Real Madrid,Away,2,True,True,la-liga,2019,Levante
2019-09-21,Eibar,Home,0,True,True,la-liga,2019,Levante
2019-09-24,Betis,Away,1,True,True,la-liga,2019,Levante
2019-09-29,Osasuna,Home,1,True,True,la-liga,2019,Levante
2019-10-05,Leganes,Away,2,True,True,la-liga,2019,Levante
2019-10-20,Sevilla,Away,0,True,True,la-liga,2019,Levante
2019-10-27,Espanol,Home,0,True,True,la-liga,2019,Levante
2019-10-30,Sociedad,Away,2,True,True,la-liga,2019,Levante
2019-11-02,Barcelona,Home,3,True,True,la-liga,2019,Levante
2019-11-10,Ath Bilbao,Away,1,True,True,la-liga,2019,Levante
2019-11-22,Mallorca,Home,2,True,True,la-liga,2019,Levante
2019-12-01,Getafe,Away,0,True,True,la-liga,2019,Levante
2019-12-07,Valencia,Home,2,True,True,la-liga,2019,Levante
2019-12-14,Granada,Away,2,True,True,la-liga,2019,Levante
2019-12-22,Celta,Home,3,True,True,la-liga,2019,Levante
2020-01-04,Ath Madrid,Away,1,True,True,la-liga,2019,Levante
2020-01-18,Alaves,Home,0,True,True,la-liga,2019,Levante
2020-01-24,Osasuna,Away,0,True,True,la-liga,2019,Levante
2020-02-02,Barcelona,Away,1,True,True,la-liga,2019,Levante
2020-02-08,Leganes,Home,2,True,True,la-liga,2019,Levante
2020-02-15,Villarreal,Away,1,True,True,la-liga,2019,Levante
2020-02-22,Real Madrid,Home,1,True,True,la-liga,2019,Levante
2020-02-29,Eibar,Away,0,True,True,la-liga,2019,Levante
2020-03-08,Granada,Home,1,True,True,la-liga,2019,Levante
2020-06-12,Valencia,Away,1,True,True,la-liga,2019,Levante
2020-06-15,Sevilla,Home,1,True,True,la-liga,2019,Levante
2020-06-20,Espanol,Away,3,True,True,la-liga,2019,Levante
2020-06-23,Ath Madrid,Home,0,True,True,la-liga,2019,Levante
2020-06-28,Betis,Home,4,True,True,la-liga,2019,Levante
2020-07-01,Valladolid,Away,0,True,True,la-liga,2019,Levante
2020-07-06,Sociedad,Home,1,True,True,la-liga,2019,Levante
2020-07-09,Mallorca,Away,0,True,True,la-liga,2019,Levante
2020-07-12,Ath Bilbao,Home,1,True,True,la-liga,2019,Levante
2020-07-16,Celta,Away,3,True,True,la-liga,2019,Levante
2020-07-19,Getafe,Home,1,True,True,la-liga,2019,Levante
2019-08-17,Eibar,Home,2,True,True,la-liga,2019,Mallorca
2019-08-25,Sociedad,Home,0,True,True,la-liga,2019,Mallorca
2019-09-01,Valencia,Away,0,True,True,la-liga,2019,Mallorca
2019-09-13,Ath Bilbao,Home,0,True,True,la-liga,2019,Mallorca
2019-09-22,Getafe,Away,2,True,True,la-liga,2019,Mallorca
2019-09-25,Ath Madrid,Home,0,True,True,la-liga,2019,Mallorca
2019-09-29,Alaves,Away,0,True,True,la-liga,2019,Mallorca
2019-10-06,Espanol,Home,2,True,True,la-liga,2019,Mallorca
2019-10-19,Real Madrid,Home,1,True,True,la-liga,2019,Mallorca
2019-10-26,Leganes,Away,0,True,True,la-liga,2019,Mallorca
2019-10-31,Osasuna,Home,2,True,True,la-liga,2019,Mallorca
2019-11-03,Valladolid,Away,0,True,True,la-liga,2019,Mallorca
2019-11-10,Villarreal,Home,3,True,True,la-liga,2019,Mallorca
2019-11-22,Levante,Away,1,True,True,la-liga,2019,Mallorca
2019-11-30,Betis,Home,1,True,True,la-liga,2019,Mallorca
2019-12-07,Barcelona,Away,2,True,True,la-liga,2019,Mallorca
2019-12-15,Celta,Away,2,True,True,la-liga,2019,Mallorca
2019-12-21,Sevilla,Home,0,True,True,la-liga,2019,Mallorca
2020-01-05,Granada,Away,0,True,True,la-liga,2019,Mallorca
2020-01-19,Valencia,Home,4,True,True,la-liga,2019,Mallorca
2020-01-26,Sociedad,Away,0,True,True,la-liga,2019,Mallorca
2020-02-01,Valladolid,Home,0,True,True,la-liga,2019,Mallorca
2020-02-09,Espanol,Away,0,True,True,la-liga,2019,Mallorca
2020-02-15,Alaves,Home,1,True,True,la-liga,2019,Mallorca
2020-02-21,Betis,Away,3,True,True,la-liga,2019,Mallorca
2020-03-01,Getafe,Home,0,True,True,la-liga,2019,Mallorca
2020-03-07,Eibar,Away,2,True,True,la-liga,2019,Mallorca
2020-06-13,Barcelona,Home,0,True,True,la-liga,2019,Mallorca
2020-06-16,Villarreal,Away,0,True,True,la-liga,2019,Mallorca
2020-06-19,Leganes,Home,1,True,True,la-liga,2019,Mallorca
2020-06-24,Real Madrid,Away,0,True,True,la-liga,2019,Mallorca
2020-06-27,Ath Bilbao,Away,1,True,True,la-liga,2019,Mallorca
2020-06-30,Celta,Home,5,True,True,la-liga,2019,Mallorca
2020-07-03,Ath Madrid,Away,0,True,True,la-liga,2019,Mallorca
2020-07-09,Levante,Home,2,True,True,la-liga,2019,Mallorca
2020-07-12,Sevilla,Away,0,True,True,la-liga,2019,Mallorca
2020-07-16,Granada,Home,1,True,True,la-liga,2019,Mallorca
2020-07-19,Osasuna,Away,2,True,True,la-liga,2019,Mallorca
2019-08-17,Leganes,Away,1,True,True,la-liga,2019,Osasuna
2019-08-24,Eibar,Home,0,True,True,la-liga,2019,Osasuna
2019-08-31,Barcelona,Home,2,True,True,la-liga,2019,Osasuna
2019-09-15,Valladolid,Away,1,True,True,la-liga,2019,Osasuna
2019-09-20,Betis,Home,0,True,True,la-liga,2019,Osasuna
2019-09-25,Real Madrid,Away,0,True,True,la-liga,2019,Osasuna
2019-09-29,Levante,Away,1,True,True,la-liga,2019,Osasuna
2019-10-05,Villarreal,Home,2,True,True,la-liga,2019,Osasuna
2019-10-18,Granada,Away,0,True,True,la-liga,2019,Osasuna
2019-10-27,Valencia,Home,3,True,True,la-liga,2019,Osasuna
2019-10-31,Mallorca,Away,2,True,True,la-liga,2019,Osasuna
2019-11-03,Alaves,Home,4,True,True,la-liga,2019,Osasuna
2019-11-10,Getafe,Away,0,True,True,la-liga,2019,Osasuna
2019-11-24,Ath Bilbao,Home,1,True,True,la-liga,2019,Osasuna
2019-12-01,Espanol,Away,4,True,True,la-liga,2019,Osasuna
2019-12-08,Sevilla,Home,1,True,True,la-liga,2019,Osasuna
2019-12-14,Ath Madrid,Away,0,True,True,la-liga,2019,Osasuna
2019-12-22,Sociedad,Home,3,True,True,la-liga,2019,Osasuna
2020-01-05,Celta,Away,1,True,True,la-liga,2019,Osasuna
2020-01-18,Valladolid,Home,0,True,True,la-liga,2019,Osasuna
2020-01-24,Levante,Home,2,True,True,la-liga,2019,Osasuna
2020-02-02,Villarreal,Away,1,True,True,la-liga,2019,Osasuna
2020-02-09,Real Madrid,Home,1,True,True,la-liga,2019,Osasuna
2020-02-16,Ath Bilbao,Away,1,True,True,la-liga,2019,Osasuna
2020-02-23,Granada,Home,0,True,True,la-liga,2019,Osasuna
2020-03-01,Sevilla,Away,2,True,True,la-liga,2019,Osasuna
2020-03-08,Espanol,Home,1,True,True,la-liga,2019,Osasuna
2020-06-14,Sociedad,Away,1,True,True,la-liga,2019,Osasuna
2020-06-17,Ath Madrid,Home,0,True,True,la-liga,2019,Osasuna
2020-06-21,Valencia,Away,0,True,True,la-liga,2019,Osasuna
2020-06-24,Alaves,Away,1,True,True,la-liga,2019,Osasuna
2020-06-27,Leganes,Home,2,True,True,la-liga,2019,Osasuna
2020-07-02,Eibar,Away,2,True,True,la-liga,2019,Osasuna
2020-07-05,Getafe,Home,0,True,True,la-liga,2019,Osasuna
2020-07-08,Betis,Away,0,True,True,la-liga,2019,Osasuna
2020-07-11,Celta,Home,2,True,True,la-liga,2019,Osasuna
2020-07-16,Barcelona,Away,2,True,True,la-liga,2019,Osasuna
2020-07-19,Mallorca,Home,2,True,True,la-liga,2019,Osasuna
2019-08-17,Celta,Away,3,True,True,la-liga,2019,Real Madrid
2019-08-24,Valladolid,Home,1,True,True,la-liga,2019,Real Madrid
2019-09-01,Villarreal,Away,2,True,True,la-liga,2019,Real Madrid
2019-09-14,Levante,Home,3,True,True,la-liga,2019,Real Madrid
2019-09-22,Sevilla,Away,1,True,True,la-liga,2019,Real Madrid
2019-09-25,Osasuna,Home,2,True,True,la-liga,2019,Real Madrid
2019-09-28,Ath Madrid,Away,0,True,True,la-liga,2019,Real Madrid
2019-10-05,Granada,Home,4,True,True,la-liga,2019,Real Madrid
2019-10-19,Mallorca,Away,0,True,True,la-liga,2019,Real Madrid
2019-10-30,Leganes,Home,5,True,True,la-liga,2019,Real Madrid
2019-11-02,Betis,Home,0,True,True,la-liga,2019,Real Madrid
2019-11-09,Eibar,Away,4,True,True,la-liga,2019,Real Madrid
2019-11-23,Sociedad,Home,3,True,True,la-liga,2019,Real Madrid
2019-11-30,Alaves,Away,2,True,True,la-liga,2019,Real Madrid
2019-12-07,Espanol,Home,2,True,True,la-liga,2019,Real Madrid
2019-12-15,Valencia,Away,1,True,True,la-liga,2019,Real Madrid
2019-12-18,Barcelona,Away,0,True,True,la-liga,2019,Real Madrid
2019-12-22,Ath Bilbao,Home,0,True,True,la-liga,2019,Real Madrid
2020-01-04,Getafe,Away,3,True,True,la-liga,2019,Real Madrid
2020-01-18,Sevilla,Home,2,True,True,la-liga,2019,Real Madrid
2020-01-26,Valladolid,Away,1,True,True,la-liga,2019,Real Madrid
2020-02-01,Ath Madrid,Home,1,True,True,la-liga,2019,Real Madrid
2020-02-09,Osasuna,Away,4,True,True,la-liga,2019,Real Madrid
2020-02-16,Celta,Home,2,True,True,la-liga,2019,Real Madrid
2020-02-22,Levante,Away,0,True,True,la-liga,2019,Real Madrid
2020-03-01,Barcelona,Home,2,True,True,la-liga,2019,Real Madrid
2020-03-08,Betis,Away,1,True,True,la-liga,2019,Real Madrid
2020-06-14,Eibar,Home,3,True,True,la-liga,2019,Real Madrid
2020-06-18,Valencia,Home,3,True,True,la-liga,2019,Real Madrid
2020-06-21,Sociedad,Away,2,True,True,la-liga,2019,Real Madrid
2020-06-24,Mallorca,Home,2,True,True,la-liga,2019,Real Madrid
2020-06-28,Espanol,Away,1,True,True,la-liga,2019,Real Madrid
2020-07-02,Getafe,Home,1,True,True,la-liga,2019,Real Madrid
2020-07-05,Ath Bilbao,Away,1,True,True,la-liga,2019,Real Madrid
2020-07-10,Alaves,Home,2,True,True,la-liga,2019,Real Madrid
2020-07-13,Granada,Away,2,True,True,la-liga,2019,Real Madrid
2020-07-16,Villarreal,Home,2,True,True,la-liga,2019,Real Madrid
2020-07-19,Leganes,Away,2,True,True,la-liga,2019,Real Madrid
2019-08-18,Espanol,Away,2,True,True,la-liga,2019,Sevilla
2019-08-23,Granada,Away,1,True,True,la-liga,2019,Sevilla
2019-08-30,Celta,Home,1,True,True,la-liga,2019,Sevilla
2019-09-15,Alaves,Away,1,True,True,la-liga,2019,Sevilla
2019-09-22,Real Madrid,Home,0,True,True,la-liga,2019,Sevilla
2019-09-26,Eibar,Away,2,True,True,la-liga,2019,Sevilla
2019-09-29,Sociedad,Home,3,True,True,la-liga,2019,Sevilla
2019-10-06,Barcelona,Away,0,True,True,la-liga,2019,Sevilla
2019-10-20,Levante,Home,1,True,True,la-liga,2019,Sevilla
2019-10-27,Getafe,Home,2,True,True,la-liga,2019,Sevilla
2019-10-30,Valencia,Away,1,True,True,la-liga,2019,Sevilla
2019-11-02,Ath Madrid,Home,1,True,True,la-liga,2019,Sevilla
2019-11-10,Betis,Away,2,True,True,la-liga,2019,Sevilla
2019-11-24,Valladolid,Away,1,True,True,la-liga,2019,Sevilla
2019-12-01,Leganes,Home,1,True,True,la-liga,2019,Sevilla
2019-12-08,Osasuna,Away,1,True,True,la-liga,2019,Sevilla
2019-12-15,Villarreal,Home,1,True,True,la-liga,2019,Sevilla
2019-12-21,Mallorca,Away,2,True,True,la-liga,2019,Sevilla
2020-01-03,Ath Bilbao,Home,1,True,True,la-liga,2019,Sevilla
2020-01-18,Real Madrid,Away,1,True,True,la-liga,2019,Sevilla
2020-01-25,Granada,Home,2,True,True,la-liga,2019,Sevilla
2020-02-02,Alaves,Home,1,True,True,la-liga,2019,Sevilla
2020-02-09,Celta,Away,1,True,True,la-liga,2019,Sevilla
2020-02-16,Espanol,Home,2,True,True,la-liga,2019,Sevilla
2020-02-23,Getafe,Away,3,True,True,la-liga,2019,Sevilla
2020-03-01,Osasuna,Home,3,True,True,la-liga,2019,Sevilla
2020-03-07,Ath Madrid,Away,2,True,True,la-liga,2019,Sevilla
2020-06-11,Betis,Home,2,True,True,la-liga,2019,Sevilla
2020-06-15,Levante,Away,1,True,True,la-liga,2019,Sevilla
2020-06-19,Barcelona,Home,0,True,True,la-liga,2019,Sevilla
2020-06-22,Villarreal,Away,2,True,True,la-liga,2019,Sevilla
2020-06-26,Valladolid,Home,1,True,True,la-liga,2019,Sevilla
2020-06-30,Leganes,Away,3,True,True,la-liga,2019,Sevilla
2020-07-06,Eibar,Home,1,True,True,la-liga,2019,Sevilla
2020-07-09,Ath Bilbao,Away,2,True,True,la-liga,2019,Sevilla
2020-07-12,Mallorca,Home,2,True,True,la-liga,2019,Sevilla
2020-07-16,Sociedad,Away,0,True,True,la-liga,2019,Sevilla
2020-07-19,Valencia,Home,1,True,True,la-liga,2019,Sevilla
2019-08-17,Valencia,Away,1,True,True,la-liga,2019,Sociedad
2019-08-25,Mallorca,Away,1,True,True,la-liga,2019,Sociedad
2019-08-30,Ath Bilbao,Away,0,True,True,la-liga,2019,Sociedad
2019-09-14,Ath Madrid,Home,2,True,True,la-liga,2019,Sociedad
2019-09-22,Espanol,Away,3,True,True,la-liga,2019,Sociedad
2019-09-26,Alaves,Home,3,True,True,la-liga,2019,Sociedad
2019-09-29,Sevilla,Away,2,True,True,la-liga,2019,Sociedad
2019-10-06,Getafe,Home,1,True,True,la-liga,2019,Sociedad
2019-10-20,Betis,Home,3,True,True,la-liga,2019,Sociedad
2019-10-27,Celta,Away,1,True,True,la-liga,2019,Sociedad
2019-10-30,Levante,Home,1,True,True,la-liga,2019,Sociedad
2019-11-03,Granada,Away,2,True,True,la-liga,2019,Sociedad
2019-11-08,Leganes,Home,1,True,True,la-liga,2019,Sociedad
2019-11-23,Real Madrid,Away,1,True,True,la-liga,2019,Sociedad
2019-11-30,Eibar,Home,4,True,True,la-liga,2019,Sociedad
2019-12-08,Valladolid,Away,0,True,True,la-liga,2019,Sociedad
2019-12-14,Barcelona,Home,2,True,True,la-liga,2019,Sociedad
2019-12-22,Osasuna,Away,4,True,True,la-liga,2019,Sociedad
2020-01-05,Villarreal,Home,1,True,True,la-liga,2019,Sociedad
2020-01-19,Betis,Away,0,True,True,la-liga,2019,Sociedad
2020-01-26,Mallorca,Home,3,True,True,la-liga,2019,Sociedad
2020-02-02,Leganes,Away,1,True,True,la-liga,2019,Sociedad
2020-02-09,Ath Bilbao,Home,2,True,True,la-liga,2019,Sociedad
2020-02-22,Valencia,Home,3,True,True,la-liga,2019,Sociedad
2020-02-28,Valladolid,Home,1,True,True,la-liga,2019,Sociedad
2020-03-07,Barcelona,Away,0,True,True,la-liga,2019,Sociedad
2020-03-10,Eibar,Away,2,True,True,la-liga,2019,Sociedad
2020-06-14,Osasuna,Home,1,True,True,la-liga,2019,Sociedad
2020-06-18,Alaves,Away,0,True,True,la-liga,2019,Sociedad
2020-06-21,Real Madrid,Home,1,True,True,la-liga,2019,Sociedad
2020-06-24,Celta,Home,0,True,True,la-liga,2019,Sociedad
2020-06-29,Getafe,Away,1,True,True,la-liga,2019,Sociedad
2020-07-02,Espanol,Home,2,True,True,la-liga,2019,Sociedad
2020-07-06,Levante,Away,1,True,True,la-liga,2019,Sociedad
2020-07-10,Granada,Home,2,True,True,la-liga,2019,Sociedad
2020-07-13,Villarreal,Away,2,True,True,la-liga,2019,Sociedad
2020-07-16,Sevilla,Home,0,True,True,la-liga,2019,Sociedad
2020-07-19,Ath Madrid,Away,1,True,True,la-liga,2019,Sociedad
2019-08-17,Sociedad,Home,1,True,True,la-liga,2019,Valencia
2019-08-24,Celta,Away,0,True,True,la-liga,2019,Valencia
2019-09-01,Mallorca,Home,2,True,True,la-liga,2019,Valencia
2019-09-14,Barcelona,Away,2,True,True,la-liga,2019,Valencia
2019-09-22,Leganes,Home,1,True,True,la-liga,2019,Valencia
2019-09-25,Getafe,Home,3,True,True,la-liga,2019,Valencia
2019-09-28,Ath Bilbao,Away,1,True,True,la-liga,2019,Valencia
2019-10-05,Alaves,Home,2,True,True,la-liga,2019,Valencia
2019-10-19,Ath Madrid,Away,1,True,True,la-liga,2019,Valencia
2019-10-27,Osasuna,Away,1,True,True,la-liga,2019,Valencia
2019-10-30,Sevilla,Home,1,True,True,la-liga,2019,Valencia
2019-11-02,Espanol,Away,2,True,True,la-liga,2019,Valencia
2019-11-09,Granada,Home,2,True,True,la-liga,2019,Valencia
2019-11-23,Betis,Away,1,True,True,la-liga,2019,Valencia
2019-11-30,Villarreal,Home,2,True,True,la-liga,2019,Valencia
2019-12-07,Levante,Away,4,True,True,la-liga,2019,Valencia
2019-12-15,Real Madrid,Home,1,True,True,la-liga,2019,Valencia
2019-12-21,Valladolid,Away,1,True,True,la-liga,2019,Valencia
2020-01-04,Eibar,Home,1,True,True,la-liga,2019,Valencia
2020-01-19,Mallorca,Away,1,True,True,la-liga,2019,Valencia
2020-01-25,Barcelona,Home,2,True,True,la-liga,2019,Valencia
2020-02-01,Celta,Home,1,True,True,la-liga,2019,Valencia
2020-02-08,Getafe,Away,0,True,True,la-liga,2019,Valencia
2020-02-14,Ath Madrid,Home,2,True,True,la-liga,2019,Valencia
2020-02-22,Sociedad,Away,0,True,True,la-liga,2019,Valencia
2020-02-29,Betis,Home,2,True,True,la-liga,2019,Valencia
2020-03-06,Alaves,Away,1,True,True,la-liga,2019,Valencia
2020-06-12,Levante,Home,1,True,True,la-liga,2019,Valencia
2020-06-18,Real Madrid,Away,0,True,True,la-liga,2019,Valencia
2020-06-21,Osasuna,Home,2,True,True,la-liga,2019,Valencia
2020-06-25,Eibar,Away,0,True,True,la-liga,2019,Valencia
2020-06-28,Villarreal,Away,0,True,True,la-liga,2019,Valencia
2020-07-01,Ath Bilbao,Home,0,True,True,la-liga,2019,Valencia
2020-07-04,Granada,Away,2,True,True,la-liga,2019,Valencia
2020-07-07,Valladolid,Home,2,True,True,la-liga,2019,Valencia
2020-07-12,Leganes,Away,0,True,True,la-liga,2019,Valencia
2020-07-16,Espanol,Home,1,True,True,la-liga,2019,Valencia
2020-07-19,Sevilla,Away,0,True,True,la-liga,2019,Valencia
2019-08-18,Betis,Away,2,True,True,la-liga,2019,Valladolid
2019-08-24,Real Madrid,Away,1,True,True,la-liga,2019,Valladolid
2019-08-31,Levante,Away,0,True,True,la-liga,2019,Valladolid
2019-09-15,Osasuna,Home,1,True,True,la-liga,2019,Valladolid
2019-09-21,Villarreal,Away,0,True,True,la-liga,2019,Valladolid
2019-09-24,Granada,Home,1,True,True,la-liga,2019,Valladolid
2019-09-29,Espanol,Away,2,True,True,la-liga,2019,Valladolid
2019-10-06,Ath Madrid,Home,0,True,True,la-liga,2019,Valladolid
2019-10-20,Ath Bilbao,Away,1,True,True,la-liga,2019,Valladolid
2019-10-26,Eibar,Home,2,True,True,la-liga,2019,Valladolid
2019-10-29,Barcelona,Away,1,True,True,la-liga,2019,Valladolid
2019-11-03,Mallorca,Home,3,True,True,la-liga,2019,Valladolid
2019-11-09,Alaves,Away,0,True,True,la-liga,2019,Valladolid
2019-11-24,Sevilla,Home,0,True,True,la-liga,2019,Valladolid
2019-11-29,Celta,Away,0,True,True,la-liga,2019,Valladolid
2019-12-08,Sociedad,Home,0,True,True,la-liga,2019,Valladolid
2019-12-15,Getafe,Away,0,True,True,la-liga,2019,Valladolid
2019-12-21,Valencia,Home,1,True,True,la-liga,2019,Valladolid
2020-01-03,Leganes,Home,2,True,True,la-liga,2019,Valladolid
2020-01-18,Osasuna,Away,0,True,True,la-liga,2019,Valladolid
2020-01-26,Real Madrid,Home,0,True,True,la-liga,2019,Valladolid
2020-02-01,Mallorca,Away,1,True,True,la-liga,2019,Valladolid
2020-02-08,Villarreal,Home,1,True,True,la-liga,2019,Valladolid
2020-02-15,Granada,Away,1,True,True,la-liga,2019,Valladolid
2020-02-23,Espanol,Home,2,True,True,la-liga,2019,Valladolid
2020-02-28,Sociedad,Away,0,True,True,la-liga,2019,Valladolid
2020-03-08,Ath Bilbao,Home,1,True,True,la-liga,2019,Valladolid
2020-06-13,Leganes,Away,2,True,True,la-liga,2019,Valladolid
2020-06-17,Celta,Home,0,True,True,la-liga,2019,Valladolid
2020-06-20,Ath Madrid,Away,0,True,True,la-liga,2019,Valladolid
2020-06-23,Getafe,Home,1,True,True,la-liga,2019,Valladolid
2020-06-26,Sevilla,Away,1,True,True,la-liga,2019,Valladolid
2020-07-01,Levante,Home,0,True,True,la-liga,2019,Valladolid
2020-07-04,Alaves,Home,1,True,True,la-liga,2019,Valladolid
2020-07-07,Valencia,Away,1,True,True,la-liga,2019,Valladolid
2020-07-11,Barcelona,Home,0,True,True,la-liga,2019,Valladolid
2020-07-16,Eibar,Away,1,True,True,la-liga,2019,Valladolid
2020-07-19,Betis,Home,2,True,True,la-liga,2019,Valladolid
2019-08-17,Granada,Home,4,True,True,la-liga,2019,Villarreal
2019-08-23,Levante,Away,1,True,True,la-liga,2019,Villarreal
2019-09-01,Real Madrid,Home,2,True,True,la-liga,2019,Villarreal
2019-09-14,Leganes,Away,3,True,True,la-liga,2019,Villarreal
2019-09-21,Valladolid,Home,2,True,True,la-liga,2019,Villarreal
2019-09-24,Barcelona,Away,1,True,True,la-liga,2019,Villarreal
2019-09-27,Betis,Home,5,True,True,la-liga,2019,Villarreal
2019-10-05,Osasuna,Away,1,True,True,la-liga,2019,Villarreal
2019-10-20,Espanol,Away,1,True,True,la-liga,2019,Villarreal
2019-10-25,Alaves,Home,4,True,True,la-liga,2019,Villarreal
2019-10-31,Eibar,Away,1,True,True,la-liga,2019,Villarreal
2019-11-03,Ath Bilbao,Home,0,True,True,la-liga,2019,Villarreal
2019-11-10,Mallorca,Away,1,True,True,la-liga,2019,Villarreal
2019-11-24,Celta,Home,1,True,True,la-liga,2019,Villarreal
2019-11-30,Valencia,Away,1,True,True,la-liga,2019,Villarreal
2019-12-06,Ath Madrid,Home,0,True,True,la-liga,2019,Villarreal
2019-12-15,Sevilla,Away,2,True,True,la-liga,2019,Villarreal
2019-12-21,Getafe,Home,1,True,True,la-liga,2019,Villarreal
2020-01-05,Sociedad,Away,2,True,True,la-liga,2019,Villarreal
2020-01-19,Espanol,Home,1,True,True,la-liga,2019,Villarreal
2020-01-25,Alaves,Away,2,True,True,la-liga,2019,Villarreal
2020-02-02,Osasuna,Home,3,True,True,la-liga,2019,Villarreal
2020-02-08,Valladolid,Away,1,True,True,la-liga,2019,Villarreal
2020-02-15,Levante,Home,2,True,True,la-liga,2019,Villarreal
2020-02-23,Ath Madrid,Away,1,True,True,la-liga,2019,Villarreal
2020-03-01,Ath Bilbao,Away,0,True,True,la-liga,2019,Villarreal
2020-03-08,Leganes,Home,1,True,True,la-liga,2019,Villarreal
2020-06-13,Celta,Away,1,True,True,la-liga,2019,Villarreal
2020-06-16,Mallorca,Home,1,True,True,la-liga,2019,Villarreal
2020-06-19,Granada,Away,1,True,True,la-liga,2019,Villarreal
2020-06-22,Sevilla,Home,2,True,True,la-liga,2019,Villarreal
2020-06-28,Valencia,Home,2,True,True,la-liga,2019,Villarreal
2020-07-01,Betis,Away,2,True,True,la-liga,2019,Villarreal
2020-07-05,Barcelona,Home,1,True,True,la-liga,2019,Villarreal
2020-07-08,Getafe,Away,3,True,True,la-liga,2019,Villarreal
2020-07-13,Sociedad,Home,1,True,True,la-liga,2019,Villarreal
2020-07-16,Real Madrid,Away,1,True,True,la-liga,2019,Villarreal
2020-07-19,Eibar,Home,4,True,True,la-liga,2019,Villarreal
2020-09-13,Betis,Home,0,True,True,la-liga,2020,Alaves
2020-09-20,Granada,Away,1,True,True,la-liga,2020,Alaves
2020-09-26,Getafe,Home,0,True,True,la-liga,2020,Alaves
2020-09-30,Villarreal,Away,1,True,True,la-liga,2020,Alaves
2020-10-04,Ath Bilbao,Home,1,True,True,la-liga,2020,Alaves
2020-10-18,Elche,Home,0,True,True,la-liga,2020,Alaves
2020-10-25,Valladolid,Away,2,True,True,la-liga,2020,Alaves
2020-10-31,Barcelona,Home,1,True,True,la-liga,2020,Alaves
2020-11-08,Levante,Away,1,True,True,la-liga,2020,Alaves
2020-11-22,Valencia,Home,2,True,True,la-liga,2020,Alaves
2020-11-28,Real Madrid,Away,2,True,True,la-liga,2020,Alaves
2020-12-06,Sociedad,Home,0,True,True,la-liga,2020,Alaves
2020-12-12,Huesca,Away,0,True,True,la-liga,2020,Alaves
2020-12-20,Celta,Away,0,True,True,la-liga,2020,Alaves
2020-12-23,Eibar,Home,2,True,True,la-liga,2020,Alaves
2020-12-31,Osasuna,Away,1,True,True,la-liga,2020,Alaves
2021-01-03,Ath Madrid,Home,1,True,True,la-liga,2020,Alaves
2021-01-10,Cadiz,Away,1,True,True,la-liga,2020,Alaves
2021-01-19,Sevilla,Home,1,True,True,la-liga,2020,Alaves
2021-01-23,Real Madrid,Home,1,True,True,la-liga,2020,Alaves
2021-01-31,Getafe,Away,0,True,True,la-liga,2020,Alaves
2021-02-05,Valladolid,Home,1,True,True,la-liga,2020,Alaves
2021-02-13,Barcelona,Away,1,True,True,la-liga,2020,Alaves
2021-02-21,Sociedad,Away,0,True,True,la-liga,2020,Alaves
2021-02-27,Osasuna,Home,0,True,True,la-liga,2020,Alaves
2021-03-08,Betis,Away,2,True,True,la-liga,2020,Alaves
2021-03-13,Cadiz,Home,1,True,True,la-liga,2020,Alaves
2021-03-21,Ath Madrid,Away,0,True,True,la-liga,2020,Alaves
2021-04-04,Celta,Home,1,True,True,la-liga,2020,Alaves
2021-04-10,Ath Bilbao,Away,0,True,True,la-liga,2020,Alaves
2021-04-18,Huesca,Home,1,True,True,la-liga,2020,Alaves
2021-04-21,Villarreal,Home,2,True,True,la-liga,2020,Alaves
2021-04-24,Valencia,Away,1,True,True,la-liga,2020,Alaves
2021-05-01,Eibar,Away,0,True,True,la-liga,2020,Alaves
2021-05-08,Levante,Home,2,True,True,la-liga,2020,Alaves
2021-05-11,Elche,Away,2,True,True,la-liga,2020,Alaves
2021-05-16,Granada,Home,4,True,True,la-liga,2020,Alaves
2021-05-23,Sevilla,Away,0,True,True,la-liga,2020,Alaves
2020-09-12,Granada,Away,0,True,True,la-liga,2020,Ath Bilbao
2020-09-27,Eibar,Away,2,True,True,la-liga,2020,Ath Bilbao
2020-10-01,Cadiz,Home,0,True,True,la-liga,2020,Ath Bilbao
2020-10-04,Alaves,Away,0,True,True,la-liga,2020,Ath Bilbao
2020-10-18,Levante,Home,2,True,True,la-liga,2020,Ath Bilbao
2020-10-24,Osasuna,Away,0,True,True,la-liga,2020,Ath Bilbao
2020-10-31,Sevilla,Home,2,True,True,la-liga,2020,Ath Bilbao
2020-11-08,Valladolid,Away,1,True,True,la-liga,2020,Ath Bilbao
2020-11-23,Betis,Home,4,True,True,la-liga,2020,Ath Bilbao
2020-11-29,Getafe,Away,1,True,True,la-liga,2020,Ath Bilbao
2020-12-04,Celta,Home,0,True,True,la-liga,2020,Ath Bilbao
2020-12-12,Valencia,Away,2,True,True,la-liga,2020,Ath Bilbao
2020-12-15,Real Madrid,Away,1,True,True,la-liga,2020,Ath Bilbao
2020-12-18,Huesca,Home,2,True,True,la-liga,2020,Ath Bilbao
2020-12-22,Villarreal,Away,1,True,True,la-liga,2020,Ath Bilbao
2020-12-31,Sociedad,Home,0,True,True,la-liga,2020,Ath Bilbao
2021-01-03,Elche,Home,1,True,True,la-liga,2020,Ath Bilbao
2021-01-06,Barcelona,Home,2,True,True,la-liga,2020,Ath Bilbao
2021-01-25,Getafe,Home,5,True,True,la-liga,2020,Ath Bilbao
2021-01-31,Barcelona,Away,1,True,True,la-liga,2020,Ath Bilbao
2021-02-07,Valencia,Home,1,True,True,la-liga,2020,Ath Bilbao
2021-02-15,Cadiz,Away,4,True,True,la-liga,2020,Ath Bilbao
2021-02-21,Villarreal,Home,1,True,True,la-liga,2020,Ath Bilbao
2021-02-26,Levante,Away,1,True,True,la-liga,2020,Ath Bilbao
2021-03-07,Granada,Home,2,True,True,la-liga,2020,Ath Bilbao
2021-03-10,Ath Madrid,Away,1,True,True,la-liga,2020,Ath Bilbao
2021-03-14,Celta,Away,0,True,True,la-liga,2020,Ath Bilbao
2021-03-20,Eibar,Home,1,True,True,la-liga,2020,Ath Bilbao
2021-04-07,Sociedad,Away,1,True,True,la-liga,2020,Ath Bilbao
2021-04-10,Alaves,Home,0,True,True,la-liga,2020,Ath Bilbao
2021-04-21,Betis,Away,0,True,True,la-liga,2020,Ath Bilbao
2021-04-25,Ath Madrid,Home,2,True,True,la-liga,2020,Ath Bilbao
2021-04-28,Valladolid,Home,2,True,True,la-liga,2020,Ath Bilbao
2021-05-03,Sevilla,Away,1,True,True,la-liga,2020,Ath Bilbao
2021-05-08,Osasuna,Home,2,True,True,la-liga,2020,Ath Bilbao
2021-05-12,Huesca,Away,0,True,True,la-liga,2020,Ath Bilbao
2021-05-16,Real Madrid,Home,0,True,True,la-liga,2020,Ath Bilbao
2021-05-22,Elche,Away,0,True,True,la-liga,2020,Ath Bilbao
2020-09-27,Granada,Home,6,True,True,la-liga,2020,Ath Madrid
2020-09-30,Huesca,Away,0,True,True,la-liga,2020,Ath Madrid
2020-10-03,Villarreal,Home,0,True,True,la-liga,2020,Ath Madrid
2020-10-17,Celta,Away,2,True,True,la-liga,2020,Ath Madrid
2020-10-24,Betis,Home,2,True,True,la-liga,2020,Ath Madrid
2020-10-31,Osasuna,Away,3,True,True,la-liga,2020,Ath Madrid
2020-11-07,Cadiz,Home,4,True,True,la-liga,2020,Ath Madrid
2020-11-21,Barcelona,Home,1,True,True,la-liga,2020,Ath Madrid
2020-11-28,Valencia,Away,1,True,True,la-liga,2020,Ath Madrid
2020-12-05,Valladolid,Home,2,True,True,la-liga,2020,Ath Madrid
2020-12-12,Real Madrid,Away,0,True,True,la-liga,2020,Ath Madrid
2020-12-19,Elche,Home,3,True,True,la-liga,2020,Ath Madrid
2020-12-22,Sociedad,Away,2,True,True,la-liga,2020,Ath Madrid
2020-12-30,Getafe,Home,1,True,True,la-liga,2020,Ath Madrid
2021-01-03,Alaves,Away,2,True,True,la-liga,2020,Ath Madrid
2021-01-12,Sevilla,Home,2,True,True,la-liga,2020,Ath Madrid
2021-01-21,Eibar,Away,2,True,True,la-liga,2020,Ath Madrid
2021-01-24,Valencia,Home,3,True,True,la-liga,2020,Ath Madrid
2021-01-31,Cadiz,Away,4,True,True,la-liga,2020,Ath Madrid
2021-02-08,Celta,Home,2,True,True,la-liga,2020,Ath Madrid
2021-02-13,Granada,Away,2,True,True,la-liga,2020,Ath Madrid
2021-02-17,Levante,Away,1,True,True,la-liga,2020,Ath Madrid
2021-02-20,Levante,Home,0,True,True,la-liga,2020,Ath Madrid
2021-02-28,Villarreal,Away,2,True,True,la-liga,2020,Ath Madrid
2021-03-07,Real Madrid,Home,1,True,True,la-liga,2020,Ath Madrid
2021-03-10,Ath Bilbao,Home,2,True,True,la-liga,2020,Ath Madrid
2021-03-13,Getafe,Away,0,True,True,la-liga,2020,Ath Madrid
2021-03-21,Alaves,Home,1,True,True,la-liga,2020,Ath Madrid
2021-04-04,Sevilla,Away,0,True,True,la-liga,2020,Ath Madrid
2021-04-11,Betis,Away,1,True,True,la-liga,2020,Ath Madrid
2021-04-18,Eibar,Home,5,True,True,la-liga,2020,Ath Madrid
2021-04-22,Huesca,Home,2,True,True,la-liga,2020,Ath Madrid
2021-04-25,Ath Bilbao,Away,1,True,True,la-liga,2020,Ath Madrid
2021-05-01,Elche,Away,1,True,True,la-liga,2020,Ath Madrid
2021-05-08,Barcelona,Away,0,True,True,la-liga,2020,Ath Madrid
2021-05-12,Sociedad,Home,2,True,True,la-liga,2020,Ath Madrid
2021-05-16,Osasuna,Home,2,True,True,la-liga,2020,Ath Madrid
2021-05-22,Valladolid,Away,2,True,True,la-liga,2020,Ath Madrid
2020-09-27,Villarreal,Home,4,True,True,la-liga,2020,Barcelona
2020-10-01,Celta,Away,3,True,True,la-liga,2020,Barcelona
2020-10-04,Sevilla,Home,1,True,True,la-liga,2020,Barcelona
2020-10-17,Getafe,Away,0,True,True,la-liga,2020,Barcelona
2020-10-24,Real Madrid,Home,1,True,True,la-liga,2020,Barcelona
2020-10-31,Alaves,Away,1,True,True,la-liga,2020,Barcelona
2020-11-07,Betis,Home,5,True,True,la-liga,2020,Barcelona
2020-11-21,Ath Madrid,Away,0,True,True,la-liga,2020,Barcelona
2020-11-29,Osasuna,Home,4,True,True,la-liga,2020,Barcelona
2020-12-05,Cadiz,Away,1,True,True,la-liga,2020,Barcelona
2020-12-13,Levante,Home,1,True,True,la-liga,2020,Barcelona
2020-12-16,Sociedad,Home,2,True,True,la-liga,2020,Barcelona
2020-12-19,Valencia,Home,2,True,True,la-liga,2020,Barcelona
2020-12-22,Valladolid,Away,3,True,True,la-liga,2020,Barcelona
2020-12-29,Eibar,Home,1,True,True,la-liga,2020,Barcelona
2021-01-03,Huesca,Away,1,True,True,la-liga,2020,Barcelona
2021-01-06,Ath Bilbao,Away,3,True,True,la-liga,2020,Barcelona
2021-01-09,Granada,Away,4,True,True,la-liga,2020,Barcelona
2021-01-24,Elche,Away,2,True,True,la-liga,2020,Barcelona
2021-01-31,Ath Bilbao,Home,2,True,True,la-liga,2020,Barcelona
2021-02-07,Betis,Away,3,True,True,la-liga,2020,Barcelona
2021-02-13,Alaves,Home,5,True,True,la-liga,2020,Barcelona
2021-02-21,Cadiz,Home,1,True,True,la-liga,2020,Barcelona
2021-02-24,Elche,Home,3,True,True,la-liga,2020,Barcelona
2021-02-27,Sevilla,Away,2,True,True,la-liga,2020,Barcelona
2021-03-06,Osasuna,Away,2,True,True,la-liga,2020,Barcelona
2021-03-15,Huesca,Home,4,True,True,la-liga,2020,Barcelona
2021-03-21,Sociedad,Away,6,True,True,la-liga,2020,Barcelona
2021-04-05,Valladolid,Home,1,True,True,la-liga,2020,Barcelona
2021-04-10,Real Madrid,Away,1,True,True,la-liga,2020,Barcelona
2021-04-22,Getafe,Home,5,True,True,la-liga,2020,Barcelona
2021-04-25,Villarreal,Away,2,True,True,la-liga,2020,Barcelona
2021-04-29,Granada,Home,1,True,True,la-liga,2020,Barcelona
2021-05-02,Valencia,Away,3,True,True,la-liga,2020,Barcelona
2021-05-08,Ath Madrid,Home,0,True,True,la-liga,2020,Barcelona
2021-05-11,Levante,Away,3,True,True,la-liga,2020,Barcelona
2021-05-16,Celta,Home,1,True,True,la-liga,2020,Barcelona
2021-05-22,Eibar,Away,1,True,True,la-liga,2020,Barcelona
2020-09-13,Alaves,Away,1,True,True,la-liga,2020,Betis
2020-09-20,Valladolid,Home,2,True,True,la-liga,2020,Betis
2020-09-26,Real Madrid,Home,2,True,True,la-liga,2020,Betis
2020-09-29,Getafe,Away,0,True,True,la-liga,2020,Betis
2020-10-03,Valencia,Away,2,True,True,la-liga,2020,Betis
2020-10-18,Sociedad,Home,0,True,True,la-liga,2020,Betis
2020-10-24,Ath Madrid,Away,0,True,True,la-liga,2020,Betis
2020-11-01,Elche,Home,3,True,True,la-liga,2020,Betis
2020-11-07,Barcelona,Away,2,True,True,la-liga,2020,Betis
2020-11-23,Ath Bilbao,Away,0,True,True,la-liga,2020,Betis
2020-11-30,Eibar,Home,0,True,True,la-liga,2020,Betis
2020-12-06,Osasuna,Away,2,True,True,la-liga,2020,Betis
2020-12-13,Villarreal,Home,1,True,True,la-liga,2020,Betis
2020-12-20,Granada,Away,0,True,True,la-liga,2020,Betis
2020-12-23,Cadiz,Home,1,True,True,la-liga,2020,Betis
2020-12-29,Levante,Away,3,True,True,la-liga,2020,Betis
2021-01-02,Sevilla,Home,1,True,True,la-liga,2020,Betis
2021-01-11,Huesca,Away,2,True,True,la-liga,2020,Betis
2021-01-20,Celta,Home,2,True,True,la-liga,2020,Betis
2021-01-23,Sociedad,Away,2,True,True,la-liga,2020,Betis
2021-02-01,Osasuna,Home,1,True,True,la-liga,2020,Betis
2021-02-07,Barcelona,Home,2,True,True,la-liga,2020,Betis
2021-02-14,Villarreal,Away,2,True,True,la-liga,2020,Betis
2021-02-19,Getafe,Home,1,True,True,la-liga,2020,Betis
2021-02-28,Cadiz,Away,1,True,True,la-liga,2020,Betis
2021-03-08,Alaves,Home,3,True,True,la-liga,2020,Betis
2021-03-14,Sevilla,Away,0,True,True,la-liga,2020,Betis
2021-03-19,Levante,Home,2,True,True,la-liga,2020,Betis
2021-04-04,Elche,Away,1,True,True,la-liga,2020,Betis
2021-04-11,Ath Madrid,Home,1,True,True,la-liga,2020,Betis
2021-04-18,Valencia,Home,2,True,True,la-liga,2020,Betis
2021-04-21,Ath Bilbao,Home,0,True,True,la-liga,2020,Betis
2021-04-24,Real Madrid,Away,0,True,True,la-liga,2020,Betis
2021-05-02,Valladolid,Away,1,True,True,la-liga,2020,Betis
2021-05-10,Granada,Home,2,True,True,la-liga,2020,Betis
2021-05-13,Eibar,Away,1,True,True,la-liga,2020,Betis
2021-05-16,Huesca,Home,1,True,True,la-liga,2020,Betis
2021-05-22,Celta,Away,3,True,True,la-liga,2020,Betis
2020-09-12,Osasuna,Home,0,True,True,la-liga,2020,Cadiz
2020-09-20,Huesca,Away,2,True,True,la-liga,2020,Cadiz
2020-09-27,Sevilla,Home,1,True,True,la-liga,2020,Cadiz
2020-10-01,Ath Bilbao,Away,1,True,True,la-liga,2020,Cadiz
2020-10-04,Granada,Home,1,True,True,la-liga,2020,Cadiz
2020-10-17,Real Madrid,Away,1,True,True,la-liga,2020,Cadiz
2020-10-25,Villarreal,Home,0,True,True,la-liga,2020,Cadiz
2020-10-30,Eibar,Away,2,True,True,la-liga,2020,Cadiz
2020-11-07,Ath Madrid,Away,0,True,True,la-liga,2020,Cadiz
2020-11-22,Sociedad,Home,0,True,True,la-liga,2020,Cadiz
2020-11-28,Elche,Away,1,True,True,la-liga,2020,Cadiz
2020-12-05,Barcelona,Home,2,True,True,la-liga,2020,Cadiz
2020-12-14,Celta,Away,0,True,True,la-liga,2020,Cadiz
2020-12-20,Getafe,Home,0,True,True,la-liga,2020,Cadiz
2020-12-23,Betis,Away,0,True,True,la-liga,2020,Cadiz
2020-12-29,Valladolid,Home,0,True,True,la-liga,2020,Cadiz
2021-01-04,Valencia,Away,1,True,True,la-liga,2020,Cadiz
2021-01-10,Alaves,Home,3,True,True,la-liga,2020,Cadiz
2021-01-19,Levante,Home,2,True,True,la-liga,2020,Cadiz
2021-01-23,Sevilla,Away,0,True,True,la-liga,2020,Cadiz
2021-01-31,Ath Madrid,Home,2,True,True,la-liga,2020,Cadiz
2021-02-07,Sociedad,Away,1,True,True,la-liga,2020,Cadiz
2021-02-15,Ath Bilbao,Home,0,True,True,la-liga,2020,Cadiz
2021-02-21,Barcelona,Away,1,True,True,la-liga,2020,Cadiz
2021-02-28,Betis,Home,0,True,True,la-liga,2020,Cadiz
2021-03-06,Eibar,Home,1,True,True,la-liga,2020,Cadiz
2021-03-13,Alaves,Away,1,True,True,la-liga,2020,Cadiz
2021-03-21,Villarreal,Away,1,True,True,la-liga,2020,Cadiz
2021-04-04,Valencia,Home,2,True,True,la-liga,2020,Cadiz
2021-04-10,Getafe,Away,1,True,True,la-liga,2020,Cadiz
2021-04-18,Celta,Home,0,True,True,la-liga,2020,Cadiz
2021-04-21,Real Madrid,Home,0,True,True,la-liga,2020,Cadiz
2021-04-24,Valladolid,Away,1,True,True,la-liga,2020,Cadiz
2021-05-02,Granada,Away,1,True,True,la-liga,2020,Cadiz
2021-05-08,Huesca,Home,2,True,True,la-liga,2020,Cadiz
2021-05-11,Osasuna,Away,2,True,True,la-liga,2020,Cadiz
2021-05-16,Elche,Home,1,True,True,la-liga,2020,Cadiz
2021-05-21,Levante,Away,2,True,True,la-liga,2020,Cadiz
2020-09-12,Eibar,Away,0,True,True,la-liga,2020,Celta
2020-09-19,Valencia,Home,2,True,True,la-liga,2020,Celta
2020-09-27,Valladolid,Away,1,True,True,la-liga,2020,Celta
2020-10-01,Barcelona,Home,0,True,True,la-liga,2020,Celta
2020-10-04,Osasuna,Away,0,True,True,la-liga,2020,Celta
2020-10-17,Ath Madrid,Home,0,True,True,la-liga,2020,Celta
2020-10-26,Levante,Away,1,True,True,la-liga,2020,Celta
2020-11-01,Sociedad,Home,1,True,True,la-liga,2020,Celta
2020-11-06,Elche,Away,1,True,True,la-liga,2020,Celta
2020-11-21,Sevilla,Away,2,True,True,la-liga,2020,Celta
2020-11-29,Granada,Home,3,True,True,la-liga,2020,Celta
2020-12-04,Ath Bilbao,Away,2,True,True,la-liga,2020,Celta
2020-12-14,Cadiz,Home,4,True,True,la-liga,2020,Celta
2020-12-20,Alaves,Home,2,True,True,la-liga,2020,Celta
2020-12-23,Getafe,Away,1,True,True,la-liga,2020,Celta
2020-12-30,Huesca,Home,2,True,True,la-liga,2020,Celta
2021-01-02,Real Madrid,Away,0,True,True,la-liga,2020,Celta
2021-01-08,Villarreal,Home,0,True,True,la-liga,2020,Celta
2021-01-20,Betis,Away,1,True,True,la-liga,2020,Celta
2021-01-24,Eibar,Home,1,True,True,la-liga,2020,Celta
2021-01-31,Granada,Away,0,True,True,la-liga,2020,Celta
2021-02-08,Ath Madrid,Away,2,True,True,la-liga,2020,Celta
2021-02-12,Elche,Home,3,True,True,la-liga,2020,Celta
2021-02-20,Valencia,Away,0,True,True,la-liga,2020,Celta
2021-02-28,Valladolid,Home,1,True,True,la-liga,2020,Celta
2021-03-07,Huesca,Away,4,True,True,la-liga,2020,Celta
2021-03-14,Ath Bilbao,Home,0,True,True,la-liga,2020,Celta
2021-03-20,Real Madrid,Home,1,True,True,la-liga,2020,Celta
2021-04-04,Alaves,Away,3,True,True,la-liga,2020,Celta
2021-04-12,Sevilla,Home,3,True,True,la-liga,2020,Celta
2021-04-18,Cadiz,Away,0,True,True,la-liga,2020,Celta
2021-04-22,Sociedad,Away,1,True,True,la-liga,2020,Celta
2021-04-25,Osasuna,Home,2,True,True,la-liga,2020,Celta
2021-04-30,Levante,Home,2,True,True,la-liga,2020,Celta
2021-05-09,Villarreal,Away,4,True,True,la-liga,2020,Celta
2021-05-12,Getafe,Home,1,True,True,la-liga,2020,Celta
2021-05-16,Barcelona,Away,2,True,True,la-liga,2020,Celta
2021-05-22,Betis,Home,2,True,True,la-liga,2020,Celta
2020-09-12,Celta,Home,0,True,True,la-liga,2020,Eibar
2020-09-19,Villarreal,Away,1,True,True,la-liga,2020,Eibar
2020-09-27,Ath Bilbao,Home,1,True,True,la-liga,2020,Eibar
2020-09-30,Elche,Home,0,True,True,la-liga,2020,Eibar
2020-10-03,Valladolid,Away,2,True,True,la-liga,2020,Eibar
2020-10-18,Osasuna,Home,0,True,True,la-liga,2020,Eibar
2020-10-24,Sevilla,Away,1,True,True,la-liga,2020,Eibar
2020-10-30,Cadiz,Home,0,True,True,la-liga,2020,Eibar
2020-11-07,Huesca,Away,1,True,True,la-liga,2020,Eibar
2020-11-22,Getafe,Home,0,True,True,la-liga,2020,Eibar
2020-11-30,Betis,Away,2,True,True,la-liga,2020,Eibar
2020-12-07,Valencia,Home,0,True,True,la-liga,2020,Eibar
2020-12-13,Sociedad,Away,1,True,True,la-liga,2020,Eibar
2020-12-20,Real Madrid,Home,1,True,True,la-liga,2020,Eibar
2020-12-23,Alaves,Away,1,True,True,la-liga,2020,Eibar
2020-12-29,Barcelona,Away,1,True,True,la-liga,2020,Eibar
2021-01-03,Granada,Home,2,True,True,la-liga,2020,Eibar
2021-01-10,Levante,Away,1,True,True,la-liga,2020,Eibar
2021-01-21,Ath Madrid,Home,1,True,True,la-liga,2020,Eibar
2021-01-24,Celta,Away,1,True,True,la-liga,2020,Eibar
2021-01-30,Sevilla,Home,0,True,True,la-liga,2020,Eibar
2021-02-07,Osasuna,Away,1,True,True,la-liga,2020,Eibar
2021-02-13,Valladolid,Home,1,True,True,la-liga,2020,Eibar
2021-02-20,Elche,Away,0,True,True,la-liga,2020,Eibar
2021-02-27,Huesca,Home,1,True,True,la-liga,2020,Eibar
2021-03-06,Cadiz,Away,0,True,True,la-liga,2020,Eibar
2021-03-14,Villarreal,Home,1,True,True,la-liga,2020,Eibar
2021-03-20,Ath Bilbao,Away,1,True,True,la-liga,2020,Eibar
2021-04-03,Real Madrid,Away,0,True,True,la-liga,2020,Eibar
2021-04-10,Levante,Home,0,True,True,la-liga,2020,Eibar
2021-04-18,Ath Madrid,Away,0,True,True,la-liga,2020,Eibar
2021-04-22,Granada,Away,1,True,True,la-liga,2020,Eibar
2021-04-26,Sociedad,Home,0,True,True,la-liga,2020,Eibar
2021-05-01,Alaves,Home,3,True,True,la-liga,2020,Eibar
2021-05-09,Getafe,Away,1,True,True,la-liga,2020,Eibar
2021-05-13,Betis,Home,1,True,True,la-liga,2020,Eibar
2021-05-16,Valencia,Away,1,True,True,la-liga,2020,Eibar
2021-05-22,Barcelona,Home,0,True,True,la-liga,2020,Eibar
2020-09-26,Sociedad,Home,0,True,True,la-liga,2020,Elche
2020-09-30,Eibar,Away,1,True,True,la-liga,2020,Elche
2020-10-03,Huesca,Home,0,True,True,la-liga,2020,Elche
2020-10-18,Alaves,Away,2,True,True,la-liga,2020,Elche
2020-10-23,Valencia,Home,2,True,True,la-liga,2020,Elche
2020-11-01,Betis,Away,1,True,True,la-liga,2020,Elche
2020-11-06,Celta,Home,1,True,True,la-liga,2020,Elche
2020-11-21,Levante,Away,1,True,True,la-liga,2020,Elche
2020-11-28,Cadiz,Home,1,True,True,la-liga,2020,Elche
2020-12-06,Villarreal,Away,0,True,True,la-liga,2020,Elche
2020-12-13,Granada,Home,0,True,True,la-liga,2020,Elche
2020-12-19,Ath Madrid,Away,1,True,True,la-liga,2020,Elche
2020-12-22,Osasuna,Home,2,True,True,la-liga,2020,Elche
2020-12-30,Real Madrid,Home,1,True,True,la-liga,2020,Elche
2021-01-03,Ath Bilbao,Away,0,True,True,la-liga,2020,Elche
2021-01-11,Getafe,Home,1,True,True,la-liga,2020,Elche
2021-01-19,Valladolid,Away,2,True,True,la-liga,2020,Elche
2021-01-24,Barcelona,Home,0,True,True,la-liga,2020,Elche
2021-01-30,Valencia,Away,0,True,True,la-liga,2020,Elche
2021-02-06,Villarreal,Home,2,True,True,la-liga,2020,Elche
2021-02-12,Celta,Away,1,True,True,la-liga,2020,Elche
2021-02-20,Eibar,Home,1,True,True,la-liga,2020,Elche
2021-02-24,Barcelona,Away,0,True,True,la-liga,2020,Elche
2021-02-28,Granada,Away,1,True,True,la-liga,2020,Elche
2021-03-06,Sevilla,Home,2,True,True,la-liga,2020,Elche
2021-03-13,Real Madrid,Away,1,True,True,la-liga,2020,Elche
2021-03-17,Sevilla,Away,0,True,True,la-liga,2020,Elche
2021-03-21,Getafe,Away,1,True,True,la-liga,2020,Elche
2021-04-04,Betis,Home,1,True,True,la-liga,2020,Elche
2021-04-09,Huesca,Away,1,True,True,la-liga,2020,Elche
2021-04-18,Osasuna,Away,0,True,True,la-liga,2020,Elche
2021-04-21,Valladolid,Home,1,True,True,la-liga,2020,Elche
2021-04-24,Levante,Home,1,True,True,la-liga,2020,Elche
2021-05-01,Ath Madrid,Home,0,True,True,la-liga,2020,Elche
2021-05-07,Sociedad,Away,0,True,True,la-liga,2020,Elche
2021-05-11,Alaves,Home,0,True,True,la-liga,2020,Elche
2021-05-16,Cadiz,Away,3,True,True,la-liga,2020,Elche
2021-05-22,Ath Bilbao,Home,2,True,True,la-liga,2020,Elche
2020-09-19,Osasuna,Home,1,True,True,la-liga,2020,Getafe
2020-09-26,Alaves,Away,0,True,True,la-liga,2020,Getafe
2020-09-29,Betis,Home,3,True,True,la-liga,2020,Getafe
2020-10-03,Sociedad,Away,0,True,True,la-liga,2020,Getafe
2020-10-17,Barcelona,Home,1,True,True,la-liga,2020,Getafe
2020-10-25,Granada,Home,0,True,True,la-liga,2020,Getafe
2020-11-01,Valencia,Away,2,True,True,la-liga,2020,Getafe
2020-11-08,Villarreal,Home,1,True,True,la-liga,2020,Getafe
2020-11-22,Eibar,Away,0,True,True,la-liga,2020,Getafe
2020-11-29,Ath Bilbao,Home,1,True,True,la-liga,2020,Getafe
2020-12-05,Levante,Away,0,True,True,la-liga,2020,Getafe
2020-12-12,Sevilla,Home,0,True,True,la-liga,2020,Getafe
2020-12-20,Cadiz,Away,2,True,True,la-liga,2020,Getafe
2020-12-23,Celta,Home,1,True,True,la-liga,2020,Getafe
2020-12-30,Ath Madrid,Away,0,True,True,la-liga,2020,Getafe
2021-01-02,Valladolid,Home,0,True,True,la-liga,2020,Getafe
2021-01-11,Elche,Away,3,True,True,la-liga,2020,Getafe
2021-01-20,Huesca,Home,1,True,True,la-liga,2020,Getafe
2021-01-25,Ath Bilbao,Away,1,True,True,la-liga,2020,Getafe
2021-01-31,Alaves,Home,0,True,True,la-liga,2020,Getafe
2021-02-06,Sevilla,Away,0,True,True,la-liga,2020,Getafe
2021-02-09,Real Madrid,Away,0,True,True,la-liga,2020,Getafe
2021-02-14,Sociedad,Home,0,True,True,la-liga,2020,Getafe
2021-02-19,Betis,Away,0,True,True,la-liga,2020,Getafe
2021-02-27,Valencia,Home,3,True,True,la-liga,2020,Getafe
2021-03-06,Valladolid,Away,1,True,True,la-liga,2020,Getafe
2021-03-13,Ath Madrid,Home,0,True,True,la-liga,2020,Getafe
2021-03-21,Elche,Home,1,True,True,la-liga,2020,Getafe
2021-04-03,Osasuna,Away,0,True,True,la-liga,2020,Getafe
2021-04-10,Cadiz,Home,0,True,True,la-liga,2020,Getafe
2021-04-18,Real Madrid,Home,0,True,True,la-liga,2020,Getafe
2021-04-22,Barcelona,Away,2,True,True,la-liga,2020,Getafe
2021-04-25,Huesca,Away,2,True,True,la-liga,2020,Getafe
2021-05-02,Villarreal,Away,0,True,True,la-liga,2020,Getafe
2021-05-09,Eibar,Home,0,True,True,la-liga,2020,Getafe
2021-05-12,Celta,Away,0,True,True,la-liga,2020,Getafe
2021-05-16,Levante,Home,2,True,True,la-liga,2020,Getafe
2021-05-23,Granada,Away,0,True,True,la-liga,2020,Getafe
2020-09-12,Ath Bilbao,Home,2,True,True,la-liga,2020,Granada
2020-09-20,Alaves,Home,2,True,True,la-liga,2020,Granada
2020-09-27,Ath Madrid,Away,1,True,True,la-liga,2020,Granada
2020-10-04,Cadiz,Away,1,True,True,la-liga,2020,Granada
2020-10-17,Sevilla,Home,1,True,True,la-liga,2020,Granada
2020-10-25,Getafe,Away,1,True,True,la-liga,2020,Granada
2020-11-01,Levante,Home,1,True,True,la-liga,2020,Granada
2020-11-08,Sociedad,Away,0,True,True,la-liga,2020,Granada
2020-11-22,Valladolid,Home,1,True,True,la-liga,2020,Granada
2020-11-29,Celta,Away,1,True,True,la-liga,2020,Granada
2020-12-06,Huesca,Home,3,True,True,la-liga,2020,Granada
2020-12-13,Elche,Away,1,True,True,la-liga,2020,Granada
2020-12-20,Betis,Home,2,True,True,la-liga,2020,Granada
2020-12-23,Real Madrid,Away,0,True,True,la-liga,2020,Granada
2020-12-30,Valencia,Home,2,True,True,la-liga,2020,Granada
2021-01-03,Eibar,Away,0,True,True,la-liga,2020,Granada
2021-01-09,Barcelona,Home,0,True,True,la-liga,2020,Granada
2021-01-12,Osasuna,Home,2,True,True,la-liga,2020,Granada
2021-01-20,Villarreal,Away,2,True,True,la-liga,2020,Granada
2021-01-24,Osasuna,Away,1,True,True,la-liga,2020,Granada
2021-01-31,Celta,Home,0,True,True,la-liga,2020,Granada
2021-02-06,Levante,Away,2,True,True,la-liga,2020,Granada
2021-02-13,Ath Madrid,Home,1,True,True,la-liga,2020,Granada
2021-02-21,Huesca,Away,2,True,True,la-liga,2020,Granada
2021-02-28,Elche,Home,2,True,True,la-liga,2020,Granada
2021-03-07,Ath Bilbao,Away,1,True,True,la-liga,2020,Granada
2021-03-14,Sociedad,Home,1,True,True,la-liga,2020,Granada
2021-03-21,Valencia,Away,1,True,True,la-liga,2020,Granada
2021-04-03,Villarreal,Home,0,True,True,la-liga,2020,Granada
2021-04-11,Valladolid,Away,2,True,True,la-liga,2020,Granada
2021-04-22,Eibar,Home,4,True,True,la-liga,2020,Granada
2021-04-25,Sevilla,Away,1,True,True,la-liga,2020,Granada
2021-04-29,Barcelona,Away,2,True,True,la-liga,2020,Granada
2021-05-02,Cadiz,Home,0,True,True,la-liga,2020,Granada
2021-05-10,Betis,Away,1,True,True,la-liga,2020,Granada
2021-05-13,Real Madrid,Home,1,True,True,la-liga,2020,Granada
2021-05-16,Alaves,Away,2,True,True,la-liga,2020,Granada
2021-05-23,Getafe,Home,0,True,True,la-liga,2020,Granada
2020-09-13,Villarreal,Away,1,True,True,la-liga,2020,Huesca
2020-09-20,Cadiz,Home,0,True,True,la-liga,2020,Huesca
2020-09-26,Valencia,Away,1,True,True,la-liga,2020,Huesca
2020-09-30,Ath Madrid,Home,0,True,True,la-liga,2020,Huesca
2020-10-03,Elche,Away,0,True,True,la-liga,2020,Huesca
2020-10-18,Valladolid,Home,2,True,True,la-liga,2020,Huesca
2020-10-25,Sociedad,Away,1,True,True,la-liga,2020,Huesca
2020-10-31,Real Madrid,Away,1,True,True,la-liga,2020,Huesca
2020-11-07,Eibar,Home,1,True,True,la-liga,2020,Huesca
2020-11-20,Osasuna,Away,1,True,True,la-liga,2020,Huesca
2020-11-28,Sevilla,Home,0,True,True,la-liga,2020,Huesca
2020-12-06,Granada,Away,3,True,True,la-liga,2020,Huesca
2020-12-12,Alaves,Home,1,True,True,la-liga,2020,Huesca
2020-12-18,Ath Bilbao,Away,0,True,True,la-liga,2020,Huesca
2020-12-22,Levante,Home,1,True,True,la-liga,2020,Huesca
2020-12-30,Celta,Away,1,True,True,la-liga,2020,Huesca
2021-01-03,Barcelona,Home,0,True,True,la-liga,2020,Huesca
2021-01-11,Betis,Home,0,True,True,la-liga,2020,Huesca
2021-01-20,Getafe,Away,0,True,True,la-liga,2020,Huesca
2021-01-23,Villarreal,Home,0,True,True,la-liga,2020,Huesca
2021-01-29,Valladolid,Away,3,True,True,la-liga,2020,Huesca
2021-02-06,Real Madrid,Home,1,True,True,la-liga,2020,Huesca
2021-02-13,Sevilla,Away,0,True,True,la-liga,2020,Huesca
2021-02-21,Granada,Home,3,True,True,la-liga,2020,Huesca
2021-02-27,Eibar,Away,1,True,True,la-liga,2020,Huesca
2021-03-07,Celta,Home,3,True,True,la-liga,2020,Huesca
2021-03-15,Barcelona,Away,1,True,True,la-liga,2020,Huesca
2021-03-20,Osasuna,Home,0,True,True,la-liga,2020,Huesca
2021-04-02,Levante,Away,2,True,True,la-liga,2020,Huesca
2021-04-09,Elche,Home,3,True,True,la-liga,2020,Huesca
2021-04-18,Alaves,Away,0,True,True,la-liga,2020,Huesca
2021-04-22,Ath Madrid,Away,0,True,True,la-liga,2020,Huesca
2021-04-25,Getafe,Home,0,True,True,la-liga,2020,Huesca
2021-05-01,Sociedad,Home,1,True,True,la-liga,2020,Huesca
2021-05-08,Cadiz,Away,1,True,True,la-liga,2020,Huesca
2021-05-12,Ath Bilbao,Home,1,True,True,la-liga,2020,Huesca
2021-05-16,Betis,Away,0,True,True,la-liga,2020,Huesca
2021-05-22,Valencia,Home,0,True,True,la-liga,2020,Huesca
2020-09-13,Valencia,Away,2,True,True,la-liga,2020,Levante
2020-09-27,Osasuna,Away,3,True,True,la-liga,2020,Levante
2020-10-01,Sevilla,Away,0,True,True,la-liga,2020,Levante
2020-10-04,Real Madrid,Home,0,True,True,la-liga,2020,Levante
2020-10-18,Ath Bilbao,Away,0,True,True,la-liga,2020,Levante
2020-10-26,Celta,Home,1,True,True,la-liga,2020,Levante
2020-11-01,Granada,Away,1,True,True,la-liga,2020,Levante
2020-11-08,Alaves,Home,1,True,True,la-liga,2020,Levante
2020-11-21,Elche,Home,1,True,True,la-liga,2020,Levante
2020-11-27,Valladolid,Away,1,True,True,la-liga,2020,Levante
2020-12-05,Getafe,Home,3,True,True,la-liga,2020,Levante
2020-12-13,Barcelona,Away,0,True,True,la-liga,2020,Levante
2020-12-19,Sociedad,Home,2,True,True,la-liga,2020,Levante
2020-12-22,Huesca,Away,1,True,True,la-liga,2020,Levante
2020-12-29,Betis,Home,4,True,True,la-liga,2020,Levante
2021-01-02,Villarreal,Away,1,True,True,la-liga,2020,Levante
2021-01-10,Eibar,Home,2,True,True,la-liga,2020,Levante
2021-01-19,Cadiz,Away,2,True,True,la-liga,2020,Levante
2021-01-22,Valladolid,Home,2,True,True,la-liga,2020,Levante
2021-01-30,Real Madrid,Away,2,True,True,la-liga,2020,Levante
2021-02-06,Granada,Home,2,True,True,la-liga,2020,Levante
2021-02-14,Osasuna,Home,0,True,True,la-liga,2020,Levante
2021-02-17,Ath Madrid,Home,1,True,True,la-liga,2020,Levante
2021-02-20,Ath Madrid,Away,2,True,True,la-liga,2020,Levante
2021-02-26,Ath Bilbao,Home,1,True,True,la-liga,2020,Levante
2021-03-07,Sociedad,Away,0,True,True,la-liga,2020,Levante
2021-03-12,Valencia,Home,1,True,True,la-liga,2020,Levante
2021-03-19,Betis,Away,0,True,True,la-liga,2020,Levante
2021-04-02,Huesca,Home,0,True,True,la-liga,2020,Levante
2021-04-10,Eibar,Away,1,True,True,la-liga,2020,Levante
2021-04-18,Villarreal,Home,1,True,True,la-liga,2020,Levante
2021-04-21,Sevilla,Home,0,True,True,la-liga,2020,Levante
2021-04-24,Elche,Away,0,True,True,la-liga,2020,Levante
2021-04-30,Celta,Away,0,True,True,la-liga,2020,Levante
2021-05-08,Alaves,Away,2,True,True,la-liga,2020,Levante
2021-05-11,Barcelona,Home,3,True,True,la-liga,2020,Levante
2021-05-16,Getafe,Away,1,True,True,la-liga,2020,Levante
2021-05-21,Cadiz,Home,2,True,True,la-liga,2020,Levante
2020-09-12,Cadiz,Away,2,True,True,la-liga,2020,Osasuna
2020-09-19,Getafe,Away,0,True,True,la-liga,2020,Osasuna
2020-09-27,Levante,Home,1,True,True,la-liga,2020,Osasuna
2020-10-04,Celta,Home,2,True,True,la-liga,2020,Osasuna
2020-10-18,Eibar,Away,0,True,True,la-liga,2020,Osasuna
2020-10-24,Ath Bilbao,Home,1,True,True,la-liga,2020,Osasuna
2020-10-31,Ath Madrid,Home,1,True,True,la-liga,2020,Osasuna
2020-11-07,Sevilla,Away,0,True,True,la-liga,2020,Osasuna
2020-11-20,Huesca,Home,1,True,True,la-liga,2020,Osasuna
2020-11-29,Barcelona,Away,0,True,True,la-liga,2020,Osasuna
2020-12-06,Betis,Home,0,True,True,la-liga,2020,Osasuna
2020-12-11,Valladolid,Away,2,True,True,la-liga,2020,Osasuna
2020-12-19,Villarreal,Home,1,True,True,la-liga,2020,Osasuna
2020-12-22,Elche,Away,2,True,True,la-liga,2020,Osasuna
2020-12-31,Alaves,Home,1,True,True,la-liga,2020,Osasuna
2021-01-03,Sociedad,Away,1,True,True,la-liga,2020,Osasuna
2021-01-09,Real Madrid,Home,0,True,True,la-liga,2020,Osasuna
2021-01-12,Granada,Away,0,True,True,la-liga,2020,Osasuna
2021-01-21,Valencia,Away,1,True,True,la-liga,2020,Osasuna
2021-01-24,Granada,Home,3,True,True,la-liga,2020,Osasuna
2021-02-01,Betis,Away,0,True,True,la-liga,2020,Osasuna
2021-02-07,Eibar,Home,2,True,True,la-liga,2020,Osasuna
2021-02-14,Levante,Away,1,True,True,la-liga,2020,Osasuna
2021-02-22,Sevilla,Home,0,True,True,la-liga,2020,Osasuna
2021-02-27,Alaves,Away,1,True,True,la-liga,2020,Osasuna
2021-03-06,Barcelona,Home,0,True,True,la-liga,2020,Osasuna
2021-03-13,Valladolid,Home,0,True,True,la-liga,2020,Osasuna
2021-03-20,Huesca,Away,0,True,True,la-liga,2020,Osasuna
2021-04-03,Getafe,Home,0,True,True,la-liga,2020,Osasuna
2021-04-11,Villarreal,Away,2,True,True,la-liga,2020,Osasuna
2021-04-18,Elche,Home,2,True,True,la-liga,2020,Osasuna
2021-04-21,Valencia,Home,3,True,True,la-liga,2020,Osasuna
2021-04-25,Celta,Away,1,True,True,la-liga,2020,Osasuna
2021-05-01,Real Madrid,Away,0,True,True,la-liga,2020,Osasuna
2021-05-08,Ath Bilbao,Away,2,True,True,la-liga,2020,Osasuna
2021-05-11,Cadiz,Home,3,True,True,la-liga,2020,Osasuna
2021-05-16,Ath Madrid,Away,1,True,True,la-liga,2020,Osasuna
2021-05-22,Sociedad,Home,0,True,True,la-liga,2020,Osasuna
2020-09-20,Sociedad,Away,0,True,True,la-liga,2020,Real Madrid
2020-09-26,Betis,Away,3,True,True,la-liga,2020,Real Madrid
2020-09-30,Valladolid,Home,1,True,True,la-liga,2020,Real Madrid
2020-10-04,Levante,Away,2,True,True,la-liga,2020,Real Madrid
2020-10-17,Cadiz,Home,0,True,True,la-liga,2020,Real Madrid
2020-10-24,Barcelona,Away,3,True,True,la-liga,2020,Real Madrid
2020-10-31,Huesca,Home,4,True,True,la-liga,2020,Real Madrid
2020-11-08,Valencia,Away,1,True,True,la-liga,2020,Real Madrid
2020-11-21,Villarreal,Away,1,True,True,la-liga,2020,Real Madrid
2020-11-28,Alaves,Home,1,True,True,la-liga,2020,Real Madrid
2020-12-05,Sevilla,Away,1,True,True,la-liga,2020,Real Madrid
2020-12-12,Ath Madrid,Home,2,True,True,la-liga,2020,Real Madrid
2020-12-15,Ath Bilbao,Home,3,True,True,la-liga,2020,Real Madrid
2020-12-20,Eibar,Away,3,True,True,la-liga,2020,Real Madrid
2020-12-23,Granada,Home,2,True,True,la-liga,2020,Real Madrid
2020-12-30,Elche,Away,1,True,True,la-liga,2020,Real Madrid
2021-01-02,Celta,Home,2,True,True,la-liga,2020,Real Madrid
2021-01-09,Osasuna,Away,0,True,True,la-liga,2020,Real Madrid
2021-01-23,Alaves,Away,4,True,True,la-liga,2020,Real Madrid
2021-01-30,Levante,Home,1,True,True,la-liga,2020,Real Madrid
2021-02-06,Huesca,Away,2,True,True,la-liga,2020,Real Madrid
2021-02-09,Getafe,Home,2,True,True,la-liga,2020,Real Madrid
2021-02-14,Valencia,Home,2,True,True,la-liga,2020,Real Madrid
2021-02-20,Valladolid,Away,1,True,True,la-liga,2020,Real Madrid
2021-03-01,Sociedad,Home,1,True,True,la-liga,2020,Real Madrid
2021-03-07,Ath Madrid,Away,1,True,True,la-liga,2020,Real Madrid
2021-03-13,Elche,Home,2,True,True,la-liga,2020,Real Madrid
2021-03-20,Celta,Away,3,True,True,la-liga,2020,Real Madrid
2021-04-03,Eibar,Home,2,True,True,la-liga,2020,Real Madrid
2021-04-10,Barcelona,Home,2,True,True,la-liga,2020,Real Madrid
2021-04-18,Getafe,Away,0,True,True,la-liga,2020,Real Madrid
2021-04-21,Cadiz,Away,3,True,True,la-liga,2020,Real Madrid
2021-04-24,Betis,Home,0,True,True,la-liga,2020,Real Madrid
2021-05-01,Osasuna,Home,2,True,True,la-liga,2020,Real Madrid
2021-05-09,Sevilla,Home,2,True,True,la-liga,2020,Real Madrid
2021-05-13,Granada,Away,4,True,True,la-liga,2020,Real Madrid
2021-05-16,Ath Bilbao,Away,1,True,True,la-liga,2020,Real Madrid
2021-05-22,Villarreal,Home,2,True,True,la-liga,2020,Real Madrid
2020-09-27,Cadiz,Away,3,True,True,la-liga,2020,Sevilla
2020-10-01,Levante,Home,1,True,True,la-liga,2020,Sevilla
2020-10-04,Barcelona,Away,1,True,True,la-liga,2020,Sevilla
2020-10-17,Granada,Away,0,True,True,la-liga,2020,Sevilla
2020-10-24,Eibar,Home,0,True,True,la-liga,2020,Sevilla
2020-10-31,Ath Bilbao,Away,1,True,True,la-liga,2020,Sevilla
2020-11-07,Osasuna,Home,1,True,True,la-liga,2020,Sevilla
2020-11-21,Celta,Home,4,True,True,la-liga,2020,Sevilla
2020-11-28,Huesca,Away,1,True,True,la-liga,2020,Sevilla
2020-12-05,Real Madrid,Home,0,True,True,la-liga,2020,Sevilla
2020-12-12,Getafe,Away,1,True,True,la-liga,2020,Sevilla
2020-12-19,Valladolid,Home,1,True,True,la-liga,2020,Sevilla
2020-12-22,Valencia,Away,1,True,True,la-liga,2020,Sevilla
2020-12-29,Villarreal,Home,2,True,True,la-liga,2020,Sevilla
2021-01-02,Betis,Away,1,True,True,la-liga,2020,Sevilla
2021-01-09,Sociedad,Home,3,True,True,la-liga,2020,Sevilla
2021-01-12,Ath Madrid,Away,0,True,True,la-liga,2020,Sevilla
2021-01-19,Alaves,Away,2,True,True,la-liga,2020,Sevilla
2021-01-23,Cadiz,Home,3,True,True,la-liga,2020,Sevilla
2021-01-30,Eibar,Away,2,True,True,la-liga,2020,Sevilla
2021-02-06,Getafe,Home,3,True,True,la-liga,2020,Sevilla
2021-02-13,Huesca,Home,1,True,True,la-liga,2020,Sevilla
2021-02-22,Osasuna,Away,2,True,True,la-liga,2020,Sevilla
2021-02-27,Barcelona,Home,0,True,True,la-liga,2020,Sevilla
2021-03-06,Elche,Away,1,True,True,la-liga,2020,Sevilla
2021-03-14,Betis,Home,1,True,True,la-liga,2020,Sevilla
2021-03-17,Elche,Home,2,True,True,la-liga,2020,Sevilla
2021-03-20,Valladolid,Away,1,True,True,la-liga,2020,Sevilla
2021-04-04,Ath Madrid,Home,1,True,True,la-liga,2020,Sevilla
2021-04-12,Celta,Away,4,True,True,la-liga,2020,Sevilla
2021-04-18,Sociedad,Away,2,True,True,la-liga,2020,Sevilla
2021-04-21,Levante,Away,1,True,True,la-liga,2020,Sevilla
2021-04-25,Granada,Home,2,True,True,la-liga,2020,Sevilla
2021-05-03,Ath Bilbao,Home,0,True,True,la-liga,2020,Sevilla
2021-05-09,Real Madrid,Away,2,True,True,la-liga,2020,Sevilla
2021-05-12,Valencia,Home,1,True,True,la-liga,2020,Sevilla
2021-05-16,Villarreal,Away,0,True,True,la-liga,2020,Sevilla
2021-05-23,Alaves,Home,1,True,True,la-liga,2020,Sevilla
2020-09-13,Valladolid,Away,1,True,True,la-liga,2020,Sociedad
2020-09-20,Real Madrid,Home,0,True,True,la-liga,2020,Sociedad
2020-09-26,Elche,Away,3,True,True,la-liga,2020,Sociedad
2020-09-29,Valencia,Home,0,True,True,la-liga,2020,Sociedad
2020-10-03,Getafe,Home,3,True,True,la-liga,2020,Sociedad
2020-10-18,Betis,Away,3,True,True,la-liga,2020,Sociedad
2020-10-25,Huesca,Home,4,True,True,la-liga,2020,Sociedad
2020-11-01,Celta,Away,4,True,True,la-liga,2020,Sociedad
2020-11-08,Granada,Home,2,True,True,la-liga,2020,Sociedad
2020-11-22,Cadiz,Away,1,True,True,la-liga,2020,Sociedad
2020-11-29,Villarreal,Home,1,True,True,la-liga,2020,Sociedad
2020-12-06,Alaves,Away,0,True,True,la-liga,2020,Sociedad
2020-12-13,Eibar,Home,1,True,True,la-liga,2020,Sociedad
2020-12-16,Barcelona,Away,1,True,True,la-liga,2020,Sociedad
2020-12-19,Levante,Away,1,True,True,la-liga,2020,Sociedad
2020-12-22,Ath Madrid,Home,0,True,True,la-liga,2020,Sociedad
2020-12-31,Ath Bilbao,Away,1,True,True,la-liga,2020,Sociedad
2021-01-03,Osasuna,Home,1,True,True,la-liga,2020,Sociedad
2021-01-09,Sevilla,Away,2,True,True,la-liga,2020,Sociedad
2021-01-23,Betis,Home,2,True,True,la-liga,2020,Sociedad
2021-01-30,Villarreal,Away,1,True,True,la-liga,2020,Sociedad
2021-02-07,Cadiz,Home,4,True,True,la-liga,2020,Sociedad
2021-02-14,Getafe,Away,1,True,True,la-liga,2020,Sociedad
2021-02-21,Alaves,Home,4,True,True,la-liga,2020,Sociedad
2021-03-01,Real Madrid,Away,1,True,True,la-liga,2020,Sociedad
2021-03-07,Levante,Home,1,True,True,la-liga,2020,Sociedad
2021-03-14,Granada,Away,0,True,True,la-liga,2020,Sociedad
2021-03-21,Barcelona,Home,1,True,True,la-liga,2020,Sociedad
2021-04-07,Ath Bilbao,Home,1,True,True,la-liga,2020,Sociedad
2021-04-11,Valencia,Away,2,True,True,la-liga,2020,Sociedad
2021-04-18,Sevilla,Home,1,True,True,la-liga,2020,Sociedad
2021-04-22,Celta,Home,2,True,True,la-liga,2020,Sociedad
2021-04-26,Eibar,Away,1,True,True,la-liga,2020,Sociedad
2021-05-01,Huesca,Away,0,True,True,la-liga,2020,Sociedad
2021-05-07,Elche,Home,2,True,True,la-liga,2020,Sociedad
2021-05-12,Ath Madrid,Away,1,True,True,la-liga,2020,Sociedad
2021-05-16,Valladolid,Home,4,True,True,la-liga,2020,Sociedad
2021-05-22,Osasuna,Away,1,True,True,la-liga,2020,Sociedad
2020-09-13,Levante,Home,4,True,True,la-liga,2020,Valencia
2020-09-19,Celta,Away,1,True,True,la-liga,2020,Valencia
2020-09-26,Huesca,Home,1,True,True,la-liga,2020,Valencia
2020-09-29,Sociedad,Away,1,True,True,la-liga,2020,Valencia
2020-10-03,Betis,Home,0,True,True,la-liga,2020,Valencia
2020-10-18,Villarreal,Away,1,True,True,la-liga,2020,Valencia
2020-10-23,Elche,Away,1,True,True,la-liga,2020,Valencia
2020-11-01,Getafe,Home,2,True,True,la-liga,2020,Valencia
2020-11-08,Real Madrid,Home,4,True,True,la-liga,2020,Valencia
2020-11-22,Alaves,Away,2,True,True,la-liga,2020,Valencia
2020-11-28,Ath Madrid,Home,0,True,True,la-liga,2020,Valencia
2020-12-07,Eibar,Away,0,True,True,la-liga,2020,Valencia
2020-12-12,Ath Bilbao,Home,2,True,True,la-liga,2020,Valencia
2020-12-19,Barcelona,Away,2,True,True,la-liga,2020,Valencia
2020-12-22,Sevilla,Home,0,True,True,la-liga,2020,Valencia
2020-12-30,Granada,Away,1,True,True,la-liga,2020,Valencia
2021-01-04,Cadiz,Home,1,True,True,la-liga,2020,Valencia
2021-01-10,Valladolid,Away,1,True,True,la-liga,2020,Valencia
2021-01-21,Osasuna,Home,1,True,True,la-liga,2020,Valencia
2021-01-24,Ath Madrid,Away,1,True,True,la-liga,2020,Valencia
2021-01-30,Elche,Home,1,True,True,la-liga,2020,Valencia
2021-02-07,Ath Bilbao,Away,1,True,True,la-liga,2020,Valencia
2021-02-14,Real Madrid,Away,0,True,True,la-liga,2020,Valencia
2021-02-20,Celta,Home,2,True,True,la-liga,2020,Valencia
2021-02-27,Getafe,Away,0,True,True,la-liga,2020,Valencia
2021-03-05,Villarreal,Home,2,True,True,la-liga,2020,Valencia
2021-03-12,Levante,Away,0,True,True,la-liga,2020,Valencia
2021-03-21,Granada,Home,2,True,True,la-liga,2020,Valencia
2021-04-04,Cadiz,Away,1,True,True,la-liga,2020,Valencia
2021-04-11,Sociedad,Home,2,True,True,la-liga,2020,Valencia
2021-04-18,Betis,Away,2,True,True,la-liga,2020,Valencia
2021-04-21,Osasuna,Away,1,True,True,la-liga,2020,Valencia
2021-04-24,Alaves,Home,1,True,True,la-liga,2020,Valencia
2021-05-02,Barcelona,Home,2,True,True,la-liga,2020,Valencia
2021-05-09,Valladolid,Home,3,True,True,la-liga,2020,Valencia
2021-05-12,Sevilla,Away,0,True,True,la-liga,2020,Valencia
2021-05-16,Eibar,Home,4,True,True,la-liga,2020,Valencia
2021-05-22,Huesca,Away,0,True,True,la-liga,2020,Valencia
2020-09-13,Sociedad,Home,1,True,True,la-liga,2020,Valladolid
2020-09-20,Betis,Away,0,True,True,la-liga,2020,Valladolid
2020-09-27,Celta,Home,1,True,True,la-liga,2020,Valladolid
2020-09-30,Real Madrid,Away,0,True,True,la-liga,2020,Valladolid
2020-10-03,Eibar,Home,1,True,True,la-liga,2020,Valladolid
2020-10-18,Huesca,Away,2,True,True,la-liga,2020,Valladolid
2020-10-25,Alaves,Home,0,True,True,la-liga,2020,Valladolid
2020-11-02,Villarreal,Away,0,True,True,la-liga,2020,Valladolid
2020-11-08,Ath Bilbao,Home,2,True,True,la-liga,2020,Valladolid
2020-11-22,Granada,Away,3,True,True,la-liga,2020,Valladolid
2020-11-27,Levante,Home,1,True,True,la-liga,2020,Valladolid
2020-12-05,Ath Madrid,Away,0,True,True,la-liga,2020,Valladolid
2020-12-11,Osasuna,Home,3,True,True,la-liga,2020,Valladolid
2020-12-19,Sevilla,Away,1,True,True,la-liga,2020,Valladolid
2020-12-22,Barcelona,Home,0,True,True,la-liga,2020,Valladolid
2020-12-29,Cadiz,Away,0,True,True,la-liga,2020,Valladolid
2021-01-02,Getafe,Away,1,True,True,la-liga,2020,Valladolid
2021-01-10,Valencia,Home,0,True,True,la-liga,2020,Valladolid
2021-01-19,Elche,Home,2,True,True,la-liga,2020,Valladolid
2021-01-22,Levante,Away,2,True,True,la-liga,2020,Valladolid
2021-01-29,Huesca,Home,1,True,True,la-liga,2020,Valladolid
2021-02-05,Alaves,Away,0,True,True,la-liga,2020,Valladolid
2021-02-13,Eibar,Away,1,True,True,la-liga,2020,Valladolid
2021-02-20,Real Madrid,Home,0,True,True,la-liga,2020,Valladolid
2021-02-28,Celta,Away,1,True,True,la-liga,2020,Valladolid
2021-03-06,Getafe,Home,2,True,True,la-liga,2020,Valladolid
2021-03-13,Osasuna,Away,0,True,True,la-liga,2020,Valladolid
2021-03-20,Sevilla,Home,1,True,True,la-liga,2020,Valladolid
2021-04-05,Barcelona,Away,0,True,True,la-liga,2020,Valladolid
2021-04-11,Granada,Home,1,True,True,la-liga,2020,Valladolid
2021-04-21,Elche,Away,1,True,True,la-liga,2020,Valladolid
2021-04-24,Cadiz,Home,1,True,True,la-liga,2020,Valladolid
2021-04-28,Ath Bilbao,Away,2,True,True,la-liga,2020,Valladolid
2021-05-02,Betis,Home,1,True,True,la-liga,2020,Valladolid
2021-05-09,Valencia,Away,0,True,True,la-liga,2020,Valladolid
2021-05-13,Villarreal,Home,0,True,True,la-liga,2020,Valladolid
2021-05-16,Sociedad,Away,1,True,True,la-liga,2020,Valladolid
2021-05-22,Ath Madrid,Home,1,True,True,la-liga,2020,Valladolid
2020-09-13,Huesca,Home,1,True,True,la-liga,2020,Villarreal
2020-09-19,Eibar,Home,2,True,True,la-liga,2020,Villarreal
2020-09-27,Barcelona,Away,0,True,True,la-liga,2020,Villarreal
2020-09-30,Alaves,Home,3,True,True,la-liga,2020,Villarreal
2020-10-03,Ath Madrid,Away,0,True,True,la-liga,2020,Villarreal
2020-10-18,Valencia,Home,2,True,True,la-liga,2020,Villarreal
2020-10-25,Cadiz,Away,0,True,True,la-liga,2020,Villarreal
2020-11-02,Valladolid,Home,2,True,True,la-liga,2020,Villarreal
2020-11-08,Getafe,Away,3,True,True,la-liga,2020,Villarreal
2020-11-21,Real Madrid,Home,1,True,True,la-liga,2020,Villarreal
2020-11-29,Sociedad,Away,1,True,True,la-liga,2020,Villarreal
2020-12-06,Elche,Home,0,True,True,la-liga,2020,Villarreal
2020-12-13,Betis,Away,1,True,True,la-liga,2020,Villarreal
2020-12-19,Osasuna,Away,3,True,True,la-liga,2020,Villarreal
2020-12-22,Ath Bilbao,Home,1,True,True,la-liga,2020,Villarreal
2020-12-29,Sevilla,Away,0,True,True,la-liga,2020,Villarreal
2021-01-02,Levante,Home,2,True,True,la-liga,2020,Villarreal
2021-01-08,Celta,Away,4,True,True,la-liga,2020,Villarreal
2021-01-20,Granada,Home,2,True,True,la-liga,2020,Villarreal
2021-01-23,Huesca,Away,0,True,True,la-liga,2020,Villarreal
2021-01-30,Sociedad,Home,1,True,True,la-liga,2020,Villarreal
2021-02-06,Elche,Away,2,True,True,la-liga,2020,Villarreal
2021-02-14,Betis,Home,1,True,True,la-liga,2020,Villarreal
2021-02-21,Ath Bilbao,Away,1,True,True,la-liga,2020,Villarreal
2021-02-28,Ath Madrid,Home,0,True,True,la-liga,2020,Villarreal
2021-03-05,Valencia,Away,1,True,True,la-liga,2020,Villarreal
2021-03-14,Eibar,Away,3,True,True,la-liga,2020,Villarreal
2021-03-21,Cadiz,Home,2,True,True,la-liga,2020,Villarreal
2021-04-03,Granada,Away,3,True,True,la-liga,2020,Villarreal
2021-04-11,Osasuna,Home,1,True,True,la-liga,2020,Villarreal
2021-04-18,Levante,Away,5,True,True,la-liga,2020,Villarreal
2021-04-21,Alaves,Away,1,True,True,la-liga,2020,Villarreal
2021-04-25,Barcelona,Home,1,True,True,la-liga,2020,Villarreal
2021-05-02,Getafe,Home,1,True,True,la-liga,2020,Villarreal
2021-05-09,Celta,Home,2,True,True,la-liga,2020,Villarreal
2021-05-13,Valladolid,Away,2,True,True,la-liga,2020,Villarreal
2021-05-16,Sevilla,Home,4,True,True,la-liga,2020,Villarreal
2021-05-22,Real Madrid,Away,1,True,True,la-liga,2020,Villarreal
2021-08-14,Real Madrid,Home,1,True,True,la-liga,2021,Alaves
2021-08-21,Mallorca,Home,0,True,True,la-liga,2021,Alaves
2021-08-27,Valencia,Away,0,True,True,la-liga,2021,Alaves
2021-09-18,Osasuna,Home,0,True,True,la-liga,2021,Alaves
2021-09-22,Espanol,Away,0,True,True,la-liga,2021,Alaves
2021-09-25,Ath Madrid,Home,1,True,True,la-liga,2021,Alaves
2021-10-01,Ath Bilbao,Away,0,True,True,la-liga,2021,Alaves
2021-10-18,Betis,Home,0,True,True,la-liga,2021,Alaves
2021-10-23,Cadiz,Away,2,True,True,la-liga,2021,Alaves
2021-10-26,Elche,Home,1,True,True,la-liga,2021,Alaves
2021-10-30,Barcelona,Away,1,True,True,la-liga,2021,Alaves
2021-11-06,Levante,Home,2,True,True,la-liga,2021,Alaves
2021-11-20,Sevilla,Away,2,True,True,la-liga,2021,Alaves
2021-11-27,Celta,Home,1,True,True,la-liga,2021,Alaves
2021-12-03,Granada,Away,1,True,True,la-liga,2021,Alaves
2021-12-11,Getafe,Home,1,True,True,la-liga,2021,Alaves
2021-12-18,Vallecano,Away,0,True,True,la-liga,2021,Alaves
2021-12-21,Villarreal,Away,2,True,True,la-liga,2021,Alaves
2022-01-02,Sociedad,Home,1,True,True,la-liga,2021,Alaves
2022-01-09,Ath Bilbao,Home,0,True,True,la-liga,2021,Alaves
2022-01-18,Betis,Away,0,True,True,la-liga,2021,Alaves
2022-01-23,Barcelona,Home,0,True,True,la-liga,2021,Alaves
2022-02-05,Elche,Away,1,True,True,la-liga,2021,Alaves
2022-02-13,Valencia,Home,2,True,True,la-liga,2021,Alaves
2022-02-19,Real Madrid,Away,0,True,True,la-liga,2021,Alaves
2022-02-26,Getafe,Away,2,True,True,la-liga,2021,Alaves
2022-03-04,Sevilla,Home,0,True,True,la-liga,2021,Alaves
2022-03-13,Sociedad,Away,0,True,True,la-liga,2021,Alaves
2022-03-19,Granada,Home,2,True,True,la-liga,2021,Alaves
2022-04-02,Ath Madrid,Away,1,True,True,la-liga,2021,Alaves
2022-04-10,Osasuna,Away,0,True,True,la-liga,2021,Alaves
2022-04-16,Vallecano,Home,1,True,True,la-liga,2021,Alaves
2022-04-19,Mallorca,Away,1,True,True,la-liga,2021,Alaves
2022-04-30,Villarreal,Home,2,True,True,la-liga,2021,Alaves
2022-05-07,Celta,Away,0,True,True,la-liga,2021,Alaves
2022-05-11,Espanol,Home,2,True,True,la-liga,2021,Alaves
2022-05-15,Levante,Away,1,True,True,la-liga,2021,Alaves
2022-05-22,Cadiz,Home,0,True,True,la-liga,2021,Alaves
2021-08-16,Elche,Away,0,True,True,la-liga,2021,Ath Bilbao
2021-08-21,Barcelona,Home,1,True,True,la-liga,2021,Ath Bilbao
2021-08-28,Celta,Away,1,True,True,la-liga,2021,Ath Bilbao
2021-09-11,Mallorca,Home,2,True,True,la-liga,2021,Ath Bilbao
2021-09-18,Ath Madrid,Away,0,True,True,la-liga,2021,Ath Bilbao
2021-09-21,Vallecano,Home,1,True,True,la-liga,2021,Ath Bilbao
2021-09-25,Valencia,Away,1,True,True,la-liga,2021,Ath Bilbao
2021-10-01,Alaves,Home,1,True,True,la-liga,2021,Ath Bilbao
2021-10-23,Villarreal,Home,2,True,True,la-liga,2021,Ath Bilbao
2021-10-26,Espanol,Away,1,True,True,la-liga,2021,Ath Bilbao
2021-10-31,Sociedad,Away,1,True,True,la-liga,2021,Ath Bilbao
2021-11-05,Cadiz,Home,0,True,True,la-liga,2021,Ath Bilbao
2021-11-19,Levante,Away,0,True,True,la-liga,2021,Ath Bilbao
2021-11-26,Granada,Home,2,True,True,la-liga,2021,Ath Bilbao
2021-12-01,Real Madrid,Away,0,True,True,la-liga,2021,Ath Bilbao
2021-12-06,Getafe,Away,0,True,True,la-liga,2021,Ath Bilbao
2021-12-11,Sevilla,Home,0,True,True,la-liga,2021,Ath Bilbao
2021-12-19,Betis,Home,3,True,True,la-liga,2021,Ath Bilbao
2021-12-22,Real Madrid,Home,1,True,True,la-liga,2021,Ath Bilbao
2022-01-03,Osasuna,Away,3,True,True,la-liga,2021,Ath Bilbao
2022-01-09,Alaves,Away,0,True,True,la-liga,2021,Ath Bilbao
2022-01-23,Vallecano,Away,1,True,True,la-liga,2021,Ath Bilbao
2022-02-07,Espanol,Home,2,True,True,la-liga,2021,Ath Bilbao
2022-02-14,Mallorca,Away,2,True,True,la-liga,2021,Ath Bilbao
2022-02-20,Sociedad,Home,4,True,True,la-liga,2021,Ath Bilbao
2022-02-27,Barcelona,Away,0,True,True,la-liga,2021,Ath Bilbao
2022-03-07,Levante,Home,3,True,True,la-liga,2021,Ath Bilbao
2022-03-13,Betis,Away,0,True,True,la-liga,2021,Ath Bilbao
2022-03-18,Getafe,Home,1,True,True,la-liga,2021,Ath Bilbao
2022-04-03,Elche,Home,2,True,True,la-liga,2021,Ath Bilbao
2022-04-09,Villarreal,Away,1,True,True,la-liga,2021,Ath Bilbao
2022-04-17,Celta,Home,0,True,True,la-liga,2021,Ath Bilbao
2022-04-21,Cadiz,Away,3,True,True,la-liga,2021,Ath Bilbao
2022-04-30,Ath Madrid,Home,2,True,True,la-liga,2021,Ath Bilbao
2022-05-07,Valencia,Home,0,True,True,la-liga,2021,Ath Bilbao
2022-05-10,Granada,Away,0,True,True,la-liga,2021,Ath Bilbao
2022-05-15,Osasuna,Home,2,True,True,la-liga,2021,Ath Bilbao
2022-05-22,Sevilla,Away,0,True,True,la-liga,2021,Ath Bilbao
2021-08-15,Celta,Away,2,True,True,la-liga,2021,Ath Madrid
2021-08-22,Elche,Home,1,True,True,la-liga,2021,Ath Madrid
2021-08-29,Villarreal,Home,2,True,True,la-liga,2021,Ath Madrid
2021-09-12,Espanol,Away,2,True,True,la-liga,2021,Ath Madrid
2021-09-18,Ath Bilbao,Home,0,True,True,la-liga,2021,Ath Madrid
2021-09-21,Getafe,Away,2,True,True,la-liga,2021,Ath Madrid
2021-09-25,Alaves,Away,0,True,True,la-liga,2021,Ath Madrid
2021-10-02,Barcelona,Home,2,True,True,la-liga,2021,Ath Madrid
2021-10-24,Sociedad,Home,2,True,True,la-liga,2021,Ath Madrid
2021-10-28,Levante,Away,2,True,True,la-liga,2021,Ath Madrid
2021-10-31,Betis,Home,3,True,True,la-liga,2021,Ath Madrid
2021-11-07,Valencia,Away,3,True,True,la-liga,2021,Ath Madrid
2021-11-20,Osasuna,Home,1,True,True,la-liga,2021,Ath Madrid
2021-11-28,Cadiz,Away,4,True,True,la-liga,2021,Ath Madrid
2021-12-04,Mallorca,Home,1,True,True,la-liga,2021,Ath Madrid
2021-12-12,Real Madrid,Away,0,True,True,la-liga,2021,Ath Madrid
2021-12-18,Sevilla,Away,1,True,True,la-liga,2021,Ath Madrid
2021-12-22,Granada,Away,1,True,True,la-liga,2021,Ath Madrid
2022-01-02,Vallecano,Home,2,True,True,la-liga,2021,Ath Madrid
2022-01-09,Villarreal,Away,2,True,True,la-liga,2021,Ath Madrid
2022-01-22,Valencia,Home,3,True,True,la-liga,2021,Ath Madrid
2022-02-06,Barcelona,Away,2,True,True,la-liga,2021,Ath Madrid
2022-02-12,Getafe,Home,4,True,True,la-liga,2021,Ath Madrid
2022-02-16,Levante,Home,0,True,True,la-liga,2021,Ath Madrid
2022-02-19,Osasuna,Away,3,True,True,la-liga,2021,Ath Madrid
2022-02-26,Celta,Home,2,True,True,la-liga,2021,Ath Madrid
2022-03-06,Betis,Away,3,True,True,la-liga,2021,Ath Madrid
2022-03-11,Cadiz,Home,2,True,True,la-liga,2021,Ath Madrid
2022-03-19,Vallecano,Away,1,True,True,la-liga,2021,Ath Madrid
2022-04-02,Alaves,Home,4,True,True,la-liga,2021,Ath Madrid
2022-04-09,Mallorca,Away,0,True,True,la-liga,2021,Ath Madrid
2022-04-17,Espanol,Home,2,True,True,la-liga,2021,Ath Madrid
2022-04-20,Granada,Home,0,True,True,la-liga,2021,Ath Madrid
2022-04-30,Ath Bilbao,Away,0,True,True,la-liga,2021,Ath Madrid
2022-05-08,Real Madrid,Home,1,True,True,la-liga,2021,Ath Madrid
2022-05-11,Elche,Away,2,True,True,la-liga,2021,Ath Madrid
2022-05-15,Sevilla,Home,1,True,True,la-liga,2021,Ath Madrid
2022-05-22,Sociedad,Away,2,True,True,la-liga,2021,Ath Madrid
2021-08-15,Sociedad,Home,4,True,True,la-liga,2021,Barcelona
2021-08-21,Ath Bilbao,Away,1,True,True,la-liga,2021,Barcelona
2021-08-29,Getafe,Home,2,True,True,la-liga,2021,Barcelona
2021-09-20,Granada,Home,1,True,True,la-liga,2021,Barcelona
2021-09-23,Cadiz,Away,0,True,True,la-liga,2021,Barcelona
2021-09-26,Levante,Home,3,True,True,la-liga,2021,Barcelona
2021-10-02,Ath Madrid,Away,0,True,True,la-liga,2021,Barcelona
2021-10-17,Valencia,Home,3,True,True,la-liga,2021,Barcelona
2021-10-24,Real Madrid,Home,1,True,True,la-liga,2021,Barcelona
2021-10-27,Vallecano,Away,0,True,True,la-liga,2021,Barcelona
2021-10-30,Alaves,Home,1,True,True,la-liga,2021,Barcelona
2021-11-06,Celta,Away,3,True,True,la-liga,2021,Barcelona
2021-11-20,Espanol,Home,1,True,True,la-liga,2021,Barcelona
2021-11-27,Villarreal,Away,3,True,True,la-liga,2021,Barcelona
2021-12-04,Betis,Home,0,True,True,la-liga,2021,Barcelona
2021-12-12,Osasuna,Away,2,True,True,la-liga,2021,Barcelona
2021-12-18,Elche,Home,3,True,True,la-liga,2021,Barcelona
2021-12-21,Sevilla,Away,1,True,True,la-liga,2021,Barcelona
2022-01-02,Mallorca,Away,1,True,True,la-liga,2021,Barcelona
2022-01-08,Granada,Away,1,True,True,la-liga,2021,Barcelona
2022-01-23,Alaves,Away,1,True,True,la-liga,2021,Barcelona
2022-02-06,Ath Madrid,Home,4,True,True,la-liga,2021,Barcelona
2022-02-13,Espanol,Away,2,True,True,la-liga,2021,Barcelona
2022-02-20,Valencia,Away,4,True,True,la-liga,2021,Barcelona
2022-02-27,Ath Bilbao,Home,4,True,True,la-liga,2021,Barcelona
2022-03-06,Elche,Away,2,True,True,la-liga,2021,Barcelona
2022-03-13,Osasuna,Home,4,True,True,la-liga,2021,Barcelona
2022-03-20,Real Madrid,Away,4,True,True,la-liga,2021,Barcelona
2022-04-03,Sevilla,Home,1,True,True,la-liga,2021,Barcelona
2022-04-10,Levante,Away,3,True,True,la-liga,2021,Barcelona
2022-04-18,Cadiz,Home,0,True,True,la-liga,2021,Barcelona
2022-04-21,Sociedad,Away,1,True,True,la-liga,2021,Barcelona
2022-04-24,Vallecano,Home,0,True,True,la-liga,2021,Barcelona
2022-05-01,Mallorca,Home,2,True,True,la-liga,2021,Barcelona
2022-05-07,Betis,Away,2,True,True,la-liga,2021,Barcelona
2022-05-10,Celta,Home,3,True,True,la-liga,2021,Barcelona
2022-05-15,Getafe,Away,0,True,True,la-liga,2021,Barcelona
2022-05-22,Villarreal,Home,0,True,True,la-liga,2021,Barcelona
2021-08-14,Mallorca,Away,1,True,True,la-liga,2021,Betis
2021-08-20,Cadiz,Home,1,True,True,la-liga,2021,Betis
2021-08-28,Real Madrid,Home,0,True,True,la-liga,2021,Betis
2021-09-13,Granada,Away,2,True,True,la-liga,2021,Betis
2021-09-19,Espanol,Home,2,True,True,la-liga,2021,Betis
2021-09-23,Osasuna,Away,3,True,True,la-liga,2021,Betis
2021-09-26,Getafe,Home,2,True,True,la-liga,2021,Betis
2021-10-03,Villarreal,Away,0,True,True,la-liga,2021,Betis
2021-10-18,Alaves,Away,1,True,True,la-liga,2021,Betis
2021-10-24,Vallecano,Home,3,True,True,la-liga,2021,Betis
2021-10-27,Valencia,Home,4,True,True,la-liga,2021,Betis
2021-10-31,Ath Madrid,Away,0,True,True,la-liga,2021,Betis
2021-11-07,Sevilla,Home,0,True,True,la-liga,2021,Betis
2021-11-21,Elche,Away,3,True,True,la-liga,2021,Betis
2021-11-28,Levante,Home,3,True,True,la-liga,2021,Betis
2021-12-04,Barcelona,Away,1,True,True,la-liga,2021,Betis
2021-12-12,Sociedad,Home,4,True,True,la-liga,2021,Betis
2021-12-19,Ath Bilbao,Away,2,True,True,la-liga,2021,Betis
2022-01-02,Celta,Home,0,True,True,la-liga,2021,Betis
2022-01-09,Vallecano,Away,1,True,True,la-liga,2021,Betis
2022-01-18,Alaves,Home,4,True,True,la-liga,2021,Betis
2022-01-21,Espanol,Away,4,True,True,la-liga,2021,Betis
2022-02-06,Villarreal,Home,0,True,True,la-liga,2021,Betis
2022-02-13,Levante,Away,4,True,True,la-liga,2021,Betis
2022-02-20,Mallorca,Home,2,True,True,la-liga,2021,Betis
2022-02-27,Sevilla,Away,1,True,True,la-liga,2021,Betis
2022-03-06,Ath Madrid,Home,1,True,True,la-liga,2021,Betis
2022-03-13,Ath Bilbao,Home,1,True,True,la-liga,2021,Betis
2022-03-20,Celta,Away,0,True,True,la-liga,2021,Betis
2022-04-03,Osasuna,Home,4,True,True,la-liga,2021,Betis
2022-04-09,Cadiz,Away,2,True,True,la-liga,2021,Betis
2022-04-15,Sociedad,Away,0,True,True,la-liga,2021,Betis
2022-04-19,Elche,Home,0,True,True,la-liga,2021,Betis
2022-05-02,Getafe,Away,0,True,True,la-liga,2021,Betis
2022-05-07,Barcelona,Home,1,True,True,la-liga,2021,Betis
2022-05-10,Valencia,Away,3,True,True,la-liga,2021,Betis
2022-05-15,Granada,Home,2,True,True,la-liga,2021,Betis
2022-05-20,Real Madrid,Away,0,True,True,la-liga,2021,Betis
2021-08-14,Levante,Home,1,True,True,la-liga,2021,Cadiz
2021-08-20,Betis,Away,1,True,True,la-liga,2021,Cadiz
2021-08-29,Osasuna,Home,2,True,True,la-liga,2021,Cadiz
2021-09-12,Sociedad,Home,0,True,True,la-liga,2021,Cadiz
2021-09-17,Celta,Away,2,True,True,la-liga,2021,Cadiz
2021-09-23,Barcelona,Home,0,True,True,la-liga,2021,Cadiz
2021-09-26,Vallecano,Away,1,True,True,la-liga,2021,Cadiz
2021-10-02,Valencia,Home,0,True,True,la-liga,2021,Cadiz
2021-10-18,Espanol,Away,0,True,True,la-liga,2021,Cadiz
2021-10-23,Alaves,Home,0,True,True,la-liga,2021,Cadiz
2021-10-26,Villarreal,Away,3,True,True,la-liga,2021,Cadiz
2021-10-31,Mallorca,Home,1,True,True,la-liga,2021,Cadiz
2021-11-05,Ath Bilbao,Away,1,True,True,la-liga,2021,Cadiz
2021-11-21,Getafe,Away,0,True,True,la-liga,2021,Cadiz
2021-11-28,Ath Madrid,Home,1,True,True,la-liga,2021,Cadiz
2021-12-05,Elche,Away,1,True,True,la-liga,2021,Cadiz
2021-12-13,Granada,Home,1,True,True,la-liga,2021,Cadiz
2021-12-19,Real Madrid,Away,0,True,True,la-liga,2021,Cadiz
2022-01-03,Sevilla,Home,0,True,True,la-liga,2021,Cadiz
2022-01-09,Osasuna,Away,0,True,True,la-liga,2021,Cadiz
2022-01-18,Espanol,Home,2,True,True,la-liga,2021,Cadiz
2022-01-22,Levante,Away,2,True,True,la-liga,2021,Cadiz
2022-02-05,Mallorca,Away,1,True,True,la-liga,2021,Cadiz
2022-02-12,Celta,Home,0,True,True,la-liga,2021,Cadiz
2022-02-19,Getafe,Home,1,True,True,la-liga,2021,Cadiz
2022-02-28,Granada,Away,0,True,True,la-liga,2021,Cadiz
2022-03-06,Vallecano,Home,2,True,True,la-liga,2021,Cadiz
2022-03-11,Ath Madrid,Away,1,True,True,la-liga,2021,Cadiz
2022-03-20,Villarreal,Home,1,True,True,la-liga,2021,Cadiz
2022-04-03,Valencia,Away,0,True,True,la-liga,2021,Cadiz
2022-04-09,Betis,Home,1,True,True,la-liga,2021,Cadiz
2022-04-18,Barcelona,Away,1,True,True,la-liga,2021,Cadiz
2022-04-21,Ath Bilbao,Home,2,True,True,la-liga,2021,Cadiz
2022-04-29,Sevilla,Away,1,True,True,la-liga,2021,Cadiz
2022-05-07,Elche,Home,3,True,True,la-liga,2021,Cadiz
2022-05-12,Sociedad,Away,0,True,True,la-liga,2021,Cadiz
2022-05-15,Real Madrid,Home,1,True,True,la-liga,2021,Cadiz
2022-05-22,Alaves,Away,1,True,True,la-liga,2021,Cadiz
2021-08-15,Ath Madrid,Home,1,True,True,la-liga,2021,Celta
2021-08-23,Osasuna,Away,0,True,True,la-liga,2021,Celta
2021-08-28,Ath Bilbao,Home,0,True,True,la-liga,2021,Celta
2021-09-12,Real Madrid,Away,2,True,True,la-liga,2021,Celta
2021-09-17,Cadiz,Home,1,True,True,la-liga,2021,Celta
2021-09-21,Levante,Away,2,True,True,la-liga,2021,Celta
2021-09-27,Granada,Home,1,True,True,la-liga,2021,Celta
2021-10-03,Elche,Away,0,True,True,la-liga,2021,Celta
2021-10-17,Sevilla,Home,0,True,True,la-liga,2021,Celta
2021-10-25,Getafe,Away,3,True,True,la-liga,2021,Celta
2021-10-28,Sociedad,Home,0,True,True,la-liga,2021,Celta
2021-11-01,Vallecano,Away,0,True,True,la-liga,2021,Celta
2021-11-06,Barcelona,Home,3,True,True,la-liga,2021,Celta
2021-11-20,Villarreal,Home,1,True,True,la-liga,2021,Celta
2021-11-27,Alaves,Away,2,True,True,la-liga,2021,Celta
2021-12-05,Valencia,Home,1,True,True,la-liga,2021,Celta
2021-12-10,Mallorca,Away,0,True,True,la-liga,2021,Celta
2021-12-17,Espanol,Home,3,True,True,la-liga,2021,Celta
2022-01-02,Betis,Away,2,True,True,la-liga,2021,Celta
2022-01-08,Sociedad,Away,0,True,True,la-liga,2021,Celta
2022-01-19,Osasuna,Home,2,True,True,la-liga,2021,Celta
2022-01-22,Sevilla,Away,2,True,True,la-liga,2021,Celta
2022-02-05,Vallecano,Home,2,True,True,la-liga,2021,Celta
2022-02-12,Cadiz,Away,0,True,True,la-liga,2021,Celta
2022-02-21,Levante,Home,1,True,True,la-liga,2021,Celta
2022-02-26,Ath Madrid,Away,0,True,True,la-liga,2021,Celta
2022-03-06,Mallorca,Home,4,True,True,la-liga,2021,Celta
2022-03-12,Villarreal,Away,0,True,True,la-liga,2021,Celta
2022-03-20,Betis,Home,0,True,True,la-liga,2021,Celta
2022-04-02,Real Madrid,Home,1,True,True,la-liga,2021,Celta
2022-04-10,Espanol,Away,0,True,True,la-liga,2021,Celta
2022-04-17,Ath Bilbao,Away,2,True,True,la-liga,2021,Celta
2022-04-20,Getafe,Home,0,True,True,la-liga,2021,Celta
2022-05-01,Granada,Away,1,True,True,la-liga,2021,Celta
2022-05-07,Alaves,Home,4,True,True,la-liga,2021,Celta
2022-05-10,Barcelona,Away,1,True,True,la-liga,2021,Celta
2022-05-15,Elche,Home,1,True,True,la-liga,2021,Celta
2022-05-21,Valencia,Away,0,True,True,la-liga,2021,Celta
2021-08-16,Ath Bilbao,Home,0,True,True,la-liga,2021,Elche
2021-08-22,Ath Madrid,Away,0,True,True,la-liga,2021,Elche
2021-08-28,Sevilla,Home,1,True,True,la-liga,2021,Elche
2021-09-13,Getafe,Away,1,True,True,la-liga,2021,Elche
2021-09-18,Levante,Home,1,True,True,la-liga,2021,Elche
2021-09-22,Villarreal,Away,1,True,True,la-liga,2021,Elche
2021-09-26,Sociedad,Away,0,True,True,la-liga,2021,Elche
2021-10-03,Celta,Home,1,True,True,la-liga,2021,Elche
2021-10-17,Vallecano,Away,1,True,True,la-liga,2021,Elche
2021-10-23,Espanol,Home,2,True,True,la-liga,2021,Elche
2021-10-26,Alaves,Away,0,True,True,la-liga,2021,Elche
2021-10-30,Real Madrid,Home,1,True,True,la-liga,2021,Elche
2021-11-07,Mallorca,Away,2,True,True,la-liga,2021,Elche
2021-11-21,Betis,Home,0,True,True,la-liga,2021,Elche
2021-11-29,Osasuna,Away,1,True,True,la-liga,2021,Elche
2021-12-05,Cadiz,Home,3,True,True,la-liga,2021,Elche
2021-12-11,Valencia,Away,1,True,True,la-liga,2021,Elche
2021-12-18,Barcelona,Away,2,True,True,la-liga,2021,Elche
2022-01-02,Granada,Home,0,True,True,la-liga,2021,Elche
2022-01-10,Espanol,Away,2,True,True,la-liga,2021,Elche
2022-01-16,Villarreal,Home,1,True,True,la-liga,2021,Elche
2022-01-23,Real Madrid,Away,2,True,True,la-liga,2021,Elche
2022-02-05,Alaves,Home,3,True,True,la-liga,2021,Elche
2022-02-11,Sevilla,Away,0,True,True,la-liga,2021,Elche
2022-02-18,Vallecano,Home,2,True,True,la-liga,2021,Elche
2022-02-25,Levante,Away,0,True,True,la-liga,2021,Elche
2022-03-06,Barcelona,Home,1,True,True,la-liga,2021,Elche
2022-03-12,Granada,Away,1,True,True,la-liga,2021,Elche
2022-03-19,Valencia,Home,0,True,True,la-liga,2021,Elche
2022-04-03,Ath Bilbao,Away,1,True,True,la-liga,2021,Elche
2022-04-10,Sociedad,Home,1,True,True,la-liga,2021,Elche
2022-04-16,Mallorca,Home,3,True,True,la-liga,2021,Elche
2022-04-19,Betis,Away,1,True,True,la-liga,2021,Elche
2022-05-01,Osasuna,Home,1,True,True,la-liga,2021,Elche
2022-05-07,Cadiz,Away,0,True,True,la-liga,2021,Elche
2022-05-11,Ath Madrid,Home,0,True,True,la-liga,2021,Elche
2022-05-15,Celta,Away,0,True,True,la-liga,2021,Elche
2022-05-22,Getafe,Home,3,True,True,la-liga,2021,Elche
2021-08-14,Osasuna,Away,0,True,True,la-liga,2021,Espanol
2021-08-21,Villarreal,Home,0,True,True,la-liga,2021,Espanol
2021-08-27,Mallorca,Away,0,True,True,la-liga,2021,Espanol
2021-09-12,Ath Madrid,Home,1,True,True,la-liga,2021,Espanol
2021-09-19,Betis,Away,2,True,True,la-liga,2021,Espanol
2021-09-22,Alaves,Home,1,True,True,la-liga,2021,Espanol
2021-09-25,Sevilla,Away,0,True,True,la-liga,2021,Espanol
2021-10-03,Real Madrid,Home,2,True,True,la-liga,2021,Espanol
2021-10-18,Cadiz,Home,2,True,True,la-liga,2021,Espanol
2021-10-23,Elche,Away,2,True,True,la-liga,2021,Espanol
2021-10-26,Ath Bilbao,Home,1,True,True,la-liga,2021,Espanol
2021-10-31,Getafe,Away,1,True,True,la-liga,2021,Espanol
2021-11-06,Granada,Home,2,True,True,la-liga,2021,Espanol
2021-11-20,Barcelona,Away,0,True,True,la-liga,2021,Espanol
2021-11-28,Sociedad,Home,1,True,True,la-liga,2021,Espanol
2021-12-05,Vallecano,Away,0,True,True,la-liga,2021,Espanol
2021-12-11,Levante,Home,4,True,True,la-liga,2021,Espanol
2021-12-17,Celta,Away,1,True,True,la-liga,2021,Espanol
2021-12-31,Valencia,Away,2,True,True,la-liga,2021,Espanol
2022-01-10,Elche,Home,1,True,True,la-liga,2021,Espanol
2022-01-18,Cadiz,Away,2,True,True,la-liga,2021,Espanol
2022-01-21,Betis,Home,1,True,True,la-liga,2021,Espanol
2022-02-07,Ath Bilbao,Away,1,True,True,la-liga,2021,Espanol
2022-02-13,Barcelona,Home,2,True,True,la-liga,2021,Espanol
2022-02-20,Sevilla,Home,1,True,True,la-liga,2021,Espanol
2022-02-27,Villarreal,Away,1,True,True,la-liga,2021,Espanol
2022-03-05,Getafe,Home,2,True,True,la-liga,2021,Espanol
2022-03-12,Levante,Away,1,True,True,la-liga,2021,Espanol
2022-03-20,Mallorca,Home,1,True,True,la-liga,2021,Espanol
2022-04-04,Sociedad,Away,0,True,True,la-liga,2021,Espanol
2022-04-10,Celta,Home,1,True,True,la-liga,2021,Espanol
2022-04-17,Ath Madrid,Away,1,True,True,la-liga,2021,Espanol
2022-04-21,Vallecano,Home,0,True,True,la-liga,2021,Espanol
2022-04-30,Real Madrid,Away,0,True,True,la-liga,2021,Espanol
2022-05-08,Osasuna,Home,1,True,True,la-liga,2021,Espanol
2022-05-11,Alaves,Away,1,True,True,la-liga,2021,Espanol
2022-05-14,Valencia,Home,1,True,True,la-liga,2021,Espanol
2022-05-22,Granada,Away,0,True,True,la-liga,2021,Espanol
2021-08-13,Valencia,Away,0,True,True,la-liga,2021,Getafe
2021-08-23,Sevilla,Home,0,True,True,la-liga,2021,Getafe
2021-08-29,Barcelona,Away,1,True,True,la-liga,2021,Getafe
2021-09-13,Elche,Home,0,True,True,la-liga,2021,Getafe
2021-09-18,Vallecano,Away,0,True,True,la-liga,2021,Getafe
2021-09-21,Ath Madrid,Home,1,True,True,la-liga,2021,Getafe
2021-09-26,Betis,Away,0,True,True,la-liga,2021,Getafe
2021-10-03,Sociedad,Home,1,True,True,la-liga,2021,Getafe
2021-10-16,Levante,Away,0,True,True,la-liga,2021,Getafe
2021-10-25,Celta,Home,0,True,True,la-liga,2021,Getafe
2021-10-28,Granada,Away,1,True,True,la-liga,2021,Getafe
2021-10-31,Espanol,Home,2,True,True,la-liga,2021,Getafe
2021-11-07,Villarreal,Away,0,True,True,la-liga,2021,Getafe
2021-11-21,Cadiz,Home,4,True,True,la-liga,2021,Getafe
2021-11-27,Mallorca,Away,0,True,True,la-liga,2021,Getafe
2021-12-06,Ath Bilbao,Home,0,True,True,la-liga,2021,Getafe
2021-12-11,Alaves,Away,1,True,True,la-liga,2021,Getafe
2021-12-19,Osasuna,Home,1,True,True,la-liga,2021,Getafe
2022-01-02,Real Madrid,Home,1,True,True,la-liga,2021,Getafe
2022-01-09,Sevilla,Away,0,True,True,la-liga,2021,Getafe
2022-01-20,Granada,Home,4,True,True,la-liga,2021,Getafe
2022-01-23,Sociedad,Away,0,True,True,la-liga,2021,Getafe
2022-02-04,Levante,Home,3,True,True,la-liga,2021,Getafe
2022-02-12,Ath Madrid,Away,3,True,True,la-liga,2021,Getafe
2022-02-19,Cadiz,Away,1,True,True,la-liga,2021,Getafe
2022-02-26,Alaves,Home,2,True,True,la-liga,2021,Getafe
2022-03-05,Espanol,Away,0,True,True,la-liga,2021,Getafe
2022-03-12,Valencia,Home,0,True,True,la-liga,2021,Getafe
2022-03-18,Ath Bilbao,Away,1,True,True,la-liga,2021,Getafe
2022-04-02,Mallorca,Home,1,True,True,la-liga,2021,Getafe
2022-04-09,Real Madrid,Away,0,True,True,la-liga,2021,Getafe
2022-04-16,Villarreal,Home,1,True,True,la-liga,2021,Getafe
2022-04-20,Celta,Away,2,True,True,la-liga,2021,Getafe
2022-05-02,Betis,Home,0,True,True,la-liga,2021,Getafe
2022-05-08,Vallecano,Home,0,True,True,la-liga,2021,Getafe
2022-05-11,Osasuna,Away,1,True,True,la-liga,2021,Getafe
2022-05-15,Barcelona,Home,0,True,True,la-liga,2021,Getafe
2022-05-22,Elche,Away,1,True,True,la-liga,2021,Getafe
2021-08-16,Villarreal,Away,0,True,True,la-liga,2021,Granada
2021-08-21,Valencia,Home,1,True,True,la-liga,2021,Granada
2021-08-29,Vallecano,Away,0,True,True,la-liga,2021,Granada
2021-09-13,Betis,Home,1,True,True,la-liga,2021,Granada
2021-09-20,Barcelona,Away,1,True,True,la-liga,2021,Granada
2021-09-23,Sociedad,Home,2,True,True,la-liga,2021,Granada
2021-09-27,Celta,Away,0,True,True,la-liga,2021,Granada
2021-10-03,Sevilla,Home,1,True,True,la-liga,2021,Granada
2021-10-22,Osasuna,Away,1,True,True,la-liga,2021,Granada
2021-10-28,Getafe,Home,1,True,True,la-liga,2021,Granada
2021-11-01,Levante,Away,3,True,True,la-liga,2021,Granada
2021-11-06,Espanol,Away,0,True,True,la-liga,2021,Granada
2021-11-21,Real Madrid,Home,1,True,True,la-liga,2021,Granada
2021-11-26,Ath Bilbao,Away,2,True,True,la-liga,2021,Granada
2021-12-03,Alaves,Home,2,True,True,la-liga,2021,Granada
2021-12-13,Cadiz,Away,1,True,True,la-liga,2021,Granada
2021-12-19,Mallorca,Home,4,True,True,la-liga,2021,Granada
2021-12-22,Ath Madrid,Home,2,True,True,la-liga,2021,Granada
2022-01-02,Elche,Away,0,True,True,la-liga,2021,Granada
2022-01-08,Barcelona,Home,1,True,True,la-liga,2021,Granada
2022-01-20,Getafe,Away,2,True,True,la-liga,2021,Granada
2022-01-23,Osasuna,Home,0,True,True,la-liga,2021,Granada
2022-02-06,Real Madrid,Away,0,True,True,la-liga,2021,Granada
2022-02-13,Sociedad,Away,0,True,True,la-liga,2021,Granada
2022-02-19,Villarreal,Home,1,True,True,la-liga,2021,Granada
2022-02-28,Cadiz,Home,0,True,True,la-liga,2021,Granada
2022-03-05,Valencia,Away,1,True,True,la-liga,2021,Granada
2022-03-12,Elche,Home,0,True,True,la-liga,2021,Granada
2022-03-19,Alaves,Away,3,True,True,la-liga,2021,Granada
2022-04-03,Vallecano,Home,2,True,True,la-liga,2021,Granada
2022-04-08,Sevilla,Away,2,True,True,la-liga,2021,Granada
2022-04-17,Levante,Home,1,True,True,la-liga,2021,Granada
2022-04-20,Ath Madrid,Away,0,True,True,la-liga,2021,Granada
2022-05-01,Celta,Home,1,True,True,la-liga,2021,Granada
2022-05-07,Mallorca,Away,6,True,True,la-liga,2021,Granada
2022-05-10,Ath Bilbao,Home,1,True,True,la-liga,2021,Granada
2022-05-15,Betis,Away,0,True,True,la-liga,2021,Granada
2022-05-22,Espanol,Home,0,True,True,la-liga,2021,Granada
2021-08-14,Cadiz,Away,1,True,True,la-liga,2021,Levante
2021-08-22,Real Madrid,Home,3,True,True,la-liga,2021,Levante
2021-08-28,Sociedad,Away,0,True,True,la-liga,2021,Levante
2021-09-11,Vallecano,Home,1,True,True,la-liga,2021,Levante
2021-09-18,Elche,Away,1,True,True,la-liga,2021,Levante
2021-09-21,Celta,Home,0,True,True,la-liga,2021,Levante
2021-09-26,Barcelona,Away,0,True,True,la-liga,2021,Levante
2021-10-02,Mallorca,Away,0,True,True,la-liga,2021,Levante
2021-10-16,Getafe,Home,0,True,True,la-liga,2021,Levante
2021-10-24,Sevilla,Away,3,True,True,la-liga,2021,Levante
2021-10-28,Ath Madrid,Home,2,True,True,la-liga,2021,Levante
2021-11-01,Granada,Home,0,True,True,la-liga,2021,Levante
2021-11-06,Alaves,Away,1,True,True,la-liga,2021,Levante
2021-11-19,Ath Bilbao,Home,0,True,True,la-liga,2021,Levante
2021-11-28,Betis,Away,1,True,True,la-liga,2021,Levante
2021-12-05,Osasuna,Home,0,True,True,la-liga,2021,Levante
2021-12-11,Espanol,Away,3,True,True,la-liga,2021,Levante
2021-12-20,Valencia,Home,3,True,True,la-liga,2021,Levante
2022-01-03,Villarreal,Away,0,True,True,la-liga,2021,Levante
2022-01-08,Mallorca,Home,2,True,True,la-liga,2021,Levante
2022-01-22,Cadiz,Home,0,True,True,la-liga,2021,Levante
2022-02-04,Getafe,Away,0,True,True,la-liga,2021,Levante
2022-02-13,Betis,Home,2,True,True,la-liga,2021,Levante
2022-02-16,Ath Madrid,Away,1,True,True,la-liga,2021,Levante
2022-02-21,Celta,Away,1,True,True,la-liga,2021,Levante
2022-02-25,Elche,Home,3,True,True,la-liga,2021,Levante
2022-03-07,Ath Bilbao,Away,1,True,True,la-liga,2021,Levante
2022-03-12,Espanol,Home,1,True,True,la-liga,2021,Levante
2022-03-19,Osasuna,Away,1,True,True,la-liga,2021,Levante
2022-04-02,Villarreal,Home,2,True,True,la-liga,2021,Levante
2022-04-10,Barcelona,Home,2,True,True,la-liga,2021,Levante
2022-04-17,Granada,Away,4,True,True,la-liga,2021,Levante
2022-04-21,Sevilla,Home,2,True,True,la-liga,2021,Levante
2022-04-30,Valencia,Away,1,True,True,la-liga,2021,Levante
2022-05-06,Sociedad,Home,2,True,True,la-liga,2021,Levante
2022-05-12,Real Madrid,Away,0,True,True,la-liga,2021,Levante
2022-05-15,Alaves,Home,3,True,True,la-liga,2021,Levante
2022-05-20,Vallecano,Away,4,True,True,la-liga,2021,Levante
2021-08-14,Betis,Home,1,True,True,la-liga,2021,Mallorca
2021-08-21,Alaves,Away,1,True,True,la-liga,2021,Mallorca
2021-08-27,Espanol,Home,1,True,True,la-liga,2021,Mallorca
2021-09-11,Ath Bilbao,Away,0,True,True,la-liga,2021,Mallorca
2021-09-19,Villarreal,Home,0,True,True,la-liga,2021,Mallorca
2021-09-22,Real Madrid,Away,1,True,True,la-liga,2021,Mallorca
2021-09-26,Osasuna,Home,2,True,True,la-liga,2021,Mallorca
2021-10-02,Levante,Home,1,True,True,la-liga,2021,Mallorca
2021-10-16,Sociedad,Away,0,True,True,la-liga,2021,Mallorca
2021-10-23,Valencia,Away,2,True,True,la-liga,2021,Mallorca
2021-10-27,Sevilla,Home,1,True,True,la-liga,2021,Mallorca
2021-10-31,Cadiz,Away,1,True,True,la-liga,2021,Mallorca
2021-11-07,Elche,Home,2,True,True,la-liga,2021,Mallorca
2021-11-22,Vallecano,Away,1,True,True,la-liga,2021,Mallorca
2021-11-27,Getafe,Home,0,True,True,la-liga,2021,Mallorca
2021-12-04,Ath Madrid,Away,2,True,True,la-liga,2021,Mallorca
2021-12-10,Celta,Home,0,True,True,la-liga,2021,Mallorca
2021-12-19,Granada,Away,1,True,True,la-liga,2021,Mallorca
2022-01-02,Barcelona,Home,0,True,True,la-liga,2021,Mallorca
2022-01-08,Levante,Away,0,True,True,la-liga,2021,Mallorca
2022-01-22,Villarreal,Away,0,True,True,la-liga,2021,Mallorca
2022-02-05,Cadiz,Home,2,True,True,la-liga,2021,Mallorca
2022-02-14,Ath Bilbao,Home,3,True,True,la-liga,2021,Mallorca
2022-02-20,Betis,Away,1,True,True,la-liga,2021,Mallorca
2022-02-26,Valencia,Home,0,True,True,la-liga,2021,Mallorca
2022-03-02,Sociedad,Home,0,True,True,la-liga,2021,Mallorca
2022-03-06,Celta,Away,3,True,True,la-liga,2021,Mallorca
2022-03-14,Real Madrid,Home,0,True,True,la-liga,2021,Mallorca
2022-03-20,Espanol,Away,0,True,True,la-liga,2021,Mallorca
2022-04-02,Getafe,Away,0,True,True,la-liga,2021,Mallorca
2022-04-09,Ath Madrid,Home,1,True,True,la-liga,2021,Mallorca
2022-04-16,Elche,Away,0,True,True,la-liga,2021,Mallorca
2022-04-19,Alaves,Home,2,True,True,la-liga,2021,Mallorca
2022-05-01,Barcelona,Away,1,True,True,la-liga,2021,Mallorca
2022-05-07,Granada,Home,2,True,True,la-liga,2021,Mallorca
2022-05-11,Sevilla,Away,0,True,True,la-liga,2021,Mallorca
2022-05-15,Vallecano,Home,2,True,True,la-liga,2021,Mallorca
2022-05-22,Osasuna,Away,2,True,True,la-liga,2021,Mallorca
2021-08-14,Espanol,Home,0,True,True,la-liga,2021,Osasuna
2021-08-23,Celta,Home,0,True,True,la-liga,2021,Osasuna
2021-08-29,Cadiz,Away,3,True,True,la-liga,2021,Osasuna
2021-09-12,Valencia,Home,1,True,True,la-liga,2021,Osasuna
2021-09-18,Alaves,Away,2,True,True,la-liga,2021,Osasuna
2021-09-23,Betis,Home,1,True,True,la-liga,2021,Osasuna
2021-09-26,Mallorca,Away,3,True,True,la-liga,2021,Osasuna
2021-10-02,Vallecano,Home,1,True,True,la-liga,2021,Osasuna
2021-10-17,Villarreal,Away,2,True,True,la-liga,2021,Osasuna
2021-10-22,Granada,Home,1,True,True,la-liga,2021,Osasuna
2021-10-27,Real Madrid,Away,0,True,True,la-liga,2021,Osasuna
2021-10-30,Sevilla,Away,0,True,True,la-liga,2021,Osasuna
2021-11-07,Sociedad,Home,0,True,True,la-liga,2021,Osasuna
2021-11-20,Ath Madrid,Away,0,True,True,la-liga,2021,Osasuna
2021-11-29,Elche,Home,1,True,True,la-liga,2021,Osasuna
2021-12-05,Levante,Away,0,True,True,la-liga,2021,Osasuna
2021-12-12,Barcelona,Home,2,True,True,la-liga,2021,Osasuna
2021-12-19,Getafe,Away,0,True,True,la-liga,2021,Osasuna
2022-01-03,Ath Bilbao,Home,1,True,True,la-liga,2021,Osasuna
2022-01-09,Cadiz,Home,2,True,True,la-liga,2021,Osasuna
2022-01-19,Celta,Away,0,True,True,la-liga,2021,Osasuna
2022-01-23,Granada,Away,2,True,True,la-liga,2021,Osasuna
2022-02-05,Sevilla,Home,0,True,True,la-liga,2021,Osasuna
2022-02-12,Vallecano,Away,3,True,True,la-liga,2021,Osasuna
2022-02-19,Ath Madrid,Home,0,True,True,la-liga,2021,Osasuna
2022-02-27,Sociedad,Away,0,True,True,la-liga,2021,Osasuna
2022-03-05,Villarreal,Home,1,True,True,la-liga,2021,Osasuna
2022-03-13,Barcelona,Away,0,True,True,la-liga,2021,Osasuna
2022-03-19,Levante,Home,3,True,True,la-liga,2021,Osasuna
2022-04-03,Betis,Away,1,True,True,la-liga,2021,Osasuna
2022-04-10,Alaves,Home,1,True,True,la-liga,2021,Osasuna
2022-04-16,Valencia,Away,2,True,True,la-liga,2021,Osasuna
2022-04-20,Real Madrid,Home,1,True,True,la-liga,2021,Osasuna
2022-05-01,Elche,Away,1,True,True,la-liga,2021,Osasuna
2022-05-08,Espanol,Away,1,True,True,la-liga,2021,Osasuna
2022-05-11,Getafe,Home,1,True,True,la-liga,2021,Osasuna
2022-05-15,Ath Bilbao,Away,0,True,True,la-liga,2021,Osasuna
2022-05-22,Mallorca,Home,0,True,True,la-liga,2021,Osasuna
2021-08-14,Alaves,Away,4,True,True,la-liga,2021,Real Madrid
2021-08-22,Levante,Away,3,True,True,la-liga,2021,Real Madrid
2021-08-28,Betis,Away,1,True,True,la-liga,2021,Real Madrid
2021-09-12,Celta,Home,5,True,True,la-liga,2021,Real Madrid
2021-09-19,Valencia,Away,2,True,True,la-liga,2021,Real Madrid
2021-09-22,Mallorca,Home,6,True,True,la-liga,2021,Real Madrid
2021-09-25,Villarreal,Home,0,True,True,la-liga,2021,Real Madrid
2021-10-03,Espanol,Away,1,True,True,la-liga,2021,Real Madrid
2021-10-24,Barcelona,Away,2,True,True,la-liga,2021,Real Madrid
2021-10-27,Osasuna,Home,0,True,True,la-liga,2021,Real Madrid
2021-10-30,Elche,Away,2,True,True,la-liga,2021,Real Madrid
2021-11-06,Vallecano,Home,2,True,True,la-liga,2021,Real Madrid
2021-11-21,Granada,Away,4,True,True,la-liga,2021,Real Madrid
2021-11-28,Sevilla,Home,2,True,True,la-liga,2021,Real Madrid
2021-12-01,Ath Bilbao,Home,1,True,True,la-liga,2021,Real Madrid
2021-12-04,Sociedad,Away,2,True,True,la-liga,2021,Real Madrid
2021-12-12,Ath Madrid,Home,2,True,True,la-liga,2021,Real Madrid
2021-12-19,Cadiz,Home,0,True,True,la-liga,2021,Real Madrid
2021-12-22,Ath Bilbao,Away,2,True,True,la-liga,2021,Real Madrid
2022-01-02,Getafe,Away,0,True,True,la-liga,2021,Real Madrid
2022-01-08,Valencia,Home,4,True,True,la-liga,2021,Real Madrid
2022-01-23,Elche,Home,2,True,True,la-liga,2021,Real Madrid
2022-02-06,Granada,Home,1,True,True,la-liga,2021,Real Madrid
2022-02-12,Villarreal,Away,0,True,True,la-liga,2021,Real Madrid
2022-02-19,Alaves,Home,3,True,True,la-liga,2021,Real Madrid
2022-02-26,Vallecano,Away,1,True,True,la-liga,2021,Real Madrid
2022-03-05,Sociedad,Home,4,True,True,la-liga,2021,Real Madrid
2022-03-14,Mallorca,Away,3,True,True,la-liga,2021,Real Madrid
2022-03-20,Barcelona,Home,0,True,True,la-liga,2021,Real Madrid
2022-04-02,Celta,Away,2,True,True,la-liga,2021,Real Madrid
2022-04-09,Getafe,Home,2,True,True,la-liga,2021,Real Madrid
2022-04-17,Sevilla,Away,3,True,True,la-liga,2021,Real Madrid
2022-04-20,Osasuna,Away,3,True,True,la-liga,2021,Real Madrid
2022-04-30,Espanol,Home,4,True,True,la-liga,2021,Real Madrid
2022-05-08,Ath Madrid,Away,0,True,True,la-liga,2021,Real Madrid
2022-05-12,Levante,Home,6,True,True,la-liga,2021,Real Madrid
2022-05-15,Cadiz,Away,1,True,True,la-liga,2021,Real Madrid
2022-05-20,Betis,Home,0,True,True,la-liga,2021,Real Madrid
2021-08-15,Vallecano,Home,3,True,True,la-liga,2021,Sevilla
2021-08-23,Getafe,Away,1,True,True,la-liga,2021,Sevilla
2021-08-28,Elche,Away,1,True,True,la-liga,2021,Sevilla
2021-09-19,Sociedad,Away,0,True,True,la-liga,2021,Sevilla
2021-09-22,Valencia,Home,3,True,True,la-liga,2021,Sevilla
2021-09-25,Espanol,Home,2,True,True,la-liga,2021,Sevilla
2021-10-03,Granada,Away,0,True,True,la-liga,2021,Sevilla
2021-10-17,Celta,Away,1,True,True,la-liga,2021,Sevilla
2021-10-24,Levante,Home,5,True,True,la-liga,2021,Sevilla
2021-10-27,Mallorca,Away,1,True,True,la-liga,2021,Sevilla
2021-10-30,Osasuna,Home,2,True,True,la-liga,2021,Sevilla
2021-11-07,Betis,Away,2,True,True,la-liga,2021,Sevilla
2021-11-20,Alaves,Home,2,True,True,la-liga,2021,Sevilla
2021-11-28,Real Madrid,Away,1,True,True,la-liga,2021,Sevilla
2021-12-04,Villarreal,Home,1,True,True,la-liga,2021,Sevilla
2021-12-11,Ath Bilbao,Away,1,True,True,la-liga,2021,Sevilla
2021-12-18,Ath Madrid,Home,2,True,True,la-liga,2021,Sevilla
2021-12-21,Barcelona,Home,1,True,True,la-liga,2021,Sevilla
2022-01-03,Cadiz,Away,1,True,True,la-liga,2021,Sevilla
2022-01-09,Getafe,Home,1,True,True,la-liga,2021,Sevilla
2022-01-19,Valencia,Away,1,True,True,la-liga,2021,Sevilla
2022-01-22,Celta,Home,2,True,True,la-liga,2021,Sevilla
2022-02-05,Osasuna,Away,0,True,True,la-liga,2021,Sevilla
2022-02-11,Elche,Home,2,True,True,la-liga,2021,Sevilla
2022-02-20,Espanol,Away,1,True,True,la-liga,2021,Sevilla
2022-02-27,Betis,Home,2,True,True,la-liga,2021,Sevilla
2022-03-04,Alaves,Away,0,True,True,la-liga,2021,Sevilla
2022-03-13,Vallecano,Away,1,True,True,la-liga,2021,Sevilla
2022-03-20,Sociedad,Home,0,True,True,la-liga,2021,Sevilla
2022-04-03,Barcelona,Away,0,True,True,la-liga,2021,Sevilla
2022-04-08,Granada,Home,4,True,True,la-liga,2021,Sevilla
2022-04-17,Real Madrid,Home,2,True,True,la-liga,2021,Sevilla
2022-04-21,Levante,Away,3,True,True,la-liga,2021,Sevilla
2022-04-29,Cadiz,Home,1,True,True,la-liga,2021,Sevilla
2022-05-08,Villarreal,Away,1,True,True,la-liga,2021,Sevilla
2022-05-11,Mallorca,Home,0,True,True,la-liga,2021,Sevilla
2022-05-15,Ath Madrid,Away,1,True,True,la-liga,2021,Sevilla
2022-05-22,Ath Bilbao,Home,1,True,True,la-liga,2021,Sevilla
2021-08-15,Barcelona,Away,2,True,True,la-liga,2021,Sociedad
2021-08-22,Vallecano,Home,1,True,True,la-liga,2021,Sociedad
2021-08-28,Levante,Home,1,True,True,la-liga,2021,Sociedad
2021-09-12,Cadiz,Away,2,True,True,la-liga,2021,Sociedad
2021-09-19,Sevilla,Home,0,True,True,la-liga,2021,Sociedad
2021-09-23,Granada,Away,3,True,True,la-liga,2021,Sociedad
2021-09-26,Elche,Home,1,True,True,la-liga,2021,Sociedad
2021-10-03,Getafe,Away,1,True,True,la-liga,2021,Sociedad
2021-10-16,Mallorca,Home,1,True,True,la-liga,2021,Sociedad
2021-10-24,Ath Madrid,Away,2,True,True,la-liga,2021,Sociedad
2021-10-28,Celta,Away,2,True,True,la-liga,2021,Sociedad
2021-10-31,Ath Bilbao,Home,1,True,True,la-liga,2021,Sociedad
2021-11-07,Osasuna,Away,2,True,True,la-liga,2021,Sociedad
2021-11-21,Valencia,Home,0,True,True,la-liga,2021,Sociedad
2021-11-28,Espanol,Away,0,True,True,la-liga,2021,Sociedad
2021-12-04,Real Madrid,Home,0,True,True,la-liga,2021,Sociedad
2021-12-12,Betis,Away,0,True,True,la-liga,2021,Sociedad
2021-12-18,Villarreal,Home,1,True,True,la-liga,2021,Sociedad
2022-01-02,Alaves,Away,1,True,True,la-liga,2021,Sociedad
2022-01-08,Celta,Home,1,True,True,la-liga,2021,Sociedad
2022-01-23,Getafe,Home,0,True,True,la-liga,2021,Sociedad
2022-02-06,Valencia,Away,0,True,True,la-liga,2021,Sociedad
2022-02-13,Granada,Home,2,True,True,la-liga,2021,Sociedad
2022-02-20,Ath Bilbao,Away,0,True,True,la-liga,2021,Sociedad
2022-02-27,Osasuna,Home,1,True,True,la-liga,2021,Sociedad
2022-03-02,Mallorca,Away,2,True,True,la-liga,2021,Sociedad
2022-03-05,Real Madrid,Away,1,True,True,la-liga,2021,Sociedad
2022-03-13,Alaves,Home,1,True,True,la-liga,2021,Sociedad
2022-03-20,Sevilla,Away,0,True,True,la-liga,2021,Sociedad
2022-04-04,Espanol,Home,1,True,True,la-liga,2021,Sociedad
2022-04-10,Elche,Away,2,True,True,la-liga,2021,Sociedad
2022-04-15,Betis,Home,0,True,True,la-liga,2021,Sociedad
2022-04-21,Barcelona,Home,0,True,True,la-liga,2021,Sociedad
2022-05-01,Vallecano,Away,1,True,True,la-liga,2021,Sociedad
2022-05-06,Levante,Away,1,True,True,la-liga,2021,Sociedad
2022-05-12,Cadiz,Home,3,True,True,la-liga,2021,Sociedad
2022-05-15,Villarreal,Away,2,True,True,la-liga,2021,Sociedad
2022-05-22,Ath Madrid,Home,1,True,True,la-liga,2021,Sociedad
2021-08-13,Getafe,Home,1,True,True,la-liga,2021,Valencia
2021-08-21,Granada,Away,1,True,True,la-liga,2021,Valencia
2021-08-27,Alaves,Home,3,True,True,la-liga,2021,Valencia
2021-09-12,Osasuna,Away,4,True,True,la-liga,2021,Valencia
2021-09-19,Real Madrid,Home,1,True,True,la-liga,2021,Valencia
2021-09-22,Sevilla,Away,1,True,True,la-liga,2021,Valencia
2021-09-25,Ath Bilbao,Home,1,True,True,la-liga,2021,Valencia
2021-10-02,Cadiz,Away,0,True,True,la-liga,2021,Valencia
2021-10-17,Barcelona,Away,1,True,True,la-liga,2021,Valencia
2021-10-23,Mallorca,Home,2,True,True,la-liga,2021,Valencia
2021-10-27,Betis,Away,1,True,True,la-liga,2021,Valencia
2021-10-30,Villarreal,Home,2,True,True,la-liga,2021,Valencia
2021-11-07,Ath Madrid,Home,3,True,True,la-liga,2021,Valencia
2021-11-21,Sociedad,Away,0,True,True,la-liga,2021,Valencia
2021-11-27,Vallecano,Home,1,True,True,la-liga,2021,Valencia
2021-12-05,Celta,Away,2,True,True,la-liga,2021,Valencia
2021-12-11,Elche,Home,2,True,True,la-liga,2021,Valencia
2021-12-20,Levante,Away,4,True,True,la-liga,2021,Valencia
2021-12-31,Espanol,Home,1,True,True,la-liga,2021,Valencia
2022-01-08,Real Madrid,Away,1,True,True,la-liga,2021,Valencia
2022-01-19,Sevilla,Home,1,True,True,la-liga,2021,Valencia
2022-01-22,Ath Madrid,Away,2,True,True,la-liga,2021,Valencia
2022-02-06,Sociedad,Home,0,True,True,la-liga,2021,Valencia
2022-02-13,Alaves,Away,1,True,True,la-liga,2021,Valencia
2022-02-20,Barcelona,Home,1,True,True,la-liga,2021,Valencia
2022-02-26,Mallorca,Away,1,True,True,la-liga,2021,Valencia
2022-03-05,Granada,Home,3,True,True,la-liga,2021,Valencia
2022-03-12,Getafe,Away,0,True,True,la-liga,2021,Valencia
2022-03-19,Elche,Away,1,True,True,la-liga,2021,Valencia
2022-04-03,Cadiz,Home,0,True,True,la-liga,2021,Valencia
2022-04-11,Vallecano,Away,1,True,True,la-liga,2021,Valencia
2022-04-16,Osasuna,Home,1,True,True,la-liga,2021,Valencia
2022-04-19,Villarreal,Away,0,True,True,la-liga,2021,Valencia
2022-04-30,Levante,Home,1,True,True,la-liga,2021,Valencia
2022-05-07,Ath Bilbao,Away,0,True,True,la-liga,2021,Valencia
2022-05-10,Betis,Home,0,True,True,la-liga,2021,Valencia
2022-05-14,Espanol,Away,1,True,True,la-liga,2021,Valencia
2022-05-21,Celta,Home,2,True,True,la-liga,2021,Valencia
2021-08-15,Sevilla,Away,0,True,True,la-liga,2021,Vallecano
2021-08-22,Sociedad,Away,0,True,True,la-liga,2021,Vallecano
2021-08-29,Granada,Home,4,True,True,la-liga,2021,Vallecano
2021-09-11,Levante,Away,1,True,True,la-liga,2021,Vallecano
2021-09-18,Getafe,Home,3,True,True,la-liga,2021,Vallecano
2021-09-21,Ath Bilbao,Away,2,True,True,la-liga,2021,Vallecano
2021-09-26,Cadiz,Home,3,True,True,la-liga,2021,Vallecano
2021-10-02,Osasuna,Away,0,True,True,la-liga,2021,Vallecano
2021-10-17,Elche,Home,2,True,True,la-liga,2021,Vallecano
2021-10-24,Betis,Away,2,True,True,la-liga,2021,Vallecano
2021-10-27,Barcelona,Home,1,True,True,la-liga,2021,Vallecano
2021-11-01,Celta,Home,0,True,True,la-liga,2021,Vallecano
2021-11-06,Real Madrid,Away,1,True,True,la-liga,2021,Vallecano
2021-11-22,Mallorca,Home,3,True,True,la-liga,2021,Vallecano
2021-11-27,Valencia,Away,1,True,True,la-liga,2021,Vallecano
2021-12-05,Espanol,Home,1,True,True,la-liga,2021,Vallecano
2021-12-12,Villarreal,Away,0,True,True,la-liga,2021,Vallecano
2021-12-18,Alaves,Home,2,True,True,la-liga,2021,Vallecano
2022-01-02,Ath Madrid,Away,0,True,True,la-liga,2021,Vallecano
2022-01-09,Betis,Home,1,True,True,la-liga,2021,Vallecano
2022-01-23,Ath Bilbao,Home,0,True,True,la-liga,2021,Vallecano
2022-02-05,Celta,Away,0,True,True,la-liga,2021,Vallecano
2022-02-12,Osasuna,Home,0,True,True,la-liga,2021,Vallecano
2022-02-18,Elche,Away,1,True,True,la-liga,2021,Vallecano
2022-02-26,Real Madrid,Home,0,True,True,la-liga,2021,Vallecano
2022-03-06,Cadiz,Away,0,True,True,la-liga,2021,Vallecano
2022-03-13,Sevilla,Home,1,True,True,la-liga,2021,Vallecano
2022-03-19,Ath Madrid,Home,0,True,True,la-liga,2021,Vallecano
2022-04-03,Granada,Away,2,True,True,la-liga,2021,Vallecano
2022-04-11,Valencia,Home,1,True,True,la-liga,2021,Vallecano
2022-04-16,Alaves,Away,0,True,True,la-liga,2021,Vallecano
2022-04-21,Espanol,Away,1,True,True,la-liga,2021,Vallecano
2022-04-24,Barcelona,Away,1,True,True,la-liga,2021,Vallecano
2022-05-01,Sociedad,Home,1,True,True,la-liga,2021,Vallecano
2022-05-08,Getafe,Away,0,True,True,la-liga,2021,Vallecano
2022-05-12,Villarreal,Home,1,True,True,la-liga,2021,Vallecano
2022-05-15,Mallorca,Away,1,True,True,la-liga,2021,Vallecano
2022-05-20,Levante,Home,2,True,True,la-liga,2021,Vallecano
2021-08-16,Granada,Home,0,True,True,la-liga,2021,Villarreal
2021-08-21,Espanol,Away,0,True,True,la-liga,2021,Villarreal
2021-08-29,Ath Madrid,Away,2,True,True,la-liga,2021,Villarreal
2021-09-19,Mallorca,Away,0,True,True,la-liga,2021,Villarreal
2021-09-22,Elche,Home,4,True,True,la-liga,2021,Villarreal
2021-09-25,Real Madrid,Away,0,True,True,la-liga,2021,Villarreal
2021-10-03,Betis,Home,2,True,True,la-liga,2021,Villarreal
2021-10-17,Osasuna,Home,1,True,True,la-liga,2021,Villarreal
2021-10-23,Ath Bilbao,Away,1,True,True,la-liga,2021,Villarreal
2021-10-26,Cadiz,Home,3,True,True,la-liga,2021,Villarreal
2021-10-30,Valencia,Away,0,True,True,la-liga,2021,Villarreal
2021-11-07,Getafe,Home,1,True,True,la-liga,2021,Villarreal
2021-11-20,Celta,Away,1,True,True,la-liga,2021,Villarreal
2021-11-27,Barcelona,Home,1,True,True,la-liga,2021,Villarreal
2021-12-04,Sevilla,Away,0,True,True,la-liga,2021,Villarreal
2021-12-12,Vallecano,Home,2,True,True,la-liga,2021,Villarreal
2021-12-18,Sociedad,Away,3,True,True,la-liga,2021,Villarreal
2021-12-21,Alaves,Home,5,True,True,la-liga,2021,Villarreal
2022-01-03,Levante,Home,5,True,True,la-liga,2021,Villarreal
2022-01-09,Ath Madrid,Home,2,True,True,la-liga,2021,Villarreal
2022-01-16,Elche,Away,0,True,True,la-liga,2021,Villarreal
2022-01-22,Mallorca,Home,3,True,True,la-liga,2021,Villarreal
2022-02-06,Betis,Away,2,True,True,la-liga,2021,Villarreal
2022-02-12,Real Madrid,Home,0,True,True,la-liga,2021,Villarreal
2022-02-19,Granada,Away,4,True,True,la-liga,2021,Villarreal
2022-02-27,Espanol,Home,5,True,True,la-liga,2021,Villarreal
2022-03-05,Osasuna,Away,0,True,True,la-liga,2021,Villarreal
2022-03-12,Celta,Home,1,True,True,la-liga,2021,Villarreal
2022-03-20,Cadiz,Away,0,True,True,la-liga,2021,Villarreal
2022-04-02,Levante,Away,0,True,True,la-liga,2021,Villarreal
2022-04-09,Ath Bilbao,Home,1,True,True,la-liga,2021,Villarreal
2022-04-16,Getafe,Away,2,True,True,la-liga,2021,Villarreal
2022-04-19,Valencia,Home,2,True,True,la-liga,2021,Villarreal
2022-04-30,Alaves,Away,1,True,True,la-liga,2021,Villarreal
2022-05-08,Sevilla,Home,1,True,True,la-liga,2021,Villarreal
2022-05-12,Vallecano,Away,5,True,True,la-liga,2021,Villarreal
2022-05-15,Sociedad,Home,1,True,True,la-liga,2021,Villarreal
2022-05-22,Barcelona,Away,2,True,True,la-liga,2021,Villarreal
2022-08-14,Real Madrid,Home,1,True,True,la-liga,2022,Almeria
2022-08-22,Elche,Away,1,True,True,la-liga,2022,Almeria
2022-08-27,Sevilla,Home,2,True,True,la-liga,2022,Almeria
2022-09-05,Valladolid,Away,0,True,True,la-liga,2022,Almeria
2022-09-12,Osasuna,Home,0,True,True,la-liga,2022,Almeria
2022-09-17,Mallorca,Away,0,True,True,la-liga,2022,Almeria
2022-09-30,Ath Bilbao,Away,0,True,True,la-liga,2022,Almeria
2022-10-08,Vallecano,Home,3,True,True,la-liga,2022,Almeria
2022-10-16,Betis,Away,1,True,True,la-liga,2022,Almeria
2022-10-20,Girona,Home,3,True,True,la-liga,2022,Almeria
2022-10-23,Villarreal,Away,1,True,True,la-liga,2022,Almeria
2022-10-29,Celta,Home,3,True,True,la-liga,2022,Almeria
2022-11-05,Barcelona,Away,0,True,True,la-liga,2022,Almeria
2022-11-09,Getafe,Home,1,True,True,la-liga,2022,Almeria
2022-12-30,Cadiz,Away,1,True,True,la-liga,2022,Almeria
2023-01-08,Sociedad,Home,0,True,True,la-liga,2022,Almeria
2023-01-15,Ath Madrid,Home,1,True,True,la-liga,2022,Almeria
2023-01-23,Valencia,Away,2,True,True,la-liga,2022,Almeria
2023-01-27,Espanol,Home,3,True,True,la-liga,2022,Almeria
2023-02-06,Vallecano,Away,0,True,True,la-liga,2022,Almeria
2023-02-11,Betis,Home,2,True,True,la-liga,2022,Almeria
2023-02-17,Girona,Away,2,True,True,la-liga,2022,Almeria
2023-02-26,Barcelona,Home,1,True,True,la-liga,2022,Almeria
2023-03-04,Villarreal,Home,0,True,True,la-liga,2022,Almeria
2023-03-12,Sevilla,Away,1,True,True,la-liga,2022,Almeria
2023-03-18,Cadiz,Home,1,True,True,la-liga,2022,Almeria
2023-04-02,Celta,Away,2,True,True,la-liga,2022,Almeria
2023-04-09,Valencia,Home,2,True,True,la-liga,2022,Almeria
2023-04-16,Ath Madrid,Away,1,True,True,la-liga,2022,Almeria
2023-04-22,Ath Bilbao,Home,1,True,True,la-liga,2022,Almeria
2023-04-26,Getafe,Away,2,True,True,la-liga,2022,Almeria
2023-04-29,Real Madrid,Away,2,True,True,la-liga,2022,Almeria
2023-05-02,Elche,Home,2,True,True,la-liga,2022,Almeria
2023-05-13,Osasuna,Away,1,True,True,la-liga,2022,Almeria
2023-05-20,Mallorca,Home,3,True,True,la-liga,2022,Almeria
2023-05-23,Sociedad,Away,0,True,True,la-liga,2022,Almeria
2023-05-28,Valladolid,Home,0,True,True,la-liga,2022,Almeria
2023-06-04,Espanol,Away,3,True,True,la-liga,2022,Almeria
2022-08-15,Mallorca,Home,0,True,True,la-liga,2022,Ath Bilbao
2022-08-21,Valencia,Home,1,True,True,la-liga,2022,Ath Bilbao
2022-08-29,Cadiz,Away,4,True,True,la-liga,2022,Ath Bilbao
2022-09-04,Espanol,Home,0,True,True,la-liga,2022,Ath Bilbao
2022-09-11,Elche,Away,4,True,True,la-liga,2022,Ath Bilbao
2022-09-17,Vallecano,Home,3,True,True,la-liga,2022,Ath Bilbao
2022-09-30,Almeria,Home,4,True,True,la-liga,2022,Ath Bilbao
2022-10-08,Sevilla,Away,1,True,True,la-liga,2022,Ath Bilbao
2022-10-15,Ath Madrid,Home,0,True,True,la-liga,2022,Ath Bilbao
2022-10-18,Getafe,Away,2,True,True,la-liga,2022,Ath Bilbao
2022-10-23,Barcelona,Away,0,True,True,la-liga,2022,Ath Bilbao
2022-10-30,Villarreal,Home,1,True,True,la-liga,2022,Ath Bilbao
2022-11-04,Girona,Away,1,True,True,la-liga,2022,Ath Bilbao
2022-11-08,Valladolid,Home,3,True,True,la-liga,2022,Ath Bilbao
2022-12-29,Betis,Away,0,True,True,la-liga,2022,Ath Bilbao
2023-01-09,Osasuna,Home,0,True,True,la-liga,2022,Ath Bilbao
2023-01-14,Sociedad,Away,1,True,True,la-liga,2022,Ath Bilbao
2023-01-22,Real Madrid,Home,0,True,True,la-liga,2022,Ath Bilbao
2023-01-29,Celta,Away,0,True,True,la-liga,2022,Ath Bilbao
2023-02-03,Cadiz,Home,4,True,True,la-liga,2022,Ath Bilbao
2023-02-11,Valencia,Away,2,True,True,la-liga,2022,Ath Bilbao
2023-02-19,Ath Madrid,Away,0,True,True,la-liga,2022,Ath Bilbao
2023-02-26,Girona,Home,2,True,True,la-liga,2022,Ath Bilbao
2023-03-05,Vallecano,Away,0,True,True,la-liga,2022,Ath Bilbao
2023-03-12,Barcelona,Home,0,True,True,la-liga,2022,Ath Bilbao
2023-03-17,Valladolid,Away,3,True,True,la-liga,2022,Ath Bilbao
2023-04-01,Getafe,Home,0,True,True,la-liga,2022,Ath Bilbao
2023-04-08,Espanol,Away,2,True,True,la-liga,2022,Ath Bilbao
2023-04-15,Sociedad,Home,2,True,True,la-liga,2022,Ath Bilbao
2023-04-22,Almeria,Away,2,True,True,la-liga,2022,Ath Bilbao
2023-04-27,Sevilla,Home,0,True,True,la-liga,2022,Ath Bilbao
2023-05-01,Mallorca,Away,1,True,True,la-liga,2022,Ath Bilbao
2023-05-04,Betis,Home,0,True,True,la-liga,2022,Ath Bilbao
2023-05-13,Villarreal,Away,1,True,True,la-liga,2022,Ath Bilbao
2023-05-20,Celta,Home,2,True,True,la-liga,2022,Ath Bilbao
2023-05-25,Osasuna,Away,0,True,True,la-liga,2022,Ath Bilbao
2023-05-28,Elche,Home,0,True,True,la-liga,2022,Ath Bilbao
2023-06-04,Real Madrid,Away,1,True,True,la-liga,2022,Ath Bilbao
2022-08-15,Getafe,Away,3,True,True,la-liga,2022,Ath Madrid
2022-08-21,Villarreal,Home,0,True,True,la-liga,2022,Ath Madrid
2022-08-29,Valencia,Away,1,True,True,la-liga,2022,Ath Madrid
2022-09-03,Sociedad,Away,1,True,True,la-liga,2022,Ath Madrid
2022-09-10,Celta,Home,4,True,True,la-liga,2022,Ath Madrid
2022-09-18,Real Madrid,Home,1,True,True,la-liga,2022,Ath Madrid
2022-10-01,Sevilla,Away,2,True,True,la-liga,2022,Ath Madrid
2022-10-08,Girona,Home,2,True,True,la-liga,2022,Ath Madrid
2022-10-15,Ath Bilbao,Away,1,True,True,la-liga,2022,Ath Madrid
2022-10-18,Vallecano,Home,1,True,True,la-liga,2022,Ath Madrid
2022-10-23,Betis,Away,2,True,True,la-liga,2022,Ath Madrid
2022-10-29,Cadiz,Away,2,True,True,la-liga,2022,Ath Madrid
2022-11-06,Espanol,Home,1,True,True,la-liga,2022,Ath Madrid
2022-11-09,Mallorca,Away,0,True,True,la-liga,2022,Ath Madrid
2022-12-29,Elche,Home,2,True,True,la-liga,2022,Ath Madrid
2023-01-08,Barcelona,Home,0,True,True,la-liga,2022,Ath Madrid
2023-01-15,Almeria,Away,1,True,True,la-liga,2022,Ath Madrid
2023-01-21,Valladolid,Home,3,True,True,la-liga,2022,Ath Madrid
2023-01-29,Osasuna,Away,1,True,True,la-liga,2022,Ath Madrid
2023-02-04,Getafe,Home,1,True,True,la-liga,2022,Ath Madrid
2023-02-12,Celta,Away,1,True,True,la-liga,2022,Ath Madrid
2023-02-19,Ath Bilbao,Home,1,True,True,la-liga,2022,Ath Madrid
2023-02-25,Real Madrid,Away,1,True,True,la-liga,2022,Ath Madrid
2023-03-04,Sevilla,Home,6,True,True,la-liga,2022,Ath Madrid
2023-03-13,Girona,Away,1,True,True,la-liga,2022,Ath Madrid
2023-03-18,Valencia,Home,3,True,True,la-liga,2022,Ath Madrid
2023-04-02,Betis,Home,1,True,True,la-liga,2022,Ath Madrid
2023-04-09,Vallecano,Away,2,True,True,la-liga,2022,Ath Madrid
2023-04-16,Almeria,Home,2,True,True,la-liga,2022,Ath Madrid
2023-04-23,Barcelona,Away,0,True,True,la-liga,2022,Ath Madrid
2023-04-26,Mallorca,Home,3,True,True,la-liga,2022,Ath Madrid
2023-04-30,Valladolid,Away,5,True,True,la-liga,2022,Ath Madrid
2023-05-03,Cadiz,Home,5,True,True,la-liga,2022,Ath Madrid
2023-05-14,Elche,Away,0,True,True,la-liga,2022,Ath Madrid
2023-05-21,Osasuna,Home,3,True,True,la-liga,2022,Ath Madrid
2023-05-24,Espanol,Away,3,True,True,la-liga,2022,Ath Madrid
2023-05-28,Sociedad,Home,2,True,True,la-liga,2022,Ath Madrid
2023-06-04,Villarreal,Away,2,True,True,la-liga,2022,Ath Madrid
2022-08-13,Vallecano,Home,0,True,True,la-liga,2022,Barcelona
2022-08-21,Sociedad,Away,4,True,True,la-liga,2022,Barcelona
2022-08-28,Valladolid,Home,4,True,True,la-liga,2022,Barcelona
2022-09-03,Sevilla,Away,3,True,True,la-liga,2022,Barcelona
2022-09-10,Cadiz,Away,4,True,True,la-liga,2022,Barcelona
2022-09-17,Elche,Home,3,True,True,la-liga,2022,Barcelona
2022-10-01,Mallorca,Away,1,True,True,la-liga,2022,Barcelona
2022-10-09,Celta,Home,1,True,True,la-liga,2022,Barcelona
2022-10-16,Real Madrid,Away,1,True,True,la-liga,2022,Barcelona
2022-10-20,Villarreal,Home,3,True,True,la-liga,2022,Barcelona
2022-10-23,Ath Bilbao,Home,4,True,True,la-liga,2022,Barcelona
2022-10-29,Valencia,Away,1,True,True,la-liga,2022,Barcelona
2022-11-05,Almeria,Home,2,True,True,la-liga,2022,Barcelona
2022-11-08,Osasuna,Away,2,True,True,la-liga,2022,Barcelona
2022-12-31,Espanol,Home,1,True,True,la-liga,2022,Barcelona
2023-01-08,Ath Madrid,Away,1,True,True,la-liga,2022,Barcelona
2023-01-22,Getafe,Home,1,True,True,la-liga,2022,Barcelona
2023-01-28,Girona,Away,1,True,True,la-liga,2022,Barcelona
2023-02-01,Betis,Away,2,True,True,la-liga,2022,Barcelona
2023-02-05,Sevilla,Home,3,True,True,la-liga,2022,Barcelona
2023-02-12,Villarreal,Away,1,True,True,la-liga,2022,Barcelona
2023-02-19,Cadiz,Home,2,True,True,la-liga,2022,Barcelona
2023-02-26,Almeria,Away,0,True,True,la-liga,2022,Barcelona
2023-03-05,Valencia,Home,1,True,True,la-liga,2022,Barcelona
2023-03-12,Ath Bilbao,Away,1,True,True,la-liga,2022,Barcelona
2023-03-19,Real Madrid,Home,2,True,True,la-liga,2022,Barcelona
2023-04-01,Elche,Away,4,True,True,la-liga,2022,Barcelona
2023-04-10,Girona,Home,0,True,True,la-liga,2022,Barcelona
2023-04-16,Getafe,Away,0,True,True,la-liga,2022,Barcelona
2023-04-23,Ath Madrid,Home,1,True,True,la-liga,2022,Barcelona
2023-04-26,Vallecano,Away,1,True,True,la-liga,2022,Barcelona
2023-04-29,Betis,Home,4,True,True,la-liga,2022,Barcelona
2023-05-02,Osasuna,Home,1,True,True,la-liga,2022,Barcelona
2023-05-14,Espanol,Away,4,True,True,la-liga,2022,Barcelona
2023-05-20,Sociedad,Home,1,True,True,la-liga,2022,Barcelona
2023-05-23,Valladolid,Away,1,True,True,la-liga,2022,Barcelona
2023-05-28,Mallorca,Home,3,True,True,la-liga,2022,Barcelona
2023-06-04,Celta,Away,1,True,True,la-liga,2022,Barcelona
2022-08-15,Elche,Home,3,True,True,la-liga,2022,Betis
2022-08-20,Mallorca,Away,2,True,True,la-liga,2022,Betis
2022-08-26,Osasuna,Home,1,True,True,la-liga,2022,Betis
2022-09-03,Real Madrid,Away,1,True,True,la-liga,2022,Betis
2022-09-11,Villarreal,Home,1,True,True,la-liga,2022,Betis
2022-09-18,Girona,Home,2,True,True,la-liga,2022,Betis
2022-10-02,Celta,Away,0,True,True,la-liga,2022,Betis
2022-10-09,Valladolid,Away,0,True,True,la-liga,2022,Betis
2022-10-16,Almeria,Home,3,True,True,la-liga,2022,Betis
2022-10-19,Cadiz,Away,0,True,True,la-liga,2022,Betis
2022-10-23,Ath Madrid,Home,1,True,True,la-liga,2022,Betis
2022-10-30,Sociedad,Away,2,True,True,la-liga,2022,Betis
2022-11-06,Sevilla,Home,1,True,True,la-liga,2022,Betis
2022-11-10,Valencia,Away,0,True,True,la-liga,2022,Betis
2022-12-29,Ath Bilbao,Home,0,True,True,la-liga,2022,Betis
2023-01-08,Vallecano,Away,2,True,True,la-liga,2022,Betis
2023-01-21,Espanol,Away,0,True,True,la-liga,2022,Betis
2023-01-28,Getafe,Away,1,True,True,la-liga,2022,Betis
2023-02-01,Barcelona,Home,1,True,True,la-liga,2022,Betis
2023-02-04,Celta,Home,3,True,True,la-liga,2022,Betis
2023-02-11,Almeria,Away,3,True,True,la-liga,2022,Betis
2023-02-18,Valladolid,Home,2,True,True,la-liga,2022,Betis
2023-02-24,Elche,Away,3,True,True,la-liga,2022,Betis
2023-03-05,Real Madrid,Home,0,True,True,la-liga,2022,Betis
2023-03-12,Villarreal,Away,1,True,True,la-liga,2022,Betis
2023-03-19,Mallorca,Home,1,True,True,la-liga,2022,Betis
2023-04-02,Ath Madrid,Away,0,True,True,la-liga,2022,Betis
2023-04-09,Cadiz,Home,0,True,True,la-liga,2022,Betis
2023-04-15,Espanol,Home,3,True,True,la-liga,2022,Betis
2023-04-22,Osasuna,Away,2,True,True,la-liga,2022,Betis
2023-04-25,Sociedad,Home,0,True,True,la-liga,2022,Betis
2023-04-29,Barcelona,Away,0,True,True,la-liga,2022,Betis
2023-05-04,Ath Bilbao,Away,1,True,True,la-liga,2022,Betis
2023-05-15,Vallecano,Home,3,True,True,la-liga,2022,Betis
2023-05-21,Sevilla,Away,0,True,True,la-liga,2022,Betis
2023-05-24,Getafe,Home,0,True,True,la-liga,2022,Betis
2023-05-28,Girona,Away,2,True,True,la-liga,2022,Betis
2023-06-04,Valencia,Home,1,True,True,la-liga,2022,Betis
2022-08-14,Sociedad,Home,0,True,True,la-liga,2022,Cadiz
2022-08-20,Osasuna,Away,0,True,True,la-liga,2022,Cadiz
2022-08-29,Ath Bilbao,Home,0,True,True,la-liga,2022,Cadiz
2022-09-02,Celta,Away,0,True,True,la-liga,2022,Cadiz
2022-09-10,Barcelona,Home,0,True,True,la-liga,2022,Cadiz
2022-09-16,Valladolid,Away,1,True,True,la-liga,2022,Cadiz
2022-10-01,Villarreal,Home,0,True,True,la-liga,2022,Cadiz
2022-10-09,Espanol,Home,2,True,True,la-liga,2022,Cadiz
2022-10-15,Girona,Away,1,True,True,la-liga,2022,Cadiz
2022-10-19,Betis,Home,0,True,True,la-liga,2022,Cadiz
2022-10-22,Vallecano,Away,1,True,True,la-liga,2022,Cadiz
2022-10-29,Ath Madrid,Home,3,True,True,la-liga,2022,Cadiz
2022-11-05,Getafe,Away,0,True,True,la-liga,2022,Cadiz
2022-11-10,Real Madrid,Away,1,True,True,la-liga,2022,Cadiz
2022-12-30,Almeria,Home,1,True,True,la-liga,2022,Cadiz
2023-01-06,Valencia,Away,1,True,True,la-liga,2022,Cadiz
2023-01-16,Elche,Home,1,True,True,la-liga,2022,Cadiz
2023-01-21,Sevilla,Away,0,True,True,la-liga,2022,Cadiz
2023-01-28,Mallorca,Home,2,True,True,la-liga,2022,Cadiz
2023-02-03,Ath Bilbao,Away,1,True,True,la-liga,2022,Cadiz
2023-02-10,Girona,Home,2,True,True,la-liga,2022,Cadiz
2023-02-19,Barcelona,Away,0,True,True,la-liga,2022,Cadiz
2023-02-25,Vallecano,Home,1,True,True,la-liga,2022,Cadiz
2023-03-03,Sociedad,Away,0,True,True,la-liga,2022,Cadiz
2023-03-10,Getafe,Home,2,True,True,la-liga,2022,Cadiz
2023-03-18,Almeria,Away,1,True,True,la-liga,2022,Cadiz
2023-04-01,Sevilla,Home,0,True,True,la-liga,2022,Cadiz
2023-04-09,Betis,Away,2,True,True,la-liga,2022,Cadiz
2023-04-15,Real Madrid,Home,0,True,True,la-liga,2022,Cadiz
2023-04-21,Espanol,Away,0,True,True,la-liga,2022,Cadiz
2023-04-25,Osasuna,Home,0,True,True,la-liga,2022,Cadiz
2023-04-30,Valencia,Home,2,True,True,la-liga,2022,Cadiz
2023-05-03,Ath Madrid,Away,1,True,True,la-liga,2022,Cadiz
2023-05-12,Mallorca,Away,0,True,True,la-liga,2022,Cadiz
2023-05-19,Valladolid,Home,2,True,True,la-liga,2022,Cadiz
2023-05-24,Villarreal,Away,0,True,True,la-liga,2022,Cadiz
2023-05-28,Celta,Home,1,True,True,la-liga,2022,Cadiz
2023-06-04,Elche,Away,1,True,True,la-liga,2022,Cadiz
2022-08-13,Espanol,Home,2,True,True,la-liga,2022,Celta
2022-08-20,Real Madrid,Home,1,True,True,la-liga,2022,Celta
2022-08-26,Girona,Away,1,True,True,la-liga,2022,Celta
2022-09-02,Cadiz,Home,3,True,True,la-liga,2022,Celta
2022-09-10,Ath Madrid,Away,1,True,True,la-liga,2022,Celta
2022-09-17,Valencia,Away,0,True,True,la-liga,2022,Celta
2022-10-02,Betis,Home,1,True,True,la-liga,2022,Celta
2022-10-09,Barcelona,Away,0,True,True,la-liga,2022,Celta
2022-10-16,Sociedad,Home,1,True,True,la-liga,2022,Celta
2022-10-19,Valladolid,Away,1,True,True,la-liga,2022,Celta
2022-10-24,Getafe,Home,1,True,True,la-liga,2022,Celta
2022-10-29,Almeria,Away,1,True,True,la-liga,2022,Celta
2022-11-05,Osasuna,Home,1,True,True,la-liga,2022,Celta
2022-11-10,Vallecano,Away,0,True,True,la-liga,2022,Celta
2022-12-30,Sevilla,Home,1,True,True,la-liga,2022,Celta
2023-01-06,Elche,Away,1,True,True,la-liga,2022,Celta
2023-01-13,Villarreal,Home,1,True,True,la-liga,2022,Celta
2023-01-20,Mallorca,Away,0,True,True,la-liga,2022,Celta
2023-01-29,Ath Bilbao,Home,1,True,True,la-liga,2022,Celta
2023-02-04,Betis,Away,4,True,True,la-liga,2022,Celta
2023-02-12,Ath Madrid,Home,0,True,True,la-liga,2022,Celta
2023-02-18,Sociedad,Away,1,True,True,la-liga,2022,Celta
2023-02-26,Valladolid,Home,3,True,True,la-liga,2022,Celta
2023-03-06,Osasuna,Away,0,True,True,la-liga,2022,Celta
2023-03-11,Vallecano,Home,3,True,True,la-liga,2022,Celta
2023-03-18,Espanol,Away,3,True,True,la-liga,2022,Celta
2023-04-02,Almeria,Home,2,True,True,la-liga,2022,Celta
2023-04-07,Sevilla,Away,2,True,True,la-liga,2022,Celta
2023-04-17,Mallorca,Home,0,True,True,la-liga,2022,Celta
2023-04-22,Real Madrid,Away,0,True,True,la-liga,2022,Celta
2023-04-26,Elche,Home,1,True,True,la-liga,2022,Celta
2023-04-30,Villarreal,Away,1,True,True,la-liga,2022,Celta
2023-05-03,Getafe,Away,0,True,True,la-liga,2022,Celta
2023-05-14,Valencia,Home,1,True,True,la-liga,2022,Celta
2023-05-20,Ath Bilbao,Away,1,True,True,la-liga,2022,Celta
2023-05-23,Girona,Home,1,True,True,la-liga,2022,Celta
2023-05-28,Cadiz,Away,0,True,True,la-liga,2022,Celta
2023-06-04,Barcelona,Home,2,True,True,la-liga,2022,Celta
2022-08-15,Betis,Away,0,True,True,la-liga,2022,Elche
2022-08-22,Almeria,Home,1,True,True,la-liga,2022,Elche
2022-08-27,Sociedad,Home,0,True,True,la-liga,2022,Elche
2022-09-04,Villarreal,Away,0,True,True,la-liga,2022,Elche
2022-09-11,Ath Bilbao,Home,1,True,True,la-liga,2022,Elche
2022-09-17,Barcelona,Away,0,True,True,la-liga,2022,Elche
2022-10-03,Vallecano,Away,1,True,True,la-liga,2022,Elche
2022-10-10,Mallorca,Home,1,True,True,la-liga,2022,Elche
2022-10-15,Valencia,Away,2,True,True,la-liga,2022,Elche
2022-10-19,Real Madrid,Home,0,True,True,la-liga,2022,Elche
2022-10-23,Espanol,Away,2,True,True,la-liga,2022,Elche
2022-10-31,Getafe,Home,0,True,True,la-liga,2022,Elche
2022-11-05,Valladolid,Away,1,True,True,la-liga,2022,Elche
2022-11-08,Girona,Home,1,True,True,la-liga,2022,Elche
2022-12-29,Ath Madrid,Away,0,True,True,la-liga,2022,Elche
2023-01-06,Celta,Home,0,True,True,la-liga,2022,Elche
2023-01-16,Cadiz,Away,1,True,True,la-liga,2022,Elche
2023-01-22,Osasuna,Home,1,True,True,la-liga,2022,Elche
2023-01-28,Sevilla,Away,0,True,True,la-liga,2022,Elche
2023-02-04,Villarreal,Home,3,True,True,la-liga,2022,Elche
2023-02-15,Real Madrid,Away,0,True,True,la-liga,2022,Elche
2023-02-19,Espanol,Home,0,True,True,la-liga,2022,Elche
2023-02-24,Betis,Home,2,True,True,la-liga,2022,Elche
2023-03-04,Mallorca,Away,1,True,True,la-liga,2022,Elche
2023-03-11,Valladolid,Home,1,True,True,la-liga,2022,Elche
2023-03-19,Sociedad,Away,0,True,True,la-liga,2022,Elche
2023-04-01,Barcelona,Home,0,True,True,la-liga,2022,Elche
2023-04-08,Osasuna,Away,1,True,True,la-liga,2022,Elche
2023-04-16,Girona,Away,0,True,True,la-liga,2022,Elche
2023-04-23,Valencia,Home,0,True,True,la-liga,2022,Elche
2023-04-26,Celta,Away,0,True,True,la-liga,2022,Elche
2023-04-29,Vallecano,Home,4,True,True,la-liga,2022,Elche
2023-05-02,Almeria,Away,1,True,True,la-liga,2022,Elche
2023-05-14,Ath Madrid,Home,1,True,True,la-liga,2022,Elche
2023-05-20,Getafe,Away,1,True,True,la-liga,2022,Elche
2023-05-24,Sevilla,Home,1,True,True,la-liga,2022,Elche
2023-05-28,Ath Bilbao,Away,1,True,True,la-liga,2022,Elche
2023-06-04,Cadiz,Home,1,True,True,la-liga,2022,Elche
2022-08-13,Celta,Away,2,True,True,la-liga,2022,Espanol
2022-08-19,Vallecano,Home,0,True,True,la-liga,2022,Espanol
2022-08-28,Real Madrid,Home,1,True,True,la-liga,2022,Espanol
2022-09-04,Ath Bilbao,Away,1,True,True,la-liga,2022,Espanol
2022-09-10,Sevilla,Home,2,True,True,la-liga,2022,Espanol
2022-09-18,Sociedad,Away,1,True,True,la-liga,2022,Espanol
2022-10-02,Valencia,Home,2,True,True,la-liga,2022,Espanol
2022-10-09,Cadiz,Away,2,True,True,la-liga,2022,Espanol
2022-10-16,Valladolid,Home,1,True,True,la-liga,2022,Espanol
2022-10-20,Osasuna,Away,0,True,True,la-liga,2022,Espanol
2022-10-23,Elche,Home,2,True,True,la-liga,2022,Espanol
2022-10-28,Mallorca,Away,1,True,True,la-liga,2022,Espanol
2022-11-06,Ath Madrid,Away,1,True,True,la-liga,2022,Espanol
2022-11-09,Villarreal,Home,0,True,True,la-liga,2022,Espanol
2022-12-31,Barcelona,Away,1,True,True,la-liga,2022,Espanol
2023-01-07,Girona,Home,2,True,True,la-liga,2022,Espanol
2023-01-15,Getafe,Away,2,True,True,la-liga,2022,Espanol
2023-01-21,Betis,Home,1,True,True,la-liga,2022,Espanol
2023-01-27,Almeria,Away,1,True,True,la-liga,2022,Espanol
2023-02-04,Osasuna,Home,1,True,True,la-liga,2022,Espanol
2023-02-13,Sociedad,Home,2,True,True,la-liga,2022,Espanol
2023-02-19,Elche,Away,1,True,True,la-liga,2022,Espanol
2023-02-25,Mallorca,Home,2,True,True,la-liga,2022,Espanol
2023-03-05,Valladolid,Away,1,True,True,la-liga,2022,Espanol
2023-03-11,Real Madrid,Away,1,True,True,la-liga,2022,Espanol
2023-03-18,Celta,Home,1,True,True,la-liga,2022,Espanol
2023-04-01,Girona,Away,1,True,True,la-liga,2022,Espanol
2023-04-08,Ath Bilbao,Home,1,True,True,la-liga,2022,Espanol
2023-04-15,Betis,Away,1,True,True,la-liga,2022,Espanol
2023-04-21,Cadiz,Home,0,True,True,la-liga,2022,Espanol
2023-04-27,Villarreal,Away,2,True,True,la-liga,2022,Espanol
2023-04-30,Getafe,Home,1,True,True,la-liga,2022,Espanol
2023-05-04,Sevilla,Away,2,True,True,la-liga,2022,Espanol
2023-05-14,Barcelona,Home,2,True,True,la-liga,2022,Espanol
2023-05-21,Vallecano,Away,2,True,True,la-liga,2022,Espanol
2023-05-24,Ath Madrid,Home,3,True,True,la-liga,2022,Espanol
2023-05-28,Valencia,Away,2,True,True,la-liga,2022,Espanol
2023-06-04,Almeria,Home,3,True,True,la-liga,2022,Espanol
2022-08-15,Ath Madrid,Home,0,True,True,la-liga,2022,Getafe
2022-08-22,Girona,Away,1,True,True,la-liga,2022,Getafe
2022-08-28,Villarreal,Home,0,True,True,la-liga,2022,Getafe
2022-09-04,Valencia,Away,1,True,True,la-liga,2022,Getafe
2022-09-11,Sociedad,Home,2,True,True,la-liga,2022,Getafe
2022-09-18,Osasuna,Away,2,True,True,la-liga,2022,Getafe
2022-10-01,Valladolid,Home,2,True,True,la-liga,2022,Getafe
2022-10-08,Real Madrid,Home,0,True,True,la-liga,2022,Getafe
2022-10-14,Vallecano,Away,0,True,True,la-liga,2022,Getafe
2022-10-18,Ath Bilbao,Home,2,True,True,la-liga,2022,Getafe
2022-10-24,Celta,Away,1,True,True,la-liga,2022,Getafe
2022-10-31,Elche,Away,1,True,True,la-liga,2022,Getafe
2022-11-05,Cadiz,Home,0,True,True,la-liga,2022,Getafe
2022-11-09,Almeria,Away,0,True,True,la-liga,2022,Getafe
2022-12-30,Mallorca,Home,2,True,True,la-liga,2022,Getafe
2023-01-08,Sevilla,Away,1,True,True,la-liga,2022,Getafe
2023-01-15,Espanol,Home,1,True,True,la-liga,2022,Getafe
2023-01-22,Barcelona,Away,0,True,True,la-liga,2022,Getafe
2023-01-28,Betis,Home,0,True,True,la-liga,2022,Getafe
2023-02-04,Ath Madrid,Away,1,True,True,la-liga,2022,Getafe
2023-02-12,Vallecano,Home,1,True,True,la-liga,2022,Getafe
2023-02-20,Valencia,Home,1,True,True,la-liga,2022,Getafe
2023-02-27,Villarreal,Away,1,True,True,la-liga,2022,Getafe
2023-03-04,Girona,Home,3,True,True,la-liga,2022,Getafe
2023-03-10,Cadiz,Away,2,True,True,la-liga,2022,Getafe
2023-03-19,Sevilla,Home,2,True,True,la-liga,2022,Getafe
2023-04-01,Ath Bilbao,Away,0,True,True,la-liga,2022,Getafe
2023-04-08,Sociedad,Away,0,True,True,la-liga,2022,Getafe
2023-04-16,Barcelona,Home,0,True,True,la-liga,2022,Getafe
2023-04-23,Mallorca,Away,1,True,True,la-liga,2022,Getafe
2023-04-26,Almeria,Home,1,True,True,la-liga,2022,Getafe
2023-04-30,Espanol,Away,0,True,True,la-liga,2022,Getafe
2023-05-03,Celta,Home,1,True,True,la-liga,2022,Getafe
2023-05-13,Real Madrid,Away,0,True,True,la-liga,2022,Getafe
2023-05-20,Elche,Home,1,True,True,la-liga,2022,Getafe
2023-05-24,Betis,Away,1,True,True,la-liga,2022,Getafe
2023-05-28,Osasuna,Home,2,True,True,la-liga,2022,Getafe
2023-06-04,Valladolid,Away,0,True,True,la-liga,2022,Getafe
2022-08-14,Valencia,Away,0,True,True,la-liga,2022,Girona
2022-08-22,Getafe,Home,3,True,True,la-liga,2022,Girona
2022-08-26,Celta,Home,0,True,True,la-liga,2022,Girona
2022-09-03,Mallorca,Away,1,True,True,la-liga,2022,Girona
2022-09-09,Valladolid,Home,2,True,True,la-liga,2022,Girona
2022-09-18,Betis,Away,1,True,True,la-liga,2022,Girona
2022-10-02,Sociedad,Home,3,True,True,la-liga,2022,Girona
2022-10-08,Ath Madrid,Away,1,True,True,la-liga,2022,Girona
2022-10-15,Cadiz,Home,1,True,True,la-liga,2022,Girona
2022-10-20,Almeria,Away,2,True,True,la-liga,2022,Girona
2022-10-23,Osasuna,Home,1,True,True,la-liga,2022,Girona
2022-10-30,Real Madrid,Away,1,True,True,la-liga,2022,Girona
2022-11-04,Ath Bilbao,Home,2,True,True,la-liga,2022,Girona
2022-11-08,Elche,Away,2,True,True,la-liga,2022,Girona
2022-12-29,Vallecano,Home,2,True,True,la-liga,2022,Girona
2023-01-07,Espanol,Away,2,True,True,la-liga,2022,Girona
2023-01-14,Sevilla,Home,2,True,True,la-liga,2022,Girona
2023-01-22,Villarreal,Away,0,True,True,la-liga,2022,Girona
2023-01-28,Barcelona,Home,0,True,True,la-liga,2022,Girona
2023-02-05,Valencia,Home,1,True,True,la-liga,2022,Girona
2023-02-10,Cadiz,Away,0,True,True,la-liga,2022,Girona
2023-02-17,Almeria,Home,6,True,True,la-liga,2022,Girona
2023-02-26,Ath Bilbao,Away,3,True,True,la-liga,2022,Girona
2023-03-04,Getafe,Away,2,True,True,la-liga,2022,Girona
2023-03-13,Ath Madrid,Home,0,True,True,la-liga,2022,Girona
2023-03-18,Vallecano,Away,2,True,True,la-liga,2022,Girona
2023-04-01,Espanol,Home,2,True,True,la-liga,2022,Girona
2023-04-10,Barcelona,Away,0,True,True,la-liga,2022,Girona
2023-04-16,Elche,Home,2,True,True,la-liga,2022,Girona
2023-04-22,Valladolid,Away,0,True,True,la-liga,2022,Girona
2023-04-25,Real Madrid,Home,4,True,True,la-liga,2022,Girona
2023-05-01,Sevilla,Away,2,True,True,la-liga,2022,Girona
2023-05-04,Mallorca,Home,2,True,True,la-liga,2022,Girona
2023-05-13,Sociedad,Away,2,True,True,la-liga,2022,Girona
2023-05-20,Villarreal,Home,1,True,True,la-liga,2022,Girona
2023-05-23,Celta,Away,1,True,True,la-liga,2022,Girona
2023-05-28,Betis,Home,1,True,True,la-liga,2022,Girona
2023-06-04,Osasuna,Away,1,True,True,la-liga,2022,Girona
2022-08-15,Ath Bilbao,Away,0,True,True,la-liga,2022,Mallorca
2022-08-20,Betis,Home,1,True,True,la-liga,2022,Mallorca
2022-08-27,Vallecano,Away,2,True,True,la-liga,2022,Mallorca
2022-09-03,Girona,Home,1,True,True,la-liga,2022,Mallorca
2022-09-11,Real Madrid,Away,1,True,True,la-liga,2022,Mallorca
2022-09-17,Almeria,Home,1,True,True,la-liga,2022,Mallorca
2022-10-01,Barcelona,Home,0,True,True,la-liga,2022,Mallorca
2022-10-10,Elche,Away,1,True,True,la-liga,2022,Mallorca
2022-10-15,Sevilla,Home,0,True,True,la-liga,2022,Mallorca
2022-10-19,Sociedad,Away,0,True,True,la-liga,2022,Mallorca
2022-10-22,Valencia,Away,2,True,True,la-liga,2022,Mallorca
2022-10-28,Espanol,Home,1,True,True,la-liga,2022,Mallorca
2022-11-06,Villarreal,Away,2,True,True,la-liga,2022,Mallorca
2022-11-09,Ath Madrid,Home,1,True,True,la-liga,2022,Mallorca
2022-12-30,Getafe,Away,0,True,True,la-liga,2022,Mallorca
2023-01-07,Valladolid,Home,1,True,True,la-liga,2022,Mallorca
2023-01-14,Osasuna,Away,0,True,True,la-liga,2022,Mallorca
2023-01-20,Celta,Home,1,True,True,la-liga,2022,Mallorca
2023-01-28,Cadiz,Away,0,True,True,la-liga,2022,Mallorca
2023-02-05,Real Madrid,Home,1,True,True,la-liga,2022,Mallorca
2023-02-11,Sevilla,Away,0,True,True,la-liga,2022,Mallorca
2023-02-18,Villarreal,Home,4,True,True,la-liga,2022,Mallorca
2023-02-25,Espanol,Away,1,True,True,la-liga,2022,Mallorca
2023-03-04,Elche,Home,0,True,True,la-liga,2022,Mallorca
2023-03-12,Sociedad,Home,1,True,True,la-liga,2022,Mallorca
2023-03-19,Betis,Away,0,True,True,la-liga,2022,Mallorca
2023-03-31,Osasuna,Home,0,True,True,la-liga,2022,Mallorca
2023-04-09,Valladolid,Away,3,True,True,la-liga,2022,Mallorca
2023-04-17,Celta,Away,1,True,True,la-liga,2022,Mallorca
2023-04-23,Getafe,Home,3,True,True,la-liga,2022,Mallorca
2023-04-26,Ath Madrid,Away,1,True,True,la-liga,2022,Mallorca
2023-05-01,Ath Bilbao,Home,1,True,True,la-liga,2022,Mallorca
2023-05-04,Girona,Away,1,True,True,la-liga,2022,Mallorca
2023-05-12,Cadiz,Home,1,True,True,la-liga,2022,Mallorca
2023-05-20,Almeria,Away,0,True,True,la-liga,2022,Mallorca
2023-05-25,Valencia,Home,1,True,True,la-liga,2022,Mallorca
2023-05-28,Barcelona,Away,0,True,True,la-liga,2022,Mallorca
2023-06-04,Vallecano,Home,3,True,True,la-liga,2022,Mallorca
2022-08-12,Sevilla,Home,2,True,True,la-liga,2022,Osasuna
2022-08-20,Cadiz,Home,2,True,True,la-liga,2022,Osasuna
2022-08-26,Betis,Away,0,True,True,la-liga,2022,Osasuna
2022-09-04,Vallecano,Home,2,True,True,la-liga,2022,Osasuna
2022-09-12,Almeria,Away,1,True,True,la-liga,2022,Osasuna
2022-09-18,Getafe,Home,0,True,True,la-liga,2022,Osasuna
2022-10-02,Real Madrid,Away,1,True,True,la-liga,2022,Osasuna
2022-10-07,Valencia,Home,1,True,True,la-liga,2022,Osasuna
2022-10-17,Villarreal,Away,0,True,True,la-liga,2022,Osasuna
2022-10-20,Espanol,Home,1,True,True,la-liga,2022,Osasuna
2022-10-23,Girona,Away,1,True,True,la-liga,2022,Osasuna
2022-10-30,Valladolid,Home,2,True,True,la-liga,2022,Osasuna
2022-11-05,Celta,Away,2,True,True,la-liga,2022,Osasuna
2022-11-08,Barcelona,Home,1,True,True,la-liga,2022,Osasuna
2022-12-31,Sociedad,Away,0,True,True,la-liga,2022,Osasuna
2023-01-09,Ath Bilbao,Away,0,True,True,la-liga,2022,Osasuna
2023-01-14,Mallorca,Home,1,True,True,la-liga,2022,Osasuna
2023-01-22,Elche,Away,1,True,True,la-liga,2022,Osasuna
2023-01-29,Ath Madrid,Home,0,True,True,la-liga,2022,Osasuna
2023-02-04,Espanol,Away,1,True,True,la-liga,2022,Osasuna
2023-02-12,Valladolid,Away,0,True,True,la-liga,2022,Osasuna
2023-02-18,Real Madrid,Home,0,True,True,la-liga,2022,Osasuna
2023-02-26,Sevilla,Away,3,True,True,la-liga,2022,Osasuna
2023-03-06,Celta,Home,0,True,True,la-liga,2022,Osasuna
2023-03-11,Valencia,Away,0,True,True,la-liga,2022,Osasuna
2023-03-19,Villarreal,Home,0,True,True,la-liga,2022,Osasuna
2023-03-31,Mallorca,Away,0,True,True,la-liga,2022,Osasuna
2023-04-08,Elche,Home,2,True,True,la-liga,2022,Osasuna
2023-04-14,Vallecano,Away,1,True,True,la-liga,2022,Osasuna
2023-04-22,Betis,Home,3,True,True,la-liga,2022,Osasuna
2023-04-25,Cadiz,Away,1,True,True,la-liga,2022,Osasuna
2023-04-28,Sociedad,Home,0,True,True,la-liga,2022,Osasuna
2023-05-02,Barcelona,Away,0,True,True,la-liga,2022,Osasuna
2023-05-13,Almeria,Home,3,True,True,la-liga,2022,Osasuna
2023-05-21,Ath Madrid,Away,0,True,True,la-liga,2022,Osasuna
2023-05-25,Ath Bilbao,Home,2,True,True,la-liga,2022,Osasuna
2023-05-28,Getafe,Away,1,True,True,la-liga,2022,Osasuna
2023-06-04,Girona,Home,2,True,True,la-liga,2022,Osasuna
2022-08-14,Almeria,Away,2,True,True,la-liga,2022,Real Madrid
2022-08-20,Celta,Away,4,True,True,la-liga,2022,Real Madrid
2022-08-28,Espanol,Away,3,True,True,la-liga,2022,Real Madrid
2022-09-03,Betis,Home,2,True,True,la-liga,2022,Real Madrid
2022-09-11,Mallorca,Home,4,True,True,la-liga,2022,Real Madrid
2022-09-18,Ath Madrid,Away,2,True,True,la-liga,2022,Real Madrid
2022-10-02,Osasuna,Home,1,True,True,la-liga,2022,Real Madrid
2022-10-08,Getafe,Away,1,True,True,la-liga,2022,Real Madrid
2022-10-16,Barcelona,Home,3,True,True,la-liga,2022,Real Madrid
2022-10-19,Elche,Away,3,True,True,la-liga,2022,Real Madrid
2022-10-22,Sevilla,Home,3,True,True,la-liga,2022,Real Madrid
2022-10-30,Girona,Home,1,True,True,la-liga,2022,Real Madrid
2022-11-07,Vallecano,Away,2,True,True,la-liga,2022,Real Madrid
2022-11-10,Cadiz,Home,2,True,True,la-liga,2022,Real Madrid
2022-12-30,Valladolid,Away,2,True,True,la-liga,2022,Real Madrid
2023-01-07,Villarreal,Away,1,True,True,la-liga,2022,Real Madrid
2023-01-22,Ath Bilbao,Away,2,True,True,la-liga,2022,Real Madrid
2023-01-29,Sociedad,Home,0,True,True,la-liga,2022,Real Madrid
2023-02-02,Valencia,Home,2,True,True,la-liga,2022,Real Madrid
2023-02-05,Mallorca,Away,0,True,True,la-liga,2022,Real Madrid
2023-02-15,Elche,Home,4,True,True,la-liga,2022,Real Madrid
2023-02-18,Osasuna,Away,2,True,True,la-liga,2022,Real Madrid
2023-02-25,Ath Madrid,Home,1,True,True,la-liga,2022,Real Madrid
2023-03-05,Betis,Away,0,True,True,la-liga,2022,Real Madrid
2023-03-11,Espanol,Home,3,True,True,la-liga,2022,Real Madrid
2023-03-19,Barcelona,Away,1,True,True,la-liga,2022,Real Madrid
2023-04-02,Valladolid,Home,6,True,True,la-liga,2022,Real Madrid
2023-04-08,Villarreal,Home,2,True,True,la-liga,2022,Real Madrid
2023-04-15,Cadiz,Away,2,True,True,la-liga,2022,Real Madrid
2023-04-22,Celta,Home,2,True,True,la-liga,2022,Real Madrid
2023-04-25,Girona,Away,2,True,True,la-liga,2022,Real Madrid
2023-04-29,Almeria,Home,4,True,True,la-liga,2022,Real Madrid
2023-05-02,Sociedad,Away,0,True,True,la-liga,2022,Real Madrid
2023-05-13,Getafe,Home,1,True,True,la-liga,2022,Real Madrid
2023-05-21,Valencia,Away,0,True,True,la-liga,2022,Real Madrid
2023-05-24,Vallecano,Home,2,True,True,la-liga,2022,Real Madrid
2023-05-27,Sevilla,Away,2,True,True,la-liga,2022,Real Madrid
2023-06-04,Ath Bilbao,Home,1,True,True,la-liga,2022,Real Madrid
2022-08-12,Osasuna,Away,1,True,True,la-liga,2022,Sevilla
2022-08-19,Valladolid,Home,1,True,True,la-liga,2022,Sevilla
2022-08-27,Almeria,Away,1,True,True,la-liga,2022,Sevilla
2022-09-03,Barcelona,Home,0,True,True,la-liga,2022,Sevilla
2022-09-10,Espanol,Away,3,True,True,la-liga,2022,Sevilla
2022-09-18,Villarreal,Away,1,True,True,la-liga,2022,Sevilla
2022-10-01,Ath Madrid,Home,0,True,True,la-liga,2022,Sevilla
2022-10-08,Ath Bilbao,Home,1,True,True,la-liga,2022,Sevilla
2022-10-15,Mallorca,Away,1,True,True,la-liga,2022,Sevilla
2022-10-18,Valencia,Home,1,True,True,la-liga,2022,Sevilla
2022-10-22,Real Madrid,Away,1,True,True,la-liga,2022,Sevilla
2022-10-29,Vallecano,Home,0,True,True,la-liga,2022,Sevilla
2022-11-06,Betis,Away,1,True,True,la-liga,2022,Sevilla
2022-11-09,Sociedad,Home,1,True,True,la-liga,2022,Sevilla
2022-12-30,Celta,Away,1,True,True,la-liga,2022,Sevilla
2023-01-08,Getafe,Home,2,True,True,la-liga,2022,Sevilla
2023-01-14,Girona,Away,1,True,True,la-liga,2022,Sevilla
2023-01-21,Cadiz,Home,1,True,True,la-liga,2022,Sevilla
2023-01-28,Elche,Home,3,True,True,la-liga,2022,Sevilla
2023-02-05,Barcelona,Away,0,True,True,la-liga,2022,Sevilla
2023-02-11,Mallorca,Home,2,True,True,la-liga,2022,Sevilla
2023-02-19,Vallecano,Away,1,True,True,la-liga,2022,Sevilla
2023-02-26,Osasuna,Home,2,True,True,la-liga,2022,Sevilla
2023-03-04,Ath Madrid,Away,1,True,True,la-liga,2022,Sevilla
2023-03-12,Almeria,Home,2,True,True,la-liga,2022,Sevilla
2023-03-19,Getafe,Away,0,True,True,la-liga,2022,Sevilla
2023-04-01,Cadiz,Away,2,True,True,la-liga,2022,Sevilla
2023-04-07,Celta,Home,2,True,True,la-liga,2022,Sevilla
2023-04-16,Valencia,Away,2,True,True,la-liga,2022,Sevilla
2023-04-23,Villarreal,Home,2,True,True,la-liga,2022,Sevilla
2023-04-27,Ath Bilbao,Away,1,True,True,la-liga,2022,Sevilla
2023-05-01,Girona,Home,0,True,True,la-liga,2022,Sevilla
2023-05-04,Espanol,Home,3,True,True,la-liga,2022,Sevilla
2023-05-14,Valladolid,Away,3,True,True,la-liga,2022,Sevilla
2023-05-21,Betis,Home,0,True,True,la-liga,2022,Sevilla
2023-05-24,Elche,Away,1,True,True,la-liga,2022,Sevilla
2023-05-27,Real Madrid,Home,1,True,True,la-liga,2022,Sevilla
2023-06-04,Sociedad,Away,1,True,True,la-liga,2022,Sevilla
2022-08-14,Cadiz,Away,1,True,True,la-liga,2022,Sociedad
2022-08-21,Barcelona,Home,1,True,True,la-liga,2022,Sociedad
2022-08-27,Elche,Away,1,True,True,la-liga,2022,Sociedad
2022-09-03,Ath Madrid,Home,1,True,True,la-liga,2022,Sociedad
2022-09-11,Getafe,Away,1,True,True,la-liga,2022,Sociedad
2022-09-18,Espanol,Home,2,True,True,la-liga,2022,Sociedad
2022-10-02,Girona,Away,5,True,True,la-liga,2022,Sociedad
2022-10-09,Villarreal,Home,1,True,True,la-liga,2022,Sociedad
2022-10-16,Celta,Away,2,True,True,la-liga,2022,Sociedad
2022-10-19,Mallorca,Home,1,True,True,la-liga,2022,Sociedad
2022-10-22,Valladolid,Away,0,True,True,la-liga,2022,Sociedad
2022-10-30,Betis,Home,0,True,True,la-liga,2022,Sociedad
2022-11-06,Valencia,Home,1,True,True,la-liga,2022,Sociedad
2022-11-09,Sevilla,Away,2,True,True,la-liga,2022,Sociedad
2022-12-31,Osasuna,Home,2,True,True,la-liga,2022,Sociedad
2023-01-08,Almeria,Away,2,True,True,la-liga,2022,Sociedad
2023-01-14,Ath Bilbao,Home,3,True,True,la-liga,2022,Sociedad
2023-01-21,Vallecano,Away,2,True,True,la-liga,2022,Sociedad
2023-01-29,Real Madrid,Away,0,True,True,la-liga,2022,Sociedad
2023-02-05,Valladolid,Home,0,True,True,la-liga,2022,Sociedad
2023-02-13,Espanol,Away,3,True,True,la-liga,2022,Sociedad
2023-02-18,Celta,Home,1,True,True,la-liga,2022,Sociedad
2023-02-25,Valencia,Away,0,True,True,la-liga,2022,Sociedad
2023-03-03,Cadiz,Home,0,True,True,la-liga,2022,Sociedad
2023-03-12,Mallorca,Away,1,True,True,la-liga,2022,Sociedad
2023-03-19,Elche,Home,2,True,True,la-liga,2022,Sociedad
2023-04-02,Villarreal,Away,0,True,True,la-liga,2022,Sociedad
2023-04-08,Getafe,Home,2,True,True,la-liga,2022,Sociedad
2023-04-15,Ath Bilbao,Away,0,True,True,la-liga,2022,Sociedad
2023-04-22,Vallecano,Home,2,True,True,la-liga,2022,Sociedad
2023-04-25,Betis,Away,0,True,True,la-liga,2022,Sociedad
2023-04-28,Osasuna,Away,2,True,True,la-liga,2022,Sociedad
2023-05-02,Real Madrid,Home,2,True,True,la-liga,2022,Sociedad
2023-05-13,Girona,Home,2,True,True,la-liga,2022,Sociedad
2023-05-20,Barcelona,Away,2,True,True,la-liga,2022,Sociedad
2023-05-23,Almeria,Home,1,True,True,la-liga,2022,Sociedad
2023-05-28,Ath Madrid,Away,1,True,True,la-liga,2022,Sociedad
2023-06-04,Sevilla,Home,2,True,True,la-liga,2022,Sociedad
2022-08-14,Girona,Home,1,True,True,la-liga,2022,Valencia
2022-08-21,Ath Bilbao,Away,0,True,True,la-liga,2022,Valencia
2022-08-29,Ath Madrid,Home,0,True,True,la-liga,2022,Valencia
2022-09-04,Getafe,Home,5,True,True,la-liga,2022,Valencia
2022-09-10,Vallecano,Away,1,True,True,la-liga,2022,Valencia
2022-09-17,Celta,Home,3,True,True,la-liga,2022,Valencia
2022-10-02,Espanol,Away,2,True,True,la-liga,2022,Valencia
2022-10-07,Osasuna,Away,2,True,True,la-liga,2022,Valencia
2022-10-15,Elche,Home,2,True,True,la-liga,2022,Valencia
2022-10-18,Sevilla,Away,1,True,True,la-liga,2022,Valencia
2022-10-22,Mallorca,Home,1,True,True,la-liga,2022,Valencia
2022-10-29,Barcelona,Home,0,True,True,la-liga,2022,Valencia
2022-11-06,Sociedad,Away,1,True,True,la-liga,2022,Valencia
2022-11-10,Betis,Home,3,True,True,la-liga,2022,Valencia
2022-12-31,Villarreal,Away,1,True,True,la-liga,2022,Valencia
2023-01-06,Cadiz,Home,0,True,True,la-liga,2022,Valencia
2023-01-23,Almeria,Home,2,True,True,la-liga,2022,Valencia
2023-01-29,Valladolid,Away,0,True,True,la-liga,2022,Valencia
2023-02-02,Real Madrid,Away,0,True,True,la-liga,2022,Valencia
2023-02-05,Girona,Away,0,True,True,la-liga,2022,Valencia
2023-02-11,Ath Bilbao,Home,1,True,True,la-liga,2022,Valencia
2023-02-20,Getafe,Away,0,True,True,la-liga,2022,Valencia
2023-02-25,Sociedad,Home,1,True,True,la-liga,2022,Valencia
2023-03-05,Barcelona,Away,0,True,True,la-liga,2022,Valencia
2023-03-11,Osasuna,Home,1,True,True,la-liga,2022,Valencia
2023-03-18,Ath Madrid,Away,0,True,True,la-liga,2022,Valencia
2023-04-03,Vallecano,Home,1,True,True,la-liga,2022,Valencia
2023-04-09,Almeria,Away,1,True,True,la-liga,2022,Valencia
2023-04-16,Sevilla,Home,0,True,True,la-liga,2022,Valencia
2023-04-23,Elche,Away,2,True,True,la-liga,2022,Valencia
2023-04-27,Valladolid,Home,2,True,True,la-liga,2022,Valencia
2023-04-30,Cadiz,Away,1,True,True,la-liga,2022,Valencia
2023-05-03,Villarreal,Home,1,True,True,la-liga,2022,Valencia
2023-05-14,Celta,Away,2,True,True,la-liga,2022,Valencia
2023-05-21,Real Madrid,Home,1,True,True,la-liga,2022,Valencia
2023-05-25,Mallorca,Away,0,True,True,la-liga,2022,Valencia
2023-05-28,Espanol,Home,2,True,True,la-liga,2022,Valencia
2023-06-04,Betis,Away,1,True,True,la-liga,2022,Valencia
2022-08-13,Villarreal,Home,0,True,True,la-liga,2022,Valladolid
2022-08-19,Sevilla,Away,1,True,True,la-liga,2022,Valladolid
2022-08-28,Barcelona,Away,0,True,True,la-liga,2022,Valladolid
2022-09-05,Almeria,Home,1,True,True,la-liga,2022,Valladolid
2022-09-09,Girona,Away,1,True,True,la-liga,2022,Valladolid
2022-09-16,Cadiz,Home,0,True,True,la-liga,2022,Valladolid
2022-10-01,Getafe,Away,3,True,True,la-liga,2022,Valladolid
2022-10-09,Betis,Home,0,True,True,la-liga,2022,Valladolid
2022-10-16,Espanol,Away,0,True,True,la-liga,2022,Valladolid
2022-10-19,Celta,Home,4,True,True,la-liga,2022,Valladolid
2022-10-22,Sociedad,Home,1,True,True,la-liga,2022,Valladolid
2022-10-30,Osasuna,Away,0,True,True,la-liga,2022,Valladolid
2022-11-05,Elche,Home,2,True,True,la-liga,2022,Valladolid
2022-11-08,Ath Bilbao,Away,0,True,True,la-liga,2022,Valladolid
2022-12-30,Real Madrid,Home,0,True,True,la-liga,2022,Valladolid
2023-01-07,Mallorca,Away,0,True,True,la-liga,2022,Valladolid
2023-01-14,Vallecano,Home,0,True,True,la-liga,2022,Valladolid
2023-01-21,Ath Madrid,Away,0,True,True,la-liga,2022,Valladolid
2023-01-29,Valencia,Home,1,True,True,la-liga,2022,Valladolid
2023-02-05,Sociedad,Away,1,True,True,la-liga,2022,Valladolid
2023-02-12,Osasuna,Home,0,True,True,la-liga,2022,Valladolid
2023-02-18,Betis,Away,1,True,True,la-liga,2022,Valladolid
2023-02-26,Celta,Away,0,True,True,la-liga,2022,Valladolid
2023-03-05,Espanol,Home,2,True,True,la-liga,2022,Valladolid
2023-03-11,Elche,Away,1,True,True,la-liga,2022,Valladolid
2023-03-17,Ath Bilbao,Home,1,True,True,la-liga,2022,Valladolid
2023-04-02,Real Madrid,Away,0,True,True,la-liga,2022,Valladolid
2023-04-09,Mallorca,Home,3,True,True,la-liga,2022,Valladolid
2023-04-15,Villarreal,Away,2,True,True,la-liga,2022,Valladolid
2023-04-22,Girona,Home,1,True,True,la-liga,2022,Valladolid
2023-04-27,Valencia,Away,1,True,True,la-liga,2022,Valladolid
2023-04-30,Ath Madrid,Home,2,True,True,la-liga,2022,Valladolid
2023-05-04,Vallecano,Away,1,True,True,la-liga,2022,Valladolid
2023-05-14,Sevilla,Home,0,True,True,la-liga,2022,Valladolid
2023-05-19,Cadiz,Away,0,True,True,la-liga,2022,Valladolid
2023-05-23,Barcelona,Home,3,True,True,la-liga,2022,Valladolid
2023-05-28,Almeria,Away,0,True,True,la-liga,2022,Valladolid
2023-06-04,Getafe,Home,0,True,True,la-liga,2022,Valladolid
2022-08-13,Barcelona,Away,0,True,True,la-liga,2022,Vallecano
2022-08-19,Espanol,Away,2,True,True,la-liga,2022,Vallecano
2022-08-27,Mallorca,Home,0,True,True,la-liga,2022,Vallecano
2022-09-04,Osasuna,Away,1,True,True,la-liga,2022,Vallecano
2022-09-10,Valencia,Home,2,True,True,la-liga,2022,Vallecano
2022-09-17,Ath Bilbao,Away,2,True,True,la-liga,2022,Vallecano
2022-10-03,Elche,Home,2,True,True,la-liga,2022,Vallecano
2022-10-08,Almeria,Away,1,True,True,la-liga,2022,Vallecano
2022-10-14,Getafe,Home,0,True,True,la-liga,2022,Vallecano
2022-10-18,Ath Madrid,Away,1,True,True,la-liga,2022,Vallecano
2022-10-22,Cadiz,Home,5,True,True,la-liga,2022,Vallecano
2022-10-29,Sevilla,Away,1,True,True,la-liga,2022,Vallecano
2022-11-07,Real Madrid,Home,3,True,True,la-liga,2022,Vallecano
2022-11-10,Celta,Home,0,True,True,la-liga,2022,Vallecano
2022-12-29,Girona,Away,2,True,True,la-liga,2022,Vallecano
2023-01-08,Betis,Home,1,True,True,la-liga,2022,Vallecano
2023-01-14,Valladolid,Away,1,True,True,la-liga,2022,Vallecano
2023-01-21,Sociedad,Home,0,True,True,la-liga,2022,Vallecano
2023-01-30,Villarreal,Away,1,True,True,la-liga,2022,Vallecano
2023-02-06,Almeria,Home,2,True,True,la-liga,2022,Vallecano
2023-02-12,Getafe,Away,1,True,True,la-liga,2022,Vallecano
2023-02-19,Sevilla,Home,1,True,True,la-liga,2022,Vallecano
2023-02-25,Cadiz,Away,0,True,True,la-liga,2022,Vallecano
2023-03-05,Ath Bilbao,Home,0,True,True,la-liga,2022,Vallecano
2023-03-11,Celta,Away,0,True,True,la-liga,2022,Vallecano
2023-03-18,Girona,Home,2,True,True,la-liga,2022,Vallecano
2023-04-03,Valencia,Away,1,True,True,la-liga,2022,Vallecano
2023-04-09,Ath Madrid,Home,1,True,True,la-liga,2022,Vallecano
2023-04-14,Osasuna,Home,2,True,True,la-liga,2022,Vallecano
2023-04-22,Sociedad,Away,1,True,True,la-liga,2022,Vallecano
2023-04-26,Barcelona,Home,2,True,True,la-liga,2022,Vallecano
2023-04-29,Elche,Away,0,True,True,la-liga,2022,Vallecano
2023-05-04,Valladolid,Home,2,True,True,la-liga,2022,Vallecano
2023-05-15,Betis,Away,1,True,True,la-liga,2022,Vallecano
2023-05-21,Espanol,Home,1,True,True,la-liga,2022,Vallecano
2023-05-24,Real Madrid,Away,1,True,True,la-liga,2022,Vallecano
2023-05-28,Villarreal,Home,2,True,True,la-liga,2022,Vallecano
2023-06-04,Mallorca,Away,0,True,True,la-liga,2022,Vallecano
2022-08-13,Valladolid,Away,3,True,True,la-liga,2022,Villarreal
2022-08-21,Ath Madrid,Away,2,True,True,la-liga,2022,Villarreal
2022-08-28,Getafe,Away,0,True,True,la-liga,2022,Villarreal
2022-09-04,Elche,Home,4,True,True,la-liga,2022,Villarreal
2022-09-11,Betis,Away,0,True,True,la-liga,2022,Villarreal
2022-09-18,Sevilla,Home,1,True,True,la-liga,2022,Villarreal
2022-10-01,Cadiz,Away,0,True,True,la-liga,2022,Villarreal
2022-10-09,Sociedad,Away,0,True,True,la-liga,2022,Villarreal
2022-10-17,Osasuna,Home,2,True,True,la-liga,2022,Villarreal
2022-10-20,Barcelona,Away,0,True,True,la-liga,2022,Villarreal
2022-10-23,Almeria,Home,2,True,True,la-liga,2022,Villarreal
2022-10-30,Ath Bilbao,Away,0,True,True,la-liga,2022,Villarreal
2022-11-06,Mallorca,Home,0,True,True,la-liga,2022,Villarreal
2022-11-09,Espanol,Away,1,True,True,la-liga,2022,Villarreal
2022-12-31,Valencia,Home,2,True,True,la-liga,2022,Villarreal
2023-01-07,Real Madrid,Home,2,True,True,la-liga,2022,Villarreal
2023-01-13,Celta,Away,1,True,True,la-liga,2022,Villarreal
2023-01-22,Girona,Home,1,True,True,la-liga,2022,Villarreal
2023-01-30,Vallecano,Home,0,True,True,la-liga,2022,Villarreal
2023-02-04,Elche,Away,1,True,True,la-liga,2022,Villarreal
2023-02-12,Barcelona,Home,0,True,True,la-liga,2022,Villarreal
2023-02-18,Mallorca,Away,2,True,True,la-liga,2022,Villarreal
2023-02-27,Getafe,Home,2,True,True,la-liga,2022,Villarreal
2023-03-04,Almeria,Away,2,True,True,la-liga,2022,Villarreal
2023-03-12,Betis,Home,1,True,True,la-liga,2022,Villarreal
2023-03-19,Osasuna,Away,3,True,True,la-liga,2022,Villarreal
2023-04-02,Sociedad,Home,2,True,True,la-liga,2022,Villarreal
2023-04-08,Real Madrid,Away,3,True,True,la-liga,2022,Villarreal
2023-04-15,Valladolid,Home,1,True,True,la-liga,2022,Villarreal
2023-04-23,Sevilla,Away,1,True,True,la-liga,2022,Villarreal
2023-04-27,Espanol,Home,4,True,True,la-liga,2022,Villarreal
2023-04-30,Celta,Home,3,True,True,la-liga,2022,Villarreal
2023-05-03,Valencia,Away,1,True,True,la-liga,2022,Villarreal
2023-05-13,Ath Bilbao,Home,5,True,True,la-liga,2022,Villarreal
2023-05-20,Girona,Away,2,True,True,la-liga,2022,Villarreal
2023-05-24,Cadiz,Home,2,True,True,la-liga,2022,Villarreal
2023-05-28,Vallecano,Away,1,True,True,la-liga,2022,Villarreal
2023-06-04,Ath Madrid,Home,2,True,True,la-liga,2022,Villarreal
2023-08-14,Cadiz,Away,0,True,True,la-liga,2023,Alaves
2023-08-21,Sevilla,Home,4,True,True,la-liga,2023,Alaves
2023-08-28,Getafe,Away,0,True,True,la-liga,2023,Alaves
2023-09-02,Valencia,Home,1,True,True,la-liga,2023,Alaves
2023-09-15,Vallecano,Away,0,True,True,la-liga,2023,Alaves
2023-09-22,Ath Bilbao,Home,0,True,True,la-liga,2023,Alaves
2023-09-28,Celta,Away,1,True,True,la-liga,2023,Alaves
2023-10-01,Osasuna,Home,0,True,True,la-liga,2023,Alaves
2023-10-08,Betis,Home,1,True,True,la-liga,2023,Alaves
2023-10-22,Villarreal,Away,1,True,True,la-liga,2023,Alaves
2023-10-29,Ath Madrid,Away,1,True,True,la-liga,2023,Alaves
2023-11-05,Almeria,Home,1,True,True,la-liga,2023,Alaves
2023-11-12,Barcelona,Away,1,True,True,la-liga,2023,Alaves
2023-11-24,Granada,Home,3,True,True,la-liga,2023,Alaves
2023-12-03,Mallorca,Away,0,True,True,la-liga,2023,Alaves
2023-12-09,Las Palmas,Home,0,True,True,la-liga,2023,Alaves
2023-12-18,Girona,Away,0,True,True,la-liga,2023,Alaves
2023-12-21,Real Madrid,Home,0,True,True,la-liga,2023,Alaves
2024-01-02,Sociedad,Away,1,True,True,la-liga,2023,Alaves
2024-01-12,Sevilla,Away,3,True,True,la-liga,2023,Alaves
2024-01-19,Cadiz,Home,1,True,True,la-liga,2023,Alaves
2024-01-26,Almeria,Away,3,True,True,la-liga,2023,Alaves
2024-02-03,Barcelona,Home,1,True,True,la-liga,2023,Alaves
2024-02-10,Villarreal,Home,1,True,True,la-liga,2023,Alaves
2024-02-18,Betis,Away,0,True,True,la-liga,2023,Alaves
2024-02-24,Mallorca,Home,1,True,True,la-liga,2023,Alaves
2024-03-04,Osasuna,Away,0,True,True,la-liga,2023,Alaves
2024-03-10,Vallecano,Home,1,True,True,la-liga,2023,Alaves
2024-03-16,Ath Bilbao,Away,0,True,True,la-liga,2023,Alaves
2024-03-31,Sociedad,Home,0,True,True,la-liga,2023,Alaves
2024-04-14,Granada,Away,0,True,True,la-liga,2023,Alaves
2024-04-21,Ath Madrid,Home,2,True,True,la-liga,2023,Alaves
2024-04-27,Celta,Home,3,True,True,la-liga,2023,Alaves
2024-05-05,Valencia,Away,1,True,True,la-liga,2023,Alaves
2024-05-10,Girona,Home,2,True,True,la-liga,2023,Alaves
2024-05-14,Real Madrid,Away,0,True,True,la-liga,2023,Alaves
2024-05-18,Getafe,Home,1,True,True,la-liga,2023,Alaves
2024-05-26,Las Palmas,Away,1,True,True,la-liga,2023,Alaves
2023-08-11,Vallecano,Home,0,True,True,la-liga,2023,Almeria
2023-08-19,Real Madrid,Home,1,True,True,la-liga,2023,Almeria
2023-08-26,Cadiz,Away,1,True,True,la-liga,2023,Almeria
2023-09-01,Celta,Home,2,True,True,la-liga,2023,Almeria
2023-09-17,Villarreal,Away,1,True,True,la-liga,2023,Almeria
2023-09-23,Valencia,Home,2,True,True,la-liga,2023,Almeria
2023-09-26,Sevilla,Away,1,True,True,la-liga,2023,Almeria
2023-10-01,Granada,Home,3,True,True,la-liga,2023,Almeria
2023-10-06,Ath Bilbao,Away,0,True,True,la-liga,2023,Almeria
2023-10-22,Girona,Away,2,True,True,la-liga,2023,Almeria
2023-10-28,Las Palmas,Home,1,True,True,la-liga,2023,Almeria
2023-11-05,Alaves,Away,0,True,True,la-liga,2023,Almeria
2023-11-11,Sociedad,Home,1,True,True,la-liga,2023,Almeria
2023-11-25,Getafe,Away,1,True,True,la-liga,2023,Almeria
2023-12-03,Betis,Home,0,True,True,la-liga,2023,Almeria
2023-12-10,Ath Madrid,Away,1,True,True,la-liga,2023,Almeria
2023-12-17,Mallorca,Home,0,True,True,la-liga,2023,Almeria
2023-12-20,Barcelona,Away,2,True,True,la-liga,2023,Almeria
2024-01-04,Osasuna,Away,0,True,True,la-liga,2023,Almeria
2024-01-14,Girona,Home,0,True,True,la-liga,2023,Almeria
2024-01-21,Real Madrid,Away,2,True,True,la-liga,2023,Almeria
2024-01-26,Alaves,Home,0,True,True,la-liga,2023,Almeria
2024-02-03,Valencia,Away,1,True,True,la-liga,2023,Almeria
2024-02-12,Ath Bilbao,Home,0,True,True,la-liga,2023,Almeria
2024-02-18,Granada,Away,1,True,True,la-liga,2023,Almeria
2024-02-24,Ath Madrid,Home,2,True,True,la-liga,2023,Almeria
2024-03-01,Celta,Away,0,True,True,la-liga,2023,Almeria
2024-03-11,Sevilla,Home,2,True,True,la-liga,2023,Almeria
2024-03-17,Las Palmas,Away,1,True,True,la-liga,2023,Almeria
2024-03-30,Osasuna,Home,0,True,True,la-liga,2023,Almeria
2024-04-14,Sociedad,Away,2,True,True,la-liga,2023,Almeria
2024-04-21,Villarreal,Home,1,True,True,la-liga,2023,Almeria
2024-04-27,Getafe,Home,1,True,True,la-liga,2023,Almeria
2024-05-05,Vallecano,Away,1,True,True,la-liga,2023,Almeria
2024-05-12,Betis,Away,2,True,True,la-liga,2023,Almeria
2024-05-16,Barcelona,Home,0,True,True,la-liga,2023,Almeria
2024-05-19,Mallorca,Away,2,True,True,la-liga,2023,Almeria
2024-05-25,Cadiz,Home,6,True,True,la-liga,2023,Almeria
2023-08-12,Real Madrid,Home,0,True,True,la-liga,2023,Ath Bilbao
2023-08-19,Osasuna,Away,2,True,True,la-liga,2023,Ath Bilbao
2023-08-27,Betis,Home,4,True,True,la-liga,2023,Ath Bilbao
2023-09-03,Mallorca,Away,0,True,True,la-liga,2023,Ath Bilbao
2023-09-16,Cadiz,Home,3,True,True,la-liga,2023,Ath Bilbao
2023-09-22,Alaves,Away,2,True,True,la-liga,2023,Ath Bilbao
2023-09-27,Getafe,Home,2,True,True,la-liga,2023,Ath Bilbao
2023-09-30,Sociedad,Away,0,True,True,la-liga,2023,Ath Bilbao
2023-10-06,Almeria,Home,3,True,True,la-liga,2023,Ath Bilbao
2023-10-22,Barcelona,Away,0,True,True,la-liga,2023,Ath Bilbao
2023-10-29,Valencia,Home,2,True,True,la-liga,2023,Ath Bilbao
2023-11-05,Villarreal,Away,3,True,True,la-liga,2023,Ath Bilbao
2023-11-10,Celta,Home,4,True,True,la-liga,2023,Ath Bilbao
2023-11-27,Girona,Away,1,True,True,la-liga,2023,Ath Bilbao
2023-12-02,Vallecano,Home,4,True,True,la-liga,2023,Ath Bilbao
2023-12-11,Granada,Away,1,True,True,la-liga,2023,Ath Bilbao
2023-12-16,Ath Madrid,Home,2,True,True,la-liga,2023,Ath Bilbao
2023-12-20,Las Palmas,Home,1,True,True,la-liga,2023,Ath Bilbao
2024-01-04,Sevilla,Away,2,True,True,la-liga,2023,Ath Bilbao
2024-01-13,Sociedad,Home,2,True,True,la-liga,2023,Ath Bilbao
2024-01-20,Valencia,Away,0,True,True,la-liga,2023,Ath Bilbao
2024-01-28,Cadiz,Away,0,True,True,la-liga,2023,Ath Bilbao
2024-02-02,Mallorca,Home,4,True,True,la-liga,2023,Ath Bilbao
2024-02-12,Almeria,Away,0,True,True,la-liga,2023,Ath Bilbao
2024-02-19,Girona,Home,3,True,True,la-liga,2023,Ath Bilbao
2024-02-25,Betis,Away,1,True,True,la-liga,2023,Ath Bilbao
2024-03-03,Barcelona,Home,0,True,True,la-liga,2023,Ath Bilbao
2024-03-10,Las Palmas,Away,2,True,True,la-liga,2023,Ath Bilbao
2024-03-16,Alaves,Home,2,True,True,la-liga,2023,Ath Bilbao
2024-03-31,Real Madrid,Away,0,True,True,la-liga,2023,Ath Bilbao
2024-04-14,Villarreal,Home,1,True,True,la-liga,2023,Ath Bilbao
2024-04-19,Granada,Home,1,True,True,la-liga,2023,Ath Bilbao
2024-04-27,Ath Madrid,Away,1,True,True,la-liga,2023,Ath Bilbao
2024-05-03,Getafe,Away,2,True,True,la-liga,2023,Ath Bilbao
2024-05-11,Osasuna,Home,2,True,True,la-liga,2023,Ath Bilbao
2024-05-15,Celta,Away,1,True,True,la-liga,2023,Ath Bilbao
2024-05-19,Sevilla,Home,2,True,True,la-liga,2023,Ath Bilbao
2024-05-25,Vallecano,Away,1,True,True,la-liga,2023,Ath Bilbao
2023-08-14,Granada,Home,3,True,True,la-liga,2023,Ath Madrid
2023-08-20,Betis,Away,0,True,True,la-liga,2023,Ath Madrid
2023-08-28,Vallecano,Away,7,True,True,la-liga,2023,Ath Madrid
2023-09-16,Valencia,Away,0,True,True,la-liga,2023,Ath Madrid
2023-09-24,Real Madrid,Home,3,True,True,la-liga,2023,Ath Madrid
2023-09-28,Osasuna,Away,2,True,True,la-liga,2023,Ath Madrid
2023-10-01,Cadiz,Home,3,True,True,la-liga,2023,Ath Madrid
2023-10-08,Sociedad,Home,2,True,True,la-liga,2023,Ath Madrid
2023-10-21,Celta,Away,3,True,True,la-liga,2023,Ath Madrid
2023-10-29,Alaves,Home,2,True,True,la-liga,2023,Ath Madrid
2023-11-03,Las Palmas,Away,1,True,True,la-liga,2023,Ath Madrid
2023-11-12,Villarreal,Home,3,True,True,la-liga,2023,Ath Madrid
2023-11-25,Mallorca,Home,1,True,True,la-liga,2023,Ath Madrid
2023-12-03,Barcelona,Away,0,True,True,la-liga,2023,Ath Madrid
2023-12-10,Almeria,Home,2,True,True,la-liga,2023,Ath Madrid
2023-12-16,Ath Bilbao,Away,0,True,True,la-liga,2023,Ath Madrid
2023-12-19,Getafe,Home,3,True,True,la-liga,2023,Ath Madrid
2023-12-23,Sevilla,Home,1,True,True,la-liga,2023,Ath Madrid
2024-01-03,Girona,Away,3,True,True,la-liga,2023,Ath Madrid
2024-01-22,Granada,Away,1,True,True,la-liga,2023,Ath Madrid
2024-01-28,Valencia,Home,2,True,True,la-liga,2023,Ath Madrid
2024-01-31,Vallecano,Home,2,True,True,la-liga,2023,Ath Madrid
2024-02-04,Real Madrid,Away,1,True,True,la-liga,2023,Ath Madrid
2024-02-11,Sevilla,Away,0,True,True,la-liga,2023,Ath Madrid
2024-02-17,Las Palmas,Home,5,True,True,la-liga,2023,Ath Madrid
2024-02-24,Almeria,Away,2,True,True,la-liga,2023,Ath Madrid
2024-03-03,Betis,Home,2,True,True,la-liga,2023,Ath Madrid
2024-03-09,Cadiz,Away,0,True,True,la-liga,2023,Ath Madrid
2024-03-17,Barcelona,Home,0,True,True,la-liga,2023,Ath Madrid
2024-04-01,Villarreal,Away,2,True,True,la-liga,2023,Ath Madrid
2024-04-13,Girona,Home,3,True,True,la-liga,2023,Ath Madrid
2024-04-21,Alaves,Away,0,True,True,la-liga,2023,Ath Madrid
2024-04-27,Ath Bilbao,Home,3,True,True,la-liga,2023,Ath Madrid
2024-05-04,Mallorca,Away,1,True,True,la-liga,2023,Ath Madrid
2024-05-12,Celta,Home,1,True,True,la-liga,2023,Ath Madrid
2024-05-15,Getafe,Away,3,True,True,la-liga,2023,Ath Madrid
2024-05-19,Osasuna,Home,1,True,True,la-liga,2023,Ath Madrid
2024-05-25,Sociedad,Away,2,True,True,la-liga,2023,Ath Madrid
2023-08-13,Getafe,Away,0,True,True,la-liga,2023,Barcelona
2023-08-20,Cadiz,Home,2,True,True,la-liga,2023,Barcelona
2023-08-27,Villarreal,Away,4,True,True,la-liga,2023,Barcelona
2023-09-03,Osasuna,Away,2,True,True,la-liga,2023,Barcelona
2023-09-16,Betis,Home,5,True,True,la-liga,2023,Barcelona
2023-09-23,Celta,Home,3,True,True,la-liga,2023,Barcelona
2023-09-26,Mallorca,Away,2,True,True,la-liga,2023,Barcelona
2023-09-29,Sevilla,Home,1,True,True,la-liga,2023,Barcelona
2023-10-08,Granada,Away,2,True,True,la-liga,2023,Barcelona
2023-10-22,Ath Bilbao,Home,1,True,True,la-liga,2023,Barcelona
2023-10-28,Real Madrid,Home,1,True,True,la-liga,2023,Barcelona
2023-11-04,Sociedad,Away,1,True,True,la-liga,2023,Barcelona
2023-11-12,Alaves,Home,2,True,True,la-liga,2023,Barcelona
2023-11-25,Vallecano,Away,1,True,True,la-liga,2023,Barcelona
2023-12-03,Ath Madrid,Home,1,True,True,la-liga,2023,Barcelona
2023-12-10,Girona,Home,2,True,True,la-liga,2023,Barcelona
2023-12-16,Valencia,Away,1,True,True,la-liga,2023,Barcelona
2023-12-20,Almeria,Home,3,True,True,la-liga,2023,Barcelona
2024-01-04,Las Palmas,Away,2,True,True,la-liga,2023,Barcelona
2024-01-21,Betis,Away,4,True,True,la-liga,2023,Barcelona
2024-01-27,Villarreal,Home,3,True,True,la-liga,2023,Barcelona
2024-01-31,Osasuna,Home,1,True,True,la-liga,2023,Barcelona
2024-02-03,Alaves,Away,3,True,True,la-liga,2023,Barcelona
2024-02-11,Granada,Home,3,True,True,la-liga,2023,Barcelona
2024-02-17,Celta,Away,2,True,True,la-liga,2023,Barcelona
2024-02-24,Getafe,Home,4,True,True,la-liga,2023,Barcelona
2024-03-03,Ath Bilbao,Away,0,True,True,la-liga,2023,Barcelona
2024-03-08,Mallorca,Home,1,True,True,la-liga,2023,Barcelona
2024-03-17,Ath Madrid,Away,3,True,True,la-liga,2023,Barcelona
2024-03-30,Las Palmas,Home,1,True,True,la-liga,2023,Barcelona
2024-04-13,Cadiz,Away,1,True,True,la-liga,2023,Barcelona
2024-04-21,Real Madrid,Away,2,True,True,la-liga,2023,Barcelona
2024-04-29,Valencia,Home,4,True,True,la-liga,2023,Barcelona
2024-05-04,Girona,Away,2,True,True,la-liga,2023,Barcelona
2024-05-13,Sociedad,Home,2,True,True,la-liga,2023,Barcelona
2024-05-16,Almeria,Away,2,True,True,la-liga,2023,Barcelona
2024-05-19,Vallecano,Home,3,True,True,la-liga,2023,Barcelona
2024-05-26,Sevilla,Away,2,True,True,la-liga,2023,Barcelona
2023-08-13,Villarreal,Away,2,True,True,la-liga,2023,Betis
2023-08-20,Ath Madrid,Home,0,True,True,la-liga,2023,Betis
2023-08-27,Ath Bilbao,Away,2,True,True,la-liga,2023,Betis
2023-09-02,Vallecano,Home,1,True,True,la-liga,2023,Betis
2023-09-16,Barcelona,Away,0,True,True,la-liga,2023,Betis
2023-09-24,Cadiz,Home,1,True,True,la-liga,2023,Betis
2023-09-28,Granada,Away,1,True,True,la-liga,2023,Betis
2023-10-01,Valencia,Home,3,True,True,la-liga,2023,Betis
2023-10-08,Alaves,Away,1,True,True,la-liga,2023,Betis
2023-10-21,Getafe,Away,1,True,True,la-liga,2023,Betis
2023-10-29,Osasuna,Home,2,True,True,la-liga,2023,Betis
2023-11-04,Mallorca,Home,2,True,True,la-liga,2023,Betis
2023-11-12,Sevilla,Away,1,True,True,la-liga,2023,Betis
2023-11-26,Las Palmas,Home,1,True,True,la-liga,2023,Betis
2023-12-03,Almeria,Away,0,True,True,la-liga,2023,Betis
2023-12-09,Real Madrid,Home,1,True,True,la-liga,2023,Betis
2023-12-17,Sociedad,Away,0,True,True,la-liga,2023,Betis
2023-12-21,Girona,Home,1,True,True,la-liga,2023,Betis
2024-01-03,Celta,Away,1,True,True,la-liga,2023,Betis
2024-01-13,Granada,Home,1,True,True,la-liga,2023,Betis
2024-01-21,Barcelona,Home,2,True,True,la-liga,2023,Betis
2024-01-27,Mallorca,Away,1,True,True,la-liga,2023,Betis
2024-02-04,Getafe,Home,1,True,True,la-liga,2023,Betis
2024-02-09,Cadiz,Away,2,True,True,la-liga,2023,Betis
2024-02-18,Alaves,Home,0,True,True,la-liga,2023,Betis
2024-02-25,Ath Bilbao,Home,3,True,True,la-liga,2023,Betis
2024-03-03,Ath Madrid,Away,1,True,True,la-liga,2023,Betis
2024-03-10,Villarreal,Home,2,True,True,la-liga,2023,Betis
2024-03-17,Vallecano,Away,0,True,True,la-liga,2023,Betis
2024-03-31,Girona,Away,2,True,True,la-liga,2023,Betis
2024-04-12,Celta,Home,2,True,True,la-liga,2023,Betis
2024-04-20,Valencia,Away,2,True,True,la-liga,2023,Betis
2024-04-28,Sevilla,Home,1,True,True,la-liga,2023,Betis
2024-05-05,Osasuna,Away,2,True,True,la-liga,2023,Betis
2024-05-12,Almeria,Home,3,True,True,la-liga,2023,Betis
2024-05-16,Las Palmas,Away,2,True,True,la-liga,2023,Betis
2024-05-19,Sociedad,Home,0,True,True,la-liga,2023,Betis
2024-05-25,Real Madrid,Away,0,True,True,la-liga,2023,Betis
2023-08-14,Alaves,Home,1,True,True,la-liga,2023,Cadiz
2023-08-20,Barcelona,Away,0,True,True,la-liga,2023,Cadiz
2023-08-26,Almeria,Home,1,True,True,la-liga,2023,Cadiz
2023-09-01,Villarreal,Home,3,True,True,la-liga,2023,Cadiz
2023-09-16,Ath Bilbao,Away,0,True,True,la-liga,2023,Cadiz
2023-09-24,Betis,Away,1,True,True,la-liga,2023,Cadiz
2023-09-27,Vallecano,Home,0,True,True,la-liga,2023,Cadiz
2023-10-01,Ath Madrid,Away,2,True,True,la-liga,2023,Cadiz
2023-10-07,Girona,Home,0,True,True,la-liga,2023,Cadiz
2023-10-23,Valencia,Away,0,True,True,la-liga,2023,Cadiz
2023-10-28,Sevilla,Home,2,True,True,la-liga,2023,Cadiz
2023-11-06,Getafe,Away,0,True,True,la-liga,2023,Cadiz
2023-11-26,Real Madrid,Home,0,True,True,la-liga,2023,Cadiz
2023-11-29,Mallorca,Away,1,True,True,la-liga,2023,Cadiz
2023-12-04,Celta,Away,1,True,True,la-liga,2023,Cadiz
2023-12-10,Osasuna,Home,1,True,True,la-liga,2023,Cadiz
2023-12-17,Las Palmas,Away,1,True,True,la-liga,2023,Cadiz
2023-12-21,Sociedad,Home,0,True,True,la-liga,2023,Cadiz
2024-01-03,Granada,Away,0,True,True,la-liga,2023,Cadiz
2024-01-14,Valencia,Home,1,True,True,la-liga,2023,Cadiz
2024-01-19,Alaves,Away,0,True,True,la-liga,2023,Cadiz
2024-01-28,Ath Bilbao,Home,0,True,True,la-liga,2023,Cadiz
2024-02-04,Villarreal,Away,0,True,True,la-liga,2023,Cadiz
2024-02-09,Betis,Home,0,True,True,la-liga,2023,Cadiz
2024-02-17,Osasuna,Away,0,True,True,la-liga,2023,Cadiz
2024-02-25,Celta,Home,2,True,True,la-liga,2023,Cadiz
2024-03-02,Vallecano,Away,1,True,True,la-liga,2023,Cadiz
2024-03-09,Ath Madrid,Home,2,True,True,la-liga,2023,Cadiz
2024-03-15,Sociedad,Away,0,True,True,la-liga,2023,Cadiz
2024-03-29,Granada,Home,1,True,True,la-liga,2023,Cadiz
2024-04-13,Barcelona,Home,0,True,True,la-liga,2023,Cadiz
2024-04-20,Girona,Away,1,True,True,la-liga,2023,Cadiz
2024-04-28,Mallorca,Home,1,True,True,la-liga,2023,Cadiz
2024-05-04,Real Madrid,Away,0,True,True,la-liga,2023,Cadiz
2024-05-12,Getafe,Home,1,True,True,la-liga,2023,Cadiz
2024-05-15,Sevilla,Away,1,True,True,la-liga,2023,Cadiz
2024-05-19,Las Palmas,Home,0,True,True,la-liga,2023,Cadiz
2024-05-25,Almeria,Away,1,True,True,la-liga,2023,Cadiz
2023-08-13,Osasuna,Home,0,True,True,la-liga,2023,Celta
2023-08-19,Sociedad,Away,1,True,True,la-liga,2023,Celta
2023-08-25,Real Madrid,Home,0,True,True,la-liga,2023,Celta
2023-09-01,Almeria,Away,3,True,True,la-liga,2023,Celta
2023-09-16,Mallorca,Home,0,True,True,la-liga,2023,Celta
2023-09-23,Barcelona,Away,2,True,True,la-liga,2023,Celta
2023-09-28,Alaves,Home,1,True,True,la-liga,2023,Celta
2023-10-02,Las Palmas,Away,1,True,True,la-liga,2023,Celta
2023-10-08,Getafe,Home,2,True,True,la-liga,2023,Celta
2023-10-21,Ath Madrid,Home,0,True,True,la-liga,2023,Celta
2023-10-27,Girona,Away,0,True,True,la-liga,2023,Celta
2023-11-04,Sevilla,Home,1,True,True,la-liga,2023,Celta
2023-11-10,Ath Bilbao,Away,3,True,True,la-liga,2023,Celta
2023-11-25,Valencia,Away,0,True,True,la-liga,2023,Celta
2023-12-04,Cadiz,Home,1,True,True,la-liga,2023,Celta
2023-12-11,Vallecano,Away,0,True,True,la-liga,2023,Celta
2023-12-16,Granada,Home,1,True,True,la-liga,2023,Celta
2023-12-20,Villarreal,Away,2,True,True,la-liga,2023,Celta
2024-01-03,Betis,Home,2,True,True,la-liga,2023,Celta
2024-01-13,Mallorca,Away,1,True,True,la-liga,2023,Celta
2024-01-20,Sociedad,Home,0,True,True,la-liga,2023,Celta
2024-01-28,Girona,Home,0,True,True,la-liga,2023,Celta
2024-02-04,Osasuna,Away,3,True,True,la-liga,2023,Celta
2024-02-11,Getafe,Away,2,True,True,la-liga,2023,Celta
2024-02-17,Barcelona,Home,1,True,True,la-liga,2023,Celta
2024-02-25,Cadiz,Away,2,True,True,la-liga,2023,Celta
2024-03-01,Almeria,Home,1,True,True,la-liga,2023,Celta
2024-03-10,Real Madrid,Away,0,True,True,la-liga,2023,Celta
2024-03-17,Sevilla,Away,2,True,True,la-liga,2023,Celta
2024-03-31,Vallecano,Home,0,True,True,la-liga,2023,Celta
2024-04-12,Betis,Away,1,True,True,la-liga,2023,Celta
2024-04-20,Las Palmas,Home,4,True,True,la-liga,2023,Celta
2024-04-27,Alaves,Away,0,True,True,la-liga,2023,Celta
2024-05-05,Villarreal,Home,3,True,True,la-liga,2023,Celta
2024-05-12,Ath Madrid,Away,0,True,True,la-liga,2023,Celta
2024-05-15,Ath Bilbao,Home,2,True,True,la-liga,2023,Celta
2024-05-19,Granada,Away,2,True,True,la-liga,2023,Celta
2024-05-26,Valencia,Home,2,True,True,la-liga,2023,Celta
2023-08-13,Barcelona,Home,0,True,True,la-liga,2023,Getafe
2023-08-20,Girona,Away,0,True,True,la-liga,2023,Getafe
2023-08-28,Alaves,Home,1,True,True,la-liga,2023,Getafe
2023-09-02,Real Madrid,Away,1,True,True,la-liga,2023,Getafe
2023-09-17,Osasuna,Home,3,True,True,la-liga,2023,Getafe
2023-09-24,Sociedad,Away,3,True,True,la-liga,2023,Getafe
2023-09-27,Ath Bilbao,Away,2,True,True,la-liga,2023,Getafe
2023-09-30,Villarreal,Home,0,True,True,la-liga,2023,Getafe
2023-10-08,Celta,Away,2,True,True,la-liga,2023,Getafe
2023-10-21,Betis,Home,1,True,True,la-liga,2023,Getafe
2023-10-28,Mallorca,Away,0,True,True,la-liga,2023,Getafe
2023-11-06,Cadiz,Home,1,True,True,la-liga,2023,Getafe
2023-11-11,Granada,Away,1,True,True,la-liga,2023,Getafe
2023-11-25,Almeria,Home,2,True,True,la-liga,2023,Getafe
2023-12-01,Las Palmas,Away,0,True,True,la-liga,2023,Getafe
2023-12-08,Valencia,Home,1,True,True,la-liga,2023,Getafe
2023-12-16,Sevilla,Away,3,True,True,la-liga,2023,Getafe
2023-12-19,Ath Madrid,Away,3,True,True,la-liga,2023,Getafe
2024-01-02,Vallecano,Home,0,True,True,la-liga,2023,Getafe
2024-01-21,Osasuna,Away,2,True,True,la-liga,2023,Getafe
2024-01-29,Granada,Home,2,True,True,la-liga,2023,Getafe
2024-02-01,Real Madrid,Home,0,True,True,la-liga,2023,Getafe
2024-02-04,Betis,Away,1,True,True,la-liga,2023,Getafe
2024-02-11,Celta,Home,3,True,True,la-liga,2023,Getafe
2024-02-16,Villarreal,Away,1,True,True,la-liga,2023,Getafe
2024-02-24,Barcelona,Away,0,True,True,la-liga,2023,Getafe
2024-03-02,Las Palmas,Home,3,True,True,la-liga,2023,Getafe
2024-03-09,Valencia,Away,0,True,True,la-liga,2023,Getafe
2024-03-16,Girona,Home,1,True,True,la-liga,2023,Getafe
2024-03-30,Sevilla,Home,0,True,True,la-liga,2023,Getafe
2024-04-13,Vallecano,Away,0,True,True,la-liga,2023,Getafe
2024-04-21,Sociedad,Home,1,True,True,la-liga,2023,Getafe
2024-04-27,Almeria,Away,3,True,True,la-liga,2023,Getafe
2024-05-03,Ath Bilbao,Home,0,True,True,la-liga,2023,Getafe
2024-05-12,Cadiz,Away,0,True,True,la-liga,2023,Getafe
2024-05-15,Ath Madrid,Home,0,True,True,la-liga,2023,Getafe
2024-05-18,Alaves,Away,0,True,True,la-liga,2023,Getafe
2024-05-26,Mallorca,Home,1,True,True,la-liga,2023,Getafe
2023-08-12,Sociedad,Away,1,True,True,la-liga,2023,Girona
2023-08-20,Getafe,Home,3,True,True,la-liga,2023,Girona
2023-08-26,Sevilla,Away,2,True,True,la-liga,2023,Girona
2023-09-03,Las Palmas,Home,1,True,True,la-liga,2023,Girona
2023-09-18,Granada,Away,4,True,True,la-liga,2023,Girona
2023-09-23,Mallorca,Home,5,True,True,la-liga,2023,Girona
2023-09-27,Villarreal,Away,2,True,True,la-liga,2023,Girona
2023-09-30,Real Madrid,Home,0,True,True,la-liga,2023,Girona
2023-10-07,Cadiz,Away,1,True,True,la-liga,2023,Girona
2023-10-22,Almeria,Home,5,True,True,la-liga,2023,Girona
2023-10-27,Celta,Home,1,True,True,la-liga,2023,Girona
2023-11-04,Osasuna,Away,4,True,True,la-liga,2023,Girona
2023-11-11,Vallecano,Away,2,True,True,la-liga,2023,Girona
2023-11-27,Ath Bilbao,Home,1,True,True,la-liga,2023,Girona
2023-12-02,Valencia,Home,2,True,True,la-liga,2023,Girona
2023-12-10,Barcelona,Away,4,True,True,la-liga,2023,Girona
2023-12-18,Alaves,Home,3,True,True,la-liga,2023,Girona
2023-12-21,Betis,Away,1,True,True,la-liga,2023,Girona
2024-01-03,Ath Madrid,Home,4,True,True,la-liga,2023,Girona
2024-01-14,Almeria,Away,0,True,True,la-liga,2023,Girona
2024-01-21,Sevilla,Home,5,True,True,la-liga,2023,Girona
2024-01-28,Celta,Away,1,True,True,la-liga,2023,Girona
2024-02-03,Sociedad,Home,0,True,True,la-liga,2023,Girona
2024-02-10,Real Madrid,Away,0,True,True,la-liga,2023,Girona
2024-02-19,Ath Bilbao,Away,2,True,True,la-liga,2023,Girona
2024-02-26,Vallecano,Home,3,True,True,la-liga,2023,Girona
2024-03-03,Mallorca,Away,0,True,True,la-liga,2023,Girona
2024-03-09,Osasuna,Home,2,True,True,la-liga,2023,Girona
2024-03-16,Getafe,Away,0,True,True,la-liga,2023,Girona
2024-03-31,Betis,Home,3,True,True,la-liga,2023,Girona
2024-04-13,Ath Madrid,Away,1,True,True,la-liga,2023,Girona
2024-04-20,Cadiz,Home,4,True,True,la-liga,2023,Girona
2024-04-27,Las Palmas,Away,2,True,True,la-liga,2023,Girona
2024-05-04,Barcelona,Home,4,True,True,la-liga,2023,Girona
2024-05-10,Alaves,Away,2,True,True,la-liga,2023,Girona
2024-05-14,Villarreal,Home,0,True,True,la-liga,2023,Girona
2024-05-19,Valencia,Away,3,True,True,la-liga,2023,Girona
2024-05-24,Granada,Home,7,True,True,la-liga,2023,Girona
2023-08-14,Ath Madrid,Away,1,True,True,la-liga,2023,Granada
2023-08-21,Vallecano,Home,0,True,True,la-liga,2023,Granada
2023-08-26,Mallorca,Home,3,True,True,la-liga,2023,Granada
2023-09-02,Sociedad,Away,3,True,True,la-liga,2023,Granada
2023-09-18,Girona,Home,2,True,True,la-liga,2023,Granada
2023-09-24,Las Palmas,Away,0,True,True,la-liga,2023,Granada
2023-09-28,Betis,Home,1,True,True,la-liga,2023,Granada
2023-10-01,Almeria,Away,3,True,True,la-liga,2023,Granada
2023-10-08,Barcelona,Home,2,True,True,la-liga,2023,Granada
2023-10-20,Osasuna,Away,0,True,True,la-liga,2023,Granada
2023-10-30,Villarreal,Home,2,True,True,la-liga,2023,Granada
2023-11-05,Valencia,Away,0,True,True,la-liga,2023,Granada
2023-11-11,Getafe,Home,1,True,True,la-liga,2023,Granada
2023-11-24,Alaves,Away,1,True,True,la-liga,2023,Granada
2023-12-02,Real Madrid,Away,0,True,True,la-liga,2023,Granada
2023-12-11,Ath Bilbao,Home,1,True,True,la-liga,2023,Granada
2023-12-16,Celta,Away,0,True,True,la-liga,2023,Granada
2023-12-19,Sevilla,Home,0,True,True,la-liga,2023,Granada
2024-01-03,Cadiz,Home,2,True,True,la-liga,2023,Granada
2024-01-13,Betis,Away,0,True,True,la-liga,2023,Granada
2024-01-22,Ath Madrid,Home,0,True,True,la-liga,2023,Granada
2024-01-29,Getafe,Away,0,True,True,la-liga,2023,Granada
2024-02-03,Las Palmas,Home,1,True,True,la-liga,2023,Granada
2024-02-11,Barcelona,Away,3,True,True,la-liga,2023,Granada
2024-02-18,Almeria,Home,1,True,True,la-liga,2023,Granada
2024-03-03,Villarreal,Away,1,True,True,la-liga,2023,Granada
2024-03-09,Sociedad,Home,2,True,True,la-liga,2023,Granada
2024-03-16,Mallorca,Away,0,True,True,la-liga,2023,Granada
2024-03-29,Cadiz,Away,0,True,True,la-liga,2023,Granada
2024-04-04,Valencia,Home,0,True,True,la-liga,2023,Granada
2024-04-14,Alaves,Home,2,True,True,la-liga,2023,Granada
2024-04-19,Ath Bilbao,Away,1,True,True,la-liga,2023,Granada
2024-04-28,Osasuna,Home,3,True,True,la-liga,2023,Granada
2024-05-05,Sevilla,Away,0,True,True,la-liga,2023,Granada
2024-05-11,Real Madrid,Home,0,True,True,la-liga,2023,Granada
2024-05-15,Vallecano,Away,1,True,True,la-liga,2023,Granada
2024-05-19,Celta,Home,1,True,True,la-liga,2023,Granada
2024-05-24,Girona,Away,0,True,True,la-liga,2023,Granada
2023-08-12,Mallorca,Home,1,True,True,la-liga,2023,Las Palmas
2023-08-18,Valencia,Away,0,True,True,la-liga,2023,Las Palmas
2023-08-25,Sociedad,Home,0,True,True,la-liga,2023,Las Palmas
2023-09-03,Girona,Away,0,True,True,la-liga,2023,Las Palmas
2023-09-17,Sevilla,Away,0,True,True,la-liga,2023,Las Palmas
2023-09-24,Granada,Home,1,True,True,la-liga,2023,Las Palmas
2023-09-27,Real Madrid,Away,0,True,True,la-liga,2023,Las Palmas
2023-10-02,Celta,Home,2,True,True,la-liga,2023,Las Palmas
2023-10-08,Villarreal,Away,2,True,True,la-liga,2023,Las Palmas
2023-10-22,Vallecano,Home,0,True,True,la-liga,2023,Las Palmas
2023-10-28,Almeria,Away,2,True,True,la-liga,2023,Las Palmas
2023-11-03,Ath Madrid,Home,2,True,True,la-liga,2023,Las Palmas
2023-11-11,Osasuna,Away,1,True,True,la-liga,2023,Las Palmas
2023-11-26,Betis,Away,0,True,True,la-liga,2023,Las Palmas
2023-12-01,Getafe,Home,2,True,True,la-liga,2023,Las Palmas
2023-12-09,Alaves,Away,1,True,True,la-liga,2023,Las Palmas
2023-12-17,Cadiz,Home,1,True,True,la-liga,2023,Las Palmas
2023-12-20,Ath Bilbao,Away,0,True,True,la-liga,2023,Las Palmas
2024-01-04,Barcelona,Home,1,True,True,la-liga,2023,Las Palmas
2024-01-13,Villarreal,Home,3,True,True,la-liga,2023,Las Palmas
2024-01-20,Vallecano,Away,2,True,True,la-liga,2023,Las Palmas
2024-01-27,Real Madrid,Home,1,True,True,la-liga,2023,Las Palmas
2024-02-03,Granada,Away,1,True,True,la-liga,2023,Las Palmas
2024-02-10,Valencia,Home,2,True,True,la-liga,2023,Las Palmas
2024-02-17,Ath Madrid,Away,0,True,True,la-liga,2023,Las Palmas
2024-02-25,Osasuna,Home,1,True,True,la-liga,2023,Las Palmas
2024-03-02,Getafe,Away,3,True,True,la-liga,2023,Las Palmas
2024-03-10,Ath Bilbao,Home,0,True,True,la-liga,2023,Las Palmas
2024-03-17,Almeria,Home,0,True,True,la-liga,2023,Las Palmas
2024-03-30,Barcelona,Away,0,True,True,la-liga,2023,Las Palmas
2024-04-14,Sevilla,Home,0,True,True,la-liga,2023,Las Palmas
2024-04-20,Celta,Away,1,True,True,la-liga,2023,Las Palmas
2024-04-27,Girona,Home,0,True,True,la-liga,2023,Las Palmas
2024-05-04,Sociedad,Away,0,True,True,la-liga,2023,Las Palmas
2024-05-11,Mallorca,Away,0,True,True,la-liga,2023,Las Palmas
2024-05-16,Betis,Home,2,True,True,la-liga,2023,Las Palmas
2024-05-19,Cadiz,Away,0,True,True,la-liga,2023,Las Palmas
2024-05-26,Alaves,Home,1,True,True,la-liga,2023,Las Palmas
2023-08-12,Las Palmas,Away,1,True,True,la-liga,2023,Mallorca
2023-08-18,Villarreal,Home,0,True,True,la-liga,2023,Mallorca
2023-08-26,Granada,Away,2,True,True,la-liga,2023,Mallorca
2023-09-03,Ath Bilbao,Home,0,True,True,la-liga,2023,Mallorca
2023-09-16,Celta,Away,1,True,True,la-liga,2023,Mallorca
2023-09-23,Girona,Away,3,True,True,la-liga,2023,Mallorca
2023-09-26,Barcelona,Home,2,True,True,la-liga,2023,Mallorca
2023-09-30,Vallecano,Away,2,True,True,la-liga,2023,Mallorca
2023-10-07,Valencia,Home,1,True,True,la-liga,2023,Mallorca
2023-10-21,Sociedad,Away,0,True,True,la-liga,2023,Mallorca
2023-10-28,Getafe,Home,0,True,True,la-liga,2023,Mallorca
2023-11-04,Betis,Away,0,True,True,la-liga,2023,Mallorca
2023-11-25,Ath Madrid,Away,0,True,True,la-liga,2023,Mallorca
2023-11-29,Cadiz,Home,1,True,True,la-liga,2023,Mallorca
2023-12-03,Alaves,Home,0,True,True,la-liga,2023,Mallorca
2023-12-09,Sevilla,Home,1,True,True,la-liga,2023,Mallorca
2023-12-17,Almeria,Away,0,True,True,la-liga,2023,Mallorca
2023-12-21,Osasuna,Home,3,True,True,la-liga,2023,Mallorca
2024-01-03,Real Madrid,Away,0,True,True,la-liga,2023,Mallorca
2024-01-13,Celta,Home,1,True,True,la-liga,2023,Mallorca
2024-01-20,Villarreal,Away,1,True,True,la-liga,2023,Mallorca
2024-01-27,Betis,Home,0,True,True,la-liga,2023,Mallorca
2024-02-02,Ath Bilbao,Away,0,True,True,la-liga,2023,Mallorca
2024-02-11,Vallecano,Home,2,True,True,la-liga,2023,Mallorca
2024-02-18,Sociedad,Home,1,True,True,la-liga,2023,Mallorca
2024-02-24,Alaves,Away,1,True,True,la-liga,2023,Mallorca
2024-03-03,Girona,Home,1,True,True,la-liga,2023,Mallorca
2024-03-08,Barcelona,Away,0,True,True,la-liga,2023,Mallorca
2024-03-16,Granada,Home,1,True,True,la-liga,2023,Mallorca
2024-03-30,Valencia,Away,0,True,True,la-liga,2023,Mallorca
2024-04-13,Real Madrid,Home,0,True,True,la-liga,2023,Mallorca
2024-04-22,Sevilla,Away,1,True,True,la-liga,2023,Mallorca
2024-04-28,Cadiz,Away,1,True,True,la-liga,2023,Mallorca
2024-05-04,Ath Madrid,Home,0,True,True,la-liga,2023,Mallorca
2024-05-11,Las Palmas,Home,1,True,True,la-liga,2023,Mallorca
2024-05-14,Osasuna,Away,1,True,True,la-liga,2023,Mallorca
2024-05-19,Almeria,Home,2,True,True,la-liga,2023,Mallorca
2024-05-26,Getafe,Away,2,True,True,la-liga,2023,Mallorca
2023-08-13,Celta,Away,2,True,True,la-liga,2023,Osasuna
2023-08-19,Ath Bilbao,Home,0,True,True,la-liga,2023,Osasuna
2023-08-27,Valencia,Away,2,True,True,la-liga,2023,Osasuna
2023-09-03,Barcelona,Home,1,True,True,la-liga,2023,Osasuna
2023-09-17,Getafe,Away,2,True,True,la-liga,2023,Osasuna
2023-09-23,Sevilla,Home,0,True,True,la-liga,2023,Osasuna
2023-09-28,Ath Madrid,Home,0,True,True,la-liga,2023,Osasuna
2023-10-01,Alaves,Away,2,True,True,la-liga,2023,Osasuna
2023-10-07,Real Madrid,Away,0,True,True,la-liga,2023,Osasuna
2023-10-20,Granada,Home,2,True,True,la-liga,2023,Osasuna
2023-10-29,Betis,Away,1,True,True,la-liga,2023,Osasuna
2023-11-04,Girona,Home,2,True,True,la-liga,2023,Osasuna
2023-11-11,Las Palmas,Home,1,True,True,la-liga,2023,Osasuna
2023-11-26,Villarreal,Away,1,True,True,la-liga,2023,Osasuna
2023-12-02,Sociedad,Home,1,True,True,la-liga,2023,Osasuna
2023-12-10,Cadiz,Away,1,True,True,la-liga,2023,Osasuna
2023-12-15,Vallecano,Home,1,True,True,la-liga,2023,Osasuna
2023-12-21,Mallorca,Away,2,True,True,la-liga,2023,Osasuna
2024-01-04,Almeria,Home,1,True,True,la-liga,2023,Osasuna
2024-01-21,Getafe,Home,3,True,True,la-liga,2023,Osasuna
2024-01-28,Sevilla,Away,1,True,True,la-liga,2023,Osasuna
2024-01-31,Barcelona,Away,0,True,True,la-liga,2023,Osasuna
2024-02-04,Celta,Home,0,True,True,la-liga,2023,Osasuna
2024-02-10,Sociedad,Away,1,True,True,la-liga,2023,Osasuna
2024-02-17,Cadiz,Home,2,True,True,la-liga,2023,Osasuna
2024-02-25,Las Palmas,Away,1,True,True,la-liga,2023,Osasuna
2024-03-04,Alaves,Home,1,True,True,la-liga,2023,Osasuna
2024-03-09,Girona,Away,0,True,True,la-liga,2023,Osasuna
2024-03-16,Real Madrid,Home,2,True,True,la-liga,2023,Osasuna
2024-03-30,Almeria,Away,3,True,True,la-liga,2023,Osasuna
2024-04-15,Valencia,Home,0,True,True,la-liga,2023,Osasuna
2024-04-20,Vallecano,Away,1,True,True,la-liga,2023,Osasuna
2024-04-28,Granada,Away,0,True,True,la-liga,2023,Osasuna
2024-05-05,Betis,Home,0,True,True,la-liga,2023,Osasuna
2024-05-11,Ath Bilbao,Away,2,True,True,la-liga,2023,Osasuna
2024-05-14,Mallorca,Home,1,True,True,la-liga,2023,Osasuna
2024-05-19,Ath Madrid,Away,4,True,True,la-liga,2023,Osasuna
2024-05-25,Villarreal,Home,1,True,True,la-liga,2023,Osasuna
2023-08-12,Ath Bilbao,Away,2,True,True,la-liga,2023,Real Madrid
2023-08-19,Almeria,Away,3,True,True,la-liga,2023,Real Madrid
2023-08-25,Celta,Away,1,True,True,la-liga,2023,Real Madrid
2023-09-02,Getafe,Home,2,True,True,la-liga,2023,Real Madrid
2023-09-17,Sociedad,Home,2,True,True,la-liga,2023,Real Madrid
2023-09-24,Ath Madrid,Away,1,True,True,la-liga,2023,Real Madrid
2023-09-27,Las Palmas,Home,2,True,True,la-liga,2023,Real Madrid
2023-09-30,Girona,Away,3,True,True,la-liga,2023,Real Madrid
2023-10-07,Osasuna,Home,4,True,True,la-liga,2023,Real Madrid
2023-10-21,Sevilla,Away,1,True,True,la-liga,2023,Real Madrid
2023-10-28,Barcelona,Away,2,True,True,la-liga,2023,Real Madrid
2023-11-05,Vallecano,Home,0,True,True,la-liga,2023,Real Madrid
2023-11-11,Valencia,Home,5,True,True,la-liga,2023,Real Madrid
2023-11-26,Cadiz,Away,3,True,True,la-liga,2023,Real Madrid
2023-12-02,Granada,Home,2,True,True,la-liga,2023,Real Madrid
2023-12-09,Betis,Away,1,True,True,la-liga,2023,Real Madrid
2023-12-17,Villarreal,Home,4,True,True,la-liga,2023,Real Madrid
2023-12-21,Alaves,Away,1,True,True,la-liga,2023,Real Madrid
2024-01-03,Mallorca,Home,1,True,True,la-liga,2023,Real Madrid
2024-01-21,Almeria,Home,3,True,True,la-liga,2023,Real Madrid
2024-01-27,Las Palmas,Away,2,True,True,la-liga,2023,Real Madrid
2024-02-01,Getafe,Away,2,True,True,la-liga,2023,Real Madrid
2024-02-04,Ath Madrid,Home,1,True,True,la-liga,2023,Real Madrid
2024-02-10,Girona,Home,4,True,True,la-liga,2023,Real Madrid
2024-02-18,Vallecano,Away,1,True,True,la-liga,2023,Real Madrid
2024-02-25,Sevilla,Home,1,True,True,la-liga,2023,Real Madrid
2024-03-02,Valencia,Away,2,True,True,la-liga,2023,Real Madrid
2024-03-10,Celta,Home,4,True,True,la-liga,2023,Real Madrid
2024-03-16,Osasuna,Away,4,True,True,la-liga,2023,Real Madrid
2024-03-31,Ath Bilbao,Home,2,True,True,la-liga,2023,Real Madrid
2024-04-13,Mallorca,Away,1,True,True,la-liga,2023,Real Madrid
2024-04-21,Barcelona,Home,3,True,True,la-liga,2023,Real Madrid
2024-04-26,Sociedad,Away,1,True,True,la-liga,2023,Real Madrid
2024-05-04,Cadiz,Home,3,True,True,la-liga,2023,Real Madrid
2024-05-11,Granada,Away,4,True,True,la-liga,2023,Real Madrid
2024-05-14,Alaves,Home,5,True,True,la-liga,2023,Real Madrid
2024-05-19,Villarreal,Away,4,True,True,la-liga,2023,Real Madrid
2024-05-25,Betis,Home,0,True,True,la-liga,2023,Real Madrid
2023-08-11,Valencia,Home,1,True,True,la-liga,2023,Sevilla
2023-08-21,Alaves,Away,3,True,True,la-liga,2023,Sevilla
2023-08-26,Girona,Home,1,True,True,la-liga,2023,Sevilla
2023-09-17,Las Palmas,Home,1,True,True,la-liga,2023,Sevilla
2023-09-23,Osasuna,Away,0,True,True,la-liga,2023,Sevilla
2023-09-26,Almeria,Home,5,True,True,la-liga,2023,Sevilla
2023-09-29,Barcelona,Away,0,True,True,la-liga,2023,Sevilla
2023-10-07,Vallecano,Home,2,True,True,la-liga,2023,Sevilla
2023-10-21,Real Madrid,Home,1,True,True,la-liga,2023,Sevilla
2023-10-28,Cadiz,Away,2,True,True,la-liga,2023,Sevilla
2023-11-04,Celta,Away,1,True,True,la-liga,2023,Sevilla
2023-11-12,Betis,Home,1,True,True,la-liga,2023,Sevilla
2023-11-26,Sociedad,Away,1,True,True,la-liga,2023,Sevilla
2023-12-03,Villarreal,Home,1,True,True,la-liga,2023,Sevilla
2023-12-09,Mallorca,Away,0,True,True,la-liga,2023,Sevilla
2023-12-16,Getafe,Home,0,True,True,la-liga,2023,Sevilla
2023-12-19,Granada,Away,3,True,True,la-liga,2023,Sevilla
2023-12-23,Ath Madrid,Away,0,True,True,la-liga,2023,Sevilla
2024-01-04,Ath Bilbao,Home,0,True,True,la-liga,2023,Sevilla
2024-01-12,Alaves,Home,2,True,True,la-liga,2023,Sevilla
2024-01-21,Girona,Away,1,True,True,la-liga,2023,Sevilla
2024-01-28,Osasuna,Home,1,True,True,la-liga,2023,Sevilla
2024-02-05,Vallecano,Away,2,True,True,la-liga,2023,Sevilla
2024-02-11,Ath Madrid,Home,1,True,True,la-liga,2023,Sevilla
2024-02-17,Valencia,Away,0,True,True,la-liga,2023,Sevilla
2024-02-25,Real Madrid,Away,0,True,True,la-liga,2023,Sevilla
2024-03-02,Sociedad,Home,3,True,True,la-liga,2023,Sevilla
2024-03-11,Almeria,Away,2,True,True,la-liga,2023,Sevilla
2024-03-17,Celta,Home,1,True,True,la-liga,2023,Sevilla
2024-03-30,Getafe,Away,1,True,True,la-liga,2023,Sevilla
2024-04-14,Las Palmas,Away,2,True,True,la-liga,2023,Sevilla
2024-04-22,Mallorca,Home,2,True,True,la-liga,2023,Sevilla
2024-04-28,Betis,Away,1,True,True,la-liga,2023,Sevilla
2024-05-05,Granada,Home,3,True,True,la-liga,2023,Sevilla
2024-05-11,Villarreal,Away,2,True,True,la-liga,2023,Sevilla
2024-05-15,Cadiz,Home,0,True,True,la-liga,2023,Sevilla
2024-05-19,Ath Bilbao,Away,0,True,True,la-liga,2023,Sevilla
2024-05-26,Barcelona,Home,1,True,True,la-liga,2023,Sevilla
2023-08-12,Girona,Home,1,True,True,la-liga,2023,Sociedad
2023-08-19,Celta,Home,1,True,True,la-liga,2023,Sociedad
2023-08-25,Las Palmas,Away,0,True,True,la-liga,2023,Sociedad
2023-09-02,Granada,Home,5,True,True,la-liga,2023,Sociedad
2023-09-17,Real Madrid,Away,1,True,True,la-liga,2023,Sociedad
2023-09-24,Getafe,Home,4,True,True,la-liga,2023,Sociedad
2023-09-27,Valencia,Away,1,True,True,la-liga,2023,Sociedad
2023-09-30,Ath Bilbao,Home,3,True,True,la-liga,2023,Sociedad
2023-10-08,Ath Madrid,Away,1,True,True,la-liga,2023,Sociedad
2023-10-21,Mallorca,Home,1,True,True,la-liga,2023,Sociedad
2023-10-29,Vallecano,Away,2,True,True,la-liga,2023,Sociedad
2023-11-04,Barcelona,Home,0,True,True,la-liga,2023,Sociedad
2023-11-11,Almeria,Away,3,True,True,la-liga,2023,Sociedad
2023-11-26,Sevilla,Home,2,True,True,la-liga,2023,Sociedad
2023-12-02,Osasuna,Away,1,True,True,la-liga,2023,Sociedad
2023-12-09,Villarreal,Away,3,True,True,la-liga,2023,Sociedad
2023-12-17,Betis,Home,0,True,True,la-liga,2023,Sociedad
2023-12-21,Cadiz,Away,0,True,True,la-liga,2023,Sociedad
2024-01-02,Alaves,Home,1,True,True,la-liga,2023,Sociedad
2024-01-13,Ath Bilbao,Away,1,True,True,la-liga,2023,Sociedad
2024-01-20,Celta,Away,1,True,True,la-liga,2023,Sociedad
2024-01-27,Vallecano,Home,0,True,True,la-liga,2023,Sociedad
2024-02-03,Girona,Away,0,True,True,la-liga,2023,Sociedad
2024-02-10,Osasuna,Home,0,True,True,la-liga,2023,Sociedad
2024-02-18,Mallorca,Away,2,True,True,la-liga,2023,Sociedad
2024-02-23,Villarreal,Home,1,True,True,la-liga,2023,Sociedad
2024-03-02,Sevilla,Away,2,True,True,la-liga,2023,Sociedad
2024-03-09,Granada,Away,3,True,True,la-liga,2023,Sociedad
2024-03-15,Cadiz,Home,2,True,True,la-liga,2023,Sociedad
2024-03-31,Alaves,Away,1,True,True,la-liga,2023,Sociedad
2024-04-14,Almeria,Home,2,True,True,la-liga,2023,Sociedad
2024-04-21,Getafe,Away,1,True,True,la-liga,2023,Sociedad
2024-04-26,Real Madrid,Home,0,True,True,la-liga,2023,Sociedad
2024-05-04,Las Palmas,Home,2,True,True,la-liga,2023,Sociedad
2024-05-13,Barcelona,Away,0,True,True,la-liga,2023,Sociedad
2024-05-16,Valencia,Home,1,True,True,la-liga,2023,Sociedad
2024-05-19,Betis,Away,2,True,True,la-liga,2023,Sociedad
2024-05-25,Ath Madrid,Home,0,True,True,la-liga,2023,Sociedad
2023-08-11,Sevilla,Away,2,True,True,la-liga,2023,Valencia
2023-08-18,Las Palmas,Home,1,True,True,la-liga,2023,Valencia
2023-08-27,Osasuna,Home,1,True,True,la-liga,2023,Valencia
2023-09-02,Alaves,Away,0,True,True,la-liga,2023,Valencia
2023-09-16,Ath Madrid,Home,3,True,True,la-liga,2023,Valencia
2023-09-23,Almeria,Away,2,True,True,la-liga,2023,Valencia
2023-09-27,Sociedad,Home,0,True,True,la-liga,2023,Valencia
2023-10-01,Betis,Away,0,True,True,la-liga,2023,Valencia
2023-10-07,Mallorca,Away,1,True,True,la-liga,2023,Valencia
2023-10-23,Cadiz,Home,2,True,True,la-liga,2023,Valencia
2023-10-29,Ath Bilbao,Away,2,True,True,la-liga,2023,Valencia
2023-11-05,Granada,Home,1,True,True,la-liga,2023,Valencia
2023-11-11,Real Madrid,Away,1,True,True,la-liga,2023,Valencia
2023-11-25,Celta,Home,0,True,True,la-liga,2023,Valencia
2023-12-02,Girona,Away,1,True,True,la-liga,2023,Valencia
2023-12-08,Getafe,Away,0,True,True,la-liga,2023,Valencia
2023-12-16,Barcelona,Home,1,True,True,la-liga,2023,Valencia
2023-12-19,Vallecano,Away,1,True,True,la-liga,2023,Valencia
2024-01-02,Villarreal,Home,3,True,True,la-liga,2023,Valencia
2024-01-14,Cadiz,Away,4,True,True,la-liga,2023,Valencia
2024-01-20,Ath Bilbao,Home,1,True,True,la-liga,2023,Valencia
2024-01-28,Ath Madrid,Away,0,True,True,la-liga,2023,Valencia
2024-02-03,Almeria,Home,2,True,True,la-liga,2023,Valencia
2024-02-10,Las Palmas,Away,0,True,True,la-liga,2023,Valencia
2024-02-17,Sevilla,Home,0,True,True,la-liga,2023,Valencia
2024-03-02,Real Madrid,Home,2,True,True,la-liga,2023,Valencia
2024-03-09,Getafe,Home,1,True,True,la-liga,2023,Valencia
2024-03-17,Villarreal,Away,0,True,True,la-liga,2023,Valencia
2024-03-30,Mallorca,Home,0,True,True,la-liga,2023,Valencia
2024-04-04,Granada,Away,1,True,True,la-liga,2023,Valencia
2024-04-15,Osasuna,Away,1,True,True,la-liga,2023,Valencia
2024-04-20,Betis,Home,1,True,True,la-liga,2023,Valencia
2024-04-29,Barcelona,Away,2,True,True,la-liga,2023,Valencia
2024-05-05,Alaves,Home,0,True,True,la-liga,2023,Valencia
2024-05-12,Vallecano,Home,0,True,True,la-liga,2023,Valencia
2024-05-16,Sociedad,Away,0,True,True,la-liga,2023,Valencia
2024-05-19,Girona,Home,1,True,True,la-liga,2023,Valencia
2024-05-26,Celta,Away,2,True,True,la-liga,2023,Valencia
2023-08-11,Almeria,Away,2,True,True,la-liga,2023,Vallecano
2023-08-21,Granada,Away,2,True,True,la-liga,2023,Vallecano
2023-08-28,Ath Madrid,Home,0,True,True,la-liga,2023,Vallecano
2023-09-02,Betis,Away,0,True,True,la-liga,2023,Vallecano
2023-09-15,Alaves,Home,2,True,True,la-liga,2023,Vallecano
2023-09-24,Villarreal,Home,1,True,True,la-liga,2023,Vallecano
2023-09-27,Cadiz,Away,0,True,True,la-liga,2023,Vallecano
2023-09-30,Mallorca,Home,2,True,True,la-liga,2023,Vallecano
2023-10-07,Sevilla,Away,2,True,True,la-liga,2023,Vallecano
2023-10-22,Las Palmas,Away,1,True,True,la-liga,2023,Vallecano
2023-10-29,Sociedad,Home,2,True,True,la-liga,2023,Vallecano
2023-11-05,Real Madrid,Away,0,True,True,la-liga,2023,Vallecano
2023-11-11,Girona,Home,1,True,True,la-liga,2023,Vallecano
2023-11-25,Barcelona,Home,1,True,True,la-liga,2023,Vallecano
2023-12-02,Ath Bilbao,Away,0,True,True,la-liga,2023,Vallecano
2023-12-11,Celta,Home,0,True,True,la-liga,2023,Vallecano
2023-12-15,Osasuna,Away,0,True,True,la-liga,2023,Vallecano
2023-12-19,Valencia,Home,0,True,True,la-liga,2023,Vallecano
2024-01-02,Getafe,Away,2,True,True,la-liga,2023,Vallecano
2024-01-20,Las Palmas,Home,0,True,True,la-liga,2023,Vallecano
2024-01-27,Sociedad,Away,0,True,True,la-liga,2023,Vallecano
2024-01-31,Ath Madrid,Away,1,True,True,la-liga,2023,Vallecano
2024-02-05,Sevilla,Home,1,True,True,la-liga,2023,Vallecano
2024-02-11,Mallorca,Away,1,True,True,la-liga,2023,Vallecano
2024-02-18,Real Madrid,Home,1,True,True,la-liga,2023,Vallecano
2024-02-26,Girona,Away,0,True,True,la-liga,2023,Vallecano
2024-03-02,Cadiz,Home,1,True,True,la-liga,2023,Vallecano
2024-03-10,Alaves,Away,0,True,True,la-liga,2023,Vallecano
2024-03-17,Betis,Home,2,True,True,la-liga,2023,Vallecano
2024-03-31,Celta,Away,0,True,True,la-liga,2023,Vallecano
2024-04-13,Getafe,Home,0,True,True,la-liga,2023,Vallecano
2024-04-20,Osasuna,Home,2,True,True,la-liga,2023,Vallecano
2024-04-28,Villarreal,Away,0,True,True,la-liga,2023,Vallecano
2024-05-05,Almeria,Home,0,True,True,la-liga,2023,Vallecano
2024-05-12,Valencia,Away,0,True,True,la-liga,2023,Vallecano
2024-05-15,Granada,Home,2,True,True,la-liga,2023,Vallecano
2024-05-19,Barcelona,Away,0,True,True,la-liga,2023,Vallecano
2024-05-25,Ath Bilbao,Home,0,True,True,la-liga,2023,Vallecano
2023-08-13,Betis,Home,1,True,True,la-liga,2023,Villarreal
2023-08-18,Mallorca,Away,1,True,True,la-liga,2023,Villarreal
2023-08-27,Barcelona,Home,3,True,True,la-liga,2023,Villarreal
2023-09-01,Cadiz,Away,1,True,True,la-liga,2023,Villarreal
2023-09-17,Almeria,Home,2,True,True,la-liga,2023,Villarreal
2023-09-24,Vallecano,Away,1,True,True,la-liga,2023,Villarreal
2023-09-27,Girona,Home,1,True,True,la-liga,2023,Villarreal
2023-09-30,Getafe,Away,0,True,True,la-liga,2023,Villarreal
2023-10-08,Las Palmas,Home,1,True,True,la-liga,2023,Villarreal
2023-10-22,Alaves,Home,1,True,True,la-liga,2023,Villarreal
2023-10-30,Granada,Away,3,True,True,la-liga,2023,Villarreal
2023-11-05,Ath Bilbao,Home,2,True,True,la-liga,2023,Villarreal
2023-11-12,Ath Madrid,Away,1,True,True,la-liga,2023,Villarreal
2023-11-26,Osasuna,Home,3,True,True,la-liga,2023,Villarreal
2023-12-03,Sevilla,Away,1,True,True,la-liga,2023,Villarreal
2023-12-09,Sociedad,Home,0,True,True,la-liga,2023,Villarreal
2023-12-17,Real Madrid,Away,1,True,True,la-liga,2023,Villarreal
2023-12-20,Celta,Home,3,True,True,la-liga,2023,Villarreal
2024-01-02,Valencia,Away,1,True,True,la-liga,2023,Villarreal
2024-01-13,Las Palmas,Away,0,True,True,la-liga,2023,Villarreal
2024-01-20,Mallorca,Home,1,True,True,la-liga,2023,Villarreal
2024-01-27,Barcelona,Away,5,True,True,la-liga,2023,Villarreal
2024-02-04,Cadiz,Home,0,True,True,la-liga,2023,Villarreal
2024-02-10,Alaves,Away,1,True,True,la-liga,2023,Villarreal
2024-02-16,Getafe,Home,1,True,True,la-liga,2023,Villarreal
2024-02-23,Sociedad,Away,3,True,True,la-liga,2023,Villarreal
2024-03-03,Granada,Home,5,True,True,la-liga,2023,Villarreal
2024-03-10,Betis,Away,3,True,True,la-liga,2023,Villarreal
2024-03-17,Valencia,Home,1,True,True,la-liga,2023,Villarreal
2024-04-01,Ath Madrid,Home,1,True,True,la-liga,2023,Villarreal
2024-04-14,Ath Bilbao,Away,1,True,True,la-liga,2023,Villarreal
2024-04-21,Almeria,Away,2,True,True,la-liga,2023,Villarreal
2024-04-28,Vallecano,Home,3,True,True,la-liga,2023,Villarreal
2024-05-05,Celta,Away,2,True,True,la-liga,2023,Villarreal
2024-05-11,Sevilla,Home,3,True,True,la-liga,2023,Villarreal
2024-05-14,Girona,Away,1,True,True,la-liga,2023,Villarreal
2024-05-19,Real Madrid,Home,4,True,True,la-liga,2023,Villarreal
2024-05-25,Osasuna,Away,1,True,True,la-liga,2023,Villarreal
2024-08-16,Celta,Away,1,True,True,la-liga,2024,Alaves
2024-08-25,Betis,Home,0,True,True,la-liga,2024,Alaves
2024-08-28,Sociedad,Away,2,True,True,la-liga,2024,Alaves
2024-09-01,Las Palmas,Home,2,True,True,la-liga,2024,Alaves
2024-09-14,Espanol,Away,2,True,True,la-liga,2024,Alaves
2024-09-20,Sevilla,Home,2,True,True,la-liga,2024,Alaves
2024-09-24,Real Madrid,Away,2,True,True,la-liga,2024,Alaves
2024-09-28,Getafe,Away,0,True,True,la-liga,2024,Alaves
2024-10-06,Barcelona,Home,0,True,True,la-liga,2024,Alaves
2024-10-18,Valladolid,Home,2,False,False,la-liga,2024,Alaves
2024-10-26,Vallecano,Away,0,True,True,la-liga,2024,Alaves
2024-11-01,Mallorca,Home,1,False,False,la-liga,2024,Alaves
2024-11-09,Villarreal,Away,0,True,True,la-liga,2024,Alaves
2024-11-23,Ath Madrid,Away,1,True,True,la-liga,2024,Alaves
2024-11-30,Leganes,Home,1,True,True,la-liga,2024,Alaves
2024-12-08,Osasuna,Away,2,True,True,la-liga,2024,Alaves
2024-12-15,Ath Bilbao,Home,1,True,True,la-liga,2024,Alaves
2024-12-22,Valencia,Away,2,True,True,la-liga,2024,Alaves
2025-01-11,Girona,Home,0,True,True,la-liga,2024,Alaves
2025-01-18,Betis,Away,3,True,True,la-liga,2024,Alaves
2025-01-27,Celta,Home,1,True,True,la-liga,2024,Alaves
2025-02-02,Barcelona,Away,0,True,True,la-liga,2024,Alaves
2025-02-09,Getafe,Home,0,True,True,la-liga,2024,Alaves
2025-02-15,Leganes,Away,3,True,True,la-liga,2024,Alaves
2025-02-22,Espanol,Home,0,True,True,la-liga,2024,Alaves
2025-03-02,Mallorca,Away,1,True,True,la-liga,2024,Alaves
2025-03-08,Villarreal,Home,1,True,True,la-liga,2024,Alaves
2025-03-14,Las Palmas,Away,2,True,True,la-liga,2024,Alaves
2025-03-29,Vallecano,Home,0,True,True,la-liga,2024,Alaves
2025-04-05,Girona,Away,1,True,True,la-liga,2024,Alaves
2025-04-13,Real Madrid,Home,0,True,True,la-liga,2024,Alaves
2025-04-20,Sevilla,Away,1,True,True,la-liga,2024,Alaves
2025-04-23,Sociedad,Home,1,True,True,la-liga,2024,Alaves
2025-05-03,Ath Madrid,Home,0,True,True,la-liga,2024,Alaves
2025-05-11,Ath Bilbao,Away,0,True,True,la-liga,2024,Alaves
2025-05-14,Valencia,Home,1,True,False,la-liga,2024,Alaves
2025-05-18,Valladolid,Away,1,True,False,la-liga,2024,Alaves
2025-05-24,Osasuna,Home,1,True,False,la-liga,2024,Alaves
2024-08-15,Getafe,Home,1,True,True,la-liga,2024,Ath Bilbao
2024-08-24,Barcelona,Away,1,True,True,la-liga,2024,Ath Bilbao
2024-08-28,Valencia,Home,1,True,True,la-liga,2024,Ath Bilbao
2024-08-31,Ath Madrid,Home,0,True,True,la-liga,2024,Ath Bilbao
2024-09-15,Las Palmas,Away,3,True,True,la-liga,2024,Ath Bilbao
2024-09-19,Leganes,Away,2,True,True,la-liga,2024,Ath Bilbao
2024-09-22,Celta,Home,3,True,True,la-liga,2024,Ath Bilbao
2024-09-29,Sevilla,Home,1,True,True,la-liga,2024,Ath Bilbao
2024-10-06,Girona,Away,1,True,True,la-liga,2024,Ath Bilbao
2024-10-19,Espanol,Home,4,True,True,la-liga,2024,Ath Bilbao
2024-10-28,Mallorca,Away,0,True,True,la-liga,2024,Ath Bilbao
2024-11-03,Betis,Home,1,True,True,la-liga,2024,Ath Bilbao
2024-11-10,Valladolid,Away,1,True,True,la-liga,2024,Ath Bilbao
2024-11-24,Sociedad,Home,1,True,True,la-liga,2024,Ath Bilbao
2024-12-01,Vallecano,Away,2,True,True,la-liga,2024,Ath Bilbao
2024-12-04,Real Madrid,Home,2,True,True,la-liga,2024,Ath Bilbao
2024-12-08,Villarreal,Home,2,True,True,la-liga,2024,Ath Bilbao
2024-12-15,Alaves,Away,1,True,True,la-liga,2024,Ath Bilbao
2024-12-21,Osasuna,Away,2,True,True,la-liga,2024,Ath Bilbao
2025-01-19,Celta,Away,2,True,True,la-liga,2024,Ath Bilbao
2025-01-26,Leganes,Home,0,True,True,la-liga,2024,Ath Bilbao
2025-02-02,Betis,Away,2,True,True,la-liga,2024,Ath Bilbao
2025-02-08,Girona,Home,3,True,True,la-liga,2024,Ath Bilbao
2025-02-16,Espanol,Away,1,True,True,la-liga,2024,Ath Bilbao
2025-02-23,Valladolid,Home,7,True,True,la-liga,2024,Ath Bilbao
2025-03-01,Ath Madrid,Away,0,True,True,la-liga,2024,Ath Bilbao
2025-03-09,Mallorca,Home,1,True,True,la-liga,2024,Ath Bilbao
2025-03-16,Sevilla,Away,1,True,True,la-liga,2024,Ath Bilbao
2025-03-30,Osasuna,Home,0,True,True,la-liga,2024,Ath Bilbao
2025-04-06,Villarreal,Away,0,True,True,la-liga,2024,Ath Bilbao
2025-04-13,Vallecano,Home,3,True,True,la-liga,2024,Ath Bilbao
2025-04-20,Real Madrid,Away,0,True,True,la-liga,2024,Ath Bilbao
2025-04-23,Las Palmas,Home,1,True,True,la-liga,2024,Ath Bilbao
2025-05-04,Sociedad,Away,0,True,True,la-liga,2024,Ath Bilbao
2025-05-11,Alaves,Home,1,True,True,la-liga,2024,Ath Bilbao
2025-05-15,Getafe,Away,2,True,True,la-liga,2024,Ath Bilbao
2025-05-18,Valencia,Away,1,True,True,la-liga,2024,Ath Bilbao
2025-05-25,Barcelona,Home,0,True,True,la-liga,2024,Ath Bilbao
2024-08-19,Villarreal,Away,2,True,True,la-liga,2024,Ath Madrid
2024-08-25,Girona,Home,3,True,True,la-liga,2024,Ath Madrid
2024-08-28,Espanol,Home,0,True,True,la-liga,2024,Ath Madrid
2024-08-31,Ath Bilbao,Away,1,True,True,la-liga,2024,Ath Madrid
2024-09-15,Valencia,Home,3,True,True,la-liga,2024,Ath Madrid
2024-09-22,Vallecano,Away,1,True,True,la-liga,2024,Ath Madrid
2024-09-26,Celta,Away,1,True,True,la-liga,2024,Ath Madrid
2024-09-29,Real Madrid,Home,1,True,True,la-liga,2024,Ath Madrid
2024-10-06,Sociedad,Away,1,True,True,la-liga,2024,Ath Madrid
2024-10-20,Leganes,Home,3,True,True,la-liga,2024,Ath Madrid
2024-10-27,Betis,Away,0,True,True,la-liga,2024,Ath Madrid
2024-11-03,Las Palmas,Home,2,True,True,la-liga,2024,Ath Madrid
2024-11-10,Mallorca,Away,1,True,True,la-liga,2024,Ath Madrid
2024-11-23,Alaves,Home,2,True,True,la-liga,2024,Ath Madrid
2024-11-30,Valladolid,Away,5,True,True,la-liga,2024,Ath Madrid
2024-12-08,Sevilla,Home,4,True,True,la-liga,2024,Ath Madrid
2024-12-15,Getafe,Home,1,True,True,la-liga,2024,Ath Madrid
2024-12-21,Barcelona,Away,2,True,True,la-liga,2024,Ath Madrid
2025-01-12,Osasuna,Home,1,True,True,la-liga,2024,Ath Madrid
2025-01-18,Leganes,Away,0,True,True,la-liga,2024,Ath Madrid
2025-01-25,Villarreal,Home,1,True,True,la-liga,2024,Ath Madrid
2025-02-01,Mallorca,Home,2,True,True,la-liga,2024,Ath Madrid
2025-02-08,Real Madrid,Away,1,True,True,la-liga,2024,Ath Madrid
2025-02-15,Celta,Home,1,True,True,la-liga,2024,Ath Madrid
2025-02-22,Valencia,Away,3,True,True,la-liga,2024,Ath Madrid
2025-03-01,Ath Bilbao,Home,1,True,True,la-liga,2024,Ath Madrid
2025-03-09,Getafe,Away,1,True,True,la-liga,2024,Ath Madrid
2025-03-16,Barcelona,Home,2,True,True,la-liga,2024,Ath Madrid
2025-03-29,Espanol,Away,1,True,True,la-liga,2024,Ath Madrid
2025-04-06,Sevilla,Away,2,True,True,la-liga,2024,Ath Madrid
2025-04-14,Valladolid,Home,4,True,True,la-liga,2024,Ath Madrid
2025-04-19,Las Palmas,Away,0,True,True,la-liga,2024,Ath Madrid
2025-04-24,Vallecano,Home,3,True,True,la-liga,2024,Ath Madrid
2025-05-03,Alaves,Away,0,True,True,la-liga,2024,Ath Madrid
2025-05-10,Sociedad,Home,4,True,True,la-liga,2024,Ath Madrid
2025-05-15,Osasuna,Away,0,True,True,la-liga,2024,Ath Madrid
2025-05-18,Betis,Home,4,True,True,la-liga,2024,Ath Madrid
2025-05-25,Girona,Away,4,True,True,la-liga,2024,Ath Madrid
2024-08-17,Valencia,Away,2,True,True,la-liga,2024,Barcelona
2024-08-24,Ath Bilbao,Home,2,True,True,la-liga,2024,Barcelona
2024-08-27,Vallecano,Away,2,True,True,la-liga,2024,Barcelona
2024-08-31,Valladolid,Home,7,True,True,la-liga,2024,Barcelona
2024-09-15,Girona,Away,4,True,True,la-liga,2024,Barcelona
2024-09-22,Villarreal,Away,5,True,True,la-liga,2024,Barcelona
2024-09-25,Getafe,Home,1,True,True,la-liga,2024,Barcelona
2024-09-28,Osasuna,Away,2,True,True,la-liga,2024,Barcelona
2024-10-06,Alaves,Away,3,True,True,la-liga,2024,Barcelona
2024-10-20,Sevilla,Home,5,True,True,la-liga,2024,Barcelona
2024-10-26,Real Madrid,Away,4,True,True,la-liga,2024,Barcelona
2024-11-03,Espanol,Home,3,True,True,la-liga,2024,Barcelona
2024-11-10,Sociedad,Away,0,True,True,la-liga,2024,Barcelona
2024-11-23,Celta,Away,2,True,True,la-liga,2024,Barcelona
2024-11-30,Las Palmas,Home,1,True,True,la-liga,2024,Barcelona
2024-12-03,Mallorca,Away,5,True,True,la-liga,2024,Barcelona
2024-12-07,Betis,Away,2,True,True,la-liga,2024,Barcelona
2024-12-15,Leganes,Home,0,True,True,la-liga,2024,Barcelona
2024-12-21,Ath Madrid,Home,1,True,True,la-liga,2024,Barcelona
2025-01-18,Getafe,Away,1,True,True,la-liga,2024,Barcelona
2025-01-26,Valencia,Home,7,True,True,la-liga,2024,Barcelona
2025-02-02,Alaves,Home,1,True,True,la-liga,2024,Barcelona
2025-02-09,Sevilla,Away,4,True,True,la-liga,2024,Barcelona
2025-02-17,Vallecano,Home,1,True,True,la-liga,2024,Barcelona
2025-02-22,Las Palmas,Away,2,True,True,la-liga,2024,Barcelona
2025-03-02,Sociedad,Home,4,True,True,la-liga,2024,Barcelona
2025-03-16,Ath Madrid,Away,4,True,True,la-liga,2024,Barcelona
2025-03-27,Osasuna,Home,3,True,True,la-liga,2024,Barcelona
2025-03-30,Girona,Home,4,True,True,la-liga,2024,Barcelona
2025-04-05,Betis,Home,1,True,True,la-liga,2024,Barcelona
2025-04-12,Leganes,Away,1,True,True,la-liga,2024,Barcelona
2025-04-19,Celta,Home,4,True,True,la-liga,2024,Barcelona
2025-04-22,Mallorca,Home,1,True,True,la-liga,2024,Barcelona
2025-05-03,Valladolid,Away,2,True,True,la-liga,2024,Barcelona
2025-05-11,Real Madrid,Home,4,True,True,la-liga,2024,Barcelona
2025-05-15,Espanol,Away,2,True,True,la-liga,2024,Barcelona
2025-05-18,Villarreal,Home,2,True,True,la-liga,2024,Barcelona
2025-05-25,Ath Bilbao,Away,3,True,True,la-liga,2024,Barcelona
2024-08-15,Girona,Home,1,True,True,la-liga,2024,Betis
2024-08-25,Alaves,Away,0,True,True,la-liga,2024,Betis
2024-09-01,Real Madrid,Away,0,True,True,la-liga,2024,Betis
2024-09-13,Leganes,Home,2,True,True,la-liga,2024,Betis
2024-09-18,Getafe,Home,2,True,True,la-liga,2024,Betis
2024-09-23,Mallorca,Home,1,True,True,la-liga,2024,Betis
2024-09-26,Las Palmas,Away,1,True,True,la-liga,2024,Betis
2024-09-29,Espanol,Home,1,True,True,la-liga,2024,Betis
2024-10-06,Sevilla,Away,0,True,True,la-liga,2024,Betis
2024-10-19,Osasuna,Away,2,True,True,la-liga,2024,Betis
2024-10-27,Ath Madrid,Home,1,True,True,la-liga,2024,Betis
2024-11-03,Ath Bilbao,Away,1,True,True,la-liga,2024,Betis
2024-11-10,Celta,Home,2,True,True,la-liga,2024,Betis
2024-11-23,Valencia,Away,2,True,True,la-liga,2024,Betis
2024-12-01,Sociedad,Away,0,True,True,la-liga,2024,Betis
2024-12-07,Barcelona,Home,2,True,True,la-liga,2024,Betis
2024-12-15,Villarreal,Away,2,True,True,la-liga,2024,Betis
2024-12-22,Vallecano,Home,1,True,True,la-liga,2024,Betis
2025-01-11,Valladolid,Away,0,True,True,la-liga,2024,Betis
2025-01-18,Alaves,Home,1,True,True,la-liga,2024,Betis
2025-01-25,Mallorca,Away,1,True,True,la-liga,2024,Betis
2025-02-02,Ath Bilbao,Home,2,True,True,la-liga,2024,Betis
2025-02-08,Celta,Away,2,True,True,la-liga,2024,Betis
2025-02-16,Sociedad,Home,3,True,True,la-liga,2024,Betis
2025-02-23,Getafe,Away,2,True,True,la-liga,2024,Betis
2025-03-01,Real Madrid,Home,2,True,True,la-liga,2024,Betis
2025-03-09,Las Palmas,Home,1,True,True,la-liga,2024,Betis
2025-03-16,Leganes,Away,3,True,True,la-liga,2024,Betis
2025-03-30,Sevilla,Home,2,True,True,la-liga,2024,Betis
2025-04-05,Barcelona,Away,1,True,True,la-liga,2024,Betis
2025-04-13,Villarreal,Home,1,True,True,la-liga,2024,Betis
2025-04-21,Girona,Away,3,True,True,la-liga,2024,Betis
2025-04-24,Valladolid,Home,5,True,True,la-liga,2024,Betis
2025-05-04,Espanol,Away,2,True,True,la-liga,2024,Betis
2025-05-11,Osasuna,Home,1,True,True,la-liga,2024,Betis
2025-05-15,Vallecano,Away,2,True,True,la-liga,2024,Betis
2025-05-18,Ath Madrid,Away,1,True,True,la-liga,2024,Betis
2025-05-23,Valencia,Home,1,True,True,la-liga,2024,Betis
2024-08-16,Alaves,Home,2,True,True,la-liga,2024,Celta
2024-08-23,Valencia,Home,3,True,True,la-liga,2024,Celta
2024-08-26,Villarreal,Away,3,True,True,la-liga,2024,Celta
2024-09-01,Osasuna,Away,2,True,True,la-liga,2024,Celta
2024-09-15,Valladolid,Home,3,True,True,la-liga,2024,Celta
2024-09-22,Ath Bilbao,Away,1,True,True,la-liga,2024,Celta
2024-09-26,Ath Madrid,Home,0,True,True,la-liga,2024,Celta
2024-09-29,Girona,Home,1,True,True,la-liga,2024,Celta
2024-10-05,Las Palmas,Away,1,True,True,la-liga,2024,Celta
2024-10-19,Real Madrid,Home,1,True,True,la-liga,2024,Celta
2024-10-27,Leganes,Away,0,True,True,la-liga,2024,Celta
2024-11-04,Getafe,Home,1,True,True,la-liga,2024,Celta
2024-11-10,Betis,Away,2,True,True,la-liga,2024,Celta
2024-11-23,Barcelona,Home,2,True,True,la-liga,2024,Celta
2024-11-30,Espanol,Away,1,True,True,la-liga,2024,Celta
2024-12-06,Mallorca,Home,2,False,False,la-liga,2024,Celta
2024-12-14,Sevilla,Away,0,True,True,la-liga,2024,Celta
2024-12-21,Sociedad,Home,2,True,True,la-liga,2024,Celta
2025-01-10,Vallecano,Away,1,True,True,la-liga,2024,Celta
2025-01-19,Ath Bilbao,Home,1,True,True,la-liga,2024,Celta
2025-01-27,Alaves,Away,1,True,True,la-liga,2024,Celta
2025-02-02,Valencia,Away,1,True,True,la-liga,2024,Celta
2025-02-08,Betis,Home,3,True,True,la-liga,2024,Celta
2025-02-15,Ath Madrid,Away,1,False,False,la-liga,2024,Celta
2025-02-21,Osasuna,Home,1,False,False,la-liga,2024,Celta
2025-03-01,Girona,Away,2,True,True,la-liga,2024,Celta
2025-03-08,Leganes,Home,2,True,True,la-liga,2024,Celta
2025-03-15,Valladolid,Away,1,True,True,la-liga,2024,Celta
2025-03-31,Las Palmas,Home,1,True,True,la-liga,2024,Celta
2025-04-05,Mallorca,Away,2,True,True,la-liga,2024,Celta
2025-04-12,Espanol,Home,0,True,True,la-liga,2024,Celta
2025-04-19,Barcelona,Away,3,True,True,la-liga,2024,Celta
2025-04-23,Villarreal,Home,3,True,True,la-liga,2024,Celta
2025-05-04,Real Madrid,Away,2,True,True,la-liga,2024,Celta
2025-05-10,Sevilla,Home,3,True,True,la-liga,2024,Celta
2025-05-13,Sociedad,Away,1,True,True,la-liga,2024,Celta
2025-05-18,Vallecano,Home,1,True,True,la-liga,2024,Celta
2025-05-24,Getafe,Away,2,True,False,la-liga,2024,Celta
2024-08-19,Valladolid,Away,0,True,True,la-liga,2024,Espanol
2024-08-24,Sociedad,Home,0,True,True,la-liga,2024,Espanol
2024-08-28,Ath Madrid,Away,0,True,True,la-liga,2024,Espanol
2024-08-31,Vallecano,Home,2,True,True,la-liga,2024,Espanol
2024-09-14,Alaves,Home,3,True,True,la-liga,2024,Espanol
2024-09-21,Real Madrid,Away,1,True,True,la-liga,2024,Espanol
2024-09-26,Villarreal,Home,1,True,True,la-liga,2024,Espanol
2024-09-29,Betis,Away,0,True,True,la-liga,2024,Espanol
2024-10-05,Mallorca,Home,2,True,True,la-liga,2024,Espanol
2024-10-19,Ath Bilbao,Away,1,True,True,la-liga,2024,Espanol
2024-10-25,Sevilla,Home,0,True,True,la-liga,2024,Espanol
2024-11-03,Barcelona,Away,1,True,True,la-liga,2024,Espanol
2024-11-23,Girona,Away,1,True,True,la-liga,2024,Espanol
2024-11-30,Celta,Home,3,True,False,la-liga,2024,Espanol
2024-12-09,Getafe,Away,0,True,True,la-liga,2024,Espanol
2024-12-14,Osasuna,Home,0,True,True,la-liga,2024,Espanol
2024-12-18,Valencia,Home,1,True,True,la-liga,2024,Espanol
2024-12-22,Las Palmas,Away,0,True,True,la-liga,2024,Espanol
2025-01-11,Leganes,Home,1,True,True,la-liga,2024,Espanol
2025-01-17,Valladolid,Home,2,False,False,la-liga,2024,Espanol
2025-01-25,Sevilla,Away,1,True,True,la-liga,2024,Espanol
2025-02-01,Real Madrid,Home,1,True,True,la-liga,2024,Espanol
2025-02-09,Sociedad,Away,1,True,True,la-liga,2024,Espanol
2025-02-16,Ath Bilbao,Home,1,True,True,la-liga,2024,Espanol
2025-02-22,Alaves,Away,1,True,True,la-liga,2024,Espanol
2025-03-10,Girona,Home,1,True,True,la-liga,2024,Espanol
2025-03-15,Mallorca,Away,1,True,True,la-liga,2024,Espanol
2025-03-29,Ath Madrid,Home,1,True,True,la-liga,2024,Espanol
2025-04-04,Vallecano,Away,4,True,True,la-liga,2024,Espanol
2025-04-12,Celta,Away,2,True,True,la-liga,2024,Espanol
2025-04-18,Getafe,Home,1,True,True,la-liga,2024,Espanol
2025-04-22,Valencia,Away,1,True,True,la-liga,2024,Espanol
2025-04-27,Villarreal,Away,0,True,True,la-liga,2024,Espanol
2025-05-04,Betis,Home,1,True,False,la-liga,2024,Espanol
2025-05-11,Leganes,Away,2,True,False,la-liga,2024,Espanol
2025-05-15,Barcelona,Home,0,True,True,la-liga,2024,Espanol
2025-05-18,Osasuna,Away,0,True,True,la-liga,2024,Espanol
2025-05-24,Las Palmas,Home,2,True,False,la-liga,2024,Espanol
2024-08-15,Ath Bilbao,Away,1,True,True,la-liga,2024,Getafe
2024-08-24,Vallecano,Home,0,True,True,la-liga,2024,Getafe
2024-09-01,Sociedad,Home,0,True,True,la-liga,2024,Getafe
2024-09-14,Sevilla,Away,0,True,True,la-liga,2024,Getafe
2024-09-18,Betis,Away,1,True,True,la-liga,2024,Getafe
2024-09-22,Leganes,Home,1,True,True,la-liga,2024,Getafe
2024-09-25,Barcelona,Away,0,True,True,la-liga,2024,Getafe
2024-09-28,Alaves,Home,2,True,True,la-liga,2024,Getafe
2024-10-05,Osasuna,Home,1,True,True,la-liga,2024,Getafe
2024-10-20,Villarreal,Away,1,True,True,la-liga,2024,Getafe
2024-10-27,Valencia,Home,1,False,False,la-liga,2024,Getafe
2024-11-04,Celta,Away,0,True,True,la-liga,2024,Getafe
2024-11-10,Girona,Home,0,True,True,la-liga,2024,Getafe
2024-11-22,Valladolid,Home,2,True,True,la-liga,2024,Getafe
2024-12-01,Real Madrid,Away,0,True,True,la-liga,2024,Getafe
2024-12-09,Espanol,Home,1,True,True,la-liga,2024,Getafe
2024-12-15,Ath Madrid,Away,0,True,True,la-liga,2024,Getafe
2024-12-21,Mallorca,Home,0,True,True,la-liga,2024,Getafe
2025-01-12,Las Palmas,Away,2,True,True,la-liga,2024,Getafe
2025-01-18,Barcelona,Home,1,True,True,la-liga,2024,Getafe
2025-01-26,Sociedad,Away,3,True,True,la-liga,2024,Getafe
2025-02-01,Sevilla,Home,0,True,True,la-liga,2024,Getafe
2025-02-09,Alaves,Away,1,True,True,la-liga,2024,Getafe
2025-02-14,Girona,Away,2,True,True,la-liga,2024,Getafe
2025-02-23,Betis,Home,1,True,True,la-liga,2024,Getafe
2025-03-02,Leganes,Away,0,True,True,la-liga,2024,Getafe
2025-03-09,Ath Madrid,Home,2,True,True,la-liga,2024,Getafe
2025-03-16,Osasuna,Away,2,True,True,la-liga,2024,Getafe
2025-03-30,Villarreal,Home,1,True,True,la-liga,2024,Getafe
2025-04-06,Valladolid,Away,4,True,True,la-liga,2024,Getafe
2025-04-12,Las Palmas,Home,1,True,True,la-liga,2024,Getafe
2025-04-18,Espanol,Away,0,True,True,la-liga,2024,Getafe
2025-04-23,Real Madrid,Home,0,True,True,la-liga,2024,Getafe
2025-05-02,Vallecano,Away,0,True,True,la-liga,2024,Getafe
2025-05-10,Valencia,Away,0,True,True,la-liga,2024,Getafe
2025-05-15,Ath Bilbao,Home,0,True,True,la-liga,2024,Getafe
2025-05-18,Mallorca,Away,2,True,False,la-liga,2024,Getafe
2025-05-24,Celta,Home,1,True,False,la-liga,2024,Getafe
2024-08-15,Betis,Away,1,True,True,la-liga,2024,Girona
2024-08-25,Ath Madrid,Away,0,True,True,la-liga,2024,Girona
2024-08-29,Osasuna,Home,4,True,True,la-liga,2024,Girona
2024-09-01,Sevilla,Away,2,True,True,la-liga,2024,Girona
2024-09-15,Barcelona,Home,1,True,True,la-liga,2024,Girona
2024-09-21,Valencia,Away,0,True,True,la-liga,2024,Girona
2024-09-25,Vallecano,Home,0,True,True,la-liga,2024,Girona
2024-09-29,Celta,Away,1,True,True,la-liga,2024,Girona
2024-10-06,Ath Bilbao,Home,2,True,True,la-liga,2024,Girona
2024-10-19,Sociedad,Home,0,True,True,la-liga,2024,Girona
2024-10-26,Las Palmas,Away,0,True,True,la-liga,2024,Girona
2024-11-02,Leganes,Home,4,True,True,la-liga,2024,Girona
2024-11-10,Getafe,Away,1,True,True,la-liga,2024,Girona
2024-11-23,Espanol,Home,4,True,True,la-liga,2024,Girona
2024-12-01,Villarreal,Away,2,True,True,la-liga,2024,Girona
2024-12-07,Real Madrid,Home,0,True,True,la-liga,2024,Girona
2024-12-14,Mallorca,Away,1,True,True,la-liga,2024,Girona
2024-12-20,Valladolid,Home,3,True,True,la-liga,2024,Girona
2025-01-11,Alaves,Away,1,True,True,la-liga,2024,Girona
2025-01-18,Sevilla,Home,1,True,True,la-liga,2024,Girona
2025-01-26,Vallecano,Away,1,True,True,la-liga,2024,Girona
2025-02-03,Las Palmas,Home,2,True,True,la-liga,2024,Girona
2025-02-08,Ath Bilbao,Away,0,True,True,la-liga,2024,Girona
2025-02-14,Getafe,Home,1,True,True,la-liga,2024,Girona
2025-02-23,Real Madrid,Away,0,True,True,la-liga,2024,Girona
2025-03-01,Celta,Home,2,True,True,la-liga,2024,Girona
2025-03-10,Espanol,Away,1,True,True,la-liga,2024,Girona
2025-03-15,Valencia,Home,1,True,True,la-liga,2024,Girona
2025-03-30,Barcelona,Away,1,True,True,la-liga,2024,Girona
2025-04-05,Alaves,Home,0,True,True,la-liga,2024,Girona
2025-04-13,Osasuna,Away,1,True,True,la-liga,2024,Girona
2025-04-21,Betis,Home,1,True,True,la-liga,2024,Girona
2025-04-24,Leganes,Away,1,True,True,la-liga,2024,Girona
2025-05-05,Mallorca,Home,1,True,True,la-liga,2024,Girona
2025-05-10,Villarreal,Home,0,True,True,la-liga,2024,Girona
2025-05-13,Valladolid,Away,1,True,True,la-liga,2024,Girona
2025-05-18,Sociedad,Away,2,True,True,la-liga,2024,Girona
2025-05-25,Ath Madrid,Home,0,True,True,la-liga,2024,Girona
2024-08-16,Sevilla,Home,2,True,True,la-liga,2024,Las Palmas
2024-08-25,Leganes,Away,1,True,True,la-liga,2024,Las Palmas
2024-08-29,Real Madrid,Home,1,True,True,la-liga,2024,Las Palmas
2024-09-01,Alaves,Away,0,True,True,la-liga,2024,Las Palmas
2024-09-15,Ath Bilbao,Home,2,True,True,la-liga,2024,Las Palmas
2024-09-21,Osasuna,Away,1,True,True,la-liga,2024,Las Palmas
2024-09-26,Betis,Home,1,True,True,la-liga,2024,Las Palmas
2024-09-30,Villarreal,Away,1,True,True,la-liga,2024,Las Palmas
2024-10-05,Celta,Home,0,True,True,la-liga,2024,Las Palmas
2024-10-21,Valencia,Away,3,True,False,la-liga,2024,Las Palmas
2024-10-26,Girona,Home,1,True,False,la-liga,2024,Las Palmas
2024-11-03,Ath Madrid,Away,0,True,True,la-liga,2024,Las Palmas
2024-11-08,Vallecano,Away,3,True,True,la-liga,2024,Las Palmas
2024-11-23,Mallorca,Home,2,True,True,la-liga,2024,Las Palmas
2024-11-30,Barcelona,Away,2,True,True,la-liga,2024,Las Palmas
2024-12-07,Valladolid,Home,2,True,True,la-liga,2024,Las Palmas
2024-12-15,Sociedad,Away,0,True,True,la-liga,2024,Las Palmas
2024-12-22,Espanol,Home,1,True,True,la-liga,2024,Las Palmas
2025-01-12,Getafe,Home,1,True,True,la-liga,2024,Las Palmas
2025-01-19,Real Madrid,Away,1,True,True,la-liga,2024,Las Palmas
2025-01-24,Osasuna,Home,1,False,False,la-liga,2024,Las Palmas
2025-02-03,Girona,Away,1,True,True,la-liga,2024,Las Palmas
2025-02-08,Villarreal,Home,1,True,True,la-liga,2024,Las Palmas
2025-02-16,Mallorca,Away,1,True,True,la-liga,2024,Las Palmas
2025-02-22,Barcelona,Home,0,True,True,la-liga,2024,Las Palmas
2025-02-28,Valladolid,Away,1,True,True,la-liga,2024,Las Palmas
2025-03-09,Betis,Away,0,True,True,la-liga,2024,Las Palmas
2025-03-14,Alaves,Home,2,True,True,la-liga,2024,Las Palmas
2025-03-31,Celta,Away,1,True,True,la-liga,2024,Las Palmas
2025-04-06,Sociedad,Home,1,True,True,la-liga,2024,Las Palmas
2025-04-12,Getafe,Away,3,True,True,la-liga,2024,Las Palmas
2025-04-19,Ath Madrid,Home,1,True,True,la-liga,2024,Las Palmas
2025-04-23,Ath Bilbao,Away,0,True,True,la-liga,2024,Las Palmas
2025-05-03,Valencia,Home,2,True,False,la-liga,2024,Las Palmas
2025-05-09,Vallecano,Home,0,True,True,la-liga,2024,Las Palmas
2025-05-13,Sevilla,Away,0,True,True,la-liga,2024,Las Palmas
2025-05-18,Leganes,Home,0,True,True,la-liga,2024,Las Palmas
2025-05-24,Espanol,Away,0,True,True,la-liga,2024,Las Palmas
2024-08-17,Osasuna,Away,1,True,True,la-liga,2024,Leganes
2024-08-25,Las Palmas,Home,2,True,True,la-liga,2024,Leganes
2024-08-28,Valladolid,Away,0,True,True,la-liga,2024,Leganes
2024-08-31,Mallorca,Home,0,True,True,la-liga,2024,Leganes
2024-09-13,Betis,Away,0,True,True,la-liga,2024,Leganes
2024-09-19,Ath Bilbao,Home,0,True,True,la-liga,2024,Leganes
2024-09-22,Getafe,Away,1,True,True,la-liga,2024,Leganes
2024-09-28,Vallecano,Away,1,True,True,la-liga,2024,Leganes
2024-10-04,Valencia,Home,0,True,True,la-liga,2024,Leganes
2024-10-20,Ath Madrid,Away,1,True,True,la-liga,2024,Leganes
2024-10-27,Celta,Home,3,True,True,la-liga,2024,Leganes
2024-11-02,Girona,Away,3,True,True,la-liga,2024,Leganes
2024-11-09,Sevilla,Home,1,True,False,la-liga,2024,Leganes
2024-11-24,Real Madrid,Home,0,True,True,la-liga,2024,Leganes
2024-11-30,Alaves,Away,1,True,True,la-liga,2024,Leganes
2024-12-08,Sociedad,Home,0,True,True,la-liga,2024,Leganes
2024-12-15,Barcelona,Away,1,True,True,la-liga,2024,Leganes
2024-12-22,Villarreal,Home,2,True,True,la-liga,2024,Leganes
2025-01-11,Espanol,Away,1,True,True,la-liga,2024,Leganes
2025-01-18,Ath Madrid,Home,1,True,True,la-liga,2024,Leganes
2025-01-26,Ath Bilbao,Away,0,True,True,la-liga,2024,Leganes
2025-01-31,Vallecano,Home,0,True,True,la-liga,2024,Leganes
2025-02-09,Valencia,Away,0,True,True,la-liga,2024,Leganes
2025-02-15,Alaves,Home,3,True,True,la-liga,2024,Leganes
2025-02-23,Sociedad,Away,0,True,True,la-liga,2024,Leganes
2025-03-02,Getafe,Home,1,True,True,la-liga,2024,Leganes
2025-03-08,Celta,Away,1,False,False,la-liga,2024,Leganes
2025-03-16,Betis,Home,2,True,True,la-liga,2024,Leganes
2025-03-29,Real Madrid,Away,2,True,True,la-liga,2024,Leganes
2025-04-07,Osasuna,Home,1,True,True,la-liga,2024,Leganes
2025-04-12,Barcelona,Home,0,True,True,la-liga,2024,Leganes
2025-04-19,Mallorca,Away,0,True,True,la-liga,2024,Leganes
2025-04-24,Girona,Home,1,True,True,la-liga,2024,Leganes
2025-05-04,Sevilla,Away,2,True,False,la-liga,2024,Leganes
2025-05-11,Espanol,Home,3,True,False,la-liga,2024,Leganes
2025-05-14,Villarreal,Away,0,True,True,la-liga,2024,Leganes
2025-05-18,Las Palmas,Away,1,True,False,la-liga,2024,Leganes
2025-05-24,Valladolid,Home,3,True,False,la-liga,2024,Leganes
2024-08-18,Real Madrid,Home,1,True,True,la-liga,2024,Mallorca
2024-08-24,Osasuna,Away,0,True,True,la-liga,2024,Mallorca
2024-08-27,Sevilla,Home,0,True,True,la-liga,2024,Mallorca
2024-08-31,Leganes,Away,1,True,True,la-liga,2024,Mallorca
2024-09-14,Villarreal,Home,1,True,True,la-liga,2024,Mallorca
2024-09-17,Sociedad,Home,1,True,True,la-liga,2024,Mallorca
2024-09-23,Betis,Away,2,True,True,la-liga,2024,Mallorca
2024-09-27,Valladolid,Away,2,False,False,la-liga,2024,Mallorca
2024-10-05,Espanol,Away,1,True,True,la-liga,2024,Mallorca
2024-10-20,Vallecano,Home,1,True,True,la-liga,2024,Mallorca
2024-10-28,Ath Bilbao,Home,0,True,True,la-liga,2024,Mallorca
2024-11-01,Alaves,Away,0,True,True,la-liga,2024,Mallorca
2024-11-10,Ath Madrid,Home,0,True,True,la-liga,2024,Mallorca
2024-11-23,Las Palmas,Away,3,True,True,la-liga,2024,Mallorca
2024-11-29,Valencia,Home,2,False,False,la-liga,2024,Mallorca
2024-12-03,Barcelona,Home,1,True,True,la-liga,2024,Mallorca
2024-12-06,Celta,Away,0,False,False,la-liga,2024,Mallorca
2024-12-14,Girona,Home,2,True,True,la-liga,2024,Mallorca
2024-12-21,Getafe,Away,1,True,True,la-liga,2024,Mallorca
2025-01-20,Villarreal,Away,0,True,True,la-liga,2024,Mallorca
2025-01-25,Betis,Home,0,True,True,la-liga,2024,Mallorca
2025-02-01,Ath Madrid,Away,0,True,True,la-liga,2024,Mallorca
2025-02-10,Osasuna,Home,1,True,True,la-liga,2024,Mallorca
2025-02-16,Las Palmas,Home,3,True,True,la-liga,2024,Mallorca
2025-02-24,Sevilla,Away,1,True,True,la-liga,2024,Mallorca
2025-03-02,Alaves,Home,1,True,True,la-liga,2024,Mallorca
2025-03-09,Ath Bilbao,Away,1,True,True,la-liga,2024,Mallorca
2025-03-15,Espanol,Home,2,True,True,la-liga,2024,Mallorca
2025-03-30,Valencia,Away,0,True,True,la-liga,2024,Mallorca
2025-04-05,Celta,Home,1,True,True,la-liga,2024,Mallorca
2025-04-12,Sociedad,Away,2,True,True,la-liga,2024,Mallorca
2025-04-19,Leganes,Home,0,True,True,la-liga,2024,Mallorca
2025-04-22,Barcelona,Away,0,True,True,la-liga,2024,Mallorca
2025-05-05,Girona,Away,0,True,True,la-liga,2024,Mallorca
2025-05-10,Valladolid,Home,2,True,False,la-liga,2024,Mallorca
2025-05-14,Real Madrid,Away,1,True,False,la-liga,2024,Mallorca
2025-05-18,Getafe,Home,1,True,False,la-liga,2024,Mallorca
2025-05-24,Vallecano,Away,0,True,True,la-liga,2024,Mallorca
2024-08-17,Leganes,Home,1,True,True,la-liga,2024,Osasuna
2024-08-24,Mallorca,Home,1,True,True,la-liga,2024,Osasuna
2024-08-29,Girona,Away,0,True,True,la-liga,2024,Osasuna
2024-09-01,Celta,Home,3,True,True,la-liga,2024,Osasuna
2024-09-16,Vallecano,Away,1,True,True,la-liga,2024,Osasuna
2024-09-21,Las Palmas,Home,2,True,True,la-liga,2024,Osasuna
2024-09-24,Valencia,Away,0,True,True,la-liga,2024,Osasuna
2024-09-28,Barcelona,Home,4,True,True,la-liga,2024,Osasuna
2024-10-05,Getafe,Away,1,True,True,la-liga,2024,Osasuna
2024-10-19,Betis,Home,1,True,True,la-liga,2024,Osasuna
2024-10-27,Sociedad,Away,2,True,True,la-liga,2024,Osasuna
2024-11-02,Valladolid,Home,1,True,True,la-liga,2024,Osasuna
2024-11-09,Real Madrid,Away,0,True,True,la-liga,2024,Osasuna
2024-11-24,Villarreal,Home,2,True,True,la-liga,2024,Osasuna
2024-12-02,Sevilla,Away,1,True,True,la-liga,2024,Osasuna
2024-12-08,Alaves,Home,2,True,True,la-liga,2024,Osasuna
2024-12-14,Espanol,Away,0,True,True,la-liga,2024,Osasuna
2024-12-21,Ath Bilbao,Home,1,True,True,la-liga,2024,Osasuna
2025-01-12,Ath Madrid,Away,0,True,True,la-liga,2024,Osasuna
2025-01-19,Vallecano,Home,1,True,True,la-liga,2024,Osasuna
2025-01-24,Las Palmas,Away,1,True,True,la-liga,2024,Osasuna
2025-02-02,Sociedad,Home,2,True,True,la-liga,2024,Osasuna
2025-02-10,Mallorca,Away,1,True,True,la-liga,2024,Osasuna
2025-02-15,Real Madrid,Home,1,True,True,la-liga,2024,Osasuna
2025-02-21,Celta,Away,0,True,True,la-liga,2024,Osasuna
2025-03-02,Valencia,Home,3,True,True,la-liga,2024,Osasuna
2025-03-16,Getafe,Home,1,True,True,la-liga,2024,Osasuna
2025-03-27,Barcelona,Away,0,True,True,la-liga,2024,Osasuna
2025-03-30,Ath Bilbao,Away,0,False,False,la-liga,2024,Osasuna
2025-04-07,Leganes,Away,1,True,True,la-liga,2024,Osasuna
2025-04-13,Girona,Home,2,True,True,la-liga,2024,Osasuna
2025-04-20,Valladolid,Away,3,True,True,la-liga,2024,Osasuna
2025-04-24,Sevilla,Home,1,True,False,la-liga,2024,Osasuna
2025-05-03,Villarreal,Away,2,True,False,la-liga,2024,Osasuna
2025-05-11,Betis,Away,1,True,False,la-liga,2024,Osasuna
2025-05-15,Ath Madrid,Home,2,True,False,la-liga,2024,Osasuna
2025-05-18,Espanol,Home,2,True,False,la-liga,2024,Osasuna
2025-05-24,Alaves,Away,1,True,True,la-liga,2024,Osasuna
2024-08-18,Mallorca,Away,1,True,True,la-liga,2024,Real Madrid
2024-08-25,Valladolid,Home,3,True,True,la-liga,2024,Real Madrid
2024-08-29,Las Palmas,Away,1,True,True,la-liga,2024,Real Madrid
2024-09-01,Betis,Home,2,True,True,la-liga,2024,Real Madrid
2024-09-14,Sociedad,Away,2,True,True,la-liga,2024,Real Madrid
2024-09-21,Espanol,Home,4,True,True,la-liga,2024,Real Madrid
2024-09-24,Alaves,Home,3,True,True,la-liga,2024,Real Madrid
2024-09-29,Ath Madrid,Away,1,True,True,la-liga,2024,Real Madrid
2024-10-05,Villarreal,Home,2,True,True,la-liga,2024,Real Madrid
2024-10-19,Celta,Away,2,True,True,la-liga,2024,Real Madrid
2024-10-26,Barcelona,Home,0,True,True,la-liga,2024,Real Madrid
2024-11-09,Osasuna,Home,4,True,True,la-liga,2024,Real Madrid
2024-11-24,Leganes,Away,3,True,True,la-liga,2024,Real Madrid
2024-12-01,Getafe,Home,2,True,True,la-liga,2024,Real Madrid
2024-12-04,Ath Bilbao,Away,1,True,True,la-liga,2024,Real Madrid
2024-12-07,Girona,Away,3,True,True,la-liga,2024,Real Madrid
2024-12-14,Vallecano,Away,3,True,True,la-liga,2024,Real Madrid
2024-12-22,Sevilla,Home,4,True,True,la-liga,2024,Real Madrid
2025-01-03,Valencia,Away,2,True,True,la-liga,2024,Real Madrid
2025-01-19,Las Palmas,Home,4,True,True,la-liga,2024,Real Madrid
2025-01-25,Valladolid,Away,3,True,True,la-liga,2024,Real Madrid
2025-02-01,Espanol,Away,0,True,True,la-liga,2024,Real Madrid
2025-02-08,Ath Madrid,Home,1,True,True,la-liga,2024,Real Madrid
2025-02-15,Osasuna,Away,1,True,True,la-liga,2024,Real Madrid
2025-02-23,Girona,Home,2,True,True,la-liga,2024,Real Madrid
2025-03-01,Betis,Away,1,True,True,la-liga,2024,Real Madrid
2025-03-09,Vallecano,Home,2,True,True,la-liga,2024,Real Madrid
2025-03-15,Villarreal,Away,2,True,True,la-liga,2024,Real Madrid
2025-03-29,Leganes,Home,3,True,True,la-liga,2024,Real Madrid
2025-04-05,Valencia,Home,1,True,True,la-liga,2024,Real Madrid
2025-04-13,Alaves,Away,1,True,True,la-liga,2024,Real Madrid
2025-04-20,Ath Bilbao,Home,1,True,True,la-liga,2024,Real Madrid
2025-04-23,Getafe,Away,1,True,True,la-liga,2024,Real Madrid
2025-05-04,Celta,Home,3,True,True,la-liga,2024,Real Madrid
2025-05-11,Barcelona,Away,3,True,True,la-liga,2024,Real Madrid
2025-05-14,Mallorca,Home,2,True,True,la-liga,2024,Real Madrid
2025-05-18,Sevilla,Away,2,True,True,la-liga,2024,Real Madrid
2025-05-24,Sociedad,Home,2,True,True,la-liga,2024,Real Madrid
2024-08-16,Las Palmas,Away,2,True,True,la-liga,2024,Sevilla
2024-08-23,Villarreal,Home,1,True,True,la-liga,2024,Sevilla
2024-08-27,Mallorca,Away,0,True,True,la-liga,2024,Sevilla
2024-09-01,Girona,Home,0,True,True,la-liga,2024,Sevilla
2024-09-14,Getafe,Home,1,True,True,la-liga,2024,Sevilla
2024-09-20,Alaves,Away,1,True,True,la-liga,2024,Sevilla
2024-09-24,Valladolid,Home,2,True,True,la-liga,2024,Sevilla
2024-09-29,Ath Bilbao,Away,1,True,True,la-liga,2024,Sevilla
2024-10-06,Betis,Home,1,True,True,la-liga,2024,Sevilla
2024-10-20,Barcelona,Away,1,True,True,la-liga,2024,Sevilla
2024-10-25,Espanol,Away,2,True,True,la-liga,2024,Sevilla
2024-11-03,Sociedad,Home,0,True,True,la-liga,2024,Sevilla
2024-11-09,Leganes,Away,0,True,True,la-liga,2024,Sevilla
2024-11-24,Vallecano,Home,1,True,True,la-liga,2024,Sevilla
2024-12-02,Osasuna,Home,1,True,True,la-liga,2024,Sevilla
2024-12-08,Ath Madrid,Away,3,True,True,la-liga,2024,Sevilla
2024-12-14,Celta,Home,1,True,True,la-liga,2024,Sevilla
2024-12-22,Real Madrid,Away,2,True,True,la-liga,2024,Sevilla
2025-01-11,Valencia,Home,1,True,True,la-liga,2024,Sevilla
2025-01-18,Girona,Away,2,True,True,la-liga,2024,Sevilla
2025-01-25,Espanol,Home,1,True,True,la-liga,2024,Sevilla
2025-02-01,Getafe,Away,0,True,True,la-liga,2024,Sevilla
2025-02-09,Barcelona,Home,1,True,True,la-liga,2024,Sevilla
2025-02-16,Valladolid,Away,4,True,True,la-liga,2024,Sevilla
2025-02-24,Mallorca,Home,1,True,True,la-liga,2024,Sevilla
2025-03-01,Vallecano,Away,1,True,True,la-liga,2024,Sevilla
2025-03-09,Sociedad,Away,1,True,True,la-liga,2024,Sevilla
2025-03-16,Ath Bilbao,Home,0,True,True,la-liga,2024,Sevilla
2025-03-30,Betis,Away,1,True,True,la-liga,2024,Sevilla
2025-04-06,Ath Madrid,Home,1,True,True,la-liga,2024,Sevilla
2025-04-11,Valencia,Away,0,True,True,la-liga,2024,Sevilla
2025-04-20,Alaves,Home,1,True,True,la-liga,2024,Sevilla
2025-04-24,Osasuna,Away,0,True,True,la-liga,2024,Sevilla
2025-05-04,Leganes,Home,2,True,True,la-liga,2024,Sevilla
2025-05-10,Celta,Away,2,True,True,la-liga,2024,Sevilla
2025-05-13,Las Palmas,Home,1,True,True,la-liga,2024,Sevilla
2025-05-18,Real Madrid,Home,0,True,True,la-liga,2024,Sevilla
2025-05-25,Villarreal,Away,2,True,True,la-liga,2024,Sevilla
2024-08-18,Vallecano,Home,1,True,True,la-liga,2024,Sociedad
2024-08-24,Espanol,Away,1,True,True,la-liga,2024,Sociedad
2024-08-28,Alaves,Home,1,True,True,la-liga,2024,Sociedad
2024-09-01,Getafe,Away,0,True,True,la-liga,2024,Sociedad
2024-09-14,Real Madrid,Home,0,True,True,la-liga,2024,Sociedad
2024-09-17,Mallorca,Away,0,True,True,la-liga,2024,Sociedad
2024-09-21,Valladolid,Away,0,True,True,la-liga,2024,Sociedad
2024-09-28,Valencia,Home,3,True,True,la-liga,2024,Sociedad
2024-10-06,Ath Madrid,Home,1,True,True,la-liga,2024,Sociedad
2024-10-19,Girona,Away,1,True,True,la-liga,2024,Sociedad
2024-10-27,Osasuna,Home,0,True,True,la-liga,2024,Sociedad
2024-11-03,Sevilla,Away,2,True,True,la-liga,2024,Sociedad
2024-11-10,Barcelona,Home,1,True,True,la-liga,2024,Sociedad
2024-11-24,Ath Bilbao,Away,0,True,True,la-liga,2024,Sociedad
2024-12-01,Betis,Home,2,True,True,la-liga,2024,Sociedad
2024-12-08,Leganes,Away,3,True,True,la-liga,2024,Sociedad
2024-12-15,Las Palmas,Home,0,True,True,la-liga,2024,Sociedad
2024-12-21,Celta,Away,0,True,True,la-liga,2024,Sociedad
2025-01-13,Villarreal,Home,1,True,True,la-liga,2024,Sociedad
2025-01-19,Valencia,Away,0,True,True,la-liga,2024,Sociedad
2025-01-26,Getafe,Home,0,True,True,la-liga,2024,Sociedad
2025-02-02,Osasuna,Away,1,True,True,la-liga,2024,Sociedad
2025-02-09,Espanol,Home,2,True,True,la-liga,2024,Sociedad
2025-02-16,Betis,Away,0,True,True,la-liga,2024,Sociedad
2025-02-23,Leganes,Home,3,True,True,la-liga,2024,Sociedad
2025-03-02,Barcelona,Away,0,True,True,la-liga,2024,Sociedad
2025-03-09,Sevilla,Home,0,True,True,la-liga,2024,Sociedad
2025-03-16,Vallecano,Away,2,True,True,la-liga,2024,Sociedad
2025-03-29,Valladolid,Home,2,True,True,la-liga,2024,Sociedad
2025-04-06,Las Palmas,Away,3,True,True,la-liga,2024,Sociedad
2025-04-12,Mallorca,Home,0,True,True,la-liga,2024,Sociedad
2025-04-20,Villarreal,Away,2,True,True,la-liga,2024,Sociedad
2025-04-23,Alaves,Away,0,True,True,la-liga,2024,Sociedad
2025-05-04,Ath Bilbao,Home,0,True,True,la-liga,2024,Sociedad
2025-05-10,Ath Madrid,Away,0,True,True,la-liga,2024,Sociedad
2025-05-13,Celta,Home,0,True,True,la-liga,2024,Sociedad
2025-05-18,Girona,Home,3,True,True,la-liga,2024,Sociedad
2025-05-24,Real Madrid,Away,0,True,True,la-liga,2024,Sociedad
2024-08-17,Barcelona,Home,1,True,True,la-liga,2024,Valencia
2024-08-23,Celta,Away,1,True,True,la-liga,2024,Valencia
2024-08-28,Ath Bilbao,Away,0,True,True,la-liga,2024,Valencia
2024-08-31,Villarreal,Home,1,True,True,la-liga,2024,Valencia
2024-09-15,Ath Madrid,Away,0,True,True,la-liga,2024,Valencia
2024-09-21,Girona,Home,2,True,True,la-liga,2024,Valencia
2024-09-24,Osasuna,Home,0,True,True,la-liga,2024,Valencia
2024-09-28,Sociedad,Away,0,True,True,la-liga,2024,Valencia
2024-10-04,Leganes,Away,0,True,True,la-liga,2024,Valencia
2024-10-21,Las Palmas,Home,2,True,True,la-liga,2024,Valencia
2024-10-27,Getafe,Away,1,True,True,la-liga,2024,Valencia
2024-11-23,Betis,Home,4,True,True,la-liga,2024,Valencia
2024-11-29,Mallorca,Away,1,True,True,la-liga,2024,Valencia
2024-12-07,Vallecano,Home,0,True,True,la-liga,2024,Valencia
2024-12-13,Valladolid,Away,0,True,True,la-liga,2024,Valencia
2024-12-18,Espanol,Away,1,True,True,la-liga,2024,Valencia
2024-12-22,Alaves,Home,2,True,True,la-liga,2024,Valencia
2025-01-03,Real Madrid,Home,1,True,True,la-liga,2024,Valencia
2025-01-11,Sevilla,Away,1,True,True,la-liga,2024,Valencia
2025-01-19,Sociedad,Home,1,True,True,la-liga,2024,Valencia
2025-01-26,Barcelona,Away,1,True,True,la-liga,2024,Valencia
2025-02-02,Celta,Home,2,True,True,la-liga,2024,Valencia
2025-02-09,Leganes,Home,2,True,True,la-liga,2024,Valencia
2025-02-15,Villarreal,Away,1,True,True,la-liga,2024,Valencia
2025-02-22,Ath Madrid,Home,0,True,True,la-liga,2024,Valencia
2025-03-02,Osasuna,Away,3,True,True,la-liga,2024,Valencia
2025-03-08,Valladolid,Home,2,True,True,la-liga,2024,Valencia
2025-03-15,Girona,Away,1,True,True,la-liga,2024,Valencia
2025-03-30,Mallorca,Home,1,True,True,la-liga,2024,Valencia
2025-04-05,Real Madrid,Away,2,True,True,la-liga,2024,Valencia
2025-04-11,Sevilla,Home,1,True,True,la-liga,2024,Valencia
2025-04-19,Vallecano,Away,1,True,True,la-liga,2024,Valencia
2025-04-22,Espanol,Home,1,True,True,la-liga,2024,Valencia
2025-05-03,Las Palmas,Away,3,True,True,la-liga,2024,Valencia
2025-05-10,Getafe,Home,3,False,False,la-liga,2024,Valencia
2025-05-14,Alaves,Away,0,False,False,la-liga,2024,Valencia
2025-05-18,Ath Bilbao,Home,0,False,False,la-liga,2024,Valencia
2025-05-23,Betis,Away,1,False,False,la-liga,2024,Valencia
2024-08-19,Espanol,Home,1,True,True,la-liga,2024,Valladolid
2024-08-25,Real Madrid,Away,0,True,True,la-liga,2024,Valladolid
2024-08-28,Leganes,Home,0,True,True,la-liga,2024,Valladolid
2024-08-31,Barcelona,Away,0,True,True,la-liga,2024,Valladolid
2024-09-15,Celta,Away,1,True,True,la-liga,2024,Valladolid
2024-09-21,Sociedad,Home,0,True,True,la-liga,2024,Valladolid
2024-09-24,Sevilla,Away,1,True,True,la-liga,2024,Valladolid
2024-09-27,Mallorca,Home,1,True,True,la-liga,2024,Valladolid
2024-10-05,Vallecano,Home,1,True,True,la-liga,2024,Valladolid
2024-10-18,Alaves,Away,3,True,True,la-liga,2024,Valladolid
2024-10-26,Villarreal,Home,1,True,True,la-liga,2024,Valladolid
2024-11-02,Osasuna,Away,0,True,True,la-liga,2024,Valladolid
2024-11-10,Ath Bilbao,Home,1,True,True,la-liga,2024,Valladolid
2024-11-22,Getafe,Away,0,True,True,la-liga,2024,Valladolid
2024-11-30,Ath Madrid,Home,0,True,True,la-liga,2024,Valladolid
2024-12-07,Las Palmas,Away,1,True,True,la-liga,2024,Valladolid
2024-12-13,Valencia,Home,1,True,True,la-liga,2024,Valladolid
2024-12-20,Girona,Away,0,False,False,la-liga,2024,Valladolid
2025-01-11,Betis,Home,1,True,True,la-liga,2024,Valladolid
2025-01-17,Espanol,Away,1,False,False,la-liga,2024,Valladolid
2025-01-25,Real Madrid,Home,0,True,True,la-liga,2024,Valladolid
2025-02-01,Villarreal,Away,1,True,True,la-liga,2024,Valladolid
2025-02-07,Vallecano,Away,0,False,False,la-liga,2024,Valladolid
2025-02-16,Sevilla,Home,0,True,True,la-liga,2024,Valladolid
2025-02-23,Ath Bilbao,Away,1,True,True,la-liga,2024,Valladolid
2025-02-28,Las Palmas,Home,1,True,True,la-liga,2024,Valladolid
2025-03-08,Valencia,Away,1,True,True,la-liga,2024,Valladolid
2025-03-15,Celta,Home,0,True,True,la-liga,2024,Valladolid
2025-03-29,Sociedad,Away,1,True,True,la-liga,2024,Valladolid
2025-04-06,Getafe,Home,0,True,True,la-liga,2024,Valladolid
2025-04-14,Ath Madrid,Away,2,True,True,la-liga,2024,Valladolid
2025-04-20,Osasuna,Home,2,True,True,la-liga,2024,Valladolid
2025-04-24,Betis,Away,1,True,True,la-liga,2024,Valladolid
2025-05-03,Barcelona,Home,1,True,True,la-liga,2024,Valladolid
2025-05-10,Mallorca,Away,1,True,True,la-liga,2024,Valladolid
2025-05-13,Girona,Home,0,True,True,la-liga,2024,Valladolid
2025-05-18,Alaves,Home,0,True,True,la-liga,2024,Valladolid
2025-05-24,Leganes,Away,0,True,True,la-liga,2024,Valladolid
2024-08-18,Sociedad,Away,2,True,True,la-liga,2024,Vallecano
2024-08-24,Getafe,Away,0,True,True,la-liga,2024,Vallecano
2024-08-27,Barcelona,Home,1,True,True,la-liga,2024,Vallecano
2024-08-31,Espanol,Away,1,True,True,la-liga,2024,Vallecano
2024-09-16,Osasuna,Home,3,True,True,la-liga,2024,Vallecano
2024-09-22,Ath Madrid,Home,1,True,True,la-liga,2024,Vallecano
2024-09-25,Girona,Away,0,True,True,la-liga,2024,Vallecano
2024-09-28,Leganes,Home,1,True,True,la-liga,2024,Vallecano
2024-10-05,Valladolid,Away,2,True,True,la-liga,2024,Vallecano
2024-10-20,Mallorca,Away,0,True,True,la-liga,2024,Vallecano
2024-10-26,Alaves,Home,1,True,True,la-liga,2024,Vallecano
2024-11-08,Las Palmas,Home,1,True,True,la-liga,2024,Vallecano
2024-11-24,Sevilla,Away,0,True,True,la-liga,2024,Vallecano
2024-12-01,Ath Bilbao,Home,1,True,True,la-liga,2024,Vallecano
2024-12-07,Valencia,Away,1,True,True,la-liga,2024,Vallecano
2024-12-14,Real Madrid,Home,3,True,True,la-liga,2024,Vallecano
2024-12-18,Villarreal,Away,1,True,True,la-liga,2024,Vallecano
2024-12-22,Betis,Away,1,True,True,la-liga,2024,Vallecano
2025-01-10,Celta,Home,2,True,True,la-liga,2024,Vallecano
2025-01-19,Osasuna,Away,1,True,True,la-liga,2024,Vallecano
2025-01-26,Girona,Home,2,True,True,la-liga,2024,Vallecano
2025-01-31,Leganes,Away,1,True,True,la-liga,2024,Vallecano
2025-02-07,Valladolid,Home,1,True,True,la-liga,2024,Vallecano
2025-02-17,Barcelona,Away,0,True,True,la-liga,2024,Vallecano
2025-02-22,Villarreal,Home,0,True,True,la-liga,2024,Vallecano
2025-03-01,Sevilla,Home,1,True,True,la-liga,2024,Vallecano
2025-03-09,Real Madrid,Away,1,True,True,la-liga,2024,Vallecano
2025-03-16,Sociedad,Home,2,True,True,la-liga,2024,Vallecano
2025-03-29,Alaves,Away,2,True,True,la-liga,2024,Vallecano
2025-04-04,Espanol,Home,0,True,True,la-liga,2024,Vallecano
2025-04-13,Ath Bilbao,Away,1,True,True,la-liga,2024,Vallecano
2025-04-19,Valencia,Home,1,True,True,la-liga,2024,Vallecano
2025-04-24,Ath Madrid,Away,0,True,True,la-liga,2024,Vallecano
2025-05-02,Getafe,Home,1,True,False,la-liga,2024,Vallecano
2025-05-09,Las Palmas,Away,1,False,False,la-liga,2024,Vallecano
2025-05-15,Betis,Home,2,True,False,la-liga,2024,Vallecano
2025-05-18,Celta,Away,2,True,False,la-liga,2024,Vallecano
2025-05-24,Mallorca,Home,0,True,True,la-liga,2024,Vallecano
2024-08-19,Ath Madrid,Home,2,True,True,la-liga,2024,Villarreal
2024-08-23,Sevilla,Away,2,True,True,la-liga,2024,Villarreal
2024-08-26,Celta,Home,4,True,True,la-liga,2024,Villarreal
2024-08-31,Valencia,Away,1,True,True,la-liga,2024,Villarreal
2024-09-14,Mallorca,Away,2,True,True,la-liga,2024,Villarreal
2024-09-22,Barcelona,Home,1,True,True,la-liga,2024,Villarreal
2024-09-26,Espanol,Away,2,True,True,la-liga,2024,Villarreal
2024-09-30,Las Palmas,Home,3,True,True,la-liga,2024,Villarreal
2024-10-05,Real Madrid,Away,0,True,True,la-liga,2024,Villarreal
2024-10-20,Getafe,Home,1,True,True,la-liga,2024,Villarreal
2024-10-26,Valladolid,Away,2,True,True,la-liga,2024,Villarreal
2024-11-09,Alaves,Home,3,True,True,la-liga,2024,Villarreal
2024-11-24,Osasuna,Away,2,True,True,la-liga,2024,Villarreal
2024-12-01,Girona,Home,2,True,True,la-liga,2024,Villarreal
2024-12-08,Ath Bilbao,Away,0,True,True,la-liga,2024,Villarreal
2024-12-15,Betis,Home,1,True,True,la-liga,2024,Villarreal
2024-12-18,Vallecano,Home,1,True,True,la-liga,2024,Villarreal
2024-12-22,Leganes,Away,5,True,True,la-liga,2024,Villarreal
2025-01-13,Sociedad,Away,0,True,True,la-liga,2024,Villarreal
2025-01-20,Mallorca,Home,4,True,True,la-liga,2024,Villarreal
2025-01-25,Ath Madrid,Away,1,True,True,la-liga,2024,Villarreal
2025-02-01,Valladolid,Home,5,True,True,la-liga,2024,Villarreal
2025-02-08,Las Palmas,Away,2,True,True,la-liga,2024,Villarreal
2025-02-15,Valencia,Home,1,True,True,la-liga,2024,Villarreal
2025-02-22,Vallecano,Away,1,True,True,la-liga,2024,Villarreal
2025-03-08,Alaves,Away,0,True,True,la-liga,2024,Villarreal
2025-03-15,Real Madrid,Home,1,True,True,la-liga,2024,Villarreal
2025-03-30,Getafe,Away,2,True,True,la-liga,2024,Villarreal
2025-04-06,Ath Bilbao,Home,0,True,True,la-liga,2024,Villarreal
2025-04-13,Betis,Away,2,True,True,la-liga,2024,Villarreal
2025-04-20,Sociedad,Home,2,True,True,la-liga,2024,Villarreal
2025-04-23,Celta,Away,0,True,True,la-liga,2024,Villarreal
2025-04-27,Espanol,Home,1,True,True,la-liga,2024,Villarreal
2025-05-03,Osasuna,Home,4,True,True,la-liga,2024,Villarreal
2025-05-10,Girona,Away,1,True,True,la-liga,2024,Villarreal
2025-05-14,Leganes,Home,3,True,True,la-liga,2024,Villarreal
2025-05-18,Barcelona,Away,3,True,True,la-liga,2024,Villarreal
2025-05-25,Sevilla,Home,4,True,True,la-liga,2024,Villarreal
2025-08-16,Levante,Home,2,True,False,la-liga,2025,Alaves
2025-08-22,Betis,Away,0,True,True,la-liga,2025,Alaves
2025-08-30,Ath Madrid,Home,1,True,False,la-liga,2025,Alaves
2025-09-13,Ath Bilbao,Away,1,True,False,la-liga,2025,Alaves
2025-09-20,Sevilla,Home,1,True,False,la-liga,2025,Alaves
2025-09-24,Getafe,Away,1,True,False,la-liga,2025,Alaves
2025-09-27,Mallorca,Away,0,True,True,la-liga,2025,Alaves
2025-10-05,Elche,Home,3,True,False,la-liga,2025,Alaves
2025-10-20,Valencia,Home,0,True,True,la-liga,2025,Alaves
2025-10-26,Vallecano,Away,0,True,True,la-liga,2025,Alaves
2025-11-02,Espanol,Home,2,True,False,la-liga,2025,Alaves
2025-11-08,Girona,Away,0,True,True,la-liga,2025,Alaves
2025-11-22,Celta,Home,0,True,True,la-liga,2025,Alaves
2025-11-29,Barcelona,Away,1,True,False,la-liga,2025,Alaves
2025-12-06,Sociedad,Home,1,True,False,la-liga,2025,Alaves
2025-12-14,Real Madrid,Home,1,True,False,la-liga,2025,Alaves
2025-12-20,Osasuna,Away,0,True,True,la-liga,2025,Alaves
2026-01-04,Oviedo,Home,1,True,False,la-liga,2025,Alaves
2026-01-10,Villarreal,Away,1,True,False,la-liga,2025,Alaves
2026-01-18,Ath Madrid,Away,0,True,True,la-liga,2025,Alaves
2026-01-25,Betis,Home,2,True,False,la-liga,2025,Alaves
2026-01-30,Espanol,Away,2,True,False,la-liga,2025,Alaves
2026-02-08,Getafe,Home,0,True,True,la-liga,2025,Alaves
2026-02-14,Sevilla,Away,1,True,False,la-liga,2025,Alaves
2026-02-23,Girona,Home,2,True,False,la-liga,2025,Alaves
2026-02-27,Levante,Away,0,False,False,la-liga,2025,Alaves
2026-03-08,Valencia,Away,2,True,False,la-liga,2025,Alaves
2026-03-13,Villarreal,Home,1,True,False,la-liga,2025,Alaves
2026-03-22,Celta,Away,4,True,False,la-liga,2025,Alaves
2026-04-05,Osasuna,Home,2,True,False,la-liga,2025,Alaves
2026-04-11,Sociedad,Away,3,True,True,la-liga,2025,Alaves
2026-04-21,Real Madrid,Away,1,True,True,la-liga,2025,Alaves
2026-04-25,Mallorca,Home,2,True,True,la-liga,2025,Alaves
2026-05-02,Ath Bilbao,Home,2,True,True,la-liga,2025,Alaves
2026-05-09,Elche,Away,1,False,False,la-liga,2025,Alaves
2026-05-13,Barcelona,Home,1,False,False,la-liga,2025,Alaves
2026-05-17,Oviedo,Away,1,False,False,la-liga,2025,Alaves
2026-05-23,Vallecano,Home,1,False,False,la-liga,2025,Alaves
2025-08-17,Sevilla,Home,3,True,True,la-liga,2025,Ath Bilbao
2025-08-25,Vallecano,Home,1,True,True,la-liga,2025,Ath Bilbao
2025-08-31,Betis,Away,2,True,True,la-liga,2025,Ath Bilbao
2025-09-13,Alaves,Home,0,True,True,la-liga,2025,Ath Bilbao
2025-09-20,Valencia,Away,0,True,True,la-liga,2025,Ath Bilbao
2025-09-23,Girona,Home,1,True,True,la-liga,2025,Ath Bilbao
2025-09-27,Villarreal,Away,0,True,True,la-liga,2025,Ath Bilbao
2025-10-04,Mallorca,Home,2,True,True,la-liga,2025,Ath Bilbao
2025-10-19,Elche,Away,0,True,True,la-liga,2025,Ath Bilbao
2025-10-25,Getafe,Home,0,True,True,la-liga,2025,Ath Bilbao
2025-11-01,Sociedad,Away,2,True,True,la-liga,2025,Ath Bilbao
2025-11-09,Oviedo,Home,1,True,True,la-liga,2025,Ath Bilbao
2025-11-22,Barcelona,Away,0,True,True,la-liga,2025,Ath Bilbao
2025-11-29,Levante,Away,2,True,False,la-liga,2025,Ath Bilbao
2025-12-03,Real Madrid,Home,0,True,True,la-liga,2025,Ath Bilbao
2025-12-06,Ath Madrid,Home,1,True,True,la-liga,2025,Ath Bilbao
2025-12-14,Celta,Away,0,True,True,la-liga,2025,Ath Bilbao
2025-12-22,Espanol,Home,1,True,True,la-liga,2025,Ath Bilbao
2026-01-03,Osasuna,Away,1,True,True,la-liga,2025,Ath Bilbao
2026-01-17,Mallorca,Away,2,True,True,la-liga,2025,Ath Bilbao
2026-01-24,Sevilla,Away,1,True,True,la-liga,2025,Ath Bilbao
2026-02-01,Sociedad,Home,1,True,True,la-liga,2025,Ath Bilbao
2026-02-08,Levante,Home,4,True,True,la-liga,2025,Ath Bilbao
2026-02-15,Oviedo,Away,2,True,True,la-liga,2025,Ath Bilbao
2026-02-20,Elche,Home,2,True,True,la-liga,2025,Ath Bilbao
2026-02-28,Vallecano,Away,1,True,True,la-liga,2025,Ath Bilbao
2026-03-07,Barcelona,Home,0,True,True,la-liga,2025,Ath Bilbao
2026-03-14,Girona,Away,0,True,True,la-liga,2025,Ath Bilbao
2026-03-22,Betis,Home,2,True,True,la-liga,2025,Ath Bilbao
2026-04-05,Getafe,Away,0,True,True,la-liga,2025,Ath Bilbao
2026-04-12,Villarreal,Home,1,True,True,la-liga,2025,Ath Bilbao
2026-04-21,Osasuna,Home,1,True,True,la-liga,2025,Ath Bilbao
2026-04-25,Ath Madrid,Away,2,True,True,la-liga,2025,Ath Bilbao
2026-05-02,Alaves,Away,4,True,True,la-liga,2025,Ath Bilbao
2026-05-10,Valencia,Home,0,True,True,la-liga,2025,Ath Bilbao
2026-05-13,Espanol,Away,0,True,True,la-liga,2025,Ath Bilbao
2026-05-17,Celta,Home,1,True,True,la-liga,2025,Ath Bilbao
2026-05-23,Real Madrid,Away,2,True,True,la-liga,2025,Ath Bilbao
2025-08-17,Espanol,Away,1,True,True,la-liga,2025,Ath Madrid
2025-08-23,Elche,Home,1,True,True,la-liga,2025,Ath Madrid
2025-08-30,Alaves,Away,1,True,True,la-liga,2025,Ath Madrid
2025-09-13,Villarreal,Home,2,True,True,la-liga,2025,Ath Madrid
2025-09-21,Mallorca,Away,1,True,True,la-liga,2025,Ath Madrid
2025-09-24,Vallecano,Home,3,True,True,la-liga,2025,Ath Madrid
2025-09-27,Real Madrid,Home,5,True,True,la-liga,2025,Ath Madrid
2025-10-05,Celta,Away,1,True,True,la-liga,2025,Ath Madrid
2025-10-18,Osasuna,Home,1,True,True,la-liga,2025,Ath Madrid
2025-10-27,Betis,Away,2,True,True,la-liga,2025,Ath Madrid
2025-11-01,Sevilla,Home,3,True,True,la-liga,2025,Ath Madrid
2025-11-08,Levante,Home,3,True,True,la-liga,2025,Ath Madrid
2025-11-23,Getafe,Away,1,True,True,la-liga,2025,Ath Madrid
2025-11-29,Oviedo,Home,2,True,True,la-liga,2025,Ath Madrid
2025-12-02,Barcelona,Away,1,True,True,la-liga,2025,Ath Madrid
2025-12-06,Ath Bilbao,Away,0,True,True,la-liga,2025,Ath Madrid
2025-12-13,Valencia,Home,2,True,True,la-liga,2025,Ath Madrid
2025-12-21,Girona,Away,3,True,True,la-liga,2025,Ath Madrid
2026-01-04,Sociedad,Away,1,True,True,la-liga,2025,Ath Madrid
2026-01-18,Alaves,Home,1,True,True,la-liga,2025,Ath Madrid
2026-01-25,Mallorca,Home,3,True,True,la-liga,2025,Ath Madrid
2026-01-31,Levante,Away,0,True,True,la-liga,2025,Ath Madrid
2026-02-08,Betis,Home,0,True,True,la-liga,2025,Ath Madrid
2026-02-15,Vallecano,Away,0,True,True,la-liga,2025,Ath Madrid
2026-02-21,Espanol,Home,4,True,True,la-liga,2025,Ath Madrid
2026-02-28,Oviedo,Away,1,True,True,la-liga,2025,Ath Madrid
2026-03-07,Sociedad,Home,3,True,True,la-liga,2025,Ath Madrid
2026-03-14,Getafe,Home,1,True,True,la-liga,2025,Ath Madrid
2026-03-22,Real Madrid,Away,2,True,True,la-liga,2025,Ath Madrid
2026-04-04,Barcelona,Home,1,True,True,la-liga,2025,Ath Madrid
2026-04-11,Sevilla,Away,1,True,True,la-liga,2025,Ath Madrid
2026-04-22,Elche,Away,2,True,True,la-liga,2025,Ath Madrid
2026-04-25,Ath Bilbao,Home,3,True,True,la-liga,2025,Ath Madrid
2026-05-02,Valencia,Away,2,True,True,la-liga,2025,Ath Madrid
2026-05-09,Celta,Home,0,True,True,la-liga,2025,Ath Madrid
2026-05-12,Osasuna,Away,2,True,True,la-liga,2025,Ath Madrid
2026-05-17,Girona,Home,1,True,True,la-liga,2025,Ath Madrid
2026-05-24,Villarreal,Away,1,True,True,la-liga,2025,Ath Madrid
2025-08-16,Mallorca,Away,3,True,True,la-liga,2025,Barcelona
2025-08-23,Levante,Away,3,True,True,la-liga,2025,Barcelona
2025-08-31,Vallecano,Away,1,True,True,la-liga,2025,Barcelona
2025-09-14,Valencia,Home,6,True,True,la-liga,2025,Barcelona
2025-09-21,Getafe,Home,3,True,True,la-liga,2025,Barcelona
2025-09-25,Oviedo,Away,3,True,True,la-liga,2025,Barcelona
2025-09-28,Sociedad,Home,2,True,True,la-liga,2025,Barcelona
2025-10-05,Sevilla,Away,1,True,True,la-liga,2025,Barcelona
2025-10-18,Girona,Home,2,True,True,la-liga,2025,Barcelona
2025-10-26,Real Madrid,Away,1,True,True,la-liga,2025,Barcelona
2025-11-02,Elche,Home,3,True,True,la-liga,2025,Barcelona
2025-11-09,Celta,Away,4,True,True,la-liga,2025,Barcelona
2025-11-22,Ath Bilbao,Home,4,True,True,la-liga,2025,Barcelona
2025-11-29,Alaves,Home,3,True,True,la-liga,2025,Barcelona
2025-12-02,Ath Madrid,Home,3,True,True,la-liga,2025,Barcelona
2025-12-06,Betis,Away,5,True,True,la-liga,2025,Barcelona
2025-12-13,Osasuna,Home,2,True,True,la-liga,2025,Barcelona
2025-12-21,Villarreal,Away,2,True,True,la-liga,2025,Barcelona
2026-01-03,Espanol,Away,2,True,True,la-liga,2025,Barcelona
2026-01-18,Sociedad,Away,1,True,True,la-liga,2025,Barcelona
2026-01-25,Oviedo,Home,3,True,True,la-liga,2025,Barcelona
2026-01-31,Elche,Away,3,True,True,la-liga,2025,Barcelona
2026-02-07,Mallorca,Home,3,True,True,la-liga,2025,Barcelona
2026-02-16,Girona,Away,1,True,True,la-liga,2025,Barcelona
2026-02-22,Levante,Home,3,True,True,la-liga,2025,Barcelona
2026-02-28,Villarreal,Home,4,True,True,la-liga,2025,Barcelona
2026-03-07,Ath Bilbao,Away,1,True,True,la-liga,2025,Barcelona
2026-03-15,Sevilla,Home,5,True,True,la-liga,2025,Barcelona
2026-03-22,Vallecano,Home,1,True,True,la-liga,2025,Barcelona
2026-04-04,Ath Madrid,Away,2,True,True,la-liga,2025,Barcelona
2026-04-11,Espanol,Home,4,True,True,la-liga,2025,Barcelona
2026-04-22,Celta,Home,1,True,True,la-liga,2025,Barcelona
2026-04-25,Getafe,Away,2,True,True,la-liga,2025,Barcelona
2026-05-02,Osasuna,Away,2,True,True,la-liga,2025,Barcelona
2026-05-10,Real Madrid,Home,2,True,True,la-liga,2025,Barcelona
2026-05-13,Alaves,Away,0,True,True,la-liga,2025,Barcelona
2026-05-17,Betis,Home,3,True,True,la-liga,2025,Barcelona
2026-05-23,Valencia,Away,1,True,True,la-liga,2025,Barcelona
2025-08-18,Elche,Away,1,False,False,la-liga,2025,Betis
2025-08-22,Alaves,Home,1,False,False,la-liga,2025,Betis
2025-08-27,Celta,Away,1,False,False,la-liga,2025,Betis
2025-08-31,Ath Bilbao,Home,1,False,False,la-liga,2025,Betis
2025-09-14,Levante,Away,2,False,False,la-liga,2025,Betis
2025-09-19,Sociedad,Home,3,False,False,la-liga,2025,Betis
2025-09-28,Osasuna,Home,2,False,False,la-liga,2025,Betis
2025-10-05,Espanol,Away,2,False,False,la-liga,2025,Betis
2025-10-18,Villarreal,Away,2,False,False,la-liga,2025,Betis
2025-10-27,Ath Madrid,Home,0,False,False,la-liga,2025,Betis
2025-11-02,Mallorca,Home,3,False,False,la-liga,2025,Betis
2025-11-09,Valencia,Away,1,False,False,la-liga,2025,Betis
2025-11-23,Girona,Home,1,False,False,la-liga,2025,Betis
2025-11-30,Sevilla,Away,2,False,False,la-liga,2025,Betis
2025-12-06,Barcelona,Home,3,False,False,la-liga,2025,Betis
2025-12-15,Vallecano,Away,0,False,False,la-liga,2025,Betis
2025-12-21,Getafe,Home,4,False,False,la-liga,2025,Betis
2026-01-04,Real Madrid,Away,1,False,False,la-liga,2025,Betis
2026-01-10,Oviedo,Away,1,False,False,la-liga,2025,Betis
2026-01-17,Villarreal,Home,2,False,False,la-liga,2025,Betis
2026-01-25,Alaves,Away,1,False,False,la-liga,2025,Betis
2026-02-01,Valencia,Home,2,False,False,la-liga,2025,Betis
2026-02-08,Ath Madrid,Away,1,False,False,la-liga,2025,Betis
2026-02-15,Mallorca,Away,2,False,False,la-liga,2025,Betis
2026-02-21,Vallecano,Home,1,False,False,la-liga,2025,Betis
2026-03-01,Sevilla,Home,2,False,False,la-liga,2025,Betis
2026-03-08,Getafe,Away,0,False,False,la-liga,2025,Betis
2026-03-15,Celta,Home,1,False,False,la-liga,2025,Betis
2026-03-22,Ath Bilbao,Away,1,False,False,la-liga,2025,Betis
2026-04-04,Espanol,Home,0,False,False,la-liga,2025,Betis
2026-04-12,Osasuna,Away,1,False,False,la-liga,2025,Betis
2026-04-21,Girona,Away,3,False,False,la-liga,2025,Betis
2026-04-24,Real Madrid,Home,1,False,False,la-liga,2025,Betis
2026-05-03,Oviedo,Home,3,False,False,la-liga,2025,Betis
2026-05-09,Sociedad,Away,2,False,False,la-liga,2025,Betis
2026-05-12,Elche,Home,2,False,False,la-liga,2025,Betis
2026-05-17,Barcelona,Away,1,False,False,la-liga,2025,Betis
2026-05-23,Levante,Home,2,False,False,la-liga,2025,Betis
2025-08-17,Getafe,Home,0,True,True,la-liga,2025,Celta
2025-08-23,Mallorca,Away,1,True,True,la-liga,2025,Celta
2025-08-27,Betis,Home,1,True,True,la-liga,2025,Celta
2025-08-31,Villarreal,Home,1,True,True,la-liga,2025,Celta
2025-09-14,Girona,Home,1,True,True,la-liga,2025,Celta
2025-09-21,Vallecano,Away,1,True,True,la-liga,2025,Celta
2025-09-28,Elche,Away,1,True,True,la-liga,2025,Celta
2025-10-05,Ath Madrid,Home,1,True,True,la-liga,2025,Celta
2025-10-19,Sociedad,Home,1,True,True,la-liga,2025,Celta
2025-10-26,Osasuna,Away,3,True,True,la-liga,2025,Celta
2025-11-02,Levante,Away,2,True,True,la-liga,2025,Celta
2025-11-09,Barcelona,Home,2,True,True,la-liga,2025,Celta
2025-11-22,Alaves,Away,1,True,True,la-liga,2025,Celta
2025-11-30,Espanol,Home,0,True,True,la-liga,2025,Celta
2025-12-07,Real Madrid,Away,2,True,True,la-liga,2025,Celta
2025-12-14,Ath Bilbao,Home,2,True,True,la-liga,2025,Celta
2025-12-20,Oviedo,Away,0,True,True,la-liga,2025,Celta
2026-01-03,Valencia,Home,4,True,True,la-liga,2025,Celta
2026-01-12,Sevilla,Away,1,True,True,la-liga,2025,Celta
2026-01-18,Vallecano,Home,3,True,True,la-liga,2025,Celta
2026-01-25,Sociedad,Away,1,True,True,la-liga,2025,Celta
2026-02-01,Getafe,Away,0,True,True,la-liga,2025,Celta
2026-02-06,Osasuna,Home,1,True,True,la-liga,2025,Celta
2026-02-14,Espanol,Away,2,True,True,la-liga,2025,Celta
2026-02-22,Mallorca,Home,2,True,True,la-liga,2025,Celta
2026-03-01,Girona,Away,2,True,True,la-liga,2025,Celta
2026-03-06,Real Madrid,Home,1,True,True,la-liga,2025,Celta
2026-03-15,Betis,Away,1,True,True,la-liga,2025,Celta
2026-03-22,Alaves,Home,3,True,True,la-liga,2025,Celta
2026-04-05,Valencia,Away,3,True,True,la-liga,2025,Celta
2026-04-12,Oviedo,Home,0,True,True,la-liga,2025,Celta
2026-04-22,Barcelona,Away,0,True,True,la-liga,2025,Celta
2026-04-26,Villarreal,Away,1,True,True,la-liga,2025,Celta
2026-05-03,Elche,Home,3,True,True,la-liga,2025,Celta
2026-05-09,Ath Madrid,Away,1,True,True,la-liga,2025,Celta
2026-05-12,Levante,Home,2,True,True,la-liga,2025,Celta
2026-05-17,Ath Bilbao,Away,1,True,True,la-liga,2025,Celta
2026-05-23,Sevilla,Home,1,True,True,la-liga,2025,Celta
2025-08-18,Betis,Home,1,True,True,la-liga,2025,Elche
2025-08-23,Ath Madrid,Away,1,True,True,la-liga,2025,Elche
2025-08-29,Levante,Home,2,True,True,la-liga,2025,Elche
2025-09-12,Sevilla,Away,2,True,True,la-liga,2025,Elche
2025-09-21,Oviedo,Home,1,True,True,la-liga,2025,Elche
2025-09-25,Osasuna,Away,1,True,True,la-liga,2025,Elche
2025-09-28,Celta,Home,2,True,True,la-liga,2025,Elche
2025-10-05,Alaves,Away,1,True,True,la-liga,2025,Elche
2025-10-19,Ath Bilbao,Home,0,True,True,la-liga,2025,Elche
2025-10-25,Espanol,Away,0,True,True,la-liga,2025,Elche
2025-11-02,Barcelona,Away,1,True,True,la-liga,2025,Elche
2025-11-07,Sociedad,Home,1,True,True,la-liga,2025,Elche
2025-11-23,Real Madrid,Home,2,True,True,la-liga,2025,Elche
2025-11-28,Getafe,Away,0,True,True,la-liga,2025,Elche
2025-12-07,Girona,Home,3,True,True,la-liga,2025,Elche
2025-12-13,Mallorca,Away,1,True,True,la-liga,2025,Elche
2025-12-21,Vallecano,Home,4,True,True,la-liga,2025,Elche
2026-01-03,Villarreal,Home,1,True,True,la-liga,2025,Elche
2026-01-10,Valencia,Away,1,True,True,la-liga,2025,Elche
2026-01-19,Sevilla,Home,2,True,True,la-liga,2025,Elche
2026-01-23,Levante,Away,2,True,True,la-liga,2025,Elche
2026-01-31,Barcelona,Home,1,True,True,la-liga,2025,Elche
2026-02-07,Sociedad,Away,1,True,True,la-liga,2025,Elche
2026-02-13,Osasuna,Home,0,True,True,la-liga,2025,Elche
2026-02-20,Ath Bilbao,Away,1,True,True,la-liga,2025,Elche
2026-03-01,Espanol,Home,2,True,True,la-liga,2025,Elche
2026-03-08,Villarreal,Away,1,True,True,la-liga,2025,Elche
2026-03-14,Real Madrid,Away,1,True,True,la-liga,2025,Elche
2026-03-21,Mallorca,Home,2,True,True,la-liga,2025,Elche
2026-04-03,Vallecano,Away,0,True,True,la-liga,2025,Elche
2026-04-11,Valencia,Home,1,True,True,la-liga,2025,Elche
2026-04-22,Ath Madrid,Home,3,True,True,la-liga,2025,Elche
2026-04-26,Oviedo,Away,2,True,True,la-liga,2025,Elche
2026-05-03,Celta,Away,1,True,True,la-liga,2025,Elche
2026-05-09,Alaves,Home,1,True,True,la-liga,2025,Elche
2026-05-12,Betis,Away,1,True,True,la-liga,2025,Elche
2026-05-17,Getafe,Home,1,True,True,la-liga,2025,Elche
2026-05-23,Girona,Away,1,True,True,la-liga,2025,Elche
2025-08-17,Ath Madrid,Home,2,True,True,la-liga,2025,Espanol
2025-08-24,Sociedad,Away,2,True,True,la-liga,2025,Espanol
2025-08-31,Osasuna,Home,1,True,True,la-liga,2025,Espanol
2025-09-15,Mallorca,Home,3,True,True,la-liga,2025,Espanol
2025-09-20,Real Madrid,Away,0,True,True,la-liga,2025,Espanol
2025-09-23,Valencia,Home,2,True,True,la-liga,2025,Espanol
2025-09-26,Girona,Away,0,True,True,la-liga,2025,Espanol
2025-10-05,Betis,Home,1,True,True,la-liga,2025,Espanol
2025-10-17,Oviedo,Away,2,True,True,la-liga,2025,Espanol
2025-10-25,Elche,Home,1,True,True,la-liga,2025,Espanol
2025-11-02,Alaves,Away,1,True,True,la-liga,2025,Espanol
2025-11-08,Villarreal,Home,0,True,True,la-liga,2025,Espanol
2025-11-24,Sevilla,Home,2,True,True,la-liga,2025,Espanol
2025-11-30,Celta,Away,1,True,True,la-liga,2025,Espanol
2025-12-07,Vallecano,Home,1,True,True,la-liga,2025,Espanol
2025-12-13,Getafe,Away,1,True,True,la-liga,2025,Espanol
2025-12-22,Ath Bilbao,Away,2,True,True,la-liga,2025,Espanol
2026-01-03,Barcelona,Home,0,True,True,la-liga,2025,Espanol
2026-01-11,Levante,Away,1,True,True,la-liga,2025,Espanol
2026-01-16,Girona,Home,0,True,True,la-liga,2025,Espanol
2026-01-24,Valencia,Away,2,True,True,la-liga,2025,Espanol
2026-01-30,Alaves,Home,1,False,False,la-liga,2025,Espanol
2026-02-09,Villarreal,Away,1,True,True,la-liga,2025,Espanol
2026-02-14,Celta,Home,2,True,True,la-liga,2025,Espanol
2026-02-21,Ath Madrid,Away,2,True,True,la-liga,2025,Espanol
2026-03-01,Elche,Away,2,True,True,la-liga,2025,Espanol
2026-03-09,Oviedo,Home,1,True,True,la-liga,2025,Espanol
2026-03-15,Mallorca,Away,1,True,True,la-liga,2025,Espanol
2026-03-21,Getafe,Home,1,True,True,la-liga,2025,Espanol
2026-04-04,Betis,Away,0,True,True,la-liga,2025,Espanol
2026-04-11,Barcelona,Away,1,True,True,la-liga,2025,Espanol
2026-04-23,Vallecano,Away,0,True,True,la-liga,2025,Espanol
2026-04-27,Levante,Home,0,True,True,la-liga,2025,Espanol
2026-05-03,Real Madrid,Home,0,True,True,la-liga,2025,Espanol
2026-05-09,Sevilla,Away,1,True,True,la-liga,2025,Espanol
2026-05-13,Ath Bilbao,Home,2,True,True,la-liga,2025,Espanol
2026-05-17,Osasuna,Away,2,True,True,la-liga,2025,Espanol
2026-05-23,Sociedad,Home,1,True,True,la-liga,2025,Espanol
2025-08-17,Celta,Away,2,True,True,la-liga,2025,Getafe
2025-08-25,Sevilla,Away,2,True,True,la-liga,2025,Getafe
2025-08-29,Valencia,Away,0,True,True,la-liga,2025,Getafe
2025-09-13,Oviedo,Home,2,True,True,la-liga,2025,Getafe
2025-09-21,Barcelona,Away,0,True,True,la-liga,2025,Getafe
2025-09-24,Alaves,Home,1,True,True,la-liga,2025,Getafe
2025-09-27,Levante,Home,1,True,True,la-liga,2025,Getafe
2025-10-03,Osasuna,Away,1,True,True,la-liga,2025,Getafe
2025-10-19,Real Madrid,Home,0,True,True,la-liga,2025,Getafe
2025-10-25,Ath Bilbao,Away,1,True,True,la-liga,2025,Getafe
2025-10-31,Girona,Home,2,True,True,la-liga,2025,Getafe
2025-11-09,Mallorca,Away,0,True,True,la-liga,2025,Getafe
2025-11-23,Ath Madrid,Home,0,True,True,la-liga,2025,Getafe
2025-11-28,Elche,Home,1,True,True,la-liga,2025,Getafe
2025-12-06,Villarreal,Away,0,True,True,la-liga,2025,Getafe
2025-12-13,Espanol,Home,0,True,True,la-liga,2025,Getafe
2025-12-21,Betis,Away,0,True,True,la-liga,2025,Getafe
2026-01-02,Vallecano,Away,1,True,True,la-liga,2025,Getafe
2026-01-09,Sociedad,Home,1,True,True,la-liga,2025,Getafe
2026-01-18,Valencia,Home,0,True,True,la-liga,2025,Getafe
2026-01-26,Girona,Away,1,True,True,la-liga,2025,Getafe
2026-02-01,Celta,Home,0,True,True,la-liga,2025,Getafe
2026-02-08,Alaves,Away,2,True,False,la-liga,2025,Getafe
2026-02-14,Villarreal,Home,2,True,True,la-liga,2025,Getafe
2026-02-22,Sevilla,Home,0,True,True,la-liga,2025,Getafe
2026-03-02,Real Madrid,Away,1,True,True,la-liga,2025,Getafe
2026-03-08,Betis,Home,2,True,True,la-liga,2025,Getafe
2026-03-14,Ath Madrid,Away,0,True,True,la-liga,2025,Getafe
2026-03-21,Espanol,Away,2,True,True,la-liga,2025,Getafe
2026-04-05,Ath Bilbao,Home,2,True,True,la-liga,2025,Getafe
2026-04-13,Levante,Away,0,True,True,la-liga,2025,Getafe
2026-04-22,Sociedad,Away,1,True,True,la-liga,2025,Getafe
2026-04-25,Barcelona,Home,0,True,True,la-liga,2025,Getafe
2026-05-03,Vallecano,Home,0,True,True,la-liga,2025,Getafe
2026-05-10,Oviedo,Away,0,True,True,la-liga,2025,Getafe
2026-05-13,Mallorca,Home,3,True,True,la-liga,2025,Getafe
2026-05-17,Elche,Away,0,True,True,la-liga,2025,Getafe
2026-05-23,Osasuna,Home,1,True,True,la-liga,2025,Getafe
2025-08-15,Vallecano,Home,1,True,False,la-liga,2025,Girona
2025-08-24,Villarreal,Away,0,True,True,la-liga,2025,Girona
2025-08-30,Sevilla,Home,0,True,True,la-liga,2025,Girona
2025-09-14,Celta,Away,1,True,False,la-liga,2025,Girona
2025-09-20,Levante,Home,0,True,True,la-liga,2025,Girona
2025-09-23,Ath Bilbao,Away,1,True,False,la-liga,2025,Girona
2025-09-26,Espanol,Home,0,True,True,la-liga,2025,Girona
2025-10-04,Valencia,Home,2,True,False,la-liga,2025,Girona
2025-10-18,Barcelona,Away,1,True,False,la-liga,2025,Girona
2025-10-25,Oviedo,Home,3,True,False,la-liga,2025,Girona
2025-10-31,Getafe,Away,1,True,False,la-liga,2025,Girona
2025-11-08,Alaves,Home,1,True,False,la-liga,2025,Girona
2025-11-23,Betis,Away,1,True,False,la-liga,2025,Girona
2025-11-30,Real Madrid,Home,1,True,False,la-liga,2025,Girona
2025-12-07,Elche,Away,0,True,True,la-liga,2025,Girona
2025-12-12,Sociedad,Away,2,True,False,la-liga,2025,Girona
2025-12-21,Ath Madrid,Home,0,True,True,la-liga,2025,Girona
2026-01-04,Mallorca,Away,2,True,False,la-liga,2025,Girona
2026-01-10,Osasuna,Home,1,True,False,la-liga,2025,Girona
2026-01-16,Espanol,Away,2,True,False,la-liga,2025,Girona
2026-01-26,Getafe,Home,1,True,False,la-liga,2025,Girona
2026-01-31,Oviedo,Away,0,True,True,la-liga,2025,Girona
2026-02-08,Sevilla,Away,1,True,False,la-liga,2025,Girona
2026-02-16,Barcelona,Home,2,True,False,la-liga,2025,Girona
2026-02-23,Alaves,Away,2,True,False,la-liga,2025,Girona
2026-03-01,Celta,Home,1,True,False,la-liga,2025,Girona
2026-03-07,Levante,Away,1,True,False,la-liga,2025,Girona
2026-03-14,Ath Bilbao,Home,3,True,False,la-liga,2025,Girona
2026-03-21,Osasuna,Away,0,True,True,la-liga,2025,Girona
2026-04-06,Villarreal,Home,1,True,False,la-liga,2025,Girona
2026-04-10,Real Madrid,Away,1,True,False,la-liga,2025,Girona
2026-04-21,Betis,Home,2,True,False,la-liga,2025,Girona
2026-04-25,Valencia,Away,1,True,False,la-liga,2025,Girona
2026-05-01,Mallorca,Home,0,True,True,la-liga,2025,Girona
2026-05-11,Vallecano,Away,1,True,False,la-liga,2025,Girona
2026-05-14,Sociedad,Home,1,True,False,la-liga,2025,Girona
2026-05-17,Ath Madrid,Away,0,True,True,la-liga,2025,Girona
2026-05-23,Elche,Home,1,True,False,la-liga,2025,Girona
2025-08-16,Alaves,Away,1,True,False,la-liga,2025,Levante
2025-08-23,Barcelona,Home,2,True,False,la-liga,2025,Levante
2025-08-29,Elche,Away,0,True,True,la-liga,2025,Levante
2025-09-14,Betis,Home,2,True,False,la-liga,2025,Levante
2025-09-20,Girona,Away,4,True,False,la-liga,2025,Levante
2025-09-23,Real Madrid,Home,1,True,False,la-liga,2025,Levante
2025-09-27,Getafe,Away,1,True,False,la-liga,2025,Levante
2025-10-04,Oviedo,Away,2,True,False,la-liga,2025,Levante
2025-10-19,Vallecano,Home,0,True,True,la-liga,2025,Levante
2025-10-26,Mallorca,Away,1,True,False,la-liga,2025,Levante
2025-11-02,Celta,Home,1,True,False,la-liga,2025,Levante
2025-11-08,Ath Madrid,Away,1,True,False,la-liga,2025,Levante
2025-11-21,Valencia,Away,0,True,True,la-liga,2025,Levante
2025-11-29,Ath Bilbao,Home,0,True,True,la-liga,2025,Levante
2025-12-08,Osasuna,Away,0,True,True,la-liga,2025,Levante
2025-12-20,Sociedad,Home,1,True,False,la-liga,2025,Levante
2026-01-04,Sevilla,Away,3,True,False,la-liga,2025,Levante
2026-01-11,Espanol,Home,1,True,False,la-liga,2025,Levante
2026-01-17,Real Madrid,Away,0,True,True,la-liga,2025,Levante
2026-01-23,Elche,Home,3,True,False,la-liga,2025,Levante
2026-01-31,Ath Madrid,Home,0,True,True,la-liga,2025,Levante
2026-02-08,Ath Bilbao,Away,2,True,False,la-liga,2025,Levante
2026-02-15,Valencia,Home,0,True,True,la-liga,2025,Levante
2026-02-18,Villarreal,Home,0,True,True,la-liga,2025,Levante
2026-02-22,Barcelona,Away,0,True,True,la-liga,2025,Levante
2026-02-27,Alaves,Home,2,True,False,la-liga,2025,Levante
2026-03-07,Girona,Home,1,True,False,la-liga,2025,Levante
2026-03-16,Vallecano,Away,1,True,False,la-liga,2025,Levante
2026-03-21,Oviedo,Home,4,True,False,la-liga,2025,Levante
2026-04-04,Sociedad,Away,0,True,True,la-liga,2025,Levante
2026-04-13,Getafe,Home,1,True,True,la-liga,2025,Levante
2026-04-23,Sevilla,Home,2,True,True,la-liga,2025,Levante
2026-04-27,Espanol,Away,0,True,True,la-liga,2025,Levante
2026-05-02,Villarreal,Away,1,True,False,la-liga,2025,Levante
2026-05-08,Osasuna,Home,3,True,False,la-liga,2025,Levante
2026-05-12,Celta,Away,3,True,False,la-liga,2025,Levante
2026-05-17,Mallorca,Home,2,True,False,la-liga,2025,Levante
2026-05-23,Betis,Away,1,True,False,la-liga,2025,Levante
2025-08-19,Real Madrid,Away,0,True,True,la-liga,2025,Osasuna
2025-08-24,Valencia,Home,1,True,True,la-liga,2025,Osasuna
2025-08-31,Espanol,Away,0,True,True,la-liga,2025,Osasuna
2025-09-14,Vallecano,Home,2,True,False,la-liga,2025,Osasuna
2025-09-20,Villarreal,Away,1,True,False,la-liga,2025,Osasuna
2025-09-25,Elche,Home,1,True,False,la-liga,2025,Osasuna
2025-09-28,Betis,Away,0,True,True,la-liga,2025,Osasuna
2025-10-03,Getafe,Home,2,True,False,la-liga,2025,Osasuna
2025-10-18,Ath Madrid,Away,0,True,True,la-liga,2025,Osasuna
2025-10-26,Celta,Home,2,True,False,la-liga,2025,Osasuna
2025-11-03,Oviedo,Away,0,True,True,la-liga,2025,Osasuna
2025-11-08,Sevilla,Away,0,True,True,la-liga,2025,Osasuna
2025-11-22,Sociedad,Home,1,True,False,la-liga,2025,Osasuna
2025-11-29,Mallorca,Away,2,True,False,la-liga,2025,Osasuna
2025-12-08,Levante,Home,2,True,False,la-liga,2025,Osasuna
2025-12-13,Barcelona,Away,0,True,True,la-liga,2025,Osasuna
2025-12-20,Alaves,Home,3,True,False,la-liga,2025,Osasuna
2026-01-03,Ath Bilbao,Home,1,True,False,la-liga,2025,Osasuna
2026-01-10,Girona,Away,0,True,True,la-liga,2025,Osasuna
2026-01-17,Oviedo,Home,3,True,False,la-liga,2025,Osasuna
2026-01-24,Vallecano,Away,3,True,False,la-liga,2025,Osasuna
2026-01-31,Villarreal,Home,2,True,False,la-liga,2025,Osasuna
2026-02-06,Celta,Away,2,True,False,la-liga,2025,Osasuna
2026-02-13,Elche,Away,0,True,True,la-liga,2025,Osasuna
2026-02-21,Real Madrid,Home,2,True,False,la-liga,2025,Osasuna
2026-03-01,Valencia,Away,0,True,True,la-liga,2025,Osasuna
2026-03-07,Mallorca,Home,2,True,False,la-liga,2025,Osasuna
2026-03-15,Sociedad,Away,1,True,False,la-liga,2025,Osasuna
2026-03-21,Girona,Home,1,True,False,la-liga,2025,Osasuna
2026-04-05,Alaves,Away,2,True,False,la-liga,2025,Osasuna
2026-04-12,Betis,Home,1,True,False,la-liga,2025,Osasuna
2026-04-21,Ath Bilbao,Away,0,True,True,la-liga,2025,Osasuna
2026-04-26,Sevilla,Home,2,True,False,la-liga,2025,Osasuna
2026-05-02,Barcelona,Home,1,True,False,la-liga,2025,Osasuna
2026-05-08,Levante,Away,2,False,False,la-liga,2025,Osasuna
2026-05-12,Ath Madrid,Home,1,False,False,la-liga,2025,Osasuna
2026-05-17,Espanol,Home,1,False,False,la-liga,2025,Osasuna
2026-05-23,Getafe,Away,0,False,False,la-liga,2025,Osasuna
2025-08-15,Villarreal,Away,0,True,True,la-liga,2025,Oviedo
2025-08-24,Real Madrid,Home,0,True,True,la-liga,2025,Oviedo
2025-08-30,Sociedad,Home,1,True,True,la-liga,2025,Oviedo
2025-09-13,Getafe,Away,0,True,True,la-liga,2025,Oviedo
2025-09-21,Elche,Away,0,True,True,la-liga,2025,Oviedo
2025-09-25,Barcelona,Home,1,True,False,la-liga,2025,Oviedo
2025-09-30,Valencia,Away,2,True,False,la-liga,2025,Oviedo
2025-10-04,Levante,Home,0,True,True,la-liga,2025,Oviedo
2025-10-17,Espanol,Home,0,True,True,la-liga,2025,Oviedo
2025-10-25,Girona,Away,3,True,False,la-liga,2025,Oviedo
2025-11-03,Osasuna,Home,0,True,True,la-liga,2025,Oviedo
2025-11-09,Ath Bilbao,Away,0,True,True,la-liga,2025,Oviedo
2025-11-23,Vallecano,Home,0,True,True,la-liga,2025,Oviedo
2025-11-29,Ath Madrid,Away,0,True,True,la-liga,2025,Oviedo
2025-12-05,Mallorca,Home,0,True,True,la-liga,2025,Oviedo
2025-12-14,Sevilla,Away,0,True,True,la-liga,2025,Oviedo
2025-12-20,Celta,Home,0,True,True,la-liga,2025,Oviedo
2026-01-04,Alaves,Away,1,True,False,la-liga,2025,Oviedo
2026-01-10,Betis,Home,1,True,False,la-liga,2025,Oviedo
2026-01-17,Osasuna,Away,2,True,False,la-liga,2025,Oviedo
2026-01-25,Barcelona,Away,0,True,True,la-liga,2025,Oviedo
2026-01-31,Girona,Home,1,True,False,la-liga,2025,Oviedo
2026-02-15,Ath Bilbao,Home,1,True,False,la-liga,2025,Oviedo
2026-02-21,Sociedad,Away,3,True,False,la-liga,2025,Oviedo
2026-02-28,Ath Madrid,Home,0,True,True,la-liga,2025,Oviedo
2026-03-04,Vallecano,Away,0,True,True,la-liga,2025,Oviedo
2026-03-09,Espanol,Away,1,True,False,la-liga,2025,Oviedo
2026-03-14,Valencia,Home,1,True,False,la-liga,2025,Oviedo
2026-03-21,Levante,Away,2,True,False,la-liga,2025,Oviedo
2026-04-05,Sevilla,Home,1,True,False,la-liga,2025,Oviedo
2026-04-12,Celta,Away,3,True,False,la-liga,2025,Oviedo
2026-04-23,Villarreal,Home,1,True,False,la-liga,2025,Oviedo
2026-04-26,Elche,Home,1,True,False,la-liga,2025,Oviedo
2026-05-03,Betis,Away,0,True,True,la-liga,2025,Oviedo
2026-05-10,Getafe,Home,0,True,True,la-liga,2025,Oviedo
2026-05-14,Real Madrid,Away,0,True,True,la-liga,2025,Oviedo
2026-05-17,Alaves,Home,0,True,True,la-liga,2025,Oviedo
2026-05-23,Mallorca,Away,0,True,True,la-liga,2025,Oviedo
2025-08-19,Osasuna,Home,1,True,True,la-liga,2025,Real Madrid
2025-08-24,Oviedo,Away,3,True,True,la-liga,2025,Real Madrid
2025-08-30,Mallorca,Home,2,True,True,la-liga,2025,Real Madrid
2025-09-13,Sociedad,Away,2,True,True,la-liga,2025,Real Madrid
2025-09-20,Espanol,Home,2,True,True,la-liga,2025,Real Madrid
2025-09-23,Levante,Away,4,True,True,la-liga,2025,Real Madrid
2025-09-27,Ath Madrid,Away,2,True,True,la-liga,2025,Real Madrid
2025-10-04,Villarreal,Home,3,True,True,la-liga,2025,Real Madrid
2025-10-19,Getafe,Away,1,True,True,la-liga,2025,Real Madrid
2025-10-26,Barcelona,Home,2,True,True,la-liga,2025,Real Madrid
2025-11-01,Valencia,Home,4,True,True,la-liga,2025,Real Madrid
2025-11-09,Vallecano,Away,0,True,True,la-liga,2025,Real Madrid
2025-11-23,Elche,Away,2,True,True,la-liga,2025,Real Madrid
2025-11-30,Girona,Away,1,True,True,la-liga,2025,Real Madrid
2025-12-03,Ath Bilbao,Away,3,True,True,la-liga,2025,Real Madrid
2025-12-07,Celta,Home,0,True,True,la-liga,2025,Real Madrid
2025-12-14,Alaves,Away,2,True,True,la-liga,2025,Real Madrid
2025-12-20,Sevilla,Home,2,True,True,la-liga,2025,Real Madrid
2026-01-04,Betis,Home,5,True,True,la-liga,2025,Real Madrid
2026-01-17,Levante,Home,2,True,True,la-liga,2025,Real Madrid
2026-01-24,Villarreal,Away,2,True,True,la-liga,2025,Real Madrid
2026-02-01,Vallecano,Home,2,True,True,la-liga,2025,Real Madrid
2026-02-08,Valencia,Away,2,True,True,la-liga,2025,Real Madrid
2026-02-14,Sociedad,Home,4,True,True,la-liga,2025,Real Madrid
2026-02-21,Osasuna,Away,1,True,True,la-liga,2025,Real Madrid
2026-03-02,Getafe,Home,0,True,True,la-liga,2025,Real Madrid
2026-03-06,Celta,Away,2,True,True,la-liga,2025,Real Madrid
2026-03-14,Elche,Home,4,True,True,la-liga,2025,Real Madrid
2026-03-22,Ath Madrid,Home,3,True,True,la-liga,2025,Real Madrid
2026-04-04,Mallorca,Away,1,True,True,la-liga,2025,Real Madrid
2026-04-10,Girona,Home,1,True,True,la-liga,2025,Real Madrid
2026-04-21,Alaves,Home,2,True,True,la-liga,2025,Real Madrid
2026-04-24,Betis,Away,1,True,True,la-liga,2025,Real Madrid
2026-05-03,Espanol,Away,2,True,True,la-liga,2025,Real Madrid
2026-05-10,Barcelona,Away,0,True,True,la-liga,2025,Real Madrid
2026-05-14,Oviedo,Home,2,True,True,la-liga,2025,Real Madrid
2026-05-17,Sevilla,Away,1,True,True,la-liga,2025,Real Madrid
2026-05-23,Ath Bilbao,Home,4,True,True,la-liga,2025,Real Madrid
2025-08-17,Ath Bilbao,Away,2,True,True,la-liga,2025,Sevilla
2025-08-25,Getafe,Home,1,True,True,la-liga,2025,Sevilla
2025-08-30,Girona,Away,2,True,True,la-liga,2025,Sevilla
2025-09-12,Elche,Home,2,True,True,la-liga,2025,Sevilla
2025-09-20,Alaves,Away,2,True,True,la-liga,2025,Sevilla
2025-09-23,Villarreal,Home,1,True,True,la-liga,2025,Sevilla
2025-09-28,Vallecano,Away,1,True,True,la-liga,2025,Sevilla
2025-10-05,Barcelona,Home,4,True,True,la-liga,2025,Sevilla
2025-10-18,Mallorca,Home,1,True,True,la-liga,2025,Sevilla
2025-10-24,Sociedad,Away,1,True,True,la-liga,2025,Sevilla
2025-11-01,Ath Madrid,Away,0,True,True,la-liga,2025,Sevilla
2025-11-08,Osasuna,Home,1,True,True,la-liga,2025,Sevilla
2025-11-24,Espanol,Away,1,True,True,la-liga,2025,Sevilla
2025-11-30,Betis,Home,0,True,True,la-liga,2025,Sevilla
2025-12-07,Valencia,Away,1,True,True,la-liga,2025,Sevilla
2025-12-14,Oviedo,Home,4,True,True,la-liga,2025,Sevilla
2025-12-20,Real Madrid,Away,0,True,True,la-liga,2025,Sevilla
2026-01-04,Levante,Home,0,True,True,la-liga,2025,Sevilla
2026-01-12,Celta,Home,0,True,True,la-liga,2025,Sevilla
2026-01-19,Elche,Away,2,True,True,la-liga,2025,Sevilla
2026-01-24,Ath Bilbao,Home,2,True,True,la-liga,2025,Sevilla
2026-02-02,Mallorca,Away,1,True,True,la-liga,2025,Sevilla
2026-02-08,Girona,Home,1,True,True,la-liga,2025,Sevilla
2026-02-14,Alaves,Home,1,True,True,la-liga,2025,Sevilla
2026-02-22,Getafe,Away,1,True,True,la-liga,2025,Sevilla
2026-03-01,Betis,Away,2,True,True,la-liga,2025,Sevilla
2026-03-08,Vallecano,Home,1,True,True,la-liga,2025,Sevilla
2026-03-15,Barcelona,Away,2,True,True,la-liga,2025,Sevilla
2026-03-21,Valencia,Home,0,True,True,la-liga,2025,Sevilla
2026-04-05,Oviedo,Away,0,True,True,la-liga,2025,Sevilla
2026-04-11,Ath Madrid,Home,2,True,True,la-liga,2025,Sevilla
2026-04-23,Levante,Away,0,True,True,la-liga,2025,Sevilla
2026-04-26,Osasuna,Away,1,True,True,la-liga,2025,Sevilla
2026-05-04,Sociedad,Home,1,True,True,la-liga,2025,Sevilla
2026-05-09,Espanol,Home,2,True,True,la-liga,2025,Sevilla
2026-05-13,Villarreal,Away,3,True,True,la-liga,2025,Sevilla
2026-05-17,Real Madrid,Home,0,True,True,la-liga,2025,Sevilla
2026-05-23,Celta,Away,0,True,True,la-liga,2025,Sevilla
2025-08-16,Valencia,Away,1,True,True,la-liga,2025,Sociedad
2025-08-24,Espanol,Home,2,True,True,la-liga,2025,Sociedad
2025-08-30,Oviedo,Away,0,True,True,la-liga,2025,Sociedad
2025-09-13,Real Madrid,Home,1,True,True,la-liga,2025,Sociedad
2025-09-19,Betis,Away,1,True,True,la-liga,2025,Sociedad
2025-09-24,Mallorca,Home,1,True,True,la-liga,2025,Sociedad
2025-09-28,Barcelona,Away,1,True,True,la-liga,2025,Sociedad
2025-10-05,Vallecano,Home,0,True,True,la-liga,2025,Sociedad
2025-10-19,Celta,Away,1,True,True,la-liga,2025,Sociedad
2025-10-24,Sevilla,Home,2,True,True,la-liga,2025,Sociedad
2025-11-01,Ath Bilbao,Home,3,True,True,la-liga,2025,Sociedad
2025-11-07,Elche,Away,1,True,True,la-liga,2025,Sociedad
2025-11-22,Osasuna,Away,3,True,True,la-liga,2025,Sociedad
2025-11-30,Villarreal,Home,2,True,True,la-liga,2025,Sociedad
2025-12-06,Alaves,Away,0,True,True,la-liga,2025,Sociedad
2025-12-12,Girona,Home,1,True,True,la-liga,2025,Sociedad
2025-12-20,Levante,Away,1,True,True,la-liga,2025,Sociedad
2026-01-04,Ath Madrid,Home,1,True,False,la-liga,2025,Sociedad
2026-01-09,Getafe,Away,2,True,True,la-liga,2025,Sociedad
2026-01-18,Barcelona,Home,2,True,True,la-liga,2025,Sociedad
2026-01-25,Celta,Home,3,True,True,la-liga,2025,Sociedad
2026-02-01,Ath Bilbao,Away,1,True,True,la-liga,2025,Sociedad
2026-02-07,Elche,Home,3,True,True,la-liga,2025,Sociedad
2026-02-14,Real Madrid,Away,1,True,True,la-liga,2025,Sociedad
2026-02-21,Oviedo,Home,3,True,True,la-liga,2025,Sociedad
2026-02-28,Mallorca,Away,1,True,True,la-liga,2025,Sociedad
2026-03-07,Ath Madrid,Away,2,True,True,la-liga,2025,Sociedad
2026-03-15,Osasuna,Home,3,True,True,la-liga,2025,Sociedad
2026-03-20,Villarreal,Away,1,True,True,la-liga,2025,Sociedad
2026-04-04,Levante,Home,2,True,True,la-liga,2025,Sociedad
2026-04-11,Alaves,Home,3,True,True,la-liga,2025,Sociedad
2026-04-22,Getafe,Home,0,True,True,la-liga,2025,Sociedad
2026-04-26,Vallecano,Away,3,True,False,la-liga,2025,Sociedad
2026-05-04,Sevilla,Away,0,True,True,la-liga,2025,Sociedad
2026-05-09,Betis,Home,2,True,True,la-liga,2025,Sociedad
2026-05-14,Girona,Away,1,True,True,la-liga,2025,Sociedad
2026-05-17,Valencia,Home,3,True,True,la-liga,2025,Sociedad
2026-05-23,Espanol,Away,1,True,True,la-liga,2025,Sociedad
2025-08-16,Sociedad,Home,1,True,True,la-liga,2025,Valencia
2025-08-24,Osasuna,Away,0,True,True,la-liga,2025,Valencia
2025-08-29,Getafe,Home,3,True,True,la-liga,2025,Valencia
2025-09-14,Barcelona,Away,0,True,True,la-liga,2025,Valencia
2025-09-20,Ath Bilbao,Home,2,True,True,la-liga,2025,Valencia
2025-09-23,Espanol,Away,2,True,True,la-liga,2025,Valencia
2025-09-30,Oviedo,Home,1,True,True,la-liga,2025,Valencia
2025-10-04,Girona,Away,1,True,True,la-liga,2025,Valencia
2025-10-20,Alaves,Away,0,True,True,la-liga,2025,Valencia
2025-10-25,Villarreal,Home,0,True,True,la-liga,2025,Valencia
2025-11-01,Real Madrid,Away,0,True,True,la-liga,2025,Valencia
2025-11-09,Betis,Home,1,False,False,la-liga,2025,Valencia
2025-11-21,Levante,Home,1,False,False,la-liga,2025,Valencia
2025-12-01,Vallecano,Away,1,False,False,la-liga,2025,Valencia
2025-12-07,Sevilla,Home,1,False,False,la-liga,2025,Valencia
2025-12-13,Ath Madrid,Away,1,False,False,la-liga,2025,Valencia
2025-12-19,Mallorca,Home,1,False,False,la-liga,2025,Valencia
2026-01-03,Celta,Away,1,False,False,la-liga,2025,Valencia
2026-01-10,Elche,Home,1,True,True,la-liga,2025,Valencia
2026-01-18,Getafe,Away,1,False,False,la-liga,2025,Valencia
2026-01-24,Espanol,Home,3,False,False,la-liga,2025,Valencia
2026-02-01,Betis,Away,1,False,False,la-liga,2025,Valencia
2026-02-08,Real Madrid,Home,0,False,False,la-liga,2025,Valencia
2026-02-15,Levante,Away,2,False,False,la-liga,2025,Valencia
2026-02-22,Villarreal,Away,1,False,False,la-liga,2025,Valencia
2026-03-01,Osasuna,Home,1,False,False,la-liga,2025,Valencia
2026-03-08,Alaves,Home,3,False,False,la-liga,2025,Valencia
2026-03-14,Oviedo,Away,0,False,False,la-liga,2025,Valencia
2026-03-21,Sevilla,Away,2,False,False,la-liga,2025,Valencia
2026-04-05,Celta,Home,2,True,True,la-liga,2025,Valencia
2026-04-11,Elche,Away,0,False,False,la-liga,2025,Valencia
2026-04-21,Mallorca,Away,1,False,False,la-liga,2025,Valencia
2026-04-25,Girona,Home,2,False,False,la-liga,2025,Valencia
2026-05-02,Ath Madrid,Home,0,False,False,la-liga,2025,Valencia
2026-05-10,Ath Bilbao,Away,1,True,True,la-liga,2025,Valencia
2026-05-14,Vallecano,Home,1,False,False,la-liga,2025,Valencia
2026-05-17,Sociedad,Away,4,False,False,la-liga,2025,Valencia
2026-05-23,Barcelona,Home,3,False,False,la-liga,2025,Valencia
2025-08-15,Girona,Away,3,False,False,la-liga,2025,Vallecano
2025-08-25,Ath Bilbao,Away,0,False,False,la-liga,2025,Vallecano
2025-08-31,Barcelona,Home,1,False,False,la-liga,2025,Vallecano
2025-09-14,Osasuna,Away,0,False,False,la-liga,2025,Vallecano
2025-09-21,Celta,Home,1,False,False,la-liga,2025,Vallecano
2025-09-24,Ath Madrid,Away,2,False,False,la-liga,2025,Vallecano
2025-09-28,Sevilla,Home,0,False,False,la-liga,2025,Vallecano
2025-10-05,Sociedad,Away,1,False,False,la-liga,2025,Vallecano
2025-10-19,Levante,Away,3,False,False,la-liga,2025,Vallecano
2025-10-26,Alaves,Home,1,False,False,la-liga,2025,Vallecano
2025-11-01,Villarreal,Away,0,False,False,la-liga,2025,Vallecano
2025-11-09,Real Madrid,Home,0,False,False,la-liga,2025,Vallecano
2025-11-23,Oviedo,Away,0,False,False,la-liga,2025,Vallecano
2025-12-01,Valencia,Home,1,False,False,la-liga,2025,Vallecano
2025-12-07,Espanol,Away,0,False,False,la-liga,2025,Vallecano
2025-12-15,Betis,Home,0,False,False,la-liga,2025,Vallecano
2025-12-21,Elche,Away,0,False,False,la-liga,2025,Vallecano
2026-01-02,Getafe,Home,1,False,False,la-liga,2025,Vallecano
2026-01-11,Mallorca,Home,2,False,False,la-liga,2025,Vallecano
2026-01-18,Celta,Away,0,False,False,la-liga,2025,Vallecano
2026-01-24,Osasuna,Home,1,False,False,la-liga,2025,Vallecano
2026-02-01,Real Madrid,Away,1,False,False,la-liga,2025,Vallecano
2026-02-15,Ath Madrid,Home,3,False,False,la-liga,2025,Vallecano
2026-02-21,Betis,Away,1,False,False,la-liga,2025,Vallecano
2026-02-28,Ath Bilbao,Home,1,False,False,la-liga,2025,Vallecano
2026-03-04,Oviedo,Home,3,False,False,la-liga,2025,Vallecano
2026-03-08,Sevilla,Away,1,False,False,la-liga,2025,Vallecano
2026-03-16,Levante,Home,1,False,False,la-liga,2025,Vallecano
2026-03-22,Barcelona,Away,0,False,False,la-liga,2025,Vallecano
2026-04-03,Elche,Home,1,False,False,la-liga,2025,Vallecano
2026-04-12,Mallorca,Away,0,False,False,la-liga,2025,Vallecano
2026-04-23,Espanol,Home,1,False,False,la-liga,2025,Vallecano
2026-04-26,Sociedad,Home,3,False,False,la-liga,2025,Vallecano
2026-05-03,Getafe,Away,2,False,False,la-liga,2025,Vallecano
2026-05-11,Girona,Home,1,False,False,la-liga,2025,Vallecano
2026-05-14,Valencia,Away,1,False,False,la-liga,2025,Vallecano
2026-05-17,Villarreal,Home,2,False,False,la-liga,2025,Vallecano
2026-05-23,Alaves,Away,2,False,False,la-liga,2025,Vallecano
2025-08-15,Oviedo,Home,2,True,True,la-liga,2025,Villarreal
2025-08-24,Girona,Home,5,True,True,la-liga,2025,Villarreal
2025-08-31,Celta,Away,1,True,True,la-liga,2025,Villarreal
2025-09-13,Ath Madrid,Away,0,True,True,la-liga,2025,Villarreal
2025-09-20,Osasuna,Home,2,True,True,la-liga,2025,Villarreal
2025-09-23,Sevilla,Away,2,True,True,la-liga,2025,Villarreal
2025-09-27,Ath Bilbao,Home,1,True,True,la-liga,2025,Villarreal
2025-10-04,Real Madrid,Away,1,True,True,la-liga,2025,Villarreal
2025-10-18,Betis,Home,2,True,True,la-liga,2025,Villarreal
2025-10-25,Valencia,Away,2,True,True,la-liga,2025,Villarreal
2025-11-01,Vallecano,Home,4,True,True,la-liga,2025,Villarreal
2025-11-08,Espanol,Away,2,True,True,la-liga,2025,Villarreal
2025-11-22,Mallorca,Home,2,True,True,la-liga,2025,Villarreal
2025-11-30,Sociedad,Away,3,True,False,la-liga,2025,Villarreal
2025-12-06,Getafe,Home,2,True,True,la-liga,2025,Villarreal
2025-12-21,Barcelona,Home,0,True,True,la-liga,2025,Villarreal
2026-01-03,Elche,Away,3,True,True,la-liga,2025,Villarreal
2026-01-10,Alaves,Home,3,True,True,la-liga,2025,Villarreal
2026-01-17,Betis,Away,0,True,True,la-liga,2025,Villarreal
2026-01-24,Real Madrid,Home,0,True,True,la-liga,2025,Villarreal
2026-01-31,Osasuna,Away,2,True,True,la-liga,2025,Villarreal
2026-02-09,Espanol,Home,4,True,True,la-liga,2025,Villarreal
2026-02-14,Getafe,Away,1,True,True,la-liga,2025,Villarreal
2026-02-18,Levante,Away,1,True,True,la-liga,2025,Villarreal
2026-02-22,Valencia,Home,2,True,True,la-liga,2025,Villarreal
2026-02-28,Barcelona,Away,1,False,False,la-liga,2025,Villarreal
2026-03-08,Elche,Home,2,False,False,la-liga,2025,Villarreal
2026-03-13,Alaves,Away,1,False,False,la-liga,2025,Villarreal
2026-03-20,Sociedad,Home,3,False,False,la-liga,2025,Villarreal
2026-04-06,Girona,Away,0,False,False,la-liga,2025,Villarreal
2026-04-12,Ath Bilbao,Away,2,False,False,la-liga,2025,Villarreal
2026-04-23,Oviedo,Away,1,False,False,la-liga,2025,Villarreal
2026-04-26,Celta,Home,2,False,False,la-liga,2025,Villarreal
2026-05-02,Levante,Home,5,False,False,la-liga,2025,Villarreal
2026-05-10,Mallorca,Away,1,False,False,la-liga,2025,Villarreal
2026-05-13,Sevilla,Home,2,False,False,la-liga,2025,Villarreal
2026-05-17,Vallecano,Away,0,True,True,la-liga,2025,Villarreal
2026-05-24,Ath Madrid,Home,5,True,False,la-liga,2025,Villarreal
2026-08-15,Getafe,Home,3,True,True,la-liga,2026,Alaves
2026-08-20,Vallecano,Away,1,False,False,la-liga,2026,Alaves
2026-08-28,Villarreal,Home,1,True,True,la-liga,2026,Alaves
2026-09-06,Osasuna,Home,5,False,False,la-liga,2026,Alaves
2026-09-12,Santander,Away,1,False,False,la-liga,2026,Alaves
2026-09-15,Valencia,Home,0,False,False,la-liga,2026,Alaves
2026-09-19,Ath Bilbao,Away,0,False,False,la-liga,2026,Alaves
2026-08-22,Sevilla,Home,1,True,True,la-liga,2026,Ath Bilbao
2026-08-27,Barcelona,Away,0,True,True,la-liga,2026,Ath Bilbao
2026-08-30,Celta,Away,2,True,True,la-liga,2026,Ath Bilbao
2026-09-05,Ath Madrid,Home,3,True,True,la-liga,2026,Ath Bilbao
2026-09-12,Elche,Home,1,True,True,la-liga,2026,Ath Bilbao
2026-09-19,Alaves,Home,0,True,True,la-liga,2026,Ath Bilbao
2026-08-19,Malaga,Home,2,True,True,la-liga,2026,Ath Madrid
2026-08-23,Villarreal,Home,2,True,True,la-liga,2026,Ath Madrid
2026-08-29,Sevilla,Away,3,True,True,la-liga,2026,Ath Madrid
2026-09-05,Ath Bilbao,Away,0,True,True,la-liga,2026,Ath Madrid
2026-09-13,Sociedad,Away,3,True,True,la-liga,2026,Ath Madrid
2026-09-16,Osasuna,Home,4,True,True,la-liga,2026,Ath Madrid
2026-09-20,Real Madrid,Home,2,True,True,la-liga,2026,Ath Madrid
2026-08-23,Elche,Away,5,True,True,la-liga,2026,Barcelona
2026-08-27,Ath Bilbao,Home,2,True,True,la-liga,2026,Barcelona
2026-08-31,Vallecano,Home,5,True,True,la-liga,2026,Barcelona
2026-09-06,Valencia,Away,5,True,True,la-liga,2026,Barcelona
2026-09-13,Levante,Away,4,True,True,la-liga,2026,Barcelona
2026-09-16,Santander,Home,7,True,True,la-liga,2026,Barcelona
2026-09-19,Sevilla,Away,3,True,True,la-liga,2026,Barcelona
2026-08-21,Sociedad,Home,1,True,True,la-liga,2026,Betis
2026-08-25,Valencia,Away,1,True,True,la-liga,2026,Betis
2026-08-29,Levante,Away,2,True,True,la-liga,2026,Betis
2026-09-04,Real Madrid,Home,1,True,True,la-liga,2026,Betis
2026-09-14,Villarreal,Away,2,True,True,la-liga,2026,Betis
2026-09-17,Getafe,Home,1,True,True,la-liga,2026,Betis
2026-09-20,La Coruna,Away,1,True,True,la-liga,2026,Betis
2026-08-22,Valencia,Away,0,True,True,la-liga,2026,Celta
2026-08-27,Osasuna,Home,1,True,False,la-liga,2026,Celta
2026-08-30,Ath Bilbao,Home,0,True,True,la-liga,2026,Celta
2026-09-03,Sociedad,Away,0,True,True,la-liga,2026,Celta
2026-09-07,Getafe,Away,1,False,False,la-liga,2026,Celta
2026-09-13,Malaga,Home,1,False,False,la-liga,2026,Celta
2026-09-19,Santander,Home,5,False,False,la-liga,2026,Celta
2026-08-16,Levante,Home,3,True,True,la-liga,2026,Espanol
2026-08-22,Real Madrid,Home,1,True,True,la-liga,2026,Espanol
2026-08-29,Sociedad,Away,1,True,True,la-liga,2026,Espanol
2026-09-06,Sevilla,Home,1,True,True,la-liga,2026,Espanol
2026-09-12,Osasuna,Away,2,False,False,la-liga,2026,Espanol
2026-09-15,Vallecano,Away,1,False,False,la-liga,2026,Espanol
2026-09-18,Elche,Home,1,False,False,la-liga,2026,Espanol
2026-08-15,Alaves,Away,0,True,True,la-liga,2026,Getafe
2026-08-23,Santander,Home,1,True,True,la-liga,2026,Getafe
2026-08-31,Osasuna,Away,0,True,True,la-liga,2026,Getafe
2026-09-07,Celta,Home,1,True,True,la-liga,2026,Getafe
2026-09-13,La Coruna,Home,1,True,True,la-liga,2026,Getafe
2026-09-17,Betis,Away,0,True,True,la-liga,2026,Getafe
2026-09-20,Malaga,Home,1,True,True,la-liga,2026,Getafe
2026-08-16,Espanol,Away,0,True,True,la-liga,2026,Levante
2026-08-24,Osasuna,Away,0,True,True,la-liga,2026,Levante
2026-08-29,Betis,Home,5,True,True,la-liga,2026,Levante
2026-09-06,Malaga,Away,0,True,True,la-liga,2026,Levante
2026-09-13,Barcelona,Home,2,False,False,la-liga,2026,Levante
2026-09-20,Villarreal,Away,1,False,False,la-liga,2026,Levante
2026-08-19,Ath Madrid,Away,0,False,False,la-liga,2026,Malaga
2026-08-24,La Coruna,Home,1,False,False,la-liga,2026,Malaga
2026-08-30,Real Madrid,Away,0,False,False,la-liga,2026,Malaga
2026-09-06,Levante,Home,0,False,False,la-liga,2026,Malaga
2026-09-13,Celta,Away,1,False,False,la-liga,2026,Malaga
2026-09-17,Villarreal,Home,1,False,False,la-liga,2026,Malaga
2026-09-20,Getafe,Away,0,False,False,la-liga,2026,Malaga
2026-08-24,Levante,Home,0,True,True,la-liga,2026,Osasuna
2026-08-27,Celta,Away,2,False,False,la-liga,2026,Osasuna
2026-08-31,Getafe,Home,1,False,False,la-liga,2026,Osasuna
2026-09-06,Alaves,Away,2,False,False,la-liga,2026,Osasuna
2026-09-12,Espanol,Home,0,False,False,la-liga,2026,Osasuna
2026-09-16,Ath Madrid,Away,0,False,False,la-liga,2026,Osasuna
2026-09-19,Vallecano,Home,1,False,False,la-liga,2026,Osasuna
2026-08-22,Espanol,Away,2,True,True,la-liga,2026,Real Madrid
2026-08-26,Sociedad,Home,4,True,True,la-liga,2026,Real Madrid
2026-08-30,Malaga,Home,4,True,True,la-liga,2026,Real Madrid
2026-09-04,Betis,Away,0,True,True,la-liga,2026,Real Madrid
2026-09-12,Vallecano,Home,4,True,True,la-liga,2026,Real Madrid
2026-09-15,Elche,Away,3,True,True,la-liga,2026,Real Madrid
2026-09-20,Ath Madrid,Away,1,True,True,la-liga,2026,Real Madrid
2026-08-16,Villarreal,Home,2,False,False,la-liga,2026,Santander
2026-08-23,Getafe,Away,0,False,False,la-liga,2026,Santander
2026-08-28,Elche,Home,3,False,False,la-liga,2026,Santander
2026-09-05,Vallecano,Away,2,False,False,la-liga,2026,Santander
2026-09-12,Alaves,Home,2,False,False,la-liga,2026,Santander
2026-09-16,Barcelona,Away,2,False,False,la-liga,2026,Santander
2026-09-19,Celta,Away,0,False,False,la-liga,2026,Santander
2026-08-15,Vallecano,Home,2,True,True,la-liga,2026,Sevilla
2026-08-22,Ath Bilbao,Away,3,True,True,la-liga,2026,Sevilla
2026-08-29,Ath Madrid,Home,1,True,True,la-liga,2026,Sevilla
2026-09-06,Espanol,Away,1,True,True,la-liga,2026,Sevilla
2026-09-11,Valencia,Home,1,True,True,la-liga,2026,Sevilla
2026-09-16,La Coruna,Away,1,True,True,la-liga,2026,Sevilla
2026-09-19,Barcelona,Home,1,True,True,la-liga,2026,Sevilla
2026-08-21,Betis,Away,0,True,True,la-liga,2026,Sociedad
2026-08-26,Real Madrid,Away,1,True,True,la-liga,2026,Sociedad
2026-08-29,Espanol,Home,2,True,True,la-liga,2026,Sociedad
2026-09-03,Celta,Home,0,True,True,la-liga,2026,Sociedad
2026-09-07,Elche,Away,3,True,True,la-liga,2026,Sociedad
2026-09-13,Ath Madrid,Home,0,True,True,la-liga,2026,Sociedad
2026-09-20,Valencia,Away,3,True,True,la-liga,2026,Sociedad
2026-08-22,Celta,Home,0,False,False,la-liga,2026,Valencia
2026-08-25,Betis,Home,0,False,False,la-liga,2026,Valencia
2026-08-30,La Coruna,Away,1,False,False,la-liga,2026,Valencia
2026-09-06,Barcelona,Home,0,False,False,la-liga,2026,Valencia
2026-09-11,Sevilla,Away,0,False,False,la-liga,2026,Valencia
2026-09-15,Alaves,Away,1,False,False,la-liga,2026,Valencia
2026-09-20,Sociedad,Home,2,False,False,la-liga,2026,Valencia
2026-08-15,Sevilla,Away,1,False,False,la-liga,2026,Vallecano
2026-08-20,Alaves,Home,1,False,False,la-liga,2026,Vallecano
2026-08-31,Barcelona,Away,2,False,False,la-liga,2026,Vallecano
2026-09-05,Santander,Home,3,False,False,la-liga,2026,Vallecano
2026-09-12,Real Madrid,Away,1,False,False,la-liga,2026,Vallecano
2026-09-15,Espanol,Home,2,False,False,la-liga,2026,Vallecano
2026-09-19,Osasuna,Away,1,False,False,la-liga,2026,Vallecano
2026-08-16,Santander,Away,2,True,True,la-liga,2026,Villarreal
2026-08-23,Ath Madrid,Away,2,True,True,la-liga,2026,Villarreal
2026-08-28,Alaves,Away,0,True,True,la-liga,2026,Villarreal
2026-09-05,La Coruna,Home,2,True,True,la-liga,2026,Villarreal
2026-09-14,Betis,Home,1,True,True,la-liga,2026,Villarreal
2026-09-17,Malaga,Away,3,True,True,la-liga,2026,Villarreal
2026-09-20,Levante,Home,3,True,True,la-liga,2026,Villarreal
