date,opponent,venue,goals,found,complete,league,season,club
2013-08-17,Aston Villa,Home,1,True,True,premier-league,2013,Arsenal
2013-08-24,Fulham,Away,3,True,True,premier-league,2013,Arsenal
2013-09-01,Tottenham,Home,1,True,True,premier-league,2013,Arsenal
2013-09-14,Sunderland,Away,3,True,True,premier-league,2013,Arsenal
2013-09-22,Stoke,Home,3,True,True,premier-league,2013,Arsenal
2013-09-28,Swansea,Away,2,True,True,premier-league,2013,Arsenal
2013-10-06,West Brom,Away,1,True,True,premier-league,2013,Arsenal
2013-10-19,Norwich,Home,4,True,True,premier-league,2013,Arsenal
2013-10-26,Crystal Palace,Away,2,True,True,premier-league,2013,Arsenal
2013-11-02,Liverpool,Home,2,True,True,premier-league,2013,Arsenal
2013-11-10,Man United,Away,0,True,True,premier-league,2013,Arsenal
2013-11-23,Southampton,Home,2,True,True,premier-league,2013,Arsenal
2013-11-30,Cardiff,Away,3,True,True,premier-league,2013,Arsenal
2013-12-04,Hull,Home,2,True,True,premier-league,2013,Arsenal
2013-12-08,Everton,Home,1,True,True,premier-league,2013,Arsenal
2013-12-14,Man City,Away,3,True,True,premier-league,2013,Arsenal
2013-12-23,Chelsea,Home,0,True,True,premier-league,2013,Arsenal
2013-12-26,West Ham,Away,3,True,True,premier-league,2013,Arsenal
2013-12-29,Newcastle,Away,1,True,True,premier-league,2013,Arsenal
2014-01-01,Cardiff,Home,2,True,True,premier-league,2013,Arsenal
2014-01-13,Aston Villa,Away,2,True,True,premier-league,2013,Arsenal
2014-01-18,Fulham,Home,2,True,True,premier-league,2013,Arsenal
2014-01-28,Southampton,Away,2,True,True,premier-league,2013,Arsenal
2014-02-02,Crystal Palace,Home,2,True,True,premier-league,2013,Arsenal
2014-02-08,Liverpool,Away,1,True,True,premier-league,2013,Arsenal
2014-02-12,Man United,Home,0,True,True,premier-league,2013,Arsenal
2014-02-22,Sunderland,Home,4,True,True,premier-league,2013,Arsenal
2014-03-01,Stoke,Away,0,True,True,premier-league,2013,Arsenal
2014-03-16,Tottenham,Away,1,True,True,premier-league,2013,Arsenal
2014-03-22,Chelsea,Away,0,True,True,premier-league,2013,Arsenal
2014-03-25,Swansea,Home,2,True,True,premier-league,2013,Arsenal
2014-03-29,Man City,Home,1,True,True,premier-league,2013,Arsenal
2014-04-06,Everton,Away,0,True,True,premier-league,2013,Arsenal
2014-04-15,West Ham,Home,3,True,True,premier-league,2013,Arsenal
2014-04-20,Hull,Away,3,True,True,premier-league,2013,Arsenal
2014-04-28,Newcastle,Home,3,True,True,premier-league,2013,Arsenal
2014-05-04,West Brom,Home,1,True,True,premier-league,2013,Arsenal
2014-05-11,Norwich,Away,2,True,True,premier-league,2013,Arsenal
2013-08-17,Arsenal,Away,3,True,True,premier-league,2013,Aston Villa
2013-08-21,Chelsea,Away,1,True,True,premier-league,2013,Aston Villa
2013-08-24,Liverpool,Home,0,True,True,premier-league,2013,Aston Villa
2013-09-14,Newcastle,Home,1,True,True,premier-league,2013,Aston Villa
2013-09-21,Norwich,Away,1,True,True,premier-league,2013,Aston Villa
2013-09-28,Man City,Home,3,True,True,premier-league,2013,Aston Villa
2013-10-05,Hull,Away,0,True,True,premier-league,2013,Aston Villa
2013-10-20,Tottenham,Home,0,True,True,premier-league,2013,Aston Villa
2013-10-26,Everton,Home,0,True,True,premier-league,2013,Aston Villa
2013-11-02,West Ham,Away,0,True,True,premier-league,2013,Aston Villa
2013-11-09,Cardiff,Home,2,True,True,premier-league,2013,Aston Villa
2013-11-25,West Brom,Away,2,True,True,premier-league,2013,Aston Villa
2013-11-30,Sunderland,Home,0,True,True,premier-league,2013,Aston Villa
2013-12-04,Southampton,Away,3,True,True,premier-league,2013,Aston Villa
2013-12-08,Fulham,Away,0,True,True,premier-league,2013,Aston Villa
2013-12-15,Man United,Home,0,True,True,premier-league,2013,Aston Villa
2013-12-21,Stoke,Away,1,True,True,premier-league,2013,Aston Villa
2013-12-26,Crystal Palace,Home,0,True,True,premier-league,2013,Aston Villa
2013-12-28,Swansea,Home,1,True,True,premier-league,2013,Aston Villa
2014-01-01,Sunderland,Away,1,True,True,premier-league,2013,Aston Villa
2014-01-13,Arsenal,Home,1,True,True,premier-league,2013,Aston Villa
2014-01-18,Liverpool,Away,2,True,True,premier-league,2013,Aston Villa
2014-01-29,West Brom,Home,4,True,True,premier-league,2013,Aston Villa
2014-02-01,Everton,Away,1,True,True,premier-league,2013,Aston Villa
2014-02-08,West Ham,Home,0,True,True,premier-league,2013,Aston Villa
2014-02-11,Cardiff,Away,0,True,True,premier-league,2013,Aston Villa
2014-02-23,Newcastle,Away,0,True,True,premier-league,2013,Aston Villa
2014-03-02,Norwich,Home,4,True,True,premier-league,2013,Aston Villa
2014-03-15,Chelsea,Home,1,True,True,premier-league,2013,Aston Villa
2014-03-23,Stoke,Home,1,True,True,premier-league,2013,Aston Villa
2014-03-29,Man United,Away,1,True,True,premier-league,2013,Aston Villa
2014-04-05,Fulham,Home,1,True,True,premier-league,2013,Aston Villa
2014-04-12,Crystal Palace,Away,0,True,True,premier-league,2013,Aston Villa
2014-04-19,Southampton,Home,0,True,True,premier-league,2013,Aston Villa
2014-04-26,Swansea,Away,1,True,True,premier-league,2013,Aston Villa
2014-05-03,Hull,Home,3,True,True,premier-league,2013,Aston Villa
2014-05-07,Man City,Away,0,True,True,premier-league,2013,Aston Villa
2014-05-11,Tottenham,Away,0,True,True,premier-league,2013,Aston Villa
2013-08-18,Hull,Home,2,True,True,premier-league,2013,Chelsea
2013-08-21,Aston Villa,Home,2,True,True,premier-league,2013,Chelsea
2013-08-26,Man United,Away,0,True,True,premier-league,2013,Chelsea
2013-09-14,Everton,Away,0,True,True,premier-league,2013,Chelsea
2013-09-21,Fulham,Home,2,True,True,premier-league,2013,Chelsea
2013-09-28,Tottenham,Away,1,True,True,premier-league,2013,Chelsea
2013-10-06,Norwich,Away,3,True,True,premier-league,2013,Chelsea
2013-10-19,Cardiff,Home,4,True,True,premier-league,2013,Chelsea
2013-10-27,Man City,Home,2,True,True,premier-league,2013,Chelsea
2013-11-02,Newcastle,Away,0,True,True,premier-league,2013,Chelsea
2013-11-09,West Brom,Home,2,True,True,premier-league,2013,Chelsea
2013-11-23,West Ham,Away,3,True,True,premier-league,2013,Chelsea
2013-12-01,Southampton,Home,3,True,True,premier-league,2013,Chelsea
2013-12-04,Sunderland,Away,4,True,True,premier-league,2013,Chelsea
2013-12-07,Stoke,Away,2,True,True,premier-league,2013,Chelsea
2013-12-14,Crystal Palace,Home,2,True,True,premier-league,2013,Chelsea
2013-12-23,Arsenal,Away,0,True,True,premier-league,2013,Chelsea
2013-12-26,Swansea,Home,1,True,True,premier-league,2013,Chelsea
2013-12-29,Liverpool,Home,2,True,True,premier-league,2013,Chelsea
2014-01-01,Southampton,Away,3,True,True,premier-league,2013,Chelsea
2014-01-11,Hull,Away,2,True,True,premier-league,2013,Chelsea
2014-01-19,Man United,Home,3,True,True,premier-league,2013,Chelsea
2014-01-29,West Ham,Home,0,True,True,premier-league,2013,Chelsea
2014-02-03,Man City,Away,1,True,True,premier-league,2013,Chelsea
2014-02-08,Newcastle,Home,3,True,True,premier-league,2013,Chelsea
2014-02-11,West Brom,Away,1,True,True,premier-league,2013,Chelsea
2014-02-22,Everton,Home,1,True,True,premier-league,2013,Chelsea
2014-03-01,Fulham,Away,3,True,True,premier-league,2013,Chelsea
2014-03-08,Tottenham,Home,4,True,True,premier-league,2013,Chelsea
2014-03-15,Aston Villa,Away,0,True,True,premier-league,2013,Chelsea
2014-03-22,Arsenal,Home,6,True,True,premier-league,2013,Chelsea
2014-03-29,Crystal Palace,Away,0,True,True,premier-league,2013,Chelsea
2014-04-05,Stoke,Home,3,True,True,premier-league,2013,Chelsea
2014-04-13,Swansea,Away,1,True,True,premier-league,2013,Chelsea
2014-04-19,Sunderland,Home,1,True,True,premier-league,2013,Chelsea
2014-04-27,Liverpool,Away,2,True,True,premier-league,2013,Chelsea
2014-05-04,Norwich,Home,0,True,True,premier-league,2013,Chelsea
2014-05-11,Cardiff,Away,2,True,True,premier-league,2013,Chelsea
2013-08-18,Tottenham,Home,0,True,True,premier-league,2013,Crystal Palace
2013-08-24,Stoke,Away,1,True,True,premier-league,2013,Crystal Palace
2013-08-31,Sunderland,Home,3,True,True,premier-league,2013,Crystal Palace
2013-09-14,Man United,Away,0,True,True,premier-league,2013,Crystal Palace
2013-09-22,Swansea,Home,0,True,True,premier-league,2013,Crystal Palace
2013-09-28,Southampton,Away,0,True,True,premier-league,2013,Crystal Palace
2013-10-05,Liverpool,Away,1,True,True,premier-league,2013,Crystal Palace
2013-10-21,Fulham,Home,1,True,True,premier-league,2013,Crystal Palace
2013-10-26,Arsenal,Home,0,True,True,premier-league,2013,Crystal Palace
2013-11-02,West Brom,Away,0,True,True,premier-league,2013,Crystal Palace
2013-11-09,Everton,Home,0,True,True,premier-league,2013,Crystal Palace
2013-11-23,Hull,Away,1,True,True,premier-league,2013,Crystal Palace
2013-11-30,Norwich,Away,0,True,True,premier-league,2013,Crystal Palace
2013-12-03,West Ham,Home,1,True,True,premier-league,2013,Crystal Palace
2013-12-07,Cardiff,Home,2,True,True,premier-league,2013,Crystal Palace
2013-12-14,Chelsea,Away,1,True,True,premier-league,2013,Crystal Palace
2013-12-21,Newcastle,Home,0,True,True,premier-league,2013,Crystal Palace
2013-12-26,Aston Villa,Away,1,True,True,premier-league,2013,Crystal Palace
2013-12-28,Man City,Away,0,True,True,premier-league,2013,Crystal Palace
2014-01-01,Norwich,Home,1,True,True,premier-league,2013,Crystal Palace
2014-01-11,Tottenham,Away,0,True,True,premier-league,2013,Crystal Palace
2014-01-18,Stoke,Home,1,True,True,premier-league,2013,Crystal Palace
2014-01-28,Hull,Home,1,True,True,premier-league,2013,Crystal Palace
2014-02-02,Arsenal,Away,0,True,True,premier-league,2013,Crystal Palace
2014-02-08,West Brom,Home,3,True,True,premier-league,2013,Crystal Palace
2014-02-22,Man United,Home,0,True,True,premier-league,2013,Crystal Palace
2014-03-02,Swansea,Away,1,True,True,premier-league,2013,Crystal Palace
2014-03-08,Southampton,Home,0,True,True,premier-league,2013,Crystal Palace
2014-03-15,Sunderland,Away,0,True,True,premier-league,2013,Crystal Palace
2014-03-22,Newcastle,Away,0,True,True,premier-league,2013,Crystal Palace
2014-03-29,Chelsea,Home,1,True,True,premier-league,2013,Crystal Palace
2014-04-05,Cardiff,Away,3,True,True,premier-league,2013,Crystal Palace
2014-04-12,Aston Villa,Home,1,True,True,premier-league,2013,Crystal Palace
2014-04-16,Everton,Away,3,True,True,premier-league,2013,Crystal Palace
2014-04-19,West Ham,Away,1,True,True,premier-league,2013,Crystal Palace
2014-04-27,Man City,Home,0,True,True,premier-league,2013,Crystal Palace
2014-05-05,Liverpool,Home,3,True,True,premier-league,2013,Crystal Palace
2014-05-11,Fulham,Away,2,True,True,premier-league,2013,Crystal Palace
2013-08-17,Norwich,Away,2,True,True,premier-league,2013,Everton
2013-08-24,West Brom,Home,0,True,True,premier-league,2013,Everton
2013-08-31,Cardiff,Away,0,True,True,premier-league,2013,Everton
2013-09-14,Chelsea,Home,1,True,True,premier-league,2013,Everton
2013-09-21,West Ham,Away,3,True,True,premier-league,2013,Everton
2013-09-30,Newcastle,Home,3,True,True,premier-league,2013,Everton
2013-10-05,Man City,Away,1,True,True,premier-league,2013,Everton
2013-10-19,Hull,Home,2,True,True,premier-league,2013,Everton
2013-10-26,Aston Villa,Away,2,True,True,premier-league,2013,Everton
2013-11-03,Tottenham,Home,0,True,True,premier-league,2013,Everton
2013-11-09,Crystal Palace,Away,0,True,True,premier-league,2013,Everton
2013-11-23,Liverpool,Home,3,True,True,premier-league,2013,Everton
2013-11-30,Stoke,Home,4,True,True,premier-league,2013,Everton
2013-12-04,Man United,Away,1,True,True,premier-league,2013,Everton
2013-12-08,Arsenal,Away,1,True,True,premier-league,2013,Everton
2013-12-14,Fulham,Home,4,True,True,premier-league,2013,Everton
2013-12-22,Swansea,Away,2,True,True,premier-league,2013,Everton
2013-12-26,Sunderland,Home,0,True,True,premier-league,2013,Everton
2013-12-29,Southampton,Home,2,True,True,premier-league,2013,Everton
2014-01-01,Stoke,Away,1,True,True,premier-league,2013,Everton
2014-01-11,Norwich,Home,2,True,True,premier-league,2013,Everton
2014-01-20,West Brom,Away,1,True,True,premier-league,2013,Everton
2014-01-28,Liverpool,Away,0,True,True,premier-league,2013,Everton
2014-02-01,Aston Villa,Home,2,True,True,premier-league,2013,Everton
2014-02-09,Tottenham,Away,0,True,True,premier-league,2013,Everton
2014-02-22,Chelsea,Away,0,True,True,premier-league,2013,Everton
2014-03-01,West Ham,Home,1,True,True,premier-league,2013,Everton
2014-03-15,Cardiff,Home,2,True,True,premier-league,2013,Everton
2014-03-22,Swansea,Home,3,True,True,premier-league,2013,Everton
2014-03-25,Newcastle,Away,3,True,True,premier-league,2013,Everton
2014-03-30,Fulham,Away,3,True,True,premier-league,2013,Everton
2014-04-06,Arsenal,Home,3,True,True,premier-league,2013,Everton
2014-04-12,Sunderland,Away,1,True,True,premier-league,2013,Everton
2014-04-16,Crystal Palace,Home,2,True,True,premier-league,2013,Everton
2014-04-20,Man United,Home,2,True,True,premier-league,2013,Everton
2014-04-26,Southampton,Away,0,True,True,premier-league,2013,Everton
2014-05-03,Man City,Home,2,True,True,premier-league,2013,Everton
2014-05-11,Hull,Away,2,True,True,premier-league,2013,Everton
2013-08-17,Sunderland,Away,1,True,True,premier-league,2013,Fulham
2013-08-24,Arsenal,Home,1,True,True,premier-league,2013,Fulham
2013-08-31,Newcastle,Away,0,True,True,premier-league,2013,Fulham
2013-09-14,West Brom,Home,1,True,True,premier-league,2013,Fulham
2013-09-21,Chelsea,Away,0,True,True,premier-league,2013,Fulham
2013-09-28,Cardiff,Home,1,True,True,premier-league,2013,Fulham
2013-10-05,Stoke,Home,1,True,True,premier-league,2013,Fulham
2013-10-21,Crystal Palace,Away,4,True,True,premier-league,2013,Fulham
2013-10-26,Southampton,Away,0,True,True,premier-league,2013,Fulham
2013-11-02,Man United,Home,1,True,True,premier-league,2013,Fulham
2013-11-09,Liverpool,Away,0,True,True,premier-league,2013,Fulham
2013-11-23,Swansea,Home,1,True,True,premier-league,2013,Fulham
2013-11-30,West Ham,Away,0,True,True,premier-league,2013,Fulham
2013-12-04,Tottenham,Home,1,True,True,premier-league,2013,Fulham
2013-12-08,Aston Villa,Home,2,True,True,premier-league,2013,Fulham
2013-12-14,Everton,Away,1,True,True,premier-league,2013,Fulham
2013-12-21,Man City,Home,2,True,True,premier-league,2013,Fulham
2013-12-26,Norwich,Away,2,True,True,premier-league,2013,Fulham
2013-12-28,Hull,Away,0,True,True,premier-league,2013,Fulham
2014-01-01,West Ham,Home,2,True,True,premier-league,2013,Fulham
2014-01-11,Sunderland,Home,1,True,True,premier-league,2013,Fulham
2014-01-18,Arsenal,Away,0,True,True,premier-league,2013,Fulham
2014-01-28,Swansea,Away,0,True,True,premier-league,2013,Fulham
2014-02-01,Southampton,Home,0,True,True,premier-league,2013,Fulham
2014-02-09,Man United,Away,2,True,True,premier-league,2013,Fulham
2014-02-12,Liverpool,Home,2,True,True,premier-league,2013,Fulham
2014-02-22,West Brom,Away,1,True,True,premier-league,2013,Fulham
2014-03-01,Chelsea,Home,1,True,True,premier-league,2013,Fulham
2014-03-08,Cardiff,Away,1,True,True,premier-league,2013,Fulham
2014-03-15,Newcastle,Home,1,True,True,premier-league,2013,Fulham
2014-03-22,Man City,Away,0,True,True,premier-league,2013,Fulham
2014-03-30,Everton,Home,1,True,True,premier-league,2013,Fulham
2014-04-05,Aston Villa,Away,2,True,True,premier-league,2013,Fulham
2014-04-12,Norwich,Home,1,True,True,premier-league,2013,Fulham
2014-04-19,Tottenham,Away,1,True,True,premier-league,2013,Fulham
2014-04-26,Hull,Home,2,True,True,premier-league,2013,Fulham
2014-05-03,Stoke,Away,1,True,True,premier-league,2013,Fulham
2014-05-11,Crystal Palace,Home,2,True,True,premier-league,2013,Fulham
2013-08-18,Chelsea,Away,0,True,True,premier-league,2013,Hull
2013-08-24,Norwich,Home,1,True,True,premier-league,2013,Hull
2013-08-31,Man City,Away,0,True,True,premier-league,2013,Hull
2013-09-14,Cardiff,Home,1,True,True,premier-league,2013,Hull
2013-09-21,Newcastle,Away,3,True,True,premier-league,2013,Hull
2013-09-28,West Ham,Home,1,True,True,premier-league,2013,Hull
2013-10-05,Aston Villa,Home,0,True,True,premier-league,2013,Hull
2013-10-19,Everton,Away,1,True,True,premier-league,2013,Hull
2013-10-27,Tottenham,Away,0,True,True,premier-league,2013,Hull
2013-11-02,Sunderland,Home,1,True,True,premier-league,2013,Hull
2013-11-09,Southampton,Away,1,True,True,premier-league,2013,Hull
2013-11-23,Crystal Palace,Home,0,True,True,premier-league,2013,Hull
2013-12-01,Liverpool,Home,3,True,True,premier-league,2013,Hull
2013-12-04,Arsenal,Away,0,True,True,premier-league,2013,Hull
2013-12-09,Swansea,Away,1,True,True,premier-league,2013,Hull
2013-12-14,Stoke,Home,0,True,True,premier-league,2013,Hull
2013-12-21,West Brom,Away,1,True,True,premier-league,2013,Hull
2013-12-26,Man United,Home,2,True,True,premier-league,2013,Hull
2013-12-28,Fulham,Home,6,True,True,premier-league,2013,Hull
2014-01-01,Liverpool,Away,0,True,True,premier-league,2013,Hull
2014-01-11,Chelsea,Home,0,True,True,premier-league,2013,Hull
2014-01-18,Norwich,Away,0,True,True,premier-league,2013,Hull
2014-01-28,Crystal Palace,Away,0,True,True,premier-league,2013,Hull
2014-02-01,Tottenham,Home,1,True,True,premier-league,2013,Hull
2014-02-08,Sunderland,Away,2,True,True,premier-league,2013,Hull
2014-02-11,Southampton,Home,0,True,True,premier-league,2013,Hull
2014-02-22,Cardiff,Away,4,True,True,premier-league,2013,Hull
2014-03-01,Newcastle,Home,1,True,True,premier-league,2013,Hull
2014-03-15,Man City,Home,0,True,True,premier-league,2013,Hull
2014-03-22,West Brom,Home,2,True,True,premier-league,2013,Hull
2014-03-26,West Ham,Away,1,True,True,premier-league,2013,Hull
2014-03-29,Stoke,Away,0,True,True,premier-league,2013,Hull
2014-04-05,Swansea,Home,1,True,True,premier-league,2013,Hull
2014-04-20,Arsenal,Home,0,True,True,premier-league,2013,Hull
2014-04-26,Fulham,Away,2,True,True,premier-league,2013,Hull
2014-05-03,Aston Villa,Away,1,True,True,premier-league,2013,Hull
2014-05-06,Man United,Away,1,True,True,premier-league,2013,Hull
2014-05-11,Everton,Home,0,True,True,premier-league,2013,Hull
2013-08-17,Stoke,Home,1,True,True,premier-league,2013,Liverpool
2013-08-24,Aston Villa,Away,1,True,True,premier-league,2013,Liverpool
2013-09-01,Man United,Home,1,True,True,premier-league,2013,Liverpool
2013-09-16,Swansea,Away,2,True,True,premier-league,2013,Liverpool
2013-09-21,Southampton,Home,0,True,True,premier-league,2013,Liverpool
2013-09-29,Sunderland,Away,3,True,True,premier-league,2013,Liverpool
2013-10-05,Crystal Palace,Home,3,True,True,premier-league,2013,Liverpool
2013-10-19,Newcastle,Away,2,True,True,premier-league,2013,Liverpool
2013-10-26,West Brom,Home,4,True,True,premier-league,2013,Liverpool
2013-11-02,Arsenal,Away,0,True,True,premier-league,2013,Liverpool
2013-11-09,Fulham,Home,4,True,True,premier-league,2013,Liverpool
2013-11-23,Everton,Away,3,True,True,premier-league,2013,Liverpool
2013-12-01,Hull,Away,1,True,True,premier-league,2013,Liverpool
2013-12-04,Norwich,Home,5,True,True,premier-league,2013,Liverpool
2013-12-07,West Ham,Home,4,True,True,premier-league,2013,Liverpool
2013-12-15,Tottenham,Away,5,True,True,premier-league,2013,Liverpool
2013-12-21,Cardiff,Home,3,True,True,premier-league,2013,Liverpool
2013-12-26,Man City,Away,1,True,True,premier-league,2013,Liverpool
2013-12-29,Chelsea,Away,1,True,True,premier-league,2013,Liverpool
2014-01-01,Hull,Home,2,True,True,premier-league,2013,Liverpool
2014-01-12,Stoke,Away,5,True,True,premier-league,2013,Liverpool
2014-01-18,Aston Villa,Home,2,True,True,premier-league,2013,Liverpool
2014-01-28,Everton,Home,4,True,True,premier-league,2013,Liverpool
2014-02-02,West Brom,Away,1,True,True,premier-league,2013,Liverpool
2014-02-08,Arsenal,Home,5,True,True,premier-league,2013,Liverpool
2014-02-12,Fulham,Away,3,True,True,premier-league,2013,Liverpool
2014-02-23,Swansea,Home,4,True,True,premier-league,2013,Liverpool
2014-03-01,Southampton,Away,3,True,True,premier-league,2013,Liverpool
2014-03-16,Man United,Away,3,True,True,premier-league,2013,Liverpool
2014-03-22,Cardiff,Away,6,True,True,premier-league,2013,Liverpool
2014-03-26,Sunderland,Home,2,True,True,premier-league,2013,Liverpool
2014-03-30,Tottenham,Home,4,True,True,premier-league,2013,Liverpool
2014-04-06,West Ham,Away,2,True,True,premier-league,2013,Liverpool
2014-04-13,Man City,Home,3,True,True,premier-league,2013,Liverpool
2014-04-20,Norwich,Away,3,True,True,premier-league,2013,Liverpool
2014-04-27,Chelsea,Home,0,True,True,premier-league,2013,Liverpool
2014-05-05,Crystal Palace,Away,3,True,True,premier-league,2013,Liverpool
2014-05-11,Newcastle,Home,2,True,True,premier-league,2013,Liverpool
2013-08-19,Newcastle,Home,4,True,True,premier-league,2013,Man City
2013-08-25,Cardiff,Away,2,True,True,premier-league,2013,Man City
2013-08-31,Hull,Home,2,True,True,premier-league,2013,Man City
2013-09-14,Stoke,Away,0,True,True,premier-league,2013,Man City
2013-09-22,Man United,Home,4,True,True,premier-league,2013,Man City
2013-09-28,Aston Villa,Away,2,True,True,premier-league,2013,Man City
2013-10-05,Everton,Home,3,True,True,premier-league,2013,Man City
2013-10-19,West Ham,Away,3,True,True,premier-league,2013,Man City
2013-10-27,Chelsea,Away,1,True,True,premier-league,2013,Man City
2013-11-02,Norwich,Home,7,True,True,premier-league,2013,Man City
2013-11-10,Sunderland,Away,0,True,True,premier-league,2013,Man City
2013-11-24,Tottenham,Home,6,True,True,premier-league,2013,Man City
2013-12-01,Swansea,Home,3,True,True,premier-league,2013,Man City
2013-12-04,West Brom,Away,3,True,True,premier-league,2013,Man City
2013-12-07,Southampton,Away,1,True,True,premier-league,2013,Man City
2013-12-14,Arsenal,Home,6,True,True,premier-league,2013,Man City
2013-12-21,Fulham,Away,4,True,True,premier-league,2013,Man City
2013-12-26,Liverpool,Home,2,True,True,premier-league,2013,Man City
2013-12-28,Crystal Palace,Home,1,True,True,premier-league,2013,Man City
2014-01-01,Swansea,Away,3,True,True,premier-league,2013,Man City
2014-01-12,Newcastle,Away,2,True,True,premier-league,2013,Man City
2014-01-18,Cardiff,Home,4,True,True,premier-league,2013,Man City
2014-01-29,Tottenham,Away,5,True,True,premier-league,2013,Man City
2014-02-03,Chelsea,Home,0,True,True,premier-league,2013,Man City
2014-02-08,Norwich,Away,0,True,True,premier-league,2013,Man City
2014-02-22,Stoke,Home,1,True,True,premier-league,2013,Man City
2014-03-15,Hull,Away,2,True,True,premier-league,2013,Man City
2014-03-22,Fulham,Home,5,True,True,premier-league,2013,Man City
2014-03-25,Man United,Away,3,True,True,premier-league,2013,Man City
2014-03-29,Arsenal,Away,1,True,True,premier-league,2013,Man City
2014-04-05,Southampton,Home,4,True,True,premier-league,2013,Man City
2014-04-13,Liverpool,Away,2,True,True,premier-league,2013,Man City
2014-04-16,Sunderland,Home,2,True,True,premier-league,2013,Man City
2014-04-21,West Brom,Home,3,True,True,premier-league,2013,Man City
2014-04-27,Crystal Palace,Away,2,True,True,premier-league,2013,Man City
2014-05-03,Everton,Away,3,True,True,premier-league,2013,Man City
2014-05-07,Aston Villa,Home,4,True,True,premier-league,2013,Man City
2014-05-11,West Ham,Home,2,True,True,premier-league,2013,Man City
2013-08-17,Swansea,Away,4,False,False,premier-league,2013,Man United
2013-08-26,Chelsea,Home,0,False,False,premier-league,2013,Man United
2013-09-01,Liverpool,Away,0,False,False,premier-league,2013,Man United
2013-09-14,Crystal Palace,Home,2,False,False,premier-league,2013,Man United
2013-09-22,Man City,Away,1,False,False,premier-league,2013,Man United
2013-09-28,West Brom,Home,1,False,False,premier-league,2013,Man United
2013-10-05,Sunderland,Away,2,False,False,premier-league,2013,Man United
2013-10-19,Southampton,Home,1,False,False,premier-league,2013,Man United
2013-10-26,Stoke,Home,3,False,False,premier-league,2013,Man United
2013-11-02,Fulham,Away,3,False,False,premier-league,2013,Man United
2013-11-10,Arsenal,Home,1,False,False,premier-league,2013,Man United
2013-11-24,Cardiff,Away,2,False,False,premier-league,2013,Man United
2013-12-01,Tottenham,Away,2,False,False,premier-league,2013,Man United
2013-12-04,Everton,Home,0,False,False,premier-league,2013,Man United
2013-12-07,Newcastle,Home,0,False,False,premier-league,2013,Man United
2013-12-15,Aston Villa,Away,3,False,False,premier-league,2013,Man United
2013-12-21,West Ham,Home,3,False,False,premier-league,2013,Man United
2013-12-26,Hull,Away,3,False,False,premier-league,2013,Man United
2013-12-28,Norwich,Away,1,False,False,premier-league,2013,Man United
2014-01-01,Tottenham,Home,1,False,False,premier-league,2013,Man United
2014-01-11,Swansea,Home,2,False,False,premier-league,2013,Man United
2014-01-19,Chelsea,Away,1,False,False,premier-league,2013,Man United
2014-01-28,Cardiff,Home,2,False,False,premier-league,2013,Man United
2014-02-01,Stoke,Away,1,False,False,premier-league,2013,Man United
2014-02-09,Fulham,Home,2,False,False,premier-league,2013,Man United
2014-02-12,Arsenal,Away,0,False,False,premier-league,2013,Man United
2014-02-22,Crystal Palace,Away,2,False,False,premier-league,2013,Man United
2014-03-08,West Brom,Away,3,False,False,premier-league,2013,Man United
2014-03-16,Liverpool,Home,0,False,False,premier-league,2013,Man United
2014-03-22,West Ham,Away,2,False,False,premier-league,2013,Man United
2014-03-25,Man City,Home,0,False,False,premier-league,2013,Man United
2014-03-29,Aston Villa,Home,4,False,False,premier-league,2013,Man United
2014-04-05,Newcastle,Away,4,False,False,premier-league,2013,Man United
2014-04-20,Everton,Away,0,False,False,premier-league,2013,Man United
2014-04-26,Norwich,Home,4,False,False,premier-league,2013,Man United
2014-05-03,Sunderland,Home,0,False,False,premier-league,2013,Man United
2014-05-06,Hull,Home,3,False,False,premier-league,2013,Man United
2014-05-11,Southampton,Away,1,False,False,premier-league,2013,Man United
2013-08-19,Man City,Away,0,True,True,premier-league,2013,Newcastle
2013-08-24,West Ham,Home,0,True,True,premier-league,2013,Newcastle
2013-08-31,Fulham,Home,1,True,True,premier-league,2013,Newcastle
2013-09-14,Aston Villa,Away,2,True,True,premier-league,2013,Newcastle
2013-09-21,Hull,Home,2,True,True,premier-league,2013,Newcastle
2013-09-30,Everton,Away,2,True,True,premier-league,2013,Newcastle
2013-10-05,Cardiff,Away,2,True,True,premier-league,2013,Newcastle
2013-10-19,Liverpool,Home,2,True,True,premier-league,2013,Newcastle
2013-10-27,Sunderland,Away,1,True,True,premier-league,2013,Newcastle
2013-11-02,Chelsea,Home,2,True,True,premier-league,2013,Newcastle
2013-11-10,Tottenham,Away,1,True,True,premier-league,2013,Newcastle
2013-11-23,Norwich,Home,2,True,True,premier-league,2013,Newcastle
2013-11-30,West Brom,Home,2,True,True,premier-league,2013,Newcastle
2013-12-04,Swansea,Away,0,True,True,premier-league,2013,Newcastle
2013-12-07,Man United,Away,1,True,True,premier-league,2013,Newcastle
2013-12-14,Southampton,Home,1,True,True,premier-league,2013,Newcastle
2013-12-21,Crystal Palace,Away,3,True,True,premier-league,2013,Newcastle
2013-12-26,Stoke,Home,5,True,True,premier-league,2013,Newcastle
2013-12-29,Arsenal,Home,0,True,True,premier-league,2013,Newcastle
2014-01-01,West Brom,Away,0,True,True,premier-league,2013,Newcastle
2014-01-12,Man City,Home,0,True,True,premier-league,2013,Newcastle
2014-01-18,West Ham,Away,3,True,True,premier-league,2013,Newcastle
2014-01-28,Norwich,Away,0,True,True,premier-league,2013,Newcastle
2014-02-01,Sunderland,Home,0,True,True,premier-league,2013,Newcastle
2014-02-08,Chelsea,Away,0,True,True,premier-league,2013,Newcastle
2014-02-12,Tottenham,Home,0,True,True,premier-league,2013,Newcastle
2014-02-23,Aston Villa,Home,1,True,True,premier-league,2013,Newcastle
2014-03-01,Hull,Away,4,True,True,premier-league,2013,Newcastle
2014-03-15,Fulham,Away,0,True,True,premier-league,2013,Newcastle
2014-03-22,Crystal Palace,Home,1,True,True,premier-league,2013,Newcastle
2014-03-25,Everton,Home,0,True,True,premier-league,2013,Newcastle
2014-03-29,Southampton,Away,0,True,True,premier-league,2013,Newcastle
2014-04-05,Man United,Home,0,True,True,premier-league,2013,Newcastle
2014-04-12,Stoke,Away,0,True,True,premier-league,2013,Newcastle
2014-04-19,Swansea,Home,1,True,True,premier-league,2013,Newcastle
2014-04-28,Arsenal,Away,0,True,True,premier-league,2013,Newcastle
2014-05-03,Cardiff,Home,3,True,True,premier-league,2013,Newcastle
2014-05-11,Liverpool,Away,1,True,True,premier-league,2013,Newcastle
2013-08-17,Everton,Home,2,True,True,premier-league,2013,Norwich
2013-08-24,Hull,Away,0,True,True,premier-league,2013,Norwich
2013-08-31,Southampton,Home,1,True,True,premier-league,2013,Norwich
2013-09-14,Tottenham,Away,0,True,True,premier-league,2013,Norwich
2013-09-21,Aston Villa,Home,0,True,True,premier-league,2013,Norwich
2013-09-29,Stoke,Away,1,True,True,premier-league,2013,Norwich
2013-10-06,Chelsea,Home,1,True,True,premier-league,2013,Norwich
2013-10-19,Arsenal,Away,1,True,True,premier-league,2013,Norwich
2013-10-26,Cardiff,Home,0,True,True,premier-league,2013,Norwich
2013-11-02,Man City,Away,0,True,True,premier-league,2013,Norwich
2013-11-09,West Ham,Home,3,True,True,premier-league,2013,Norwich
2013-11-23,Newcastle,Away,1,True,True,premier-league,2013,Norwich
2013-11-30,Crystal Palace,Home,1,True,True,premier-league,2013,Norwich
2013-12-04,Liverpool,Away,1,True,True,premier-league,2013,Norwich
2013-12-07,West Brom,Away,2,True,True,premier-league,2013,Norwich
2013-12-15,Swansea,Home,1,True,True,premier-league,2013,Norwich
2013-12-21,Sunderland,Away,0,True,True,premier-league,2013,Norwich
2013-12-26,Fulham,Home,1,True,True,premier-league,2013,Norwich
2013-12-28,Man United,Home,0,True,True,premier-league,2013,Norwich
2014-01-01,Crystal Palace,Away,1,True,True,premier-league,2013,Norwich
2014-01-11,Everton,Away,0,True,True,premier-league,2013,Norwich
2014-01-18,Hull,Home,1,True,True,premier-league,2013,Norwich
2014-01-28,Newcastle,Home,0,True,True,premier-league,2013,Norwich
2014-02-01,Cardiff,Away,1,True,True,premier-league,2013,Norwich
2014-02-08,Man City,Home,0,True,True,premier-league,2013,Norwich
2014-02-11,West Ham,Away,0,True,True,premier-league,2013,Norwich
2014-02-23,Tottenham,Home,1,True,True,premier-league,2013,Norwich
2014-03-02,Aston Villa,Away,1,True,True,premier-league,2013,Norwich
2014-03-08,Stoke,Home,1,True,True,premier-league,2013,Norwich
2014-03-15,Southampton,Away,2,True,True,premier-league,2013,Norwich
2014-03-22,Sunderland,Home,2,True,True,premier-league,2013,Norwich
2014-03-29,Swansea,Away,0,True,True,premier-league,2013,Norwich
2014-04-05,West Brom,Home,0,True,True,premier-league,2013,Norwich
2014-04-12,Fulham,Away,0,True,True,premier-league,2013,Norwich
2014-04-20,Liverpool,Home,2,True,True,premier-league,2013,Norwich
2014-04-26,Man United,Away,0,True,True,premier-league,2013,Norwich
2014-05-04,Chelsea,Away,0,True,True,premier-league,2013,Norwich
2014-05-11,Arsenal,Home,0,True,True,premier-league,2013,Norwich
2013-08-17,West Brom,Away,1,True,True,premier-league,2013,Southampton
2013-08-24,Sunderland,Home,1,True,True,premier-league,2013,Southampton
2013-08-31,Norwich,Away,0,True,True,premier-league,2013,Southampton
2013-09-15,West Ham,Home,0,True,True,premier-league,2013,Southampton
2013-09-21,Liverpool,Away,1,True,True,premier-league,2013,Southampton
2013-09-28,Crystal Palace,Home,2,True,True,premier-league,2013,Southampton
2013-10-06,Swansea,Home,2,True,True,premier-league,2013,Southampton
2013-10-19,Man United,Away,1,True,True,premier-league,2013,Southampton
2013-10-26,Fulham,Home,2,True,True,premier-league,2013,Southampton
2013-11-02,Stoke,Away,1,True,True,premier-league,2013,Southampton
2013-11-09,Hull,Home,4,True,True,premier-league,2013,Southampton
2013-11-23,Arsenal,Away,0,True,True,premier-league,2013,Southampton
2013-12-01,Chelsea,Away,1,True,True,premier-league,2013,Southampton
2013-12-04,Aston Villa,Home,2,True,True,premier-league,2013,Southampton
2013-12-07,Man City,Home,1,True,True,premier-league,2013,Southampton
2013-12-14,Newcastle,Away,1,True,True,premier-league,2013,Southampton
2013-12-22,Tottenham,Home,2,True,True,premier-league,2013,Southampton
2013-12-26,Cardiff,Away,3,True,True,premier-league,2013,Southampton
2013-12-29,Everton,Away,1,True,True,premier-league,2013,Southampton
2014-01-01,Chelsea,Home,0,True,True,premier-league,2013,Southampton
2014-01-11,West Brom,Home,1,True,True,premier-league,2013,Southampton
2014-01-18,Sunderland,Away,2,True,True,premier-league,2013,Southampton
2014-01-28,Arsenal,Home,2,True,True,premier-league,2013,Southampton
2014-02-01,Fulham,Away,3,True,True,premier-league,2013,Southampton
2014-02-08,Stoke,Home,2,True,True,premier-league,2013,Southampton
2014-02-11,Hull,Away,1,True,True,premier-league,2013,Southampton
2014-02-22,West Ham,Away,1,True,True,premier-league,2013,Southampton
2014-03-01,Liverpool,Home,0,True,True,premier-league,2013,Southampton
2014-03-08,Crystal Palace,Away,1,True,True,premier-league,2013,Southampton
2014-03-15,Norwich,Home,4,True,True,premier-league,2013,Southampton
2014-03-23,Tottenham,Away,2,True,True,premier-league,2013,Southampton
2014-03-29,Newcastle,Home,4,True,True,premier-league,2013,Southampton
2014-04-05,Man City,Away,1,True,True,premier-league,2013,Southampton
2014-04-12,Cardiff,Home,0,True,True,premier-league,2013,Southampton
2014-04-19,Aston Villa,Away,0,True,True,premier-league,2013,Southampton
2014-04-26,Everton,Home,2,True,True,premier-league,2013,Southampton
2014-05-03,Swansea,Away,1,True,True,premier-league,2013,Southampton
2014-05-11,Man United,Home,1,True,True,premier-league,2013,Southampton
2013-08-17,Fulham,Home,0,True,True,premier-league,2013,Sunderland
2013-08-24,Southampton,Away,1,True,True,premier-league,2013,Sunderland
2013-08-31,Crystal Palace,Away,1,True,True,premier-league,2013,Sunderland
2013-09-14,Arsenal,Home,1,True,True,premier-league,2013,Sunderland
2013-09-21,West Brom,Away,0,True,True,premier-league,2013,Sunderland
2013-09-29,Liverpool,Home,1,True,True,premier-league,2013,Sunderland
2013-10-05,Man United,Home,1,True,True,premier-league,2013,Sunderland
2013-10-19,Swansea,Away,0,True,True,premier-league,2013,Sunderland
2013-10-27,Newcastle,Home,2,True,True,premier-league,2013,Sunderland
2013-11-02,Hull,Away,0,True,True,premier-league,2013,Sunderland
2013-11-10,Man City,Home,1,True,True,premier-league,2013,Sunderland
2013-11-23,Stoke,Away,0,True,True,premier-league,2013,Sunderland
2013-11-30,Aston Villa,Away,0,True,True,premier-league,2013,Sunderland
2013-12-04,Chelsea,Home,3,True,True,premier-league,2013,Sunderland
2013-12-07,Tottenham,Home,1,True,True,premier-league,2013,Sunderland
2013-12-14,West Ham,Away,0,True,True,premier-league,2013,Sunderland
2013-12-21,Norwich,Home,0,True,True,premier-league,2013,Sunderland
2013-12-26,Everton,Away,1,True,True,premier-league,2013,Sunderland
2013-12-28,Cardiff,Away,2,True,True,premier-league,2013,Sunderland
2014-01-01,Aston Villa,Home,0,True,True,premier-league,2013,Sunderland
2014-01-11,Fulham,Away,4,True,True,premier-league,2013,Sunderland
2014-01-18,Southampton,Home,2,True,True,premier-league,2013,Sunderland
2014-01-29,Stoke,Home,1,True,True,premier-league,2013,Sunderland
2014-02-01,Newcastle,Away,3,True,True,premier-league,2013,Sunderland
2014-02-08,Hull,Home,0,True,True,premier-league,2013,Sunderland
2014-02-22,Arsenal,Away,1,True,True,premier-league,2013,Sunderland
2014-03-15,Crystal Palace,Home,0,True,True,premier-league,2013,Sunderland
2014-03-22,Norwich,Away,0,True,True,premier-league,2013,Sunderland
2014-03-26,Liverpool,Away,1,True,True,premier-league,2013,Sunderland
2014-03-31,West Ham,Home,1,True,True,premier-league,2013,Sunderland
2014-04-07,Tottenham,Away,1,True,True,premier-league,2013,Sunderland
2014-04-12,Everton,Home,0,True,True,premier-league,2013,Sunderland
2014-04-16,Man City,Away,2,True,True,premier-league,2013,Sunderland
2014-04-19,Chelsea,Away,2,True,True,premier-league,2013,Sunderland
2014-04-27,Cardiff,Home,4,True,True,premier-league,2013,Sunderland
2014-05-03,Man United,Away,1,True,True,premier-league,2013,Sunderland
2014-05-07,West Brom,Home,2,True,True,premier-league,2013,Sunderland
2014-05-11,Swansea,Home,1,True,True,premier-league,2013,Sunderland
2013-08-18,Crystal Palace,Away,1,True,True,premier-league,2013,Tottenham
2013-08-25,Swansea,Home,1,True,True,premier-league,2013,Tottenham
2013-09-01,Arsenal,Away,0,True,True,premier-league,2013,Tottenham
2013-09-14,Norwich,Home,2,True,True,premier-league,2013,Tottenham
2013-09-22,Cardiff,Away,1,True,True,premier-league,2013,Tottenham
2013-09-28,Chelsea,Home,1,True,True,premier-league,2013,Tottenham
2013-10-06,West Ham,Home,0,True,True,premier-league,2013,Tottenham
2013-10-20,Aston Villa,Away,2,True,True,premier-league,2013,Tottenham
2013-10-27,Hull,Home,1,True,True,premier-league,2013,Tottenham
2013-11-03,Everton,Away,0,True,True,premier-league,2013,Tottenham
2013-11-10,Newcastle,Home,0,True,True,premier-league,2013,Tottenham
2013-11-24,Man City,Away,0,True,True,premier-league,2013,Tottenham
2013-12-01,Man United,Home,2,True,True,premier-league,2013,Tottenham
2013-12-04,Fulham,Away,2,True,True,premier-league,2013,Tottenham
2013-12-07,Sunderland,Away,2,True,True,premier-league,2013,Tottenham
2013-12-15,Liverpool,Home,0,True,True,premier-league,2013,Tottenham
2013-12-22,Southampton,Away,3,True,True,premier-league,2013,Tottenham
2013-12-26,West Brom,Home,1,True,True,premier-league,2013,Tottenham
2013-12-29,Stoke,Home,3,True,True,premier-league,2013,Tottenham
2014-01-01,Man United,Away,2,True,True,premier-league,2013,Tottenham
2014-01-11,Crystal Palace,Home,2,True,True,premier-league,2013,Tottenham
2014-01-19,Swansea,Away,3,True,True,premier-league,2013,Tottenham
2014-01-29,Man City,Home,1,True,True,premier-league,2013,Tottenham
2014-02-01,Hull,Away,1,True,True,premier-league,2013,Tottenham
2014-02-09,Everton,Home,1,True,True,premier-league,2013,Tottenham
2014-02-12,Newcastle,Away,4,True,True,premier-league,2013,Tottenham
2014-02-23,Norwich,Away,0,True,True,premier-league,2013,Tottenham
2014-03-02,Cardiff,Home,1,True,True,premier-league,2013,Tottenham
2014-03-08,Chelsea,Away,0,True,True,premier-league,2013,Tottenham
2014-03-16,Arsenal,Home,0,True,True,premier-league,2013,Tottenham
2014-03-23,Southampton,Home,3,True,True,premier-league,2013,Tottenham
2014-03-30,Liverpool,Away,0,True,True,premier-league,2013,Tottenham
2014-04-07,Sunderland,Home,5,True,True,premier-league,2013,Tottenham
2014-04-12,West Brom,Away,3,True,True,premier-league,2013,Tottenham
2014-04-19,Fulham,Home,3,True,True,premier-league,2013,Tottenham
2014-04-26,Stoke,Away,1,True,True,premier-league,2013,Tottenham
2014-05-03,West Ham,Away,0,True,True,premier-league,2013,Tottenham
2014-05-11,Aston Villa,Home,3,True,True,premier-league,2013,Tottenham
2013-08-17,Southampton,Home,0,True,True,premier-league,2013,West Brom
2013-08-24,Everton,Away,0,True,True,premier-league,2013,West Brom
2013-09-01,Swansea,Home,0,True,True,premier-league,2013,West Brom
2013-09-14,Fulham,Away,1,True,True,premier-league,2013,West Brom
2013-09-21,Sunderland,Home,3,True,True,premier-league,2013,West Brom
2013-09-28,Man United,Away,2,True,True,premier-league,2013,West Brom
2013-10-06,Arsenal,Home,1,True,True,premier-league,2013,West Brom
2013-10-19,Stoke,Away,0,True,True,premier-league,2013,West Brom
2013-10-26,Liverpool,Away,1,True,True,premier-league,2013,West Brom
2013-11-02,Crystal Palace,Home,2,True,True,premier-league,2013,West Brom
2013-11-09,Chelsea,Away,2,True,True,premier-league,2013,West Brom
2013-11-25,Aston Villa,Home,2,True,True,premier-league,2013,West Brom
2013-11-30,Newcastle,Away,1,True,True,premier-league,2013,West Brom
2013-12-04,Man City,Home,2,True,True,premier-league,2013,West Brom
2013-12-07,Norwich,Home,0,True,True,premier-league,2013,West Brom
2013-12-14,Cardiff,Away,0,True,True,premier-league,2013,West Brom
2013-12-21,Hull,Home,1,True,True,premier-league,2013,West Brom
2013-12-26,Tottenham,Away,1,True,True,premier-league,2013,West Brom
2013-12-28,West Ham,Away,3,True,True,premier-league,2013,West Brom
2014-01-01,Newcastle,Home,1,True,True,premier-league,2013,West Brom
2014-01-11,Southampton,Away,0,True,True,premier-league,2013,West Brom
2014-01-20,Everton,Home,1,True,True,premier-league,2013,West Brom
2014-01-29,Aston Villa,Away,3,True,True,premier-league,2013,West Brom
2014-02-02,Liverpool,Home,1,True,True,premier-league,2013,West Brom
2014-02-08,Crystal Palace,Away,1,True,True,premier-league,2013,West Brom
2014-02-11,Chelsea,Home,1,True,True,premier-league,2013,West Brom
2014-02-22,Fulham,Home,1,True,True,premier-league,2013,West Brom
2014-03-08,Man United,Home,0,True,True,premier-league,2013,West Brom
2014-03-15,Swansea,Away,2,True,True,premier-league,2013,West Brom
2014-03-22,Hull,Away,0,True,True,premier-league,2013,West Brom
2014-03-29,Cardiff,Home,3,True,True,premier-league,2013,West Brom
2014-04-05,Norwich,Away,1,True,True,premier-league,2013,West Brom
2014-04-12,Tottenham,Home,3,True,True,premier-league,2013,West Brom
2014-04-21,Man City,Away,1,True,True,premier-league,2013,West Brom
2014-04-26,West Ham,Home,1,True,True,premier-league,2013,West Brom
2014-05-04,Arsenal,Away,0,True,True,premier-league,2013,West Brom
2014-05-07,Sunderland,Away,0,True,True,premier-league,2013,West Brom
2014-05-11,Stoke,Home,1,True,True,premier-league,2013,West Brom
2013-08-17,Cardiff,Home,2,True,True,premier-league,2013,West Ham
2013-08-24,Newcastle,Away,0,True,True,premier-league,2013,West Ham
2013-08-31,Stoke,Home,0,True,True,premier-league,2013,West Ham
2013-09-15,Southampton,Away,0,True,True,premier-league,2013,West Ham
2013-09-21,Everton,Home,2,True,True,premier-league,2013,West Ham
2013-09-28,Hull,Away,0,True,True,premier-league,2013,West Ham
2013-10-06,Tottenham,Away,3,True,True,premier-league,2013,West Ham
2013-10-19,Man City,Home,1,True,True,premier-league,2013,West Ham
2013-10-27,Swansea,Away,0,True,True,premier-league,2013,West Ham
2013-11-02,Aston Villa,Home,0,True,True,premier-league,2013,West Ham
2013-11-09,Norwich,Away,1,True,True,premier-league,2013,West Ham
2013-11-23,Chelsea,Home,0,True,True,premier-league,2013,West Ham
2013-11-30,Fulham,Home,3,True,True,premier-league,2013,West Ham
2013-12-03,Crystal Palace,Away,0,True,True,premier-league,2013,West Ham
2013-12-07,Liverpool,Away,1,True,True,premier-league,2013,West Ham
2013-12-14,Sunderland,Home,0,True,True,premier-league,2013,West Ham
2013-12-21,Man United,Away,1,True,True,premier-league,2013,West Ham
2013-12-26,Arsenal,Home,1,True,True,premier-league,2013,West Ham
2013-12-28,West Brom,Home,3,True,True,premier-league,2013,West Ham
2014-01-01,Fulham,Away,1,True,True,premier-league,2013,West Ham
2014-01-11,Cardiff,Away,2,True,True,premier-league,2013,West Ham
2014-01-18,Newcastle,Home,1,True,True,premier-league,2013,West Ham
2014-01-29,Chelsea,Away,0,True,True,premier-league,2013,West Ham
2014-02-01,Swansea,Home,2,True,True,premier-league,2013,West Ham
2014-02-08,Aston Villa,Away,2,True,True,premier-league,2013,West Ham
2014-02-11,Norwich,Home,2,True,True,premier-league,2013,West Ham
2014-02-22,Southampton,Home,3,True,True,premier-league,2013,West Ham
2014-03-01,Everton,Away,0,True,True,premier-league,2013,West Ham
2014-03-15,Stoke,Away,1,True,True,premier-league,2013,West Ham
2014-03-22,Man United,Home,0,True,True,premier-league,2013,West Ham
2014-03-26,Hull,Home,2,True,True,premier-league,2013,West Ham
2014-03-31,Sunderland,Away,2,True,True,premier-league,2013,West Ham
2014-04-06,Liverpool,Home,1,True,True,premier-league,2013,West Ham
2014-04-15,Arsenal,Away,1,True,True,premier-league,2013,West Ham
2014-04-19,Crystal Palace,Home,0,True,True,premier-league,2013,West Ham
2014-04-26,West Brom,Away,0,True,True,premier-league,2013,West Ham
2014-05-03,Tottenham,Home,2,True,True,premier-league,2013,West Ham
2014-05-11,Man City,Away,0,True,True,premier-league,2013,West Ham
2014-08-16,Crystal Palace,Home,2,True,True,premier-league,2014,Arsenal
2014-08-23,Everton,Away,2,True,True,premier-league,2014,Arsenal
2014-08-31,Leicester,Away,1,True,True,premier-league,2014,Arsenal
2014-09-13,Man City,Home,2,True,True,premier-league,2014,Arsenal
2014-09-20,Aston Villa,Away,3,True,True,premier-league,2014,Arsenal
2014-09-27,Tottenham,Home,1,True,True,premier-league,2014,Arsenal
2014-10-05,Chelsea,Away,0,True,True,premier-league,2014,Arsenal
2014-10-18,Hull,Home,2,True,True,premier-league,2014,Arsenal
2014-10-25,Sunderland,Away,2,True,True,premier-league,2014,Arsenal
2014-11-01,Burnley,Home,3,True,True,premier-league,2014,Arsenal
2014-11-09,Swansea,Away,1,True,True,premier-league,2014,Arsenal
2014-11-22,Man United,Home,1,True,True,premier-league,2014,Arsenal
2014-11-29,West Brom,Away,1,True,True,premier-league,2014,Arsenal
2014-12-03,Southampton,Home,1,True,True,premier-league,2014,Arsenal
2014-12-06,Stoke,Away,2,True,True,premier-league,2014,Arsenal
2014-12-13,Newcastle,Home,4,True,True,premier-league,2014,Arsenal
2014-12-21,Liverpool,Away,2,True,True,premier-league,2014,Arsenal
2014-12-26,QPR,Home,2,True,True,premier-league,2014,Arsenal
2014-12-28,West Ham,Away,2,True,True,premier-league,2014,Arsenal
2015-01-01,Southampton,Away,0,True,True,premier-league,2014,Arsenal
2015-01-11,Stoke,Home,3,True,True,premier-league,2014,Arsenal
2015-01-18,Man City,Away,2,True,True,premier-league,2014,Arsenal
2015-02-01,Aston Villa,Home,5,True,True,premier-league,2014,Arsenal
2015-02-07,Tottenham,Away,1,True,True,premier-league,2014,Arsenal
2015-02-10,Leicester,Home,2,True,True,premier-league,2014,Arsenal
2015-02-21,Crystal Palace,Away,2,True,True,premier-league,2014,Arsenal
2015-03-01,Everton,Home,2,True,True,premier-league,2014,Arsenal
2015-03-04,QPR,Away,2,True,True,premier-league,2014,Arsenal
2015-03-14,West Ham,Home,3,True,True,premier-league,2014,Arsenal
2015-03-21,Newcastle,Away,2,True,True,premier-league,2014,Arsenal
2015-04-04,Liverpool,Home,4,True,True,premier-league,2014,Arsenal
2015-04-11,Burnley,Away,1,True,True,premier-league,2014,Arsenal
2015-04-26,Chelsea,Home,0,True,True,premier-league,2014,Arsenal
2015-05-04,Hull,Away,3,True,True,premier-league,2014,Arsenal
2015-05-11,Swansea,Home,0,True,True,premier-league,2014,Arsenal
2015-05-17,Man United,Away,1,True,True,premier-league,2014,Arsenal
2015-05-20,Sunderland,Home,0,True,True,premier-league,2014,Arsenal
2015-05-24,West Brom,Home,4,True,True,premier-league,2014,Arsenal
2014-08-16,Stoke,Away,1,True,True,premier-league,2014,Aston Villa
2014-08-23,Newcastle,Home,0,True,True,premier-league,2014,Aston Villa
2014-08-31,Hull,Home,2,True,True,premier-league,2014,Aston Villa
2014-09-13,Liverpool,Away,1,True,True,premier-league,2014,Aston Villa
2014-09-20,Arsenal,Home,0,True,True,premier-league,2014,Aston Villa
2014-09-27,Chelsea,Away,0,True,True,premier-league,2014,Aston Villa
2014-10-04,Man City,Home,0,True,True,premier-league,2014,Aston Villa
2014-10-18,Everton,Away,0,True,True,premier-league,2014,Aston Villa
2014-10-27,QPR,Away,0,True,True,premier-league,2014,Aston Villa
2014-11-02,Tottenham,Home,1,True,True,premier-league,2014,Aston Villa
2014-11-08,West Ham,Away,0,True,True,premier-league,2014,Aston Villa
2014-11-24,Southampton,Home,1,True,True,premier-league,2014,Aston Villa
2014-11-29,Burnley,Away,1,True,True,premier-league,2014,Aston Villa
2014-12-02,Crystal Palace,Away,1,True,True,premier-league,2014,Aston Villa
2014-12-07,Leicester,Home,2,True,True,premier-league,2014,Aston Villa
2014-12-13,West Brom,Away,0,True,True,premier-league,2014,Aston Villa
2014-12-20,Man United,Home,1,True,True,premier-league,2014,Aston Villa
2014-12-26,Swansea,Away,0,True,True,premier-league,2014,Aston Villa
2014-12-28,Sunderland,Home,0,True,True,premier-league,2014,Aston Villa
2015-01-01,Crystal Palace,Home,0,True,True,premier-league,2014,Aston Villa
2015-01-10,Leicester,Away,0,True,True,premier-league,2014,Aston Villa
2015-01-17,Liverpool,Home,0,True,True,premier-league,2014,Aston Villa
2015-02-01,Arsenal,Away,0,True,True,premier-league,2014,Aston Villa
2015-02-07,Chelsea,Home,1,True,True,premier-league,2014,Aston Villa
2015-02-10,Hull,Away,0,True,True,premier-league,2014,Aston Villa
2015-02-21,Stoke,Home,1,True,True,premier-league,2014,Aston Villa
2015-02-28,Newcastle,Away,0,True,True,premier-league,2014,Aston Villa
2015-03-03,West Brom,Home,2,True,True,premier-league,2014,Aston Villa
2015-03-14,Sunderland,Away,4,True,True,premier-league,2014,Aston Villa
2015-03-21,Swansea,Home,0,True,True,premier-league,2014,Aston Villa
2015-04-04,Man United,Away,1,True,True,premier-league,2014,Aston Villa
2015-04-07,QPR,Home,3,True,True,premier-league,2014,Aston Villa
2015-04-11,Tottenham,Away,1,True,True,premier-league,2014,Aston Villa
2015-04-25,Man City,Away,2,True,True,premier-league,2014,Aston Villa
2015-05-02,Everton,Home,3,True,True,premier-league,2014,Aston Villa
2015-05-09,West Ham,Home,1,True,True,premier-league,2014,Aston Villa
2015-05-16,Southampton,Away,1,True,True,premier-league,2014,Aston Villa
2015-05-24,Burnley,Home,0,True,True,premier-league,2014,Aston Villa
2014-08-18,Chelsea,Home,1,False,False,premier-league,2014,Burnley
2014-08-23,Swansea,Away,0,False,False,premier-league,2014,Burnley
2014-08-30,Man United,Home,0,False,False,premier-league,2014,Burnley
2014-09-13,Crystal Palace,Away,0,False,False,premier-league,2014,Burnley
2014-09-20,Sunderland,Home,0,False,False,premier-league,2014,Burnley
2014-09-28,West Brom,Away,0,False,False,premier-league,2014,Burnley
2014-10-04,Leicester,Away,2,False,False,premier-league,2014,Burnley
2014-10-18,West Ham,Home,1,False,False,premier-league,2014,Burnley
2014-10-26,Everton,Home,1,False,False,premier-league,2014,Burnley
2014-11-01,Arsenal,Away,0,False,False,premier-league,2014,Burnley
2014-11-08,Hull,Home,1,False,False,premier-league,2014,Burnley
2014-11-22,Stoke,Away,2,False,False,premier-league,2014,Burnley
2014-11-29,Aston Villa,Home,1,False,False,premier-league,2014,Burnley
2014-12-02,Newcastle,Home,1,False,False,premier-league,2014,Burnley
2014-12-06,QPR,Away,0,False,False,premier-league,2014,Burnley
2014-12-13,Southampton,Home,1,False,False,premier-league,2014,Burnley
2014-12-20,Tottenham,Away,1,False,False,premier-league,2014,Burnley
2014-12-26,Liverpool,Home,0,False,False,premier-league,2014,Burnley
2014-12-28,Man City,Away,2,False,False,premier-league,2014,Burnley
2015-01-01,Newcastle,Away,3,False,False,premier-league,2014,Burnley
2015-01-10,QPR,Home,2,False,False,premier-league,2014,Burnley
2015-01-17,Crystal Palace,Home,2,False,False,premier-league,2014,Burnley
2015-01-31,Sunderland,Away,0,False,False,premier-league,2014,Burnley
2015-02-08,West Brom,Home,2,False,False,premier-league,2014,Burnley
2015-02-11,Man United,Away,1,False,False,premier-league,2014,Burnley
2015-02-21,Chelsea,Away,1,False,False,premier-league,2014,Burnley
2015-02-28,Swansea,Home,0,False,False,premier-league,2014,Burnley
2015-03-04,Liverpool,Away,0,False,False,premier-league,2014,Burnley
2015-03-14,Man City,Home,1,False,False,premier-league,2014,Burnley
2015-03-21,Southampton,Away,0,False,False,premier-league,2014,Burnley
2015-04-05,Tottenham,Home,0,False,False,premier-league,2014,Burnley
2015-04-11,Arsenal,Home,0,False,False,premier-league,2014,Burnley
2015-04-18,Everton,Away,0,False,False,premier-league,2014,Burnley
2015-04-25,Leicester,Home,0,False,False,premier-league,2014,Burnley
2015-05-02,West Ham,Away,0,False,False,premier-league,2014,Burnley
2015-05-09,Hull,Away,1,False,False,premier-league,2014,Burnley
2015-05-16,Stoke,Home,0,False,False,premier-league,2014,Burnley
2015-05-24,Aston Villa,Away,1,False,False,premier-league,2014,Burnley
2014-08-18,Burnley,Away,3,True,True,premier-league,2014,Chelsea
2014-08-23,Leicester,Home,2,True,True,premier-league,2014,Chelsea
2014-08-30,Everton,Away,6,True,True,premier-league,2014,Chelsea
2014-09-13,Swansea,Home,4,True,True,premier-league,2014,Chelsea
2014-09-21,Man City,Away,1,True,True,premier-league,2014,Chelsea
2014-09-27,Aston Villa,Home,3,True,True,premier-league,2014,Chelsea
2014-10-05,Arsenal,Home,2,True,True,premier-league,2014,Chelsea
2014-10-18,Crystal Palace,Away,2,True,True,premier-league,2014,Chelsea
2014-10-26,Man United,Away,1,True,True,premier-league,2014,Chelsea
2014-11-01,QPR,Home,2,True,True,premier-league,2014,Chelsea
2014-11-08,Liverpool,Away,2,True,True,premier-league,2014,Chelsea
2014-11-22,West Brom,Home,2,True,True,premier-league,2014,Chelsea
2014-11-29,Sunderland,Away,0,True,True,premier-league,2014,Chelsea
2014-12-03,Tottenham,Home,3,True,True,premier-league,2014,Chelsea
2014-12-06,Newcastle,Away,1,True,True,premier-league,2014,Chelsea
2014-12-13,Hull,Home,2,True,True,premier-league,2014,Chelsea
2014-12-22,Stoke,Away,2,True,True,premier-league,2014,Chelsea
2014-12-26,West Ham,Home,2,True,True,premier-league,2014,Chelsea
2014-12-28,Southampton,Away,1,True,True,premier-league,2014,Chelsea
2015-01-01,Tottenham,Away,3,True,True,premier-league,2014,Chelsea
2015-01-10,Newcastle,Home,2,True,True,premier-league,2014,Chelsea
2015-01-17,Swansea,Away,5,True,True,premier-league,2014,Chelsea
2015-01-31,Man City,Home,1,True,True,premier-league,2014,Chelsea
2015-02-07,Aston Villa,Away,2,True,True,premier-league,2014,Chelsea
2015-02-11,Everton,Home,1,True,True,premier-league,2014,Chelsea
2015-02-21,Burnley,Home,1,True,True,premier-league,2014,Chelsea
2015-03-04,West Ham,Away,1,True,True,premier-league,2014,Chelsea
2015-03-15,Southampton,Home,1,True,True,premier-league,2014,Chelsea
2015-03-22,Hull,Away,3,True,True,premier-league,2014,Chelsea
2015-04-04,Stoke,Home,2,True,True,premier-league,2014,Chelsea
2015-04-12,QPR,Away,1,True,True,premier-league,2014,Chelsea
2015-04-18,Man United,Home,1,True,True,premier-league,2014,Chelsea
2015-04-26,Arsenal,Away,0,True,True,premier-league,2014,Chelsea
2015-04-29,Leicester,Away,3,True,True,premier-league,2014,Chelsea
2015-05-03,Crystal Palace,Home,1,True,True,premier-league,2014,Chelsea
2015-05-10,Liverpool,Home,1,True,True,premier-league,2014,Chelsea
2015-05-18,West Brom,Away,0,True,True,premier-league,2014,Chelsea
2015-05-24,Sunderland,Home,3,True,True,premier-league,2014,Chelsea
2014-08-16,Arsenal,Away,1,True,True,premier-league,2014,Crystal Palace
2014-08-23,West Ham,Home,1,True,True,premier-league,2014,Crystal Palace
2014-08-30,Newcastle,Away,3,True,True,premier-league,2014,Crystal Palace
2014-09-13,Burnley,Home,0,True,True,premier-league,2014,Crystal Palace
2014-09-21,Everton,Away,3,True,True,premier-league,2014,Crystal Palace
2014-09-27,Leicester,Home,2,True,True,premier-league,2014,Crystal Palace
2014-10-04,Hull,Away,0,True,True,premier-league,2014,Crystal Palace
2014-10-18,Chelsea,Home,1,True,True,premier-league,2014,Crystal Palace
2014-10-25,West Brom,Away,2,True,True,premier-league,2014,Crystal Palace
2014-11-03,Sunderland,Home,1,True,True,premier-league,2014,Crystal Palace
2014-11-08,Man United,Away,0,True,True,premier-league,2014,Crystal Palace
2014-11-23,Liverpool,Home,3,True,True,premier-league,2014,Crystal Palace
2014-11-29,Swansea,Away,1,True,True,premier-league,2014,Crystal Palace
2014-12-02,Aston Villa,Home,0,True,True,premier-league,2014,Crystal Palace
2014-12-06,Tottenham,Away,0,True,True,premier-league,2014,Crystal Palace
2014-12-13,Stoke,Home,1,True,True,premier-league,2014,Crystal Palace
2014-12-20,Man City,Away,0,True,True,premier-league,2014,Crystal Palace
2014-12-26,Southampton,Home,1,True,True,premier-league,2014,Crystal Palace
2014-12-28,QPR,Away,0,True,True,premier-league,2014,Crystal Palace
2015-01-01,Aston Villa,Away,0,True,True,premier-league,2014,Crystal Palace
2015-01-10,Tottenham,Home,2,True,True,premier-league,2014,Crystal Palace
2015-01-17,Burnley,Away,3,True,True,premier-league,2014,Crystal Palace
2015-01-31,Everton,Home,0,True,True,premier-league,2014,Crystal Palace
2015-02-07,Leicester,Away,1,True,True,premier-league,2014,Crystal Palace
2015-02-11,Newcastle,Home,1,True,True,premier-league,2014,Crystal Palace
2015-02-21,Arsenal,Home,1,True,True,premier-league,2014,Crystal Palace
2015-02-28,West Ham,Away,3,True,True,premier-league,2014,Crystal Palace
2015-03-03,Southampton,Away,0,True,True,premier-league,2014,Crystal Palace
2015-03-14,QPR,Home,3,True,True,premier-league,2014,Crystal Palace
2015-03-21,Stoke,Away,2,True,True,premier-league,2014,Crystal Palace
2015-04-06,Man City,Home,2,True,True,premier-league,2014,Crystal Palace
2015-04-11,Sunderland,Away,4,True,True,premier-league,2014,Crystal Palace
2015-04-18,West Brom,Home,0,True,True,premier-league,2014,Crystal Palace
2015-04-25,Hull,Home,0,True,True,premier-league,2014,Crystal Palace
2015-05-03,Chelsea,Away,0,True,True,premier-league,2014,Crystal Palace
2015-05-09,Man United,Home,1,True,True,premier-league,2014,Crystal Palace
2015-05-16,Liverpool,Away,3,True,True,premier-league,2014,Crystal Palace
2015-05-24,Swansea,Home,1,True,True,premier-league,2014,Crystal Palace
2014-08-16,Leicester,Away,2,True,True,premier-league,2014,Everton
2014-08-23,Arsenal,Home,2,True,True,premier-league,2014,Everton
2014-08-30,Chelsea,Home,3,True,True,premier-league,2014,Everton
2014-09-13,West Brom,Away,2,True,True,premier-league,2014,Everton
2014-09-21,Crystal Palace,Home,2,True,True,premier-league,2014,Everton
2014-09-27,Liverpool,Away,1,True,True,premier-league,2014,Everton
2014-10-05,Man United,Away,1,True,True,premier-league,2014,Everton
2014-10-18,Aston Villa,Home,3,True,True,premier-league,2014,Everton
2014-10-26,Burnley,Away,3,True,True,premier-league,2014,Everton
2014-11-01,Swansea,Home,0,True,True,premier-league,2014,Everton
2014-11-09,Sunderland,Away,1,True,True,premier-league,2014,Everton
2014-11-22,West Ham,Home,2,True,True,premier-league,2014,Everton
2014-11-30,Tottenham,Away,1,True,True,premier-league,2014,Everton
2014-12-03,Hull,Home,1,True,True,premier-league,2014,Everton
2014-12-06,Man City,Away,0,True,True,premier-league,2014,Everton
2014-12-15,QPR,Home,3,True,True,premier-league,2014,Everton
2014-12-20,Southampton,Away,0,True,True,premier-league,2014,Everton
2014-12-26,Stoke,Home,0,True,True,premier-league,2014,Everton
2014-12-28,Newcastle,Away,2,True,True,premier-league,2014,Everton
2015-01-01,Hull,Away,0,True,True,premier-league,2014,Everton
2015-01-10,Man City,Home,1,True,True,premier-league,2014,Everton
2015-01-19,West Brom,Home,0,True,True,premier-league,2014,Everton
2015-01-31,Crystal Palace,Away,1,True,True,premier-league,2014,Everton
2015-02-07,Liverpool,Home,0,True,True,premier-league,2014,Everton
2015-02-11,Chelsea,Away,0,True,True,premier-league,2014,Everton
2015-02-22,Leicester,Home,2,True,True,premier-league,2014,Everton
2015-03-01,Arsenal,Away,0,True,True,premier-league,2014,Everton
2015-03-04,Stoke,Away,0,True,True,premier-league,2014,Everton
2015-03-15,Newcastle,Home,3,True,True,premier-league,2014,Everton
2015-03-22,QPR,Away,2,True,True,premier-league,2014,Everton
2015-04-04,Southampton,Home,1,True,True,premier-league,2014,Everton
2015-04-11,Swansea,Away,1,True,True,premier-league,2014,Everton
2015-04-18,Burnley,Home,1,True,True,premier-league,2014,Everton
2015-04-26,Man United,Home,3,True,True,premier-league,2014,Everton
2015-05-02,Aston Villa,Away,2,True,True,premier-league,2014,Everton
2015-05-09,Sunderland,Home,0,True,True,premier-league,2014,Everton
2015-05-16,West Ham,Away,2,True,True,premier-league,2014,Everton
2015-05-24,Tottenham,Home,0,True,True,premier-league,2014,Everton
2014-08-16,QPR,Away,1,True,True,premier-league,2014,Hull
2014-08-24,Stoke,Home,1,True,True,premier-league,2014,Hull
2014-08-31,Aston Villa,Away,1,True,True,premier-league,2014,Hull
2014-09-15,West Ham,Home,2,True,True,premier-league,2014,Hull
2014-09-20,Newcastle,Away,2,True,True,premier-league,2014,Hull
2014-09-27,Man City,Home,2,True,True,premier-league,2014,Hull
2014-10-04,Crystal Palace,Home,2,True,True,premier-league,2014,Hull
2014-10-18,Arsenal,Away,2,True,True,premier-league,2014,Hull
2014-10-25,Liverpool,Away,0,True,True,premier-league,2014,Hull
2014-11-01,Southampton,Home,0,True,True,premier-league,2014,Hull
2014-11-08,Burnley,Away,0,True,True,premier-league,2014,Hull
2014-11-23,Tottenham,Home,1,True,True,premier-league,2014,Hull
2014-11-29,Man United,Away,0,True,True,premier-league,2014,Hull
2014-12-03,Everton,Away,1,True,True,premier-league,2014,Hull
2014-12-06,West Brom,Home,0,True,True,premier-league,2014,Hull
2014-12-13,Chelsea,Away,0,True,True,premier-league,2014,Hull
2014-12-20,Swansea,Home,0,True,True,premier-league,2014,Hull
2014-12-26,Sunderland,Away,3,True,True,premier-league,2014,Hull
2014-12-28,Leicester,Home,0,True,True,premier-league,2014,Hull
2015-01-01,Everton,Home,2,True,True,premier-league,2014,Hull
2015-01-10,West Brom,Away,0,True,True,premier-league,2014,Hull
2015-01-18,West Ham,Away,0,True,True,premier-league,2014,Hull
2015-01-31,Newcastle,Home,0,True,True,premier-league,2014,Hull
2015-02-07,Man City,Away,1,True,True,premier-league,2014,Hull
2015-02-10,Aston Villa,Home,2,True,True,premier-league,2014,Hull
2015-02-21,QPR,Home,2,True,True,premier-league,2014,Hull
2015-02-28,Stoke,Away,0,True,True,premier-league,2014,Hull
2015-03-03,Sunderland,Home,1,True,True,premier-league,2014,Hull
2015-03-14,Leicester,Away,0,True,True,premier-league,2014,Hull
2015-03-22,Chelsea,Home,2,True,True,premier-league,2014,Hull
2015-04-04,Swansea,Away,1,True,True,premier-league,2014,Hull
2015-04-11,Southampton,Away,0,True,True,premier-league,2014,Hull
2015-04-25,Crystal Palace,Away,2,True,True,premier-league,2014,Hull
2015-04-28,Liverpool,Home,1,True,True,premier-league,2014,Hull
2015-05-04,Arsenal,Home,1,True,True,premier-league,2014,Hull
2015-05-09,Burnley,Home,0,True,True,premier-league,2014,Hull
2015-05-16,Tottenham,Away,0,True,True,premier-league,2014,Hull
2015-05-24,Man United,Home,0,True,True,premier-league,2014,Hull
2014-08-16,Everton,Home,2,True,True,premier-league,2014,Leicester
2014-08-23,Chelsea,Away,0,True,True,premier-league,2014,Leicester
2014-08-31,Arsenal,Home,1,True,True,premier-league,2014,Leicester
2014-09-13,Stoke,Away,1,True,True,premier-league,2014,Leicester
2014-09-21,Man United,Home,5,True,True,premier-league,2014,Leicester
2014-09-27,Crystal Palace,Away,0,True,True,premier-league,2014,Leicester
2014-10-04,Burnley,Home,2,True,True,premier-league,2014,Leicester
2014-10-18,Newcastle,Away,0,True,True,premier-league,2014,Leicester
2014-10-25,Swansea,Away,0,True,True,premier-league,2014,Leicester
2014-11-01,West Brom,Home,0,True,True,premier-league,2014,Leicester
2014-11-08,Southampton,Away,0,True,True,premier-league,2014,Leicester
2014-11-22,Sunderland,Home,0,True,True,premier-league,2014,Leicester
2014-11-29,QPR,Away,2,True,True,premier-league,2014,Leicester
2014-12-02,Liverpool,Home,1,True,True,premier-league,2014,Leicester
2014-12-07,Aston Villa,Away,1,True,True,premier-league,2014,Leicester
2014-12-13,Man City,Home,0,True,True,premier-league,2014,Leicester
2014-12-20,West Ham,Away,0,True,True,premier-league,2014,Leicester
2014-12-26,Tottenham,Home,1,True,True,premier-league,2014,Leicester
2014-12-28,Hull,Away,1,True,True,premier-league,2014,Leicester
2015-01-01,Liverpool,Away,2,True,True,premier-league,2014,Leicester
2015-01-10,Aston Villa,Home,1,True,True,premier-league,2014,Leicester
2015-01-17,Stoke,Home,0,True,True,premier-league,2014,Leicester
2015-01-31,Man United,Away,1,True,True,premier-league,2014,Leicester
2015-02-07,Crystal Palace,Home,0,True,True,premier-league,2014,Leicester
2015-02-10,Arsenal,Away,1,True,True,premier-league,2014,Leicester
2015-02-22,Everton,Away,2,True,True,premier-league,2014,Leicester
2015-03-04,Man City,Away,0,True,True,premier-league,2014,Leicester
2015-03-14,Hull,Home,0,True,True,premier-league,2014,Leicester
2015-03-21,Tottenham,Away,3,True,True,premier-league,2014,Leicester
2015-04-04,West Ham,Home,2,True,True,premier-league,2014,Leicester
2015-04-11,West Brom,Away,3,True,True,premier-league,2014,Leicester
2015-04-18,Swansea,Home,2,True,True,premier-league,2014,Leicester
2015-04-25,Burnley,Away,1,True,True,premier-league,2014,Leicester
2015-04-29,Chelsea,Home,1,True,True,premier-league,2014,Leicester
2015-05-02,Newcastle,Home,3,True,True,premier-league,2014,Leicester
2015-05-09,Southampton,Home,2,True,True,premier-league,2014,Leicester
2015-05-16,Sunderland,Away,0,True,True,premier-league,2014,Leicester
2015-05-24,QPR,Home,5,True,True,premier-league,2014,Leicester
2014-08-17,Southampton,Home,2,True,True,premier-league,2014,Liverpool
2014-08-25,Man City,Away,1,True,True,premier-league,2014,Liverpool
2014-08-31,Tottenham,Away,3,True,True,premier-league,2014,Liverpool
2014-09-13,Aston Villa,Home,0,True,True,premier-league,2014,Liverpool
2014-09-20,West Ham,Away,1,True,True,premier-league,2014,Liverpool
2014-09-27,Everton,Home,1,True,True,premier-league,2014,Liverpool
2014-10-04,West Brom,Home,2,True,True,premier-league,2014,Liverpool
2014-10-19,QPR,Away,3,True,True,premier-league,2014,Liverpool
2014-10-25,Hull,Home,0,True,True,premier-league,2014,Liverpool
2014-11-01,Newcastle,Away,0,True,True,premier-league,2014,Liverpool
2014-11-08,Chelsea,Home,1,True,True,premier-league,2014,Liverpool
2014-11-23,Crystal Palace,Away,1,True,True,premier-league,2014,Liverpool
2014-11-29,Stoke,Home,1,True,True,premier-league,2014,Liverpool
2014-12-02,Leicester,Away,3,True,True,premier-league,2014,Liverpool
2014-12-06,Sunderland,Home,0,True,True,premier-league,2014,Liverpool
2014-12-14,Man United,Away,0,True,True,premier-league,2014,Liverpool
2014-12-21,Arsenal,Home,2,True,True,premier-league,2014,Liverpool
2014-12-26,Burnley,Away,1,True,True,premier-league,2014,Liverpool
2014-12-29,Swansea,Home,4,True,True,premier-league,2014,Liverpool
2015-01-01,Leicester,Home,2,True,True,premier-league,2014,Liverpool
2015-01-10,Sunderland,Away,1,True,True,premier-league,2014,Liverpool
2015-01-17,Aston Villa,Away,2,True,True,premier-league,2014,Liverpool
2015-01-31,West Ham,Home,2,True,True,premier-league,2014,Liverpool
2015-02-07,Everton,Away,0,True,True,premier-league,2014,Liverpool
2015-02-10,Tottenham,Home,3,True,True,premier-league,2014,Liverpool
2015-02-22,Southampton,Away,2,True,True,premier-league,2014,Liverpool
2015-03-01,Man City,Home,2,True,True,premier-league,2014,Liverpool
2015-03-04,Burnley,Home,2,True,True,premier-league,2014,Liverpool
2015-03-16,Swansea,Away,1,True,True,premier-league,2014,Liverpool
2015-03-22,Man United,Home,1,True,True,premier-league,2014,Liverpool
2015-04-04,Arsenal,Away,1,True,True,premier-league,2014,Liverpool
2015-04-13,Newcastle,Home,2,True,True,premier-league,2014,Liverpool
2015-04-25,West Brom,Away,0,True,True,premier-league,2014,Liverpool
2015-04-28,Hull,Away,0,True,True,premier-league,2014,Liverpool
2015-05-02,QPR,Home,2,True,True,premier-league,2014,Liverpool
2015-05-10,Chelsea,Away,1,True,True,premier-league,2014,Liverpool
2015-05-16,Crystal Palace,Home,1,True,True,premier-league,2014,Liverpool
2015-05-24,Stoke,Away,1,True,True,premier-league,2014,Liverpool
2014-08-17,Newcastle,Away,2,True,True,premier-league,2014,Man City
2014-08-25,Liverpool,Home,3,True,True,premier-league,2014,Man City
2014-08-30,Stoke,Home,0,True,True,premier-league,2014,Man City
2014-09-13,Arsenal,Away,2,True,True,premier-league,2014,Man City
2014-09-21,Chelsea,Home,1,True,True,premier-league,2014,Man City
2014-09-27,Hull,Away,4,True,True,premier-league,2014,Man City
2014-10-04,Aston Villa,Away,2,True,True,premier-league,2014,Man City
2014-10-18,Tottenham,Home,4,True,True,premier-league,2014,Man City
2014-10-25,West Ham,Away,1,True,True,premier-league,2014,Man City
2014-11-02,Man United,Home,1,True,True,premier-league,2014,Man City
2014-11-08,QPR,Away,2,True,True,premier-league,2014,Man City
2014-11-22,Swansea,Home,2,True,True,premier-league,2014,Man City
2014-11-30,Southampton,Away,3,True,True,premier-league,2014,Man City
2014-12-03,Sunderland,Away,4,True,True,premier-league,2014,Man City
2014-12-06,Everton,Home,1,True,True,premier-league,2014,Man City
2014-12-13,Leicester,Away,1,True,True,premier-league,2014,Man City
2014-12-20,Crystal Palace,Home,3,True,True,premier-league,2014,Man City
2014-12-26,West Brom,Away,3,True,True,premier-league,2014,Man City
2014-12-28,Burnley,Home,2,True,True,premier-league,2014,Man City
2015-01-01,Sunderland,Home,3,True,True,premier-league,2014,Man City
2015-01-10,Everton,Away,1,True,True,premier-league,2014,Man City
2015-01-18,Arsenal,Home,0,True,True,premier-league,2014,Man City
2015-01-31,Chelsea,Away,1,True,True,premier-league,2014,Man City
2015-02-07,Hull,Home,1,True,True,premier-league,2014,Man City
2015-02-11,Stoke,Away,4,True,True,premier-league,2014,Man City
2015-02-21,Newcastle,Home,5,True,True,premier-league,2014,Man City
2015-03-01,Liverpool,Away,1,True,True,premier-league,2014,Man City
2015-03-04,Leicester,Home,2,True,True,premier-league,2014,Man City
2015-03-14,Burnley,Away,0,True,True,premier-league,2014,Man City
2015-03-21,West Brom,Home,3,True,True,premier-league,2014,Man City
2015-04-06,Crystal Palace,Away,1,True,True,premier-league,2014,Man City
2015-04-12,Man United,Away,2,True,True,premier-league,2014,Man City
2015-04-19,West Ham,Home,2,True,True,premier-league,2014,Man City
2015-04-25,Aston Villa,Home,3,True,True,premier-league,2014,Man City
2015-05-03,Tottenham,Away,1,True,True,premier-league,2014,Man City
2015-05-10,QPR,Home,6,True,True,premier-league,2014,Man City
2015-05-17,Swansea,Away,4,True,True,premier-league,2014,Man City
2015-05-24,Southampton,Home,2,True,True,premier-league,2014,Man City
2014-08-16,Swansea,Home,1,False,False,premier-league,2014,Man United
2014-08-24,Sunderland,Away,1,False,False,premier-league,2014,Man United
2014-08-30,Burnley,Away,0,False,False,premier-league,2014,Man United
2014-09-14,QPR,Home,4,False,False,premier-league,2014,Man United
2014-09-21,Leicester,Away,3,False,False,premier-league,2014,Man United
2014-09-27,West Ham,Home,2,False,False,premier-league,2014,Man United
2014-10-05,Everton,Home,2,False,False,premier-league,2014,Man United
2014-10-20,West Brom,Away,2,False,False,premier-league,2014,Man United
2014-10-26,Chelsea,Home,1,False,False,premier-league,2014,Man United
2014-11-02,Man City,Away,0,False,False,premier-league,2014,Man United
2014-11-08,Crystal Palace,Home,1,False,False,premier-league,2014,Man United
2014-11-22,Arsenal,Away,2,False,False,premier-league,2014,Man United
2014-11-29,Hull,Home,3,False,False,premier-league,2014,Man United
2014-12-02,Stoke,Home,2,False,False,premier-league,2014,Man United
2014-12-08,Southampton,Away,2,False,False,premier-league,2014,Man United
2014-12-14,Liverpool,Home,3,False,False,premier-league,2014,Man United
2014-12-20,Aston Villa,Away,1,False,False,premier-league,2014,Man United
2014-12-26,Newcastle,Home,3,False,False,premier-league,2014,Man United
2014-12-28,Tottenham,Away,0,False,False,premier-league,2014,Man United
2015-01-01,Stoke,Away,1,False,False,premier-league,2014,Man United
2015-01-11,Southampton,Home,0,False,False,premier-league,2014,Man United
2015-01-17,QPR,Away,2,False,False,premier-league,2014,Man United
2015-01-31,Leicester,Home,3,False,False,premier-league,2014,Man United
2015-02-08,West Ham,Away,1,False,False,premier-league,2014,Man United
2015-02-11,Burnley,Home,3,False,False,premier-league,2014,Man United
2015-02-21,Swansea,Away,1,False,False,premier-league,2014,Man United
2015-02-28,Sunderland,Home,2,False,False,premier-league,2014,Man United
2015-03-04,Newcastle,Away,1,False,False,premier-league,2014,Man United
2015-03-15,Tottenham,Home,3,False,False,premier-league,2014,Man United
2015-03-22,Liverpool,Away,2,False,False,premier-league,2014,Man United
2015-04-04,Aston Villa,Home,3,False,False,premier-league,2014,Man United
2015-04-12,Man City,Home,4,False,False,premier-league,2014,Man United
2015-04-18,Chelsea,Away,0,False,False,premier-league,2014,Man United
2015-04-26,Everton,Away,0,False,False,premier-league,2014,Man United
2015-05-02,West Brom,Home,0,False,False,premier-league,2014,Man United
2015-05-09,Crystal Palace,Away,2,False,False,premier-league,2014,Man United
2015-05-17,Arsenal,Home,1,False,False,premier-league,2014,Man United
2015-05-24,Hull,Away,0,False,False,premier-league,2014,Man United
2014-08-17,Man City,Home,0,True,True,premier-league,2014,Newcastle
2014-08-23,Aston Villa,Away,0,True,True,premier-league,2014,Newcastle
2014-08-30,Crystal Palace,Home,3,True,True,premier-league,2014,Newcastle
2014-09-13,Southampton,Away,0,True,True,premier-league,2014,Newcastle
2014-09-20,Hull,Home,2,True,True,premier-league,2014,Newcastle
2014-09-29,Stoke,Away,0,True,True,premier-league,2014,Newcastle
2014-10-04,Swansea,Away,2,True,True,premier-league,2014,Newcastle
2014-10-18,Leicester,Home,1,True,True,premier-league,2014,Newcastle
2014-10-26,Tottenham,Away,2,True,True,premier-league,2014,Newcastle
2014-11-01,Liverpool,Home,1,True,True,premier-league,2014,Newcastle
2014-11-09,West Brom,Away,2,True,True,premier-league,2014,Newcastle
2014-11-22,QPR,Home,1,True,True,premier-league,2014,Newcastle
2014-11-29,West Ham,Away,0,True,True,premier-league,2014,Newcastle
2014-12-02,Burnley,Away,1,True,True,premier-league,2014,Newcastle
2014-12-06,Chelsea,Home,2,True,True,premier-league,2014,Newcastle
2014-12-13,Arsenal,Away,1,True,True,premier-league,2014,Newcastle
2014-12-21,Sunderland,Home,0,True,True,premier-league,2014,Newcastle
2014-12-26,Man United,Away,1,True,True,premier-league,2014,Newcastle
2014-12-28,Everton,Home,3,True,True,premier-league,2014,Newcastle
2015-01-01,Burnley,Home,3,True,True,premier-league,2014,Newcastle
2015-01-10,Chelsea,Away,0,True,True,premier-league,2014,Newcastle
2015-01-17,Southampton,Home,1,True,True,premier-league,2014,Newcastle
2015-01-31,Hull,Away,3,True,True,premier-league,2014,Newcastle
2015-02-08,Stoke,Home,1,True,True,premier-league,2014,Newcastle
2015-02-11,Crystal Palace,Away,1,True,True,premier-league,2014,Newcastle
2015-02-21,Man City,Away,0,True,True,premier-league,2014,Newcastle
2015-02-28,Aston Villa,Home,1,True,True,premier-league,2014,Newcastle
2015-03-04,Man United,Home,0,True,True,premier-league,2014,Newcastle
2015-03-15,Everton,Away,0,True,True,premier-league,2014,Newcastle
2015-03-21,Arsenal,Home,1,True,True,premier-league,2014,Newcastle
2015-04-05,Sunderland,Away,0,True,True,premier-league,2014,Newcastle
2015-04-13,Liverpool,Away,0,True,True,premier-league,2014,Newcastle
2015-04-19,Tottenham,Home,1,True,True,premier-league,2014,Newcastle
2015-04-25,Swansea,Home,2,True,True,premier-league,2014,Newcastle
2015-05-02,Leicester,Away,0,True,True,premier-league,2014,Newcastle
2015-05-09,West Brom,Home,1,True,True,premier-league,2014,Newcastle
2015-05-16,QPR,Away,1,True,True,premier-league,2014,Newcastle
2015-05-24,West Ham,Home,2,True,True,premier-league,2014,Newcastle
2014-08-17,Liverpool,Away,1,True,True,premier-league,2014,Southampton
2014-08-23,West Brom,Home,0,True,True,premier-league,2014,Southampton
2014-08-30,West Ham,Away,3,True,True,premier-league,2014,Southampton
2014-09-13,Newcastle,Home,4,True,True,premier-league,2014,Southampton
2014-09-20,Swansea,Away,1,True,True,premier-league,2014,Southampton
2014-09-27,QPR,Home,2,True,True,premier-league,2014,Southampton
2014-10-05,Tottenham,Away,0,True,True,premier-league,2014,Southampton
2014-10-18,Sunderland,Home,8,True,True,premier-league,2014,Southampton
2014-10-25,Stoke,Home,1,True,True,premier-league,2014,Southampton
2014-11-01,Hull,Away,1,True,True,premier-league,2014,Southampton
2014-11-08,Leicester,Home,2,True,True,premier-league,2014,Southampton
2014-11-24,Aston Villa,Away,1,True,True,premier-league,2014,Southampton
2014-11-30,Man City,Home,0,True,True,premier-league,2014,Southampton
2014-12-03,Arsenal,Away,0,True,True,premier-league,2014,Southampton
2014-12-08,Man United,Home,1,True,True,premier-league,2014,Southampton
2014-12-13,Burnley,Away,0,True,True,premier-league,2014,Southampton
2014-12-20,Everton,Home,3,True,True,premier-league,2014,Southampton
2014-12-26,Crystal Palace,Away,3,True,True,premier-league,2014,Southampton
2014-12-28,Chelsea,Home,1,True,True,premier-league,2014,Southampton
2015-01-01,Arsenal,Home,2,True,True,premier-league,2014,Southampton
2015-01-11,Man United,Away,1,True,True,premier-league,2014,Southampton
2015-01-17,Newcastle,Away,2,True,True,premier-league,2014,Southampton
2015-02-01,Swansea,Home,0,True,True,premier-league,2014,Southampton
2015-02-07,QPR,Away,1,True,True,premier-league,2014,Southampton
2015-02-11,West Ham,Home,0,True,True,premier-league,2014,Southampton
2015-02-22,Liverpool,Home,0,True,True,premier-league,2014,Southampton
2015-02-28,West Brom,Away,0,True,True,premier-league,2014,Southampton
2015-03-03,Crystal Palace,Home,1,True,True,premier-league,2014,Southampton
2015-03-15,Chelsea,Away,1,True,True,premier-league,2014,Southampton
2015-03-21,Burnley,Home,2,True,True,premier-league,2014,Southampton
2015-04-04,Everton,Away,0,True,True,premier-league,2014,Southampton
2015-04-11,Hull,Home,2,True,True,premier-league,2014,Southampton
2015-04-18,Stoke,Away,1,True,True,premier-league,2014,Southampton
2015-04-25,Tottenham,Home,2,True,True,premier-league,2014,Southampton
2015-05-02,Sunderland,Away,1,True,True,premier-league,2014,Southampton
2015-05-09,Leicester,Away,0,True,True,premier-league,2014,Southampton
2015-05-16,Aston Villa,Home,6,True,True,premier-league,2014,Southampton
2015-05-24,Man City,Away,0,True,True,premier-league,2014,Southampton
2014-08-16,West Brom,Away,2,True,True,premier-league,2014,Sunderland
2014-08-24,Man United,Home,1,True,True,premier-league,2014,Sunderland
2014-08-30,QPR,Away,0,True,True,premier-league,2014,Sunderland
2014-09-13,Tottenham,Home,2,True,True,premier-league,2014,Sunderland
2014-09-20,Burnley,Away,0,True,True,premier-league,2014,Sunderland
2014-09-27,Swansea,Home,0,True,True,premier-league,2014,Sunderland
2014-10-04,Stoke,Home,3,True,True,premier-league,2014,Sunderland
2014-10-18,Southampton,Away,0,True,True,premier-league,2014,Sunderland
2014-10-25,Arsenal,Home,0,True,True,premier-league,2014,Sunderland
2014-11-03,Crystal Palace,Away,3,True,True,premier-league,2014,Sunderland
2014-11-09,Everton,Home,1,True,True,premier-league,2014,Sunderland
2014-11-22,Leicester,Away,0,True,True,premier-league,2014,Sunderland
2014-11-29,Chelsea,Home,0,True,True,premier-league,2014,Sunderland
2014-12-03,Man City,Home,1,True,True,premier-league,2014,Sunderland
2014-12-06,Liverpool,Away,0,True,True,premier-league,2014,Sunderland
2014-12-13,West Ham,Home,1,True,True,premier-league,2014,Sunderland
2014-12-21,Newcastle,Away,1,True,True,premier-league,2014,Sunderland
2014-12-26,Hull,Home,1,True,True,premier-league,2014,Sunderland
2014-12-28,Aston Villa,Away,0,True,True,premier-league,2014,Sunderland
2015-01-01,Man City,Away,2,True,True,premier-league,2014,Sunderland
2015-01-10,Liverpool,Home,0,True,True,premier-league,2014,Sunderland
2015-01-17,Tottenham,Away,1,True,True,premier-league,2014,Sunderland
2015-01-31,Burnley,Home,2,True,True,premier-league,2014,Sunderland
2015-02-07,Swansea,Away,1,True,True,premier-league,2014,Sunderland
2015-02-10,QPR,Home,0,True,True,premier-league,2014,Sunderland
2015-02-21,West Brom,Home,0,True,True,premier-league,2014,Sunderland
2015-02-28,Man United,Away,0,True,True,premier-league,2014,Sunderland
2015-03-03,Hull,Away,1,True,True,premier-league,2014,Sunderland
2015-03-14,Aston Villa,Home,0,True,True,premier-league,2014,Sunderland
2015-03-21,West Ham,Away,0,True,True,premier-league,2014,Sunderland
2015-04-05,Newcastle,Home,1,True,True,premier-league,2014,Sunderland
2015-04-11,Crystal Palace,Home,1,True,True,premier-league,2014,Sunderland
2015-04-25,Stoke,Away,1,True,True,premier-league,2014,Sunderland
2015-05-02,Southampton,Home,2,True,True,premier-league,2014,Sunderland
2015-05-09,Everton,Away,2,True,True,premier-league,2014,Sunderland
2015-05-16,Leicester,Home,0,True,True,premier-league,2014,Sunderland
2015-05-20,Arsenal,Away,0,True,True,premier-league,2014,Sunderland
2015-05-24,Chelsea,Away,1,True,True,premier-league,2014,Sunderland
2014-08-16,West Ham,Away,1,True,True,premier-league,2014,Tottenham
2014-08-24,QPR,Home,4,True,True,premier-league,2014,Tottenham
2014-08-31,Liverpool,Home,0,True,True,premier-league,2014,Tottenham
2014-09-13,Sunderland,Away,2,True,True,premier-league,2014,Tottenham
2014-09-21,West Brom,Home,0,True,True,premier-league,2014,Tottenham
2014-09-27,Arsenal,Away,1,True,True,premier-league,2014,Tottenham
2014-10-05,Southampton,Home,1,True,True,premier-league,2014,Tottenham
2014-10-18,Man City,Away,1,True,True,premier-league,2014,Tottenham
2014-10-26,Newcastle,Home,1,True,True,premier-league,2014,Tottenham
2014-11-02,Aston Villa,Away,2,True,True,premier-league,2014,Tottenham
2014-11-09,Stoke,Home,1,True,True,premier-league,2014,Tottenham
2014-11-23,Hull,Away,2,True,True,premier-league,2014,Tottenham
2014-11-30,Everton,Home,2,True,True,premier-league,2014,Tottenham
2014-12-03,Chelsea,Away,0,True,True,premier-league,2014,Tottenham
2014-12-06,Crystal Palace,Home,0,True,True,premier-league,2014,Tottenham
2014-12-14,Swansea,Away,2,True,True,premier-league,2014,Tottenham
2014-12-20,Burnley,Home,2,True,True,premier-league,2014,Tottenham
2014-12-26,Leicester,Away,2,True,True,premier-league,2014,Tottenham
2014-12-28,Man United,Home,0,True,True,premier-league,2014,Tottenham
2015-01-01,Chelsea,Home,5,True,True,premier-league,2014,Tottenham
2015-01-10,Crystal Palace,Away,1,True,True,premier-league,2014,Tottenham
2015-01-17,Sunderland,Home,2,True,True,premier-league,2014,Tottenham
2015-01-31,West Brom,Away,3,True,True,premier-league,2014,Tottenham
2015-02-07,Arsenal,Home,2,True,True,premier-league,2014,Tottenham
2015-02-10,Liverpool,Away,2,True,True,premier-league,2014,Tottenham
2015-02-22,West Ham,Home,2,True,True,premier-league,2014,Tottenham
2015-03-04,Swansea,Home,3,True,True,premier-league,2014,Tottenham
2015-03-07,QPR,Away,2,True,True,premier-league,2014,Tottenham
2015-03-15,Man United,Away,0,True,True,premier-league,2014,Tottenham
2015-03-21,Leicester,Home,4,True,True,premier-league,2014,Tottenham
2015-04-05,Burnley,Away,0,True,True,premier-league,2014,Tottenham
2015-04-11,Aston Villa,Home,0,True,True,premier-league,2014,Tottenham
2015-04-19,Newcastle,Away,3,True,True,premier-league,2014,Tottenham
2015-04-25,Southampton,Away,2,True,True,premier-league,2014,Tottenham
2015-05-03,Man City,Home,0,True,True,premier-league,2014,Tottenham
2015-05-09,Stoke,Away,0,True,True,premier-league,2014,Tottenham
2015-05-16,Hull,Home,2,True,True,premier-league,2014,Tottenham
2015-05-24,Everton,Away,1,True,True,premier-league,2014,Tottenham
2014-08-16,Sunderland,Home,2,True,True,premier-league,2014,West Brom
2014-08-23,Southampton,Away,0,True,True,premier-league,2014,West Brom
2014-08-30,Swansea,Away,0,True,True,premier-league,2014,West Brom
2014-09-13,Everton,Home,0,True,True,premier-league,2014,West Brom
2014-09-21,Tottenham,Away,1,True,True,premier-league,2014,West Brom
2014-09-28,Burnley,Home,4,True,True,premier-league,2014,West Brom
2014-10-04,Liverpool,Away,1,True,True,premier-league,2014,West Brom
2014-10-20,Man United,Home,2,True,True,premier-league,2014,West Brom
2014-10-25,Crystal Palace,Home,2,True,True,premier-league,2014,West Brom
2014-11-01,Leicester,Away,1,True,True,premier-league,2014,West Brom
2014-11-09,Newcastle,Home,0,True,True,premier-league,2014,West Brom
2014-11-22,Chelsea,Away,0,True,True,premier-league,2014,West Brom
2014-11-29,Arsenal,Home,0,True,True,premier-league,2014,West Brom
2014-12-02,West Ham,Home,1,True,True,premier-league,2014,West Brom
2014-12-06,Hull,Away,0,True,True,premier-league,2014,West Brom
2014-12-13,Aston Villa,Home,1,True,True,premier-league,2014,West Brom
2014-12-20,QPR,Away,2,True,True,premier-league,2014,West Brom
2014-12-26,Man City,Home,1,True,True,premier-league,2014,West Brom
2014-12-28,Stoke,Away,0,True,True,premier-league,2014,West Brom
2015-01-01,West Ham,Away,1,True,True,premier-league,2014,West Brom
2015-01-10,Hull,Home,1,True,True,premier-league,2014,West Brom
2015-01-19,Everton,Away,0,True,True,premier-league,2014,West Brom
2015-01-31,Tottenham,Home,0,True,True,premier-league,2014,West Brom
2015-02-08,Burnley,Away,2,True,True,premier-league,2014,West Brom
2015-02-11,Swansea,Home,2,True,True,premier-league,2014,West Brom
2015-02-21,Sunderland,Away,0,True,True,premier-league,2014,West Brom
2015-02-28,Southampton,Home,1,True,True,premier-league,2014,West Brom
2015-03-03,Aston Villa,Away,1,True,True,premier-league,2014,West Brom
2015-03-14,Stoke,Home,1,True,True,premier-league,2014,West Brom
2015-03-21,Man City,Away,0,True,True,premier-league,2014,West Brom
2015-04-04,QPR,Home,1,True,True,premier-league,2014,West Brom
2015-04-11,Leicester,Home,2,True,True,premier-league,2014,West Brom
2015-04-18,Crystal Palace,Away,2,True,True,premier-league,2014,West Brom
2015-04-25,Liverpool,Home,0,True,True,premier-league,2014,West Brom
2015-05-02,Man United,Away,1,True,True,premier-league,2014,West Brom
2015-05-09,Newcastle,Away,1,True,True,premier-league,2014,West Brom
2015-05-18,Chelsea,Home,3,True,True,premier-league,2014,West Brom
2015-05-24,Arsenal,Away,1,True,True,premier-league,2014,West Brom
2014-08-16,Tottenham,Home,0,True,True,premier-league,2014,West Ham
2014-08-23,Crystal Palace,Away,3,True,True,premier-league,2014,West Ham
2014-08-30,Southampton,Home,1,True,True,premier-league,2014,West Ham
2014-09-15,Hull,Away,2,True,True,premier-league,2014,West Ham
2014-09-20,Liverpool,Home,3,True,True,premier-league,2014,West Ham
2014-09-27,Man United,Away,1,True,True,premier-league,2014,West Ham
2014-10-05,QPR,Home,2,True,True,premier-league,2014,West Ham
2014-10-18,Burnley,Away,3,True,True,premier-league,2014,West Ham
2014-10-25,Man City,Home,2,True,True,premier-league,2014,West Ham
2014-11-01,Stoke,Away,2,True,True,premier-league,2014,West Ham
2014-11-08,Aston Villa,Home,0,True,True,premier-league,2014,West Ham
2014-11-22,Everton,Away,1,True,True,premier-league,2014,West Ham
2014-11-29,Newcastle,Home,1,True,True,premier-league,2014,West Ham
2014-12-02,West Brom,Away,2,True,True,premier-league,2014,West Ham
2014-12-07,Swansea,Home,3,True,True,premier-league,2014,West Ham
2014-12-13,Sunderland,Away,1,True,True,premier-league,2014,West Ham
2014-12-20,Leicester,Home,2,True,True,premier-league,2014,West Ham
2014-12-26,Chelsea,Away,0,True,True,premier-league,2014,West Ham
2014-12-28,Arsenal,Home,1,True,True,premier-league,2014,West Ham
2015-01-01,West Brom,Home,1,True,True,premier-league,2014,West Ham
2015-01-10,Swansea,Away,1,True,True,premier-league,2014,West Ham
2015-01-18,Hull,Home,3,True,True,premier-league,2014,West Ham
2015-01-31,Liverpool,Away,0,True,True,premier-league,2014,West Ham
2015-02-08,Man United,Home,1,True,True,premier-league,2014,West Ham
2015-02-11,Southampton,Away,0,True,True,premier-league,2014,West Ham
2015-02-22,Tottenham,Away,2,True,True,premier-league,2014,West Ham
2015-02-28,Crystal Palace,Home,1,True,True,premier-league,2014,West Ham
2015-03-04,Chelsea,Home,0,True,True,premier-league,2014,West Ham
2015-03-14,Arsenal,Away,0,True,True,premier-league,2014,West Ham
2015-03-21,Sunderland,Home,1,True,True,premier-league,2014,West Ham
2015-04-04,Leicester,Away,1,True,True,premier-league,2014,West Ham
2015-04-11,Stoke,Home,1,True,True,premier-league,2014,West Ham
2015-04-19,Man City,Away,0,True,True,premier-league,2014,West Ham
2015-04-25,QPR,Away,0,True,True,premier-league,2014,West Ham
2015-05-02,Burnley,Home,1,True,True,premier-league,2014,West Ham
2015-05-09,Aston Villa,Away,0,True,True,premier-league,2014,West Ham
2015-05-16,Everton,Home,1,True,True,premier-league,2014,West Ham
2015-05-24,Newcastle,Away,0,True,True,premier-league,2014,West Ham
2015-08-09,West Ham,Home,0,True,True,premier-league,2015,Arsenal
2015-08-16,Crystal Palace,Away,2,True,True,premier-league,2015,Arsenal
2015-08-24,Liverpool,Home,0,True,True,premier-league,2015,Arsenal
2015-08-29,Newcastle,Away,1,True,True,premier-league,2015,Arsenal
2015-09-12,Stoke,Home,2,True,True,premier-league,2015,Arsenal
2015-09-19,Chelsea,Away,0,True,True,premier-league,2015,Arsenal
2015-09-26,Leicester,Away,5,True,True,premier-league,2015,Arsenal
2015-10-04,Man United,Home,3,True,True,premier-league,2015,Arsenal
2015-10-17,Watford,Away,3,True,True,premier-league,2015,Arsenal
2015-10-24,Everton,Home,2,True,True,premier-league,2015,Arsenal
2015-10-31,Swansea,Away,3,True,True,premier-league,2015,Arsenal
2015-11-08,Tottenham,Home,1,True,True,premier-league,2015,Arsenal
2015-11-21,West Brom,Away,1,True,True,premier-league,2015,Arsenal
2015-11-29,Norwich,Away,1,True,True,premier-league,2015,Arsenal
2015-12-05,Sunderland,Home,3,True,True,premier-league,2015,Arsenal
2015-12-13,Aston Villa,Away,2,True,True,premier-league,2015,Arsenal
2015-12-21,Man City,Home,2,True,True,premier-league,2015,Arsenal
2015-12-26,Southampton,Away,0,True,True,premier-league,2015,Arsenal
2015-12-28,Bournemouth,Home,2,True,True,premier-league,2015,Arsenal
2016-01-02,Newcastle,Home,1,True,True,premier-league,2015,Arsenal
2016-01-13,Liverpool,Away,3,True,True,premier-league,2015,Arsenal
2016-01-17,Stoke,Away,0,True,True,premier-league,2015,Arsenal
2016-01-24,Chelsea,Home,0,True,True,premier-league,2015,Arsenal
2016-02-02,Southampton,Home,0,True,True,premier-league,2015,Arsenal
2016-02-07,Bournemouth,Away,2,True,True,premier-league,2015,Arsenal
2016-02-14,Leicester,Home,2,True,True,premier-league,2015,Arsenal
2016-02-28,Man United,Away,2,True,True,premier-league,2015,Arsenal
2016-03-02,Swansea,Home,1,True,True,premier-league,2015,Arsenal
2016-03-05,Tottenham,Away,2,True,True,premier-league,2015,Arsenal
2016-03-19,Everton,Away,2,True,True,premier-league,2015,Arsenal
2016-04-02,Watford,Home,4,True,True,premier-league,2015,Arsenal
2016-04-09,West Ham,Away,3,True,True,premier-league,2015,Arsenal
2016-04-17,Crystal Palace,Home,1,True,True,premier-league,2015,Arsenal
2016-04-21,West Brom,Home,2,True,True,premier-league,2015,Arsenal
2016-04-24,Sunderland,Away,0,True,True,premier-league,2015,Arsenal
2016-04-30,Norwich,Home,1,True,True,premier-league,2015,Arsenal
2016-05-08,Man City,Away,2,True,True,premier-league,2015,Arsenal
2016-05-15,Aston Villa,Home,4,True,True,premier-league,2015,Arsenal
2015-08-08,Bournemouth,Away,1,True,True,premier-league,2015,Aston Villa
2015-08-14,Man United,Home,0,True,True,premier-league,2015,Aston Villa
2015-08-22,Crystal Palace,Away,1,True,True,premier-league,2015,Aston Villa
2015-08-29,Sunderland,Home,2,True,True,premier-league,2015,Aston Villa
2015-09-13,Leicester,Away,2,True,True,premier-league,2015,Aston Villa
2015-09-19,West Brom,Home,0,True,True,premier-league,2015,Aston Villa
2015-09-26,Liverpool,Away,2,True,True,premier-league,2015,Aston Villa
2015-10-03,Stoke,Home,0,True,True,premier-league,2015,Aston Villa
2015-10-17,Chelsea,Away,0,True,True,premier-league,2015,Aston Villa
2015-10-24,Swansea,Home,1,True,True,premier-league,2015,Aston Villa
2015-11-02,Tottenham,Away,1,True,True,premier-league,2015,Aston Villa
2015-11-08,Man City,Home,0,True,True,premier-league,2015,Aston Villa
2015-11-21,Everton,Away,0,True,True,premier-league,2015,Aston Villa
2015-11-28,Watford,Home,2,True,True,premier-league,2015,Aston Villa
2015-12-05,Southampton,Away,1,True,True,premier-league,2015,Aston Villa
2015-12-13,Arsenal,Home,0,True,True,premier-league,2015,Aston Villa
2015-12-19,Newcastle,Away,1,True,True,premier-league,2015,Aston Villa
2015-12-26,West Ham,Home,1,True,True,premier-league,2015,Aston Villa
2015-12-28,Norwich,Away,0,True,True,premier-league,2015,Aston Villa
2016-01-02,Sunderland,Away,1,True,True,premier-league,2015,Aston Villa
2016-01-12,Crystal Palace,Home,1,True,True,premier-league,2015,Aston Villa
2016-01-16,Leicester,Home,1,True,True,premier-league,2015,Aston Villa
2016-01-23,West Brom,Away,0,True,True,premier-league,2015,Aston Villa
2016-02-02,West Ham,Away,0,True,True,premier-league,2015,Aston Villa
2016-02-06,Norwich,Home,2,True,True,premier-league,2015,Aston Villa
2016-02-14,Liverpool,Home,0,True,True,premier-league,2015,Aston Villa
2016-02-27,Stoke,Away,1,True,True,premier-league,2015,Aston Villa
2016-03-01,Everton,Home,1,True,True,premier-league,2015,Aston Villa
2016-03-05,Man City,Away,0,True,True,premier-league,2015,Aston Villa
2016-03-13,Tottenham,Home,0,True,True,premier-league,2015,Aston Villa
2016-03-19,Swansea,Away,0,True,True,premier-league,2015,Aston Villa
2016-04-02,Chelsea,Home,0,True,True,premier-league,2015,Aston Villa
2016-04-09,Bournemouth,Home,1,True,True,premier-league,2015,Aston Villa
2016-04-16,Man United,Away,0,True,True,premier-league,2015,Aston Villa
2016-04-23,Southampton,Home,2,True,True,premier-league,2015,Aston Villa
2016-04-30,Watford,Away,2,True,True,premier-league,2015,Aston Villa
2016-05-07,Newcastle,Home,0,True,True,premier-league,2015,Aston Villa
2016-05-15,Arsenal,Away,0,True,True,premier-league,2015,Aston Villa
2015-08-08,Aston Villa,Home,0,True,True,premier-league,2015,Bournemouth
2015-08-17,Liverpool,Away,0,True,True,premier-league,2015,Bournemouth
2015-08-22,West Ham,Away,4,True,True,premier-league,2015,Bournemouth
2015-08-29,Leicester,Home,1,True,True,premier-league,2015,Bournemouth
2015-09-12,Norwich,Away,1,True,True,premier-league,2015,Bournemouth
2015-09-19,Sunderland,Home,2,True,True,premier-league,2015,Bournemouth
2015-09-26,Stoke,Away,1,True,True,premier-league,2015,Bournemouth
2015-10-03,Watford,Home,1,True,True,premier-league,2015,Bournemouth
2015-10-17,Man City,Away,1,True,True,premier-league,2015,Bournemouth
2015-10-25,Tottenham,Home,1,True,True,premier-league,2015,Bournemouth
2015-11-01,Southampton,Away,0,True,True,premier-league,2015,Bournemouth
2015-11-07,Newcastle,Home,0,True,True,premier-league,2015,Bournemouth
2015-11-21,Swansea,Away,2,True,True,premier-league,2015,Bournemouth
2015-11-28,Everton,Home,3,True,True,premier-league,2015,Bournemouth
2015-12-05,Chelsea,Away,1,True,True,premier-league,2015,Bournemouth
2015-12-12,Man United,Home,2,True,True,premier-league,2015,Bournemouth
2015-12-19,West Brom,Away,2,True,True,premier-league,2015,Bournemouth
2015-12-26,Crystal Palace,Home,0,True,True,premier-league,2015,Bournemouth
2015-12-28,Arsenal,Away,0,True,True,premier-league,2015,Bournemouth
2016-01-02,Leicester,Away,0,True,True,premier-league,2015,Bournemouth
2016-01-12,West Ham,Home,1,True,True,premier-league,2015,Bournemouth
2016-01-16,Norwich,Home,3,True,True,premier-league,2015,Bournemouth
2016-01-23,Sunderland,Away,1,True,True,premier-league,2015,Bournemouth
2016-02-02,Crystal Palace,Away,2,True,True,premier-league,2015,Bournemouth
2016-02-07,Arsenal,Home,0,True,True,premier-league,2015,Bournemouth
2016-02-13,Stoke,Home,1,True,True,premier-league,2015,Bournemouth
2016-02-27,Watford,Away,0,True,True,premier-league,2015,Bournemouth
2016-03-01,Southampton,Home,2,True,True,premier-league,2015,Bournemouth
2016-03-05,Newcastle,Away,3,True,True,premier-league,2015,Bournemouth
2016-03-12,Swansea,Home,3,True,True,premier-league,2015,Bournemouth
2016-03-20,Tottenham,Away,0,True,True,premier-league,2015,Bournemouth
2016-04-02,Man City,Home,0,True,True,premier-league,2015,Bournemouth
2016-04-09,Aston Villa,Away,2,True,True,premier-league,2015,Bournemouth
2016-04-17,Liverpool,Home,1,True,True,premier-league,2015,Bournemouth
2016-04-23,Chelsea,Home,1,True,True,premier-league,2015,Bournemouth
2016-04-30,Everton,Away,1,True,True,premier-league,2015,Bournemouth
2016-05-07,West Brom,Home,1,True,True,premier-league,2015,Bournemouth
2016-05-17,Man United,Away,1,True,True,premier-league,2015,Bournemouth
2015-08-08,Swansea,Home,2,True,True,premier-league,2015,Chelsea
2015-08-16,Man City,Away,0,True,True,premier-league,2015,Chelsea
2015-08-23,West Brom,Away,3,True,True,premier-league,2015,Chelsea
2015-08-29,Crystal Palace,Home,1,True,True,premier-league,2015,Chelsea
2015-09-12,Everton,Away,1,True,True,premier-league,2015,Chelsea
2015-09-19,Arsenal,Home,2,True,True,premier-league,2015,Chelsea
2015-09-26,Newcastle,Away,2,True,True,premier-league,2015,Chelsea
2015-10-03,Southampton,Home,1,True,True,premier-league,2015,Chelsea
2015-10-17,Aston Villa,Home,2,True,True,premier-league,2015,Chelsea
2015-10-24,West Ham,Away,1,True,True,premier-league,2015,Chelsea
2015-10-31,Liverpool,Home,1,True,True,premier-league,2015,Chelsea
2015-11-07,Stoke,Away,0,True,True,premier-league,2015,Chelsea
2015-11-21,Norwich,Home,1,True,True,premier-league,2015,Chelsea
2015-11-29,Tottenham,Away,0,True,True,premier-league,2015,Chelsea
2015-12-05,Bournemouth,Home,0,True,True,premier-league,2015,Chelsea
2015-12-14,Leicester,Away,1,True,True,premier-league,2015,Chelsea
2015-12-19,Sunderland,Home,3,True,True,premier-league,2015,Chelsea
2015-12-26,Watford,Home,2,True,True,premier-league,2015,Chelsea
2015-12-28,Man United,Away,0,True,True,premier-league,2015,Chelsea
2016-01-03,Crystal Palace,Away,3,True,True,premier-league,2015,Chelsea
2016-01-13,West Brom,Home,2,True,True,premier-league,2015,Chelsea
2016-01-16,Everton,Home,3,True,True,premier-league,2015,Chelsea
2016-01-24,Arsenal,Away,1,True,True,premier-league,2015,Chelsea
2016-02-03,Watford,Away,0,True,True,premier-league,2015,Chelsea
2016-02-07,Man United,Home,1,True,True,premier-league,2015,Chelsea
2016-02-13,Newcastle,Home,5,True,True,premier-league,2015,Chelsea
2016-02-27,Southampton,Away,2,True,True,premier-league,2015,Chelsea
2016-03-01,Norwich,Away,2,True,True,premier-league,2015,Chelsea
2016-03-05,Stoke,Home,1,True,True,premier-league,2015,Chelsea
2016-03-19,West Ham,Home,2,True,True,premier-league,2015,Chelsea
2016-04-02,Aston Villa,Away,4,True,True,premier-league,2015,Chelsea
2016-04-09,Swansea,Away,0,True,True,premier-league,2015,Chelsea
2016-04-16,Man City,Home,0,True,True,premier-league,2015,Chelsea
2016-04-23,Bournemouth,Away,4,True,True,premier-league,2015,Chelsea
2016-05-02,Tottenham,Home,2,True,True,premier-league,2015,Chelsea
2016-05-07,Sunderland,Away,2,True,True,premier-league,2015,Chelsea
2016-05-11,Liverpool,Away,1,True,True,premier-league,2015,Chelsea
2016-05-15,Leicester,Home,1,True,True,premier-league,2015,Chelsea
2015-08-08,Norwich,Away,3,True,True,premier-league,2015,Crystal Palace
2015-08-16,Arsenal,Home,1,True,True,premier-league,2015,Crystal Palace
2015-08-22,Aston Villa,Home,2,True,True,premier-league,2015,Crystal Palace
2015-08-29,Chelsea,Away,2,True,True,premier-league,2015,Crystal Palace
2015-09-12,Man City,Home,0,True,True,premier-league,2015,Crystal Palace
2015-09-20,Tottenham,Away,0,True,True,premier-league,2015,Crystal Palace
2015-09-27,Watford,Away,1,True,True,premier-league,2015,Crystal Palace
2015-10-03,West Brom,Home,2,True,True,premier-league,2015,Crystal Palace
2015-10-17,West Ham,Home,1,True,True,premier-league,2015,Crystal Palace
2015-10-24,Leicester,Away,0,True,True,premier-league,2015,Crystal Palace
2015-10-31,Man United,Home,0,True,True,premier-league,2015,Crystal Palace
2015-11-08,Liverpool,Away,2,True,True,premier-league,2015,Crystal Palace
2015-11-23,Sunderland,Home,0,True,True,premier-league,2015,Crystal Palace
2015-11-28,Newcastle,Home,5,True,True,premier-league,2015,Crystal Palace
2015-12-07,Everton,Away,1,True,True,premier-league,2015,Crystal Palace
2015-12-12,Southampton,Home,1,True,True,premier-league,2015,Crystal Palace
2015-12-19,Stoke,Away,2,True,True,premier-league,2015,Crystal Palace
2015-12-26,Bournemouth,Away,0,True,True,premier-league,2015,Crystal Palace
2015-12-28,Swansea,Home,0,True,True,premier-league,2015,Crystal Palace
2016-01-03,Chelsea,Home,0,True,True,premier-league,2015,Crystal Palace
2016-01-12,Aston Villa,Away,0,True,True,premier-league,2015,Crystal Palace
2016-01-16,Man City,Away,0,True,True,premier-league,2015,Crystal Palace
2016-01-23,Tottenham,Home,1,True,True,premier-league,2015,Crystal Palace
2016-02-02,Bournemouth,Home,1,True,True,premier-league,2015,Crystal Palace
2016-02-06,Swansea,Away,1,True,True,premier-league,2015,Crystal Palace
2016-02-13,Watford,Home,1,True,True,premier-league,2015,Crystal Palace
2016-02-27,West Brom,Away,2,True,True,premier-league,2015,Crystal Palace
2016-03-01,Sunderland,Away,2,True,True,premier-league,2015,Crystal Palace
2016-03-06,Liverpool,Home,1,True,True,premier-league,2015,Crystal Palace
2016-03-19,Leicester,Home,0,True,True,premier-league,2015,Crystal Palace
2016-04-02,West Ham,Away,2,True,True,premier-league,2015,Crystal Palace
2016-04-09,Norwich,Home,1,True,True,premier-league,2015,Crystal Palace
2016-04-13,Everton,Home,0,True,True,premier-league,2015,Crystal Palace
2016-04-17,Arsenal,Away,1,True,True,premier-league,2015,Crystal Palace
2016-04-20,Man United,Away,0,True,True,premier-league,2015,Crystal Palace
2016-04-30,Newcastle,Away,0,True,True,premier-league,2015,Crystal Palace
2016-05-07,Stoke,Home,2,True,True,premier-league,2015,Crystal Palace
2016-05-15,Southampton,Away,1,True,True,premier-league,2015,Crystal Palace
2015-08-08,Watford,Home,2,True,True,premier-league,2015,Everton
2015-08-15,Southampton,Away,3,True,True,premier-league,2015,Everton
2015-08-23,Man City,Home,0,True,True,premier-league,2015,Everton
2015-08-29,Tottenham,Away,0,True,True,premier-league,2015,Everton
2015-09-12,Chelsea,Home,3,True,True,premier-league,2015,Everton
2015-09-19,Swansea,Away,0,True,True,premier-league,2015,Everton
2015-09-28,West Brom,Away,3,True,True,premier-league,2015,Everton
2015-10-04,Liverpool,Home,1,True,True,premier-league,2015,Everton
2015-10-17,Man United,Home,0,True,True,premier-league,2015,Everton
2015-10-24,Arsenal,Away,1,True,True,premier-league,2015,Everton
2015-11-01,Sunderland,Home,6,True,True,premier-league,2015,Everton
2015-11-07,West Ham,Away,1,True,True,premier-league,2015,Everton
2015-11-21,Aston Villa,Home,4,True,True,premier-league,2015,Everton
2015-11-28,Bournemouth,Away,3,True,True,premier-league,2015,Everton
2015-12-07,Crystal Palace,Home,1,True,True,premier-league,2015,Everton
2015-12-12,Norwich,Away,1,True,True,premier-league,2015,Everton
2015-12-19,Leicester,Home,2,True,True,premier-league,2015,Everton
2015-12-26,Newcastle,Away,1,True,True,premier-league,2015,Everton
2015-12-28,Stoke,Home,3,True,True,premier-league,2015,Everton
2016-01-03,Tottenham,Home,1,True,True,premier-league,2015,Everton
2016-01-13,Man City,Away,0,True,True,premier-league,2015,Everton
2016-01-16,Chelsea,Away,3,True,True,premier-league,2015,Everton
2016-01-24,Swansea,Home,1,True,True,premier-league,2015,Everton
2016-02-03,Newcastle,Home,3,True,True,premier-league,2015,Everton
2016-02-06,Stoke,Away,3,True,True,premier-league,2015,Everton
2016-02-13,West Brom,Home,0,True,True,premier-league,2015,Everton
2016-03-01,Aston Villa,Away,3,True,True,premier-league,2015,Everton
2016-03-05,West Ham,Home,2,True,True,premier-league,2015,Everton
2016-03-19,Arsenal,Home,0,True,True,premier-league,2015,Everton
2016-04-03,Man United,Away,0,True,True,premier-league,2015,Everton
2016-04-09,Watford,Away,1,True,True,premier-league,2015,Everton
2016-04-13,Crystal Palace,Away,0,True,True,premier-league,2015,Everton
2016-04-16,Southampton,Home,1,True,True,premier-league,2015,Everton
2016-04-20,Liverpool,Away,0,True,True,premier-league,2015,Everton
2016-04-30,Bournemouth,Home,2,True,True,premier-league,2015,Everton
2016-05-07,Leicester,Away,1,True,True,premier-league,2015,Everton
2016-05-11,Sunderland,Away,0,True,True,premier-league,2015,Everton
2016-05-15,Norwich,Home,3,True,True,premier-league,2015,Everton
2015-08-08,Sunderland,Home,4,True,True,premier-league,2015,Leicester
2015-08-15,West Ham,Away,2,True,True,premier-league,2015,Leicester
2015-08-22,Tottenham,Home,1,True,True,premier-league,2015,Leicester
2015-08-29,Bournemouth,Away,1,True,True,premier-league,2015,Leicester
2015-09-13,Aston Villa,Home,3,True,True,premier-league,2015,Leicester
2015-09-19,Stoke,Away,2,True,True,premier-league,2015,Leicester
2015-09-26,Arsenal,Home,2,True,True,premier-league,2015,Leicester
2015-10-03,Norwich,Away,2,True,True,premier-league,2015,Leicester
2015-10-17,Southampton,Away,2,True,True,premier-league,2015,Leicester
2015-10-24,Crystal Palace,Home,1,True,True,premier-league,2015,Leicester
2015-10-31,West Brom,Away,3,True,True,premier-league,2015,Leicester
2015-11-07,Watford,Home,2,True,True,premier-league,2015,Leicester
2015-11-21,Newcastle,Away,3,True,True,premier-league,2015,Leicester
2015-11-28,Man United,Home,1,True,True,premier-league,2015,Leicester
2015-12-05,Swansea,Away,3,True,True,premier-league,2015,Leicester
2015-12-14,Chelsea,Home,2,True,True,premier-league,2015,Leicester
2015-12-19,Everton,Away,3,True,True,premier-league,2015,Leicester
2015-12-26,Liverpool,Away,0,True,True,premier-league,2015,Leicester
2015-12-29,Man City,Home,0,True,True,premier-league,2015,Leicester
2016-01-02,Bournemouth,Home,0,True,True,premier-league,2015,Leicester
2016-01-13,Tottenham,Away,1,True,True,premier-league,2015,Leicester
2016-01-16,Aston Villa,Away,1,True,True,premier-league,2015,Leicester
2016-01-23,Stoke,Home,3,True,True,premier-league,2015,Leicester
2016-02-02,Liverpool,Home,2,True,True,premier-league,2015,Leicester
2016-02-06,Man City,Away,3,True,True,premier-league,2015,Leicester
2016-02-14,Arsenal,Away,1,True,True,premier-league,2015,Leicester
2016-02-27,Norwich,Home,1,True,True,premier-league,2015,Leicester
2016-03-01,West Brom,Home,2,True,True,premier-league,2015,Leicester
2016-03-05,Watford,Away,1,True,True,premier-league,2015,Leicester
2016-03-14,Newcastle,Home,1,True,True,premier-league,2015,Leicester
2016-03-19,Crystal Palace,Away,1,True,True,premier-league,2015,Leicester
2016-04-03,Southampton,Home,1,True,True,premier-league,2015,Leicester
2016-04-10,Sunderland,Away,2,True,True,premier-league,2015,Leicester
2016-04-17,West Ham,Home,2,True,True,premier-league,2015,Leicester
2016-04-24,Swansea,Home,4,True,True,premier-league,2015,Leicester
2016-05-01,Man United,Away,1,True,True,premier-league,2015,Leicester
2016-05-07,Everton,Home,3,True,True,premier-league,2015,Leicester
2016-05-15,Chelsea,Away,1,True,True,premier-league,2015,Leicester
2015-08-09,Stoke,Away,1,True,True,premier-league,2015,Liverpool
2015-08-17,Bournemouth,Home,1,True,True,premier-league,2015,Liverpool
2015-08-24,Arsenal,Away,0,True,True,premier-league,2015,Liverpool
2015-08-29,West Ham,Home,0,True,True,premier-league,2015,Liverpool
2015-09-12,Man United,Away,1,True,True,premier-league,2015,Liverpool
2015-09-20,Norwich,Home,1,True,True,premier-league,2015,Liverpool
2015-09-26,Aston Villa,Home,3,True,True,premier-league,2015,Liverpool
2015-10-04,Everton,Away,1,True,True,premier-league,2015,Liverpool
2015-10-17,Tottenham,Away,0,True,True,premier-league,2015,Liverpool
2015-10-25,Southampton,Home,1,True,True,premier-league,2015,Liverpool
2015-10-31,Chelsea,Away,3,True,True,premier-league,2015,Liverpool
2015-11-08,Crystal Palace,Home,1,True,True,premier-league,2015,Liverpool
2015-11-21,Man City,Away,4,True,True,premier-league,2015,Liverpool
2015-11-29,Swansea,Home,1,True,True,premier-league,2015,Liverpool
2015-12-06,Newcastle,Away,0,True,True,premier-league,2015,Liverpool
2015-12-13,West Brom,Home,2,True,True,premier-league,2015,Liverpool
2015-12-20,Watford,Away,0,True,True,premier-league,2015,Liverpool
2015-12-26,Leicester,Home,1,True,True,premier-league,2015,Liverpool
2015-12-30,Sunderland,Away,1,True,True,premier-league,2015,Liverpool
2016-01-02,West Ham,Away,0,True,True,premier-league,2015,Liverpool
2016-01-13,Arsenal,Home,3,True,True,premier-league,2015,Liverpool
2016-01-17,Man United,Home,0,True,True,premier-league,2015,Liverpool
2016-01-23,Norwich,Away,5,True,True,premier-league,2015,Liverpool
2016-02-02,Leicester,Away,0,True,True,premier-league,2015,Liverpool
2016-02-06,Sunderland,Home,2,True,True,premier-league,2015,Liverpool
2016-02-14,Aston Villa,Away,6,True,True,premier-league,2015,Liverpool
2016-03-02,Man City,Home,3,True,True,premier-league,2015,Liverpool
2016-03-06,Crystal Palace,Away,2,True,True,premier-league,2015,Liverpool
2016-03-20,Southampton,Away,2,True,True,premier-league,2015,Liverpool
2016-04-02,Tottenham,Home,1,True,True,premier-league,2015,Liverpool
2016-04-10,Stoke,Home,4,True,True,premier-league,2015,Liverpool
2016-04-17,Bournemouth,Away,2,True,True,premier-league,2015,Liverpool
2016-04-20,Everton,Home,4,True,True,premier-league,2015,Liverpool
2016-04-23,Newcastle,Home,2,True,True,premier-league,2015,Liverpool
2016-05-01,Swansea,Away,1,True,True,premier-league,2015,Liverpool
2016-05-08,Watford,Home,2,True,True,premier-league,2015,Liverpool
2016-05-11,Chelsea,Home,1,True,True,premier-league,2015,Liverpool
2016-05-15,West Brom,Away,1,True,True,premier-league,2015,Liverpool
2015-08-10,West Brom,Away,3,True,True,premier-league,2015,Man City
2015-08-16,Chelsea,Home,3,True,True,premier-league,2015,Man City
2015-08-23,Everton,Away,2,True,True,premier-league,2015,Man City
2015-08-29,Watford,Home,2,True,True,premier-league,2015,Man City
2015-09-12,Crystal Palace,Away,1,True,True,premier-league,2015,Man City
2015-09-19,West Ham,Home,1,True,True,premier-league,2015,Man City
2015-09-26,Tottenham,Away,1,True,True,premier-league,2015,Man City
2015-10-03,Newcastle,Home,6,True,True,premier-league,2015,Man City
2015-10-17,Bournemouth,Home,5,True,True,premier-league,2015,Man City
2015-10-25,Man United,Away,0,True,True,premier-league,2015,Man City
2015-10-31,Norwich,Home,2,True,True,premier-league,2015,Man City
2015-11-08,Aston Villa,Away,0,True,True,premier-league,2015,Man City
2015-11-21,Liverpool,Home,1,True,True,premier-league,2015,Man City
2015-11-28,Southampton,Home,3,True,True,premier-league,2015,Man City
2015-12-05,Stoke,Away,0,True,True,premier-league,2015,Man City
2015-12-12,Swansea,Home,2,True,True,premier-league,2015,Man City
2015-12-21,Arsenal,Away,1,True,True,premier-league,2015,Man City
2015-12-26,Sunderland,Home,4,True,True,premier-league,2015,Man City
2015-12-29,Leicester,Away,0,True,True,premier-league,2015,Man City
2016-01-02,Watford,Away,2,True,True,premier-league,2015,Man City
2016-01-13,Everton,Home,0,True,True,premier-league,2015,Man City
2016-01-16,Crystal Palace,Home,4,True,True,premier-league,2015,Man City
2016-01-23,West Ham,Away,2,True,True,premier-league,2015,Man City
2016-02-02,Sunderland,Away,1,True,True,premier-league,2015,Man City
2016-02-06,Leicester,Home,1,True,True,premier-league,2015,Man City
2016-02-14,Tottenham,Home,1,True,True,premier-league,2015,Man City
2016-03-02,Liverpool,Away,0,True,True,premier-league,2015,Man City
2016-03-05,Aston Villa,Home,4,True,True,premier-league,2015,Man City
2016-03-12,Norwich,Away,0,True,True,premier-league,2015,Man City
2016-03-20,Man United,Home,0,True,True,premier-league,2015,Man City
2016-04-02,Bournemouth,Away,4,True,True,premier-league,2015,Man City
2016-04-09,West Brom,Home,2,True,True,premier-league,2015,Man City
2016-04-16,Chelsea,Away,3,True,True,premier-league,2015,Man City
2016-04-19,Newcastle,Away,1,True,True,premier-league,2015,Man City
2016-04-23,Stoke,Home,4,True,True,premier-league,2015,Man City
2016-05-01,Southampton,Away,2,True,True,premier-league,2015,Man City
2016-05-08,Arsenal,Home,2,True,True,premier-league,2015,Man City
2016-05-15,Swansea,Away,1,True,True,premier-league,2015,Man City
2015-08-08,Tottenham,Home,1,False,False,premier-league,2015,Man United
2015-08-14,Aston Villa,Away,1,False,False,premier-league,2015,Man United
2015-08-22,Newcastle,Home,0,False,False,premier-league,2015,Man United
2015-08-30,Swansea,Away,1,False,False,premier-league,2015,Man United
2015-09-12,Liverpool,Home,3,False,False,premier-league,2015,Man United
2015-09-20,Southampton,Away,3,False,False,premier-league,2015,Man United
2015-09-26,Sunderland,Home,3,False,False,premier-league,2015,Man United
2015-10-04,Arsenal,Away,0,False,False,premier-league,2015,Man United
2015-10-17,Everton,Away,3,False,False,premier-league,2015,Man United
2015-10-25,Man City,Home,0,False,False,premier-league,2015,Man United
2015-10-31,Crystal Palace,Away,0,False,False,premier-league,2015,Man United
2015-11-07,West Brom,Home,2,False,False,premier-league,2015,Man United
2015-11-21,Watford,Away,2,False,False,premier-league,2015,Man United
2015-11-28,Leicester,Away,1,False,False,premier-league,2015,Man United
2015-12-05,West Ham,Home,0,False,False,premier-league,2015,Man United
2015-12-12,Bournemouth,Away,1,False,False,premier-league,2015,Man United
2015-12-19,Norwich,Home,1,False,False,premier-league,2015,Man United
2015-12-26,Stoke,Away,0,False,False,premier-league,2015,Man United
2015-12-28,Chelsea,Home,0,False,False,premier-league,2015,Man United
2016-01-02,Swansea,Home,2,False,False,premier-league,2015,Man United
2016-01-12,Newcastle,Away,3,False,False,premier-league,2015,Man United
2016-01-17,Liverpool,Away,1,False,False,premier-league,2015,Man United
2016-01-23,Southampton,Home,0,False,False,premier-league,2015,Man United
2016-02-02,Stoke,Home,3,False,False,premier-league,2015,Man United
2016-02-07,Chelsea,Away,1,False,False,premier-league,2015,Man United
2016-02-13,Sunderland,Away,1,False,False,premier-league,2015,Man United
2016-02-28,Arsenal,Home,3,False,False,premier-league,2015,Man United
2016-03-02,Watford,Home,1,False,False,premier-league,2015,Man United
2016-03-06,West Brom,Away,0,False,False,premier-league,2015,Man United
2016-03-20,Man City,Away,1,False,False,premier-league,2015,Man United
2016-04-03,Everton,Home,1,False,False,premier-league,2015,Man United
2016-04-10,Tottenham,Away,0,False,False,premier-league,2015,Man United
2016-04-16,Aston Villa,Home,1,False,False,premier-league,2015,Man United
2016-04-20,Crystal Palace,Home,2,False,False,premier-league,2015,Man United
2016-05-01,Leicester,Home,1,False,False,premier-league,2015,Man United
2016-05-07,Norwich,Away,1,False,False,premier-league,2015,Man United
2016-05-10,West Ham,Away,2,False,False,premier-league,2015,Man United
2016-05-17,Bournemouth,Home,3,False,False,premier-league,2015,Man United
2015-08-09,Southampton,Home,2,True,True,premier-league,2015,Newcastle
2015-08-15,Swansea,Away,0,True,True,premier-league,2015,Newcastle
2015-08-22,Man United,Away,0,True,True,premier-league,2015,Newcastle
2015-08-29,Arsenal,Home,0,True,True,premier-league,2015,Newcastle
2015-09-14,West Ham,Away,0,True,True,premier-league,2015,Newcastle
2015-09-19,Watford,Home,1,True,True,premier-league,2015,Newcastle
2015-09-26,Chelsea,Home,2,True,True,premier-league,2015,Newcastle
2015-10-03,Man City,Away,1,True,True,premier-league,2015,Newcastle
2015-10-18,Norwich,Home,6,True,True,premier-league,2015,Newcastle
2015-10-25,Sunderland,Away,0,True,True,premier-league,2015,Newcastle
2015-10-31,Stoke,Home,0,True,True,premier-league,2015,Newcastle
2015-11-07,Bournemouth,Away,1,True,True,premier-league,2015,Newcastle
2015-11-21,Leicester,Home,0,True,True,premier-league,2015,Newcastle
2015-11-28,Crystal Palace,Away,1,True,True,premier-league,2015,Newcastle
2015-12-06,Liverpool,Home,2,True,True,premier-league,2015,Newcastle
2015-12-13,Tottenham,Away,2,True,True,premier-league,2015,Newcastle
2015-12-19,Aston Villa,Home,1,True,True,premier-league,2015,Newcastle
2015-12-26,Everton,Home,0,True,True,premier-league,2015,Newcastle
2015-12-28,West Brom,Away,0,True,True,premier-league,2015,Newcastle
2016-01-02,Arsenal,Away,0,True,True,premier-league,2015,Newcastle
2016-01-12,Man United,Home,3,True,True,premier-league,2015,Newcastle
2016-01-16,West Ham,Home,2,True,True,premier-league,2015,Newcastle
2016-01-23,Watford,Away,1,True,True,premier-league,2015,Newcastle
2016-02-03,Everton,Away,0,True,True,premier-league,2015,Newcastle
2016-02-06,West Brom,Home,1,True,True,premier-league,2015,Newcastle
2016-02-13,Chelsea,Away,1,True,True,premier-league,2015,Newcastle
2016-03-02,Stoke,Away,0,True,True,premier-league,2015,Newcastle
2016-03-05,Bournemouth,Home,1,True,True,premier-league,2015,Newcastle
2016-03-14,Leicester,Away,0,True,True,premier-league,2015,Newcastle
2016-03-20,Sunderland,Home,1,True,True,premier-league,2015,Newcastle
2016-04-02,Norwich,Away,2,True,True,premier-league,2015,Newcastle
2016-04-09,Southampton,Away,1,True,True,premier-league,2015,Newcastle
2016-04-16,Swansea,Home,3,True,True,premier-league,2015,Newcastle
2016-04-19,Man City,Home,1,True,True,premier-league,2015,Newcastle
2016-04-23,Liverpool,Away,2,True,True,premier-league,2015,Newcastle
2016-04-30,Crystal Palace,Home,1,True,True,premier-league,2015,Newcastle
2016-05-07,Aston Villa,Away,0,True,True,premier-league,2015,Newcastle
2016-05-15,Tottenham,Home,5,True,True,premier-league,2015,Newcastle
2015-08-08,Crystal Palace,Home,1,True,True,premier-league,2015,Norwich
2015-08-15,Sunderland,Away,3,True,True,premier-league,2015,Norwich
2015-08-22,Stoke,Home,1,True,True,premier-league,2015,Norwich
2015-08-30,Southampton,Away,0,True,True,premier-league,2015,Norwich
2015-09-12,Bournemouth,Home,3,True,True,premier-league,2015,Norwich
2015-09-20,Liverpool,Away,1,True,True,premier-league,2015,Norwich
2015-09-26,West Ham,Away,2,True,True,premier-league,2015,Norwich
2015-10-03,Leicester,Home,1,True,True,premier-league,2015,Norwich
2015-10-18,Newcastle,Away,2,True,True,premier-league,2015,Norwich
2015-10-24,West Brom,Home,0,True,True,premier-league,2015,Norwich
2015-10-31,Man City,Away,1,True,True,premier-league,2015,Norwich
2015-11-07,Swansea,Home,1,True,True,premier-league,2015,Norwich
2015-11-21,Chelsea,Away,0,True,True,premier-league,2015,Norwich
2015-11-29,Arsenal,Home,1,True,True,premier-league,2015,Norwich
2015-12-05,Watford,Away,0,True,True,premier-league,2015,Norwich
2015-12-12,Everton,Home,1,True,True,premier-league,2015,Norwich
2015-12-19,Man United,Away,2,True,True,premier-league,2015,Norwich
2015-12-26,Tottenham,Away,0,True,True,premier-league,2015,Norwich
2015-12-28,Aston Villa,Home,2,True,True,premier-league,2015,Norwich
2016-01-02,Southampton,Home,1,True,True,premier-league,2015,Norwich
2016-01-13,Stoke,Away,1,True,True,premier-league,2015,Norwich
2016-01-16,Bournemouth,Away,0,True,True,premier-league,2015,Norwich
2016-01-23,Liverpool,Home,4,True,True,premier-league,2015,Norwich
2016-02-02,Tottenham,Home,0,True,True,premier-league,2015,Norwich
2016-02-06,Aston Villa,Away,0,True,True,premier-league,2015,Norwich
2016-02-13,West Ham,Home,2,True,True,premier-league,2015,Norwich
2016-02-27,Leicester,Away,0,True,True,premier-league,2015,Norwich
2016-03-01,Chelsea,Home,1,True,True,premier-league,2015,Norwich
2016-03-05,Swansea,Away,0,True,True,premier-league,2015,Norwich
2016-03-12,Man City,Home,0,True,True,premier-league,2015,Norwich
2016-03-19,West Brom,Away,1,True,True,premier-league,2015,Norwich
2016-04-02,Newcastle,Home,3,True,True,premier-league,2015,Norwich
2016-04-09,Crystal Palace,Away,0,True,True,premier-league,2015,Norwich
2016-04-16,Sunderland,Home,0,True,True,premier-league,2015,Norwich
2016-04-30,Arsenal,Away,0,True,True,premier-league,2015,Norwich
2016-05-07,Man United,Home,0,True,True,premier-league,2015,Norwich
2016-05-11,Watford,Home,4,True,True,premier-league,2015,Norwich
2016-05-15,Everton,Away,0,True,True,premier-league,2015,Norwich
2015-08-09,Newcastle,Away,2,True,True,premier-league,2015,Southampton
2015-08-15,Everton,Home,0,True,True,premier-league,2015,Southampton
2015-08-23,Watford,Away,0,True,True,premier-league,2015,Southampton
2015-08-30,Norwich,Home,3,True,True,premier-league,2015,Southampton
2015-09-12,West Brom,Away,0,True,True,premier-league,2015,Southampton
2015-09-20,Man United,Home,2,True,True,premier-league,2015,Southampton
2015-09-26,Swansea,Home,3,True,True,premier-league,2015,Southampton
2015-10-03,Chelsea,Away,3,True,True,premier-league,2015,Southampton
2015-10-17,Leicester,Home,2,True,True,premier-league,2015,Southampton
2015-10-25,Liverpool,Away,1,True,True,premier-league,2015,Southampton
2015-11-01,Bournemouth,Home,2,True,True,premier-league,2015,Southampton
2015-11-07,Sunderland,Away,1,True,True,premier-league,2015,Southampton
2015-11-21,Stoke,Home,0,True,True,premier-league,2015,Southampton
2015-11-28,Man City,Away,1,True,True,premier-league,2015,Southampton
2015-12-05,Aston Villa,Home,1,True,True,premier-league,2015,Southampton
2015-12-12,Crystal Palace,Away,0,True,True,premier-league,2015,Southampton
2015-12-19,Tottenham,Home,0,True,True,premier-league,2015,Southampton
2015-12-26,Arsenal,Home,4,True,True,premier-league,2015,Southampton
2015-12-28,West Ham,Away,1,True,True,premier-league,2015,Southampton
2016-01-02,Norwich,Away,0,True,True,premier-league,2015,Southampton
2016-01-13,Watford,Home,2,True,True,premier-league,2015,Southampton
2016-01-16,West Brom,Home,3,True,True,premier-league,2015,Southampton
2016-01-23,Man United,Away,1,True,True,premier-league,2015,Southampton
2016-02-02,Arsenal,Away,0,True,True,premier-league,2015,Southampton
2016-02-06,West Ham,Home,1,True,True,premier-league,2015,Southampton
2016-02-13,Swansea,Away,1,True,True,premier-league,2015,Southampton
2016-02-27,Chelsea,Home,1,True,True,premier-league,2015,Southampton
2016-03-01,Bournemouth,Away,0,True,True,premier-league,2015,Southampton
2016-03-05,Sunderland,Home,1,True,True,premier-league,2015,Southampton
2016-03-12,Stoke,Away,2,True,True,premier-league,2015,Southampton
2016-03-20,Liverpool,Home,3,True,True,premier-league,2015,Southampton
2016-04-03,Leicester,Away,0,True,True,premier-league,2015,Southampton
2016-04-09,Newcastle,Home,3,True,True,premier-league,2015,Southampton
2016-04-16,Everton,Away,1,True,True,premier-league,2015,Southampton
2016-04-23,Aston Villa,Away,4,True,True,premier-league,2015,Southampton
2016-05-01,Man City,Home,4,True,True,premier-league,2015,Southampton
2016-05-08,Tottenham,Away,2,True,True,premier-league,2015,Southampton
2016-05-15,Crystal Palace,Home,4,True,True,premier-league,2015,Southampton
2015-08-08,Leicester,Away,2,True,True,premier-league,2015,Sunderland
2015-08-15,Norwich,Home,1,True,True,premier-league,2015,Sunderland
2015-08-22,Swansea,Home,1,True,True,premier-league,2015,Sunderland
2015-08-29,Aston Villa,Away,2,True,True,premier-league,2015,Sunderland
2015-09-13,Tottenham,Home,0,True,True,premier-league,2015,Sunderland
2015-09-19,Bournemouth,Away,0,True,True,premier-league,2015,Sunderland
2015-09-26,Man United,Away,0,True,True,premier-league,2015,Sunderland
2015-10-03,West Ham,Home,2,True,True,premier-league,2015,Sunderland
2015-10-17,West Brom,Away,0,True,True,premier-league,2015,Sunderland
2015-10-25,Newcastle,Home,3,True,True,premier-league,2015,Sunderland
2015-11-01,Everton,Away,2,True,True,premier-league,2015,Sunderland
2015-11-07,Southampton,Home,0,True,True,premier-league,2015,Sunderland
2015-11-23,Crystal Palace,Away,1,True,True,premier-league,2015,Sunderland
2015-11-28,Stoke,Home,2,True,True,premier-league,2015,Sunderland
2015-12-05,Arsenal,Away,1,True,True,premier-league,2015,Sunderland
2015-12-12,Watford,Home,0,True,True,premier-league,2015,Sunderland
2015-12-19,Chelsea,Away,1,True,True,premier-league,2015,Sunderland
2015-12-26,Man City,Away,1,True,True,premier-league,2015,Sunderland
2015-12-30,Liverpool,Home,0,True,True,premier-league,2015,Sunderland
2016-01-02,Aston Villa,Home,3,True,True,premier-league,2015,Sunderland
2016-01-13,Swansea,Away,4,True,True,premier-league,2015,Sunderland
2016-01-16,Tottenham,Away,1,True,True,premier-league,2015,Sunderland
2016-01-23,Bournemouth,Home,1,True,True,premier-league,2015,Sunderland
2016-02-02,Man City,Home,0,True,True,premier-league,2015,Sunderland
2016-02-06,Liverpool,Away,2,True,True,premier-league,2015,Sunderland
2016-02-13,Man United,Home,2,True,True,premier-league,2015,Sunderland
2016-02-27,West Ham,Away,0,True,True,premier-league,2015,Sunderland
2016-03-01,Crystal Palace,Home,2,True,True,premier-league,2015,Sunderland
2016-03-05,Southampton,Away,1,True,True,premier-league,2015,Sunderland
2016-03-20,Newcastle,Away,1,True,True,premier-league,2015,Sunderland
2016-04-02,West Brom,Home,0,True,True,premier-league,2015,Sunderland
2016-04-10,Leicester,Home,0,True,True,premier-league,2015,Sunderland
2016-04-16,Norwich,Away,3,True,True,premier-league,2015,Sunderland
2016-04-24,Arsenal,Home,0,True,True,premier-league,2015,Sunderland
2016-04-30,Stoke,Away,1,True,True,premier-league,2015,Sunderland
2016-05-07,Chelsea,Home,3,True,True,premier-league,2015,Sunderland
2016-05-11,Everton,Home,3,True,True,premier-league,2015,Sunderland
2016-05-15,Watford,Away,2,True,True,premier-league,2015,Sunderland
2015-08-08,Man United,Away,0,True,True,premier-league,2015,Tottenham
2015-08-15,Stoke,Home,2,True,True,premier-league,2015,Tottenham
2015-08-22,Leicester,Away,1,True,True,premier-league,2015,Tottenham
2015-08-29,Everton,Home,0,True,True,premier-league,2015,Tottenham
2015-09-13,Sunderland,Away,1,True,True,premier-league,2015,Tottenham
2015-09-20,Crystal Palace,Home,1,True,True,premier-league,2015,Tottenham
2015-09-26,Man City,Home,4,True,True,premier-league,2015,Tottenham
2015-10-04,Swansea,Away,2,True,True,premier-league,2015,Tottenham
2015-10-17,Liverpool,Home,0,True,True,premier-league,2015,Tottenham
2015-10-25,Bournemouth,Away,5,True,True,premier-league,2015,Tottenham
2015-11-02,Aston Villa,Home,3,True,True,premier-league,2015,Tottenham
2015-11-08,Arsenal,Away,1,True,True,premier-league,2015,Tottenham
2015-11-22,West Ham,Home,4,True,True,premier-league,2015,Tottenham
2015-11-29,Chelsea,Home,0,True,True,premier-league,2015,Tottenham
2015-12-05,West Brom,Away,1,True,True,premier-league,2015,Tottenham
2015-12-13,Newcastle,Home,1,True,True,premier-league,2015,Tottenham
2015-12-19,Southampton,Away,2,True,True,premier-league,2015,Tottenham
2015-12-26,Norwich,Home,3,True,True,premier-league,2015,Tottenham
2015-12-28,Watford,Away,2,True,True,premier-league,2015,Tottenham
2016-01-03,Everton,Away,1,True,True,premier-league,2015,Tottenham
2016-01-13,Leicester,Home,0,True,True,premier-league,2015,Tottenham
2016-01-16,Sunderland,Home,4,True,True,premier-league,2015,Tottenham
2016-01-23,Crystal Palace,Away,3,True,True,premier-league,2015,Tottenham
2016-02-02,Norwich,Away,3,True,True,premier-league,2015,Tottenham
2016-02-06,Watford,Home,1,True,True,premier-league,2015,Tottenham
2016-02-14,Man City,Away,2,True,True,premier-league,2015,Tottenham
2016-02-28,Swansea,Home,2,True,True,premier-league,2015,Tottenham
2016-03-02,West Ham,Away,0,True,True,premier-league,2015,Tottenham
2016-03-05,Arsenal,Home,2,True,True,premier-league,2015,Tottenham
2016-03-13,Aston Villa,Away,2,True,True,premier-league,2015,Tottenham
2016-03-20,Bournemouth,Home,3,True,True,premier-league,2015,Tottenham
2016-04-02,Liverpool,Away,1,True,True,premier-league,2015,Tottenham
2016-04-10,Man United,Home,3,True,True,premier-league,2015,Tottenham
2016-04-18,Stoke,Away,4,True,True,premier-league,2015,Tottenham
2016-04-25,West Brom,Home,1,True,True,premier-league,2015,Tottenham
2016-05-02,Chelsea,Away,2,True,True,premier-league,2015,Tottenham
2016-05-08,Southampton,Home,1,True,True,premier-league,2015,Tottenham
2016-05-15,Newcastle,Away,1,False,False,premier-league,2015,Tottenham
2015-08-08,Everton,Away,2,True,True,premier-league,2015,Watford
2015-08-15,West Brom,Home,0,True,True,premier-league,2015,Watford
2015-08-23,Southampton,Home,0,True,True,premier-league,2015,Watford
2015-08-29,Man City,Away,0,True,True,premier-league,2015,Watford
2015-09-12,Swansea,Home,1,True,True,premier-league,2015,Watford
2015-09-19,Newcastle,Away,2,True,True,premier-league,2015,Watford
2015-09-27,Crystal Palace,Home,0,True,True,premier-league,2015,Watford
2015-10-03,Bournemouth,Away,1,True,True,premier-league,2015,Watford
2015-10-17,Arsenal,Home,0,True,True,premier-league,2015,Watford
2015-10-24,Stoke,Away,2,True,True,premier-league,2015,Watford
2015-10-31,West Ham,Home,2,True,True,premier-league,2015,Watford
2015-11-07,Leicester,Away,1,True,True,premier-league,2015,Watford
2015-11-21,Man United,Home,1,True,True,premier-league,2015,Watford
2015-11-28,Aston Villa,Away,3,True,True,premier-league,2015,Watford
2015-12-05,Norwich,Home,2,True,True,premier-league,2015,Watford
2015-12-12,Sunderland,Away,1,True,True,premier-league,2015,Watford
2015-12-20,Liverpool,Home,3,True,True,premier-league,2015,Watford
2015-12-26,Chelsea,Away,2,True,True,premier-league,2015,Watford
2015-12-28,Tottenham,Home,1,True,True,premier-league,2015,Watford
2016-01-02,Man City,Home,1,True,True,premier-league,2015,Watford
2016-01-13,Southampton,Away,0,True,True,premier-league,2015,Watford
2016-01-18,Swansea,Away,0,True,True,premier-league,2015,Watford
2016-01-23,Newcastle,Home,2,True,True,premier-league,2015,Watford
2016-02-03,Chelsea,Home,0,True,True,premier-league,2015,Watford
2016-02-06,Tottenham,Away,0,True,True,premier-league,2015,Watford
2016-02-13,Crystal Palace,Away,2,True,True,premier-league,2015,Watford
2016-02-27,Bournemouth,Home,0,True,True,premier-league,2015,Watford
2016-03-02,Man United,Away,0,True,True,premier-league,2015,Watford
2016-03-05,Leicester,Home,0,True,True,premier-league,2015,Watford
2016-03-19,Stoke,Home,1,True,True,premier-league,2015,Watford
2016-04-02,Arsenal,Away,0,True,True,premier-league,2015,Watford
2016-04-09,Everton,Home,1,True,True,premier-league,2015,Watford
2016-04-16,West Brom,Away,1,True,True,premier-league,2015,Watford
2016-04-20,West Ham,Away,1,True,True,premier-league,2015,Watford
2016-04-30,Aston Villa,Home,3,True,True,premier-league,2015,Watford
2016-05-08,Liverpool,Away,0,True,True,premier-league,2015,Watford
2016-05-11,Norwich,Away,2,True,True,premier-league,2015,Watford
2016-05-15,Sunderland,Home,2,True,True,premier-league,2015,Watford
2015-08-10,Man City,Home,0,True,True,premier-league,2015,West Brom
2015-08-15,Watford,Away,0,True,True,premier-league,2015,West Brom
2015-08-23,Chelsea,Home,2,True,True,premier-league,2015,West Brom
2015-08-29,Stoke,Away,1,True,True,premier-league,2015,West Brom
2015-09-12,Southampton,Home,0,True,True,premier-league,2015,West Brom
2015-09-19,Aston Villa,Away,1,True,True,premier-league,2015,West Brom
2015-09-28,Everton,Home,2,True,True,premier-league,2015,West Brom
2015-10-03,Crystal Palace,Away,0,True,True,premier-league,2015,West Brom
2015-10-17,Sunderland,Home,1,True,True,premier-league,2015,West Brom
2015-10-24,Norwich,Away,1,True,True,premier-league,2015,West Brom
2015-10-31,Leicester,Home,2,True,True,premier-league,2015,West Brom
2015-11-07,Man United,Away,0,True,True,premier-league,2015,West Brom
2015-11-21,Arsenal,Home,2,True,True,premier-league,2015,West Brom
2015-11-29,West Ham,Away,1,True,True,premier-league,2015,West Brom
2015-12-05,Tottenham,Home,1,True,True,premier-league,2015,West Brom
2015-12-13,Liverpool,Away,2,True,True,premier-league,2015,West Brom
2015-12-19,Bournemouth,Home,1,True,True,premier-league,2015,West Brom
2015-12-26,Swansea,Away,0,True,True,premier-league,2015,West Brom
2015-12-28,Newcastle,Home,1,True,True,premier-league,2015,West Brom
2016-01-02,Stoke,Home,2,True,True,premier-league,2015,West Brom
2016-01-13,Chelsea,Away,2,True,True,premier-league,2015,West Brom
2016-01-16,Southampton,Away,0,True,True,premier-league,2015,West Brom
2016-01-23,Aston Villa,Home,0,True,True,premier-league,2015,West Brom
2016-02-02,Swansea,Home,1,True,True,premier-league,2015,West Brom
2016-02-06,Newcastle,Away,0,True,True,premier-league,2015,West Brom
2016-02-13,Everton,Away,1,True,True,premier-league,2015,West Brom
2016-02-27,Crystal Palace,Home,3,True,True,premier-league,2015,West Brom
2016-03-01,Leicester,Away,2,True,True,premier-league,2015,West Brom
2016-03-06,Man United,Home,1,True,True,premier-league,2015,West Brom
2016-03-19,Norwich,Home,0,True,True,premier-league,2015,West Brom
2016-04-02,Sunderland,Away,0,True,True,premier-league,2015,West Brom
2016-04-09,Man City,Away,1,True,True,premier-league,2015,West Brom
2016-04-16,Watford,Home,0,True,True,premier-league,2015,West Brom
2016-04-21,Arsenal,Away,0,True,True,premier-league,2015,West Brom
2016-04-25,Tottenham,Away,1,True,True,premier-league,2015,West Brom
2016-04-30,West Ham,Home,0,True,True,premier-league,2015,West Brom
2016-05-07,Bournemouth,Away,1,True,True,premier-league,2015,West Brom
2016-05-15,Liverpool,Home,1,True,True,premier-league,2015,West Brom
2015-08-09,Arsenal,Away,2,True,True,premier-league,2015,West Ham
2015-08-15,Leicester,Home,1,True,True,premier-league,2015,West Ham
2015-08-22,Bournemouth,Home,3,True,True,premier-league,2015,West Ham
2015-08-29,Liverpool,Away,3,True,True,premier-league,2015,West Ham
2015-09-14,Newcastle,Home,2,True,True,premier-league,2015,West Ham
2015-09-19,Man City,Away,2,True,True,premier-league,2015,West Ham
2015-09-26,Norwich,Home,2,True,True,premier-league,2015,West Ham
2015-10-03,Sunderland,Away,2,True,True,premier-league,2015,West Ham
2015-10-17,Crystal Palace,Away,3,True,True,premier-league,2015,West Ham
2015-10-24,Chelsea,Home,2,True,True,premier-league,2015,West Ham
2015-10-31,Watford,Away,0,True,True,premier-league,2015,West Ham
2015-11-07,Everton,Home,1,True,True,premier-league,2015,West Ham
2015-11-22,Tottenham,Away,1,True,True,premier-league,2015,West Ham
2015-11-29,West Brom,Home,1,True,True,premier-league,2015,West Ham
2015-12-05,Man United,Away,0,True,True,premier-league,2015,West Ham
2015-12-12,Stoke,Home,0,True,True,premier-league,2015,West Ham
2015-12-20,Swansea,Away,0,True,True,premier-league,2015,West Ham
2015-12-26,Aston Villa,Away,1,True,True,premier-league,2015,West Ham
2015-12-28,Southampton,Home,2,True,True,premier-league,2015,West Ham
2016-01-02,Liverpool,Home,2,True,True,premier-league,2015,West Ham
2016-01-12,Bournemouth,Away,3,True,True,premier-league,2015,West Ham
2016-01-16,Newcastle,Away,1,True,True,premier-league,2015,West Ham
2016-01-23,Man City,Home,2,True,True,premier-league,2015,West Ham
2016-02-02,Aston Villa,Home,2,True,True,premier-league,2015,West Ham
2016-02-06,Southampton,Away,0,True,True,premier-league,2015,West Ham
2016-02-13,Norwich,Away,2,True,True,premier-league,2015,West Ham
2016-02-27,Sunderland,Home,1,True,True,premier-league,2015,West Ham
2016-03-02,Tottenham,Home,1,True,True,premier-league,2015,West Ham
2016-03-05,Everton,Away,3,True,True,premier-league,2015,West Ham
2016-03-19,Chelsea,Away,2,True,True,premier-league,2015,West Ham
2016-04-02,Crystal Palace,Home,2,True,True,premier-league,2015,West Ham
2016-04-09,Arsenal,Home,3,True,True,premier-league,2015,West Ham
2016-04-17,Leicester,Away,2,True,True,premier-league,2015,West Ham
2016-04-20,Watford,Home,3,True,True,premier-league,2015,West Ham
2016-04-30,West Brom,Away,3,True,True,premier-league,2015,West Ham
2016-05-07,Swansea,Home,1,True,True,premier-league,2015,West Ham
2016-05-10,Man United,Home,3,True,True,premier-league,2015,West Ham
2016-05-15,Stoke,Away,1,True,True,premier-league,2015,West Ham
2016-08-14,Liverpool,Home,3,True,True,premier-league,2016,Arsenal
2016-08-20,Leicester,Away,0,True,True,premier-league,2016,Arsenal
2016-08-27,Watford,Away,3,True,True,premier-league,2016,Arsenal
2016-09-10,Southampton,Home,2,True,True,premier-league,2016,Arsenal
2016-09-17,Hull,Away,4,True,True,premier-league,2016,Arsenal
2016-09-24,Chelsea,Home,3,True,True,premier-league,2016,Arsenal
2016-10-02,Burnley,Away,1,True,True,premier-league,2016,Arsenal
2016-10-15,Swansea,Home,3,True,True,premier-league,2016,Arsenal
2016-10-22,Middlesbrough,Home,0,True,True,premier-league,2016,Arsenal
2016-10-29,Sunderland,Away,4,True,True,premier-league,2016,Arsenal
2016-11-06,Tottenham,Home,1,True,True,premier-league,2016,Arsenal
2016-11-19,Man United,Away,1,True,True,premier-league,2016,Arsenal
2016-11-27,Bournemouth,Home,3,True,True,premier-league,2016,Arsenal
2016-12-03,West Ham,Away,5,True,True,premier-league,2016,Arsenal
2016-12-10,Stoke,Home,3,True,True,premier-league,2016,Arsenal
2016-12-13,Everton,Away,1,True,True,premier-league,2016,Arsenal
2016-12-18,Man City,Away,1,True,True,premier-league,2016,Arsenal
2016-12-26,West Brom,Home,1,True,True,premier-league,2016,Arsenal
2017-01-01,Crystal Palace,Home,2,True,True,premier-league,2016,Arsenal
2017-01-03,Bournemouth,Away,3,True,True,premier-league,2016,Arsenal
2017-01-14,Swansea,Away,4,True,True,premier-league,2016,Arsenal
2017-01-22,Burnley,Home,2,True,True,premier-league,2016,Arsenal
2017-01-31,Watford,Home,1,True,True,premier-league,2016,Arsenal
2017-02-04,Chelsea,Away,1,True,True,premier-league,2016,Arsenal
2017-02-11,Hull,Home,2,True,True,premier-league,2016,Arsenal
2017-03-04,Liverpool,Away,1,True,True,premier-league,2016,Arsenal
2017-03-18,West Brom,Away,1,True,True,premier-league,2016,Arsenal
2017-04-02,Man City,Home,2,True,True,premier-league,2016,Arsenal
2017-04-05,West Ham,Home,3,True,True,premier-league,2016,Arsenal
2017-04-10,Crystal Palace,Away,0,True,True,premier-league,2016,Arsenal
2017-04-17,Middlesbrough,Away,2,True,True,premier-league,2016,Arsenal
2017-04-26,Leicester,Home,1,True,True,premier-league,2016,Arsenal
2017-04-30,Tottenham,Away,0,True,True,premier-league,2016,Arsenal
2017-05-07,Man United,Home,2,True,True,premier-league,2016,Arsenal
2017-05-10,Southampton,Away,2,True,True,premier-league,2016,Arsenal
2017-05-13,Stoke,Away,4,True,True,premier-league,2016,Arsenal
2017-05-16,Sunderland,Home,2,True,True,premier-league,2016,Arsenal
2017-05-21,Everton,Home,3,True,True,premier-league,2016,Arsenal
2016-08-14,Man United,Home,1,True,True,premier-league,2016,Bournemouth
2016-08-21,West Ham,Away,0,True,True,premier-league,2016,Bournemouth
2016-08-27,Crystal Palace,Away,1,True,True,premier-league,2016,Bournemouth
2016-09-10,West Brom,Home,1,True,True,premier-league,2016,Bournemouth
2016-09-17,Man City,Away,0,True,True,premier-league,2016,Bournemouth
2016-09-24,Everton,Home,1,True,True,premier-league,2016,Bournemouth
2016-10-01,Watford,Away,2,True,True,premier-league,2016,Bournemouth
2016-10-15,Hull,Home,6,True,True,premier-league,2016,Bournemouth
2016-10-22,Tottenham,Home,0,True,True,premier-league,2016,Bournemouth
2016-10-29,Middlesbrough,Away,0,True,True,premier-league,2016,Bournemouth
2016-11-05,Sunderland,Home,1,True,True,premier-league,2016,Bournemouth
2016-11-19,Stoke,Away,1,True,True,premier-league,2016,Bournemouth
2016-11-27,Arsenal,Away,1,True,True,premier-league,2016,Bournemouth
2016-12-04,Liverpool,Home,4,True,True,premier-league,2016,Bournemouth
2016-12-10,Burnley,Away,2,True,True,premier-league,2016,Bournemouth
2016-12-13,Leicester,Home,1,True,True,premier-league,2016,Bournemouth
2016-12-18,Southampton,Home,1,True,True,premier-league,2016,Bournemouth
2016-12-26,Chelsea,Away,0,True,True,premier-league,2016,Bournemouth
2016-12-31,Swansea,Away,3,True,True,premier-league,2016,Bournemouth
2017-01-03,Arsenal,Home,3,True,True,premier-league,2016,Bournemouth
2017-01-14,Hull,Away,1,True,True,premier-league,2016,Bournemouth
2017-01-21,Watford,Home,2,True,True,premier-league,2016,Bournemouth
2017-01-31,Crystal Palace,Home,0,True,True,premier-league,2016,Bournemouth
2017-02-04,Everton,Away,3,True,True,premier-league,2016,Bournemouth
2017-02-13,Man City,Home,0,True,True,premier-league,2016,Bournemouth
2017-02-25,West Brom,Away,1,True,True,premier-league,2016,Bournemouth
2017-03-04,Man United,Away,1,True,True,premier-league,2016,Bournemouth
2017-03-11,West Ham,Home,3,True,True,premier-league,2016,Bournemouth
2017-03-18,Swansea,Home,2,True,True,premier-league,2016,Bournemouth
2017-04-01,Southampton,Away,0,True,True,premier-league,2016,Bournemouth
2017-04-05,Liverpool,Away,2,True,True,premier-league,2016,Bournemouth
2017-04-08,Chelsea,Home,1,True,True,premier-league,2016,Bournemouth
2017-04-15,Tottenham,Away,0,True,True,premier-league,2016,Bournemouth
2017-04-22,Middlesbrough,Home,4,True,True,premier-league,2016,Bournemouth
2017-04-29,Sunderland,Away,1,True,True,premier-league,2016,Bournemouth
2017-05-06,Stoke,Home,2,True,True,premier-league,2016,Bournemouth
2017-05-13,Burnley,Home,2,True,True,premier-league,2016,Bournemouth
2017-05-21,Leicester,Away,1,True,True,premier-league,2016,Bournemouth
2016-08-13,Swansea,Home,0,False,False,premier-league,2016,Burnley
2016-08-20,Liverpool,Home,2,False,False,premier-league,2016,Burnley
2016-08-27,Chelsea,Away,0,False,False,premier-league,2016,Burnley
2016-09-10,Hull,Home,1,False,False,premier-league,2016,Burnley
2016-09-17,Leicester,Away,0,False,False,premier-league,2016,Burnley
2016-09-26,Watford,Home,2,False,False,premier-league,2016,Burnley
2016-10-02,Arsenal,Home,0,False,False,premier-league,2016,Burnley
2016-10-16,Southampton,Away,1,False,False,premier-league,2016,Burnley
2016-10-22,Everton,Home,2,False,False,premier-league,2016,Burnley
2016-10-29,Man United,Away,0,False,False,premier-league,2016,Burnley
2016-11-05,Crystal Palace,Home,3,False,False,premier-league,2016,Burnley
2016-11-21,West Brom,Away,0,False,False,premier-league,2016,Burnley
2016-11-26,Man City,Home,1,False,False,premier-league,2016,Burnley
2016-12-03,Stoke,Away,0,False,False,premier-league,2016,Burnley
2016-12-10,Bournemouth,Home,3,False,False,premier-league,2016,Burnley
2016-12-14,West Ham,Away,0,False,False,premier-league,2016,Burnley
2016-12-18,Tottenham,Away,1,False,False,premier-league,2016,Burnley
2016-12-26,Middlesbrough,Home,1,False,False,premier-league,2016,Burnley
2016-12-31,Sunderland,Home,4,False,False,premier-league,2016,Burnley
2017-01-02,Man City,Away,1,False,False,premier-league,2016,Burnley
2017-01-14,Southampton,Home,1,False,False,premier-league,2016,Burnley
2017-01-22,Arsenal,Away,1,False,False,premier-league,2016,Burnley
2017-01-31,Leicester,Home,1,False,False,premier-league,2016,Burnley
2017-02-04,Watford,Away,1,False,False,premier-league,2016,Burnley
2017-02-12,Chelsea,Home,1,False,False,premier-league,2016,Burnley
2017-02-25,Hull,Away,1,False,False,premier-league,2016,Burnley
2017-03-04,Swansea,Away,2,False,False,premier-league,2016,Burnley
2017-03-12,Liverpool,Away,1,False,False,premier-league,2016,Burnley
2017-03-18,Sunderland,Away,0,False,False,premier-league,2016,Burnley
2017-04-01,Tottenham,Home,0,False,False,premier-league,2016,Burnley
2017-04-04,Stoke,Home,1,False,False,premier-league,2016,Burnley
2017-04-08,Middlesbrough,Away,0,False,False,premier-league,2016,Burnley
2017-04-15,Everton,Away,1,False,False,premier-league,2016,Burnley
2017-04-23,Man United,Home,0,False,False,premier-league,2016,Burnley
2017-04-29,Crystal Palace,Away,2,False,False,premier-league,2016,Burnley
2017-05-06,West Brom,Home,2,False,False,premier-league,2016,Burnley
2017-05-13,Bournemouth,Away,1,False,False,premier-league,2016,Burnley
2017-05-21,West Ham,Home,1,False,False,premier-league,2016,Burnley
2016-08-15,West Ham,Home,2,True,True,premier-league,2016,Chelsea
2016-08-20,Watford,Away,2,True,True,premier-league,2016,Chelsea
2016-08-27,Burnley,Home,3,True,True,premier-league,2016,Chelsea
2016-09-11,Swansea,Away,2,True,True,premier-league,2016,Chelsea
2016-09-16,Liverpool,Home,1,True,True,premier-league,2016,Chelsea
2016-09-24,Arsenal,Away,0,True,True,premier-league,2016,Chelsea
2016-10-01,Hull,Away,2,True,True,premier-league,2016,Chelsea
2016-10-15,Leicester,Home,3,True,True,premier-league,2016,Chelsea
2016-10-23,Man United,Home,4,True,True,premier-league,2016,Chelsea
2016-10-30,Southampton,Away,2,True,True,premier-league,2016,Chelsea
2016-11-05,Everton,Home,5,True,True,premier-league,2016,Chelsea
2016-11-20,Middlesbrough,Away,1,True,True,premier-league,2016,Chelsea
2016-11-26,Tottenham,Home,2,True,True,premier-league,2016,Chelsea
2016-12-03,Man City,Away,3,True,True,premier-league,2016,Chelsea
2016-12-11,West Brom,Home,1,True,True,premier-league,2016,Chelsea
2016-12-14,Sunderland,Away,1,True,True,premier-league,2016,Chelsea
2016-12-17,Crystal Palace,Away,1,True,True,premier-league,2016,Chelsea
2016-12-26,Bournemouth,Home,3,True,True,premier-league,2016,Chelsea
2016-12-31,Stoke,Home,4,True,True,premier-league,2016,Chelsea
2017-01-04,Tottenham,Away,0,True,True,premier-league,2016,Chelsea
2017-01-14,Leicester,Away,3,True,True,premier-league,2016,Chelsea
2017-01-22,Hull,Home,2,True,True,premier-league,2016,Chelsea
2017-01-31,Liverpool,Away,1,True,True,premier-league,2016,Chelsea
2017-02-04,Arsenal,Home,3,True,True,premier-league,2016,Chelsea
2017-02-12,Burnley,Away,1,True,True,premier-league,2016,Chelsea
2017-02-25,Swansea,Home,3,True,True,premier-league,2016,Chelsea
2017-03-06,West Ham,Away,2,True,True,premier-league,2016,Chelsea
2017-03-18,Stoke,Away,2,True,True,premier-league,2016,Chelsea
2017-04-01,Crystal Palace,Home,1,True,True,premier-league,2016,Chelsea
2017-04-05,Man City,Home,2,True,True,premier-league,2016,Chelsea
2017-04-08,Bournemouth,Away,3,True,True,premier-league,2016,Chelsea
2017-04-16,Man United,Away,0,True,True,premier-league,2016,Chelsea
2017-04-25,Southampton,Home,4,True,True,premier-league,2016,Chelsea
2017-04-30,Everton,Away,3,True,True,premier-league,2016,Chelsea
2017-05-08,Middlesbrough,Home,3,True,True,premier-league,2016,Chelsea
2017-05-12,West Brom,Away,1,True,True,premier-league,2016,Chelsea
2017-05-15,Watford,Home,4,True,True,premier-league,2016,Chelsea
2017-05-21,Sunderland,Home,5,True,True,premier-league,2016,Chelsea
2016-08-13,West Brom,Home,0,True,True,premier-league,2016,Crystal Palace
2016-08-20,Tottenham,Away,0,True,True,premier-league,2016,Crystal Palace
2016-08-27,Bournemouth,Home,1,True,True,premier-league,2016,Crystal Palace
2016-09-10,Middlesbrough,Away,2,True,True,premier-league,2016,Crystal Palace
2016-09-18,Stoke,Home,4,True,True,premier-league,2016,Crystal Palace
2016-09-24,Sunderland,Away,3,True,True,premier-league,2016,Crystal Palace
2016-09-30,Everton,Away,1,True,True,premier-league,2016,Crystal Palace
2016-10-15,West Ham,Home,0,True,True,premier-league,2016,Crystal Palace
2016-10-22,Leicester,Away,1,True,True,premier-league,2016,Crystal Palace
2016-10-29,Liverpool,Home,2,True,True,premier-league,2016,Crystal Palace
2016-11-05,Burnley,Away,2,True,True,premier-league,2016,Crystal Palace
2016-11-19,Man City,Home,1,True,True,premier-league,2016,Crystal Palace
2016-11-26,Swansea,Away,4,True,True,premier-league,2016,Crystal Palace
2016-12-03,Southampton,Home,3,True,True,premier-league,2016,Crystal Palace
2016-12-10,Hull,Away,3,True,True,premier-league,2016,Crystal Palace
2016-12-14,Man United,Home,1,True,True,premier-league,2016,Crystal Palace
2016-12-17,Chelsea,Home,0,True,True,premier-league,2016,Crystal Palace
2016-12-26,Watford,Away,1,True,True,premier-league,2016,Crystal Palace
2017-01-01,Arsenal,Away,0,True,True,premier-league,2016,Crystal Palace
2017-01-03,Swansea,Home,1,True,True,premier-league,2016,Crystal Palace
2017-01-14,West Ham,Away,0,True,True,premier-league,2016,Crystal Palace
2017-01-21,Everton,Home,0,True,True,premier-league,2016,Crystal Palace
2017-01-31,Bournemouth,Away,2,True,True,premier-league,2016,Crystal Palace
2017-02-04,Sunderland,Home,0,True,True,premier-league,2016,Crystal Palace
2017-02-11,Stoke,Away,0,True,True,premier-league,2016,Crystal Palace
2017-02-25,Middlesbrough,Home,1,True,True,premier-league,2016,Crystal Palace
2017-03-04,West Brom,Away,2,True,True,premier-league,2016,Crystal Palace
2017-03-18,Watford,Home,1,True,True,premier-league,2016,Crystal Palace
2017-04-01,Chelsea,Away,2,True,True,premier-league,2016,Crystal Palace
2017-04-05,Southampton,Away,1,True,True,premier-league,2016,Crystal Palace
2017-04-10,Arsenal,Home,3,True,True,premier-league,2016,Crystal Palace
2017-04-15,Leicester,Home,2,True,True,premier-league,2016,Crystal Palace
2017-04-23,Liverpool,Away,2,True,True,premier-league,2016,Crystal Palace
2017-04-26,Tottenham,Home,0,True,True,premier-league,2016,Crystal Palace
2017-04-29,Burnley,Home,0,True,True,premier-league,2016,Crystal Palace
2017-05-06,Man City,Away,0,True,True,premier-league,2016,Crystal Palace
2017-05-14,Hull,Home,4,True,True,premier-league,2016,Crystal Palace
2017-05-21,Man United,Away,0,True,True,premier-league,2016,Crystal Palace
2016-08-13,Tottenham,Home,1,True,True,premier-league,2016,Everton
2016-08-20,West Brom,Away,2,True,True,premier-league,2016,Everton
2016-08-27,Stoke,Home,1,True,True,premier-league,2016,Everton
2016-09-12,Sunderland,Away,3,True,True,premier-league,2016,Everton
2016-09-17,Middlesbrough,Home,3,True,True,premier-league,2016,Everton
2016-09-24,Bournemouth,Away,0,True,True,premier-league,2016,Everton
2016-09-30,Crystal Palace,Home,1,True,True,premier-league,2016,Everton
2016-10-15,Man City,Away,1,True,True,premier-league,2016,Everton
2016-10-22,Burnley,Away,1,True,True,premier-league,2016,Everton
2016-10-30,West Ham,Home,2,True,True,premier-league,2016,Everton
2016-11-05,Chelsea,Away,0,True,True,premier-league,2016,Everton
2016-11-19,Swansea,Home,1,True,True,premier-league,2016,Everton
2016-11-27,Southampton,Away,0,True,True,premier-league,2016,Everton
2016-12-04,Man United,Home,1,True,True,premier-league,2016,Everton
2016-12-10,Watford,Away,2,True,True,premier-league,2016,Everton
2016-12-13,Arsenal,Home,2,True,True,premier-league,2016,Everton
2016-12-19,Liverpool,Home,0,True,True,premier-league,2016,Everton
2016-12-26,Leicester,Away,2,True,True,premier-league,2016,Everton
2016-12-30,Hull,Away,2,True,True,premier-league,2016,Everton
2017-01-02,Southampton,Home,3,True,True,premier-league,2016,Everton
2017-01-15,Man City,Home,4,True,True,premier-league,2016,Everton
2017-01-21,Crystal Palace,Away,1,True,True,premier-league,2016,Everton
2017-02-01,Stoke,Away,1,True,True,premier-league,2016,Everton
2017-02-04,Bournemouth,Home,6,True,True,premier-league,2016,Everton
2017-02-11,Middlesbrough,Away,0,True,True,premier-league,2016,Everton
2017-02-25,Sunderland,Home,2,True,True,premier-league,2016,Everton
2017-03-05,Tottenham,Away,2,True,True,premier-league,2016,Everton
2017-03-11,West Brom,Home,3,True,True,premier-league,2016,Everton
2017-03-18,Hull,Home,4,True,True,premier-league,2016,Everton
2017-04-01,Liverpool,Away,1,True,True,premier-league,2016,Everton
2017-04-04,Man United,Away,1,True,True,premier-league,2016,Everton
2017-04-09,Leicester,Home,4,True,True,premier-league,2016,Everton
2017-04-15,Burnley,Home,3,True,True,premier-league,2016,Everton
2017-04-22,West Ham,Away,0,True,True,premier-league,2016,Everton
2017-04-30,Chelsea,Home,0,True,True,premier-league,2016,Everton
2017-05-06,Swansea,Away,0,True,True,premier-league,2016,Everton
2017-05-12,Watford,Home,1,True,True,premier-league,2016,Everton
2017-05-21,Arsenal,Away,1,True,True,premier-league,2016,Everton
2016-08-13,Leicester,Home,2,True,True,premier-league,2016,Hull
2016-08-20,Swansea,Away,2,True,True,premier-league,2016,Hull
2016-08-27,Man United,Home,0,True,True,premier-league,2016,Hull
2016-09-10,Burnley,Away,1,True,True,premier-league,2016,Hull
2016-09-17,Arsenal,Home,1,True,True,premier-league,2016,Hull
2016-09-24,Liverpool,Away,1,True,True,premier-league,2016,Hull
2016-10-01,Chelsea,Home,0,True,True,premier-league,2016,Hull
2016-10-15,Bournemouth,Away,1,True,True,premier-league,2016,Hull
2016-10-22,Stoke,Home,0,True,True,premier-league,2016,Hull
2016-10-29,Watford,Away,0,True,True,premier-league,2016,Hull
2016-11-06,Southampton,Home,2,True,True,premier-league,2016,Hull
2016-11-19,Sunderland,Away,0,True,True,premier-league,2016,Hull
2016-11-26,West Brom,Home,1,True,True,premier-league,2016,Hull
2016-12-05,Middlesbrough,Away,0,True,True,premier-league,2016,Hull
2016-12-10,Crystal Palace,Home,3,True,True,premier-league,2016,Hull
2016-12-14,Tottenham,Away,0,True,True,premier-league,2016,Hull
2016-12-17,West Ham,Away,0,True,True,premier-league,2016,Hull
2016-12-26,Man City,Home,0,True,True,premier-league,2016,Hull
2016-12-30,Everton,Home,2,True,True,premier-league,2016,Hull
2017-01-02,West Brom,Away,1,True,True,premier-league,2016,Hull
2017-01-14,Bournemouth,Home,3,True,True,premier-league,2016,Hull
2017-01-22,Chelsea,Away,0,True,True,premier-league,2016,Hull
2017-02-01,Man United,Away,0,True,True,premier-league,2016,Hull
2017-02-04,Liverpool,Home,2,True,True,premier-league,2016,Hull
2017-02-11,Arsenal,Away,0,True,True,premier-league,2016,Hull
2017-02-25,Burnley,Home,1,True,True,premier-league,2016,Hull
2017-03-04,Leicester,Away,1,True,True,premier-league,2016,Hull
2017-03-11,Swansea,Home,2,True,True,premier-league,2016,Hull
2017-03-18,Everton,Away,0,True,True,premier-league,2016,Hull
2017-04-01,West Ham,Home,2,True,True,premier-league,2016,Hull
2017-04-05,Middlesbrough,Home,4,True,True,premier-league,2016,Hull
2017-04-08,Man City,Away,1,True,True,premier-league,2016,Hull
2017-04-15,Stoke,Away,1,True,True,premier-league,2016,Hull
2017-04-22,Watford,Home,2,True,True,premier-league,2016,Hull
2017-04-29,Southampton,Away,0,True,True,premier-league,2016,Hull
2017-05-06,Sunderland,Home,0,True,True,premier-league,2016,Hull
2017-05-14,Crystal Palace,Away,0,True,True,premier-league,2016,Hull
2017-05-21,Tottenham,Home,1,True,True,premier-league,2016,Hull
2016-08-13,Hull,Away,1,True,True,premier-league,2016,Leicester
2016-08-20,Arsenal,Home,0,True,True,premier-league,2016,Leicester
2016-08-27,Swansea,Home,2,True,True,premier-league,2016,Leicester
2016-09-10,Liverpool,Away,1,True,True,premier-league,2016,Leicester
2016-09-17,Burnley,Home,3,True,True,premier-league,2016,Leicester
2016-09-24,Man United,Away,1,True,True,premier-league,2016,Leicester
2016-10-02,Southampton,Home,0,True,True,premier-league,2016,Leicester
2016-10-15,Chelsea,Away,0,True,True,premier-league,2016,Leicester
2016-10-22,Crystal Palace,Home,3,True,True,premier-league,2016,Leicester
2016-10-29,Tottenham,Away,1,True,True,premier-league,2016,Leicester
2016-11-06,West Brom,Home,1,True,True,premier-league,2016,Leicester
2016-11-19,Watford,Away,1,True,True,premier-league,2016,Leicester
2016-11-26,Middlesbrough,Home,2,True,True,premier-league,2016,Leicester
2016-12-03,Sunderland,Away,1,True,True,premier-league,2016,Leicester
2016-12-10,Man City,Home,4,True,True,premier-league,2016,Leicester
2016-12-13,Bournemouth,Away,0,True,True,premier-league,2016,Leicester
2016-12-17,Stoke,Away,2,True,True,premier-league,2016,Leicester
2016-12-26,Everton,Home,0,True,True,premier-league,2016,Leicester
2016-12-31,West Ham,Home,1,True,True,premier-league,2016,Leicester
2017-01-02,Middlesbrough,Away,0,True,True,premier-league,2016,Leicester
2017-01-14,Chelsea,Home,0,True,True,premier-league,2016,Leicester
2017-01-22,Southampton,Away,0,True,True,premier-league,2016,Leicester
2017-01-31,Burnley,Away,0,True,True,premier-league,2016,Leicester
2017-02-05,Man United,Home,0,True,True,premier-league,2016,Leicester
2017-02-12,Swansea,Away,0,True,True,premier-league,2016,Leicester
2017-02-27,Liverpool,Home,3,True,True,premier-league,2016,Leicester
2017-03-04,Hull,Home,3,True,True,premier-league,2016,Leicester
2017-03-18,West Ham,Away,3,True,True,premier-league,2016,Leicester
2017-04-01,Stoke,Home,2,True,True,premier-league,2016,Leicester
2017-04-04,Sunderland,Home,2,True,True,premier-league,2016,Leicester
2017-04-09,Everton,Away,2,True,True,premier-league,2016,Leicester
2017-04-15,Crystal Palace,Away,2,True,True,premier-league,2016,Leicester
2017-04-26,Arsenal,Away,0,True,True,premier-league,2016,Leicester
2017-04-29,West Brom,Away,1,True,True,premier-league,2016,Leicester
2017-05-06,Watford,Home,3,True,True,premier-league,2016,Leicester
2017-05-13,Man City,Away,1,True,True,premier-league,2016,Leicester
2017-05-18,Tottenham,Home,1,True,True,premier-league,2016,Leicester
2017-05-21,Bournemouth,Home,1,True,True,premier-league,2016,Leicester
2016-08-14,Arsenal,Away,4,True,True,premier-league,2016,Liverpool
2016-08-20,Burnley,Away,0,True,True,premier-league,2016,Liverpool
2016-08-27,Tottenham,Away,1,True,True,premier-league,2016,Liverpool
2016-09-10,Leicester,Home,4,True,True,premier-league,2016,Liverpool
2016-09-16,Chelsea,Away,2,True,True,premier-league,2016,Liverpool
2016-09-24,Hull,Home,5,True,True,premier-league,2016,Liverpool
2016-10-01,Swansea,Away,2,True,True,premier-league,2016,Liverpool
2016-10-17,Man United,Home,0,True,True,premier-league,2016,Liverpool
2016-10-22,West Brom,Home,2,True,True,premier-league,2016,Liverpool
2016-10-29,Crystal Palace,Away,4,True,True,premier-league,2016,Liverpool
2016-11-06,Watford,Home,6,True,True,premier-league,2016,Liverpool
2016-11-19,Southampton,Away,0,True,True,premier-league,2016,Liverpool
2016-11-26,Sunderland,Home,2,True,True,premier-league,2016,Liverpool
2016-12-04,Bournemouth,Away,3,True,True,premier-league,2016,Liverpool
2016-12-11,West Ham,Home,2,True,True,premier-league,2016,Liverpool
2016-12-14,Middlesbrough,Away,3,True,True,premier-league,2016,Liverpool
2016-12-19,Everton,Away,1,True,True,premier-league,2016,Liverpool
2016-12-27,Stoke,Home,4,True,True,premier-league,2016,Liverpool
2016-12-31,Man City,Home,1,True,True,premier-league,2016,Liverpool
2017-01-02,Sunderland,Away,2,True,True,premier-league,2016,Liverpool
2017-01-15,Man United,Away,1,True,True,premier-league,2016,Liverpool
2017-01-21,Swansea,Home,2,True,True,premier-league,2016,Liverpool
2017-01-31,Chelsea,Home,1,True,True,premier-league,2016,Liverpool
2017-02-04,Hull,Away,0,True,True,premier-league,2016,Liverpool
2017-02-11,Tottenham,Home,2,True,True,premier-league,2016,Liverpool
2017-02-27,Leicester,Away,1,True,True,premier-league,2016,Liverpool
2017-03-04,Arsenal,Home,3,True,True,premier-league,2016,Liverpool
2017-03-12,Burnley,Home,2,True,True,premier-league,2016,Liverpool
2017-03-19,Man City,Away,1,True,True,premier-league,2016,Liverpool
2017-04-01,Everton,Home,3,True,True,premier-league,2016,Liverpool
2017-04-05,Bournemouth,Home,2,True,True,premier-league,2016,Liverpool
2017-04-08,Stoke,Away,2,True,True,premier-league,2016,Liverpool
2017-04-16,West Brom,Away,1,True,True,premier-league,2016,Liverpool
2017-04-23,Crystal Palace,Home,1,True,True,premier-league,2016,Liverpool
2017-05-01,Watford,Away,1,True,True,premier-league,2016,Liverpool
2017-05-07,Southampton,Home,0,True,True,premier-league,2016,Liverpool
2017-05-14,West Ham,Away,4,True,True,premier-league,2016,Liverpool
2017-05-21,Middlesbrough,Home,3,True,True,premier-league,2016,Liverpool
2016-08-13,Sunderland,Home,2,True,True,premier-league,2016,Man City
2016-08-20,Stoke,Away,4,True,True,premier-league,2016,Man City
2016-08-28,West Ham,Home,3,True,True,premier-league,2016,Man City
2016-09-10,Man United,Away,2,True,True,premier-league,2016,Man City
2016-09-17,Bournemouth,Home,4,True,True,premier-league,2016,Man City
2016-09-24,Swansea,Away,3,True,True,premier-league,2016,Man City
2016-10-02,Tottenham,Away,0,True,True,premier-league,2016,Man City
2016-10-15,Everton,Home,1,True,True,premier-league,2016,Man City
2016-10-23,Southampton,Home,1,True,True,premier-league,2016,Man City
2016-10-29,West Brom,Away,4,True,True,premier-league,2016,Man City
2016-11-05,Middlesbrough,Home,1,True,True,premier-league,2016,Man City
2016-11-19,Crystal Palace,Away,2,True,True,premier-league,2016,Man City
2016-11-26,Burnley,Away,2,True,True,premier-league,2016,Man City
2016-12-03,Chelsea,Home,1,True,True,premier-league,2016,Man City
2016-12-10,Leicester,Away,2,True,True,premier-league,2016,Man City
2016-12-14,Watford,Home,2,True,True,premier-league,2016,Man City
2016-12-18,Arsenal,Home,2,True,True,premier-league,2016,Man City
2016-12-26,Hull,Away,3,True,True,premier-league,2016,Man City
2016-12-31,Liverpool,Away,0,True,True,premier-league,2016,Man City
2017-01-02,Burnley,Home,2,True,True,premier-league,2016,Man City
2017-01-15,Everton,Away,0,True,True,premier-league,2016,Man City
2017-01-21,Tottenham,Home,2,True,True,premier-league,2016,Man City
2017-02-01,West Ham,Away,4,True,True,premier-league,2016,Man City
2017-02-05,Swansea,Home,2,True,True,premier-league,2016,Man City
2017-02-13,Bournemouth,Away,2,True,True,premier-league,2016,Man City
2017-03-05,Sunderland,Away,2,True,True,premier-league,2016,Man City
2017-03-08,Stoke,Home,0,True,True,premier-league,2016,Man City
2017-03-19,Liverpool,Home,1,True,True,premier-league,2016,Man City
2017-04-02,Arsenal,Away,2,True,True,premier-league,2016,Man City
2017-04-05,Chelsea,Away,1,True,True,premier-league,2016,Man City
2017-04-08,Hull,Home,3,True,True,premier-league,2016,Man City
2017-04-15,Southampton,Away,3,True,True,premier-league,2016,Man City
2017-04-27,Man United,Home,0,True,True,premier-league,2016,Man City
2017-04-30,Middlesbrough,Away,2,True,True,premier-league,2016,Man City
2017-05-06,Crystal Palace,Home,5,True,True,premier-league,2016,Man City
2017-05-13,Leicester,Home,2,True,True,premier-league,2016,Man City
2017-05-16,West Brom,Home,3,True,True,premier-league,2016,Man City
2017-05-21,Watford,Away,5,True,True,premier-league,2016,Man City
2016-08-14,Bournemouth,Away,3,False,False,premier-league,2016,Man United
2016-08-19,Southampton,Home,2,False,False,premier-league,2016,Man United
2016-08-27,Hull,Away,1,False,False,premier-league,2016,Man United
2016-09-10,Man City,Home,1,False,False,premier-league,2016,Man United
2016-09-18,Watford,Away,1,False,False,premier-league,2016,Man United
2016-09-24,Leicester,Home,4,False,False,premier-league,2016,Man United
2016-10-02,Stoke,Home,1,False,False,premier-league,2016,Man United
2016-10-17,Liverpool,Away,0,False,False,premier-league,2016,Man United
2016-10-23,Chelsea,Away,0,False,False,premier-league,2016,Man United
2016-10-29,Burnley,Home,0,False,False,premier-league,2016,Man United
2016-11-06,Swansea,Away,3,False,False,premier-league,2016,Man United
2016-11-19,Arsenal,Home,1,False,False,premier-league,2016,Man United
2016-11-27,West Ham,Home,1,False,False,premier-league,2016,Man United
2016-12-04,Everton,Away,1,False,False,premier-league,2016,Man United
2016-12-11,Tottenham,Home,1,False,False,premier-league,2016,Man United
2016-12-14,Crystal Palace,Away,2,False,False,premier-league,2016,Man United
2016-12-17,West Brom,Away,2,False,False,premier-league,2016,Man United
2016-12-26,Sunderland,Home,3,False,False,premier-league,2016,Man United
2016-12-31,Middlesbrough,Home,2,False,False,premier-league,2016,Man United
2017-01-02,West Ham,Away,2,False,False,premier-league,2016,Man United
2017-01-15,Liverpool,Home,1,False,False,premier-league,2016,Man United
2017-01-21,Stoke,Away,1,False,False,premier-league,2016,Man United
2017-02-01,Hull,Home,0,False,False,premier-league,2016,Man United
2017-02-05,Leicester,Away,3,False,False,premier-league,2016,Man United
2017-02-11,Watford,Home,2,False,False,premier-league,2016,Man United
2017-03-04,Bournemouth,Home,1,False,False,premier-league,2016,Man United
2017-03-19,Middlesbrough,Away,3,False,False,premier-league,2016,Man United
2017-04-01,West Brom,Home,0,False,False,premier-league,2016,Man United
2017-04-04,Everton,Home,1,False,False,premier-league,2016,Man United
2017-04-09,Sunderland,Away,3,False,False,premier-league,2016,Man United
2017-04-16,Chelsea,Home,2,False,False,premier-league,2016,Man United
2017-04-23,Burnley,Away,2,False,False,premier-league,2016,Man United
2017-04-27,Man City,Away,0,False,False,premier-league,2016,Man United
2017-04-30,Swansea,Home,1,False,False,premier-league,2016,Man United
2017-05-07,Arsenal,Away,0,False,False,premier-league,2016,Man United
2017-05-14,Tottenham,Away,1,False,False,premier-league,2016,Man United
2017-05-17,Southampton,Away,0,False,False,premier-league,2016,Man United
2017-05-21,Crystal Palace,Home,2,False,False,premier-league,2016,Man United
2016-08-13,Watford,Home,1,True,True,premier-league,2016,Southampton
2016-08-19,Man United,Away,0,True,True,premier-league,2016,Southampton
2016-08-27,Sunderland,Home,1,True,True,premier-league,2016,Southampton
2016-09-10,Arsenal,Away,1,True,True,premier-league,2016,Southampton
2016-09-18,Swansea,Home,1,True,True,premier-league,2016,Southampton
2016-09-25,West Ham,Away,3,True,True,premier-league,2016,Southampton
2016-10-02,Leicester,Away,0,True,True,premier-league,2016,Southampton
2016-10-16,Burnley,Home,3,True,True,premier-league,2016,Southampton
2016-10-23,Man City,Away,1,True,True,premier-league,2016,Southampton
2016-10-30,Chelsea,Home,0,True,True,premier-league,2016,Southampton
2016-11-06,Hull,Away,1,True,True,premier-league,2016,Southampton
2016-11-19,Liverpool,Home,0,True,True,premier-league,2016,Southampton
2016-11-27,Everton,Home,1,True,True,premier-league,2016,Southampton
2016-12-03,Crystal Palace,Away,0,True,True,premier-league,2016,Southampton
2016-12-11,Middlesbrough,Home,1,True,True,premier-league,2016,Southampton
2016-12-14,Stoke,Away,0,True,True,premier-league,2016,Southampton
2016-12-18,Bournemouth,Away,3,True,True,premier-league,2016,Southampton
2016-12-28,Tottenham,Home,1,True,True,premier-league,2016,Southampton
2016-12-31,West Brom,Home,1,True,True,premier-league,2016,Southampton
2017-01-02,Everton,Away,0,True,True,premier-league,2016,Southampton
2017-01-14,Burnley,Away,0,True,True,premier-league,2016,Southampton
2017-01-22,Leicester,Home,3,True,True,premier-league,2016,Southampton
2017-01-31,Swansea,Away,1,True,True,premier-league,2016,Southampton
2017-02-04,West Ham,Home,1,True,True,premier-league,2016,Southampton
2017-02-11,Sunderland,Away,4,True,True,premier-league,2016,Southampton
2017-03-04,Watford,Away,4,True,True,premier-league,2016,Southampton
2017-03-19,Tottenham,Away,1,True,True,premier-league,2016,Southampton
2017-04-01,Bournemouth,Home,0,True,True,premier-league,2016,Southampton
2017-04-05,Crystal Palace,Home,3,True,True,premier-league,2016,Southampton
2017-04-08,West Brom,Away,1,True,True,premier-league,2016,Southampton
2017-04-15,Man City,Home,0,True,True,premier-league,2016,Southampton
2017-04-25,Chelsea,Away,2,True,True,premier-league,2016,Southampton
2017-04-29,Hull,Home,0,True,True,premier-league,2016,Southampton
2017-05-07,Liverpool,Away,0,True,True,premier-league,2016,Southampton
2017-05-10,Arsenal,Home,0,True,True,premier-league,2016,Southampton
2017-05-13,Middlesbrough,Away,2,True,True,premier-league,2016,Southampton
2017-05-17,Man United,Home,0,True,True,premier-league,2016,Southampton
2017-05-21,Stoke,Home,0,True,True,premier-league,2016,Southampton
2016-08-13,Man City,Away,1,True,True,premier-league,2016,Sunderland
2016-08-21,Middlesbrough,Home,1,True,True,premier-league,2016,Sunderland
2016-08-27,Southampton,Away,1,True,True,premier-league,2016,Sunderland
2016-09-12,Everton,Home,0,True,True,premier-league,2016,Sunderland
2016-09-18,Tottenham,Away,0,True,True,premier-league,2016,Sunderland
2016-09-24,Crystal Palace,Home,2,True,True,premier-league,2016,Sunderland
2016-10-01,West Brom,Home,1,True,True,premier-league,2016,Sunderland
2016-10-15,Stoke,Away,0,True,True,premier-league,2016,Sunderland
2016-10-22,West Ham,Away,0,True,True,premier-league,2016,Sunderland
2016-10-29,Arsenal,Home,1,True,True,premier-league,2016,Sunderland
2016-11-05,Bournemouth,Away,2,True,True,premier-league,2016,Sunderland
2016-11-19,Hull,Home,3,True,True,premier-league,2016,Sunderland
2016-11-26,Liverpool,Away,0,True,True,premier-league,2016,Sunderland
2016-12-03,Leicester,Home,2,True,True,premier-league,2016,Sunderland
2016-12-10,Swansea,Away,0,True,True,premier-league,2016,Sunderland
2016-12-14,Chelsea,Home,0,True,True,premier-league,2016,Sunderland
2016-12-17,Watford,Home,1,True,True,premier-league,2016,Sunderland
2016-12-26,Man United,Away,1,True,True,premier-league,2016,Sunderland
2016-12-31,Burnley,Away,1,True,True,premier-league,2016,Sunderland
2017-01-02,Liverpool,Home,2,True,True,premier-league,2016,Sunderland
2017-01-14,Stoke,Home,1,True,True,premier-league,2016,Sunderland
2017-01-21,West Brom,Away,0,True,True,premier-league,2016,Sunderland
2017-01-31,Tottenham,Home,0,True,True,premier-league,2016,Sunderland
2017-02-04,Crystal Palace,Away,4,True,True,premier-league,2016,Sunderland
2017-02-11,Southampton,Home,0,True,True,premier-league,2016,Sunderland
2017-02-25,Everton,Away,0,True,True,premier-league,2016,Sunderland
2017-03-05,Man City,Home,0,True,True,premier-league,2016,Sunderland
2017-03-18,Burnley,Home,0,True,True,premier-league,2016,Sunderland
2017-04-01,Watford,Away,0,True,True,premier-league,2016,Sunderland
2017-04-04,Leicester,Away,0,True,True,premier-league,2016,Sunderland
2017-04-09,Man United,Home,0,True,True,premier-league,2016,Sunderland
2017-04-15,West Ham,Home,2,True,True,premier-league,2016,Sunderland
2017-04-26,Middlesbrough,Away,0,True,True,premier-league,2016,Sunderland
2017-04-29,Bournemouth,Home,0,True,True,premier-league,2016,Sunderland
2017-05-06,Hull,Away,2,True,True,premier-league,2016,Sunderland
2017-05-13,Swansea,Home,0,True,True,premier-league,2016,Sunderland
2017-05-16,Arsenal,Away,0,True,True,premier-league,2016,Sunderland
2017-05-21,Chelsea,Away,1,True,True,premier-league,2016,Sunderland
2016-08-13,Everton,Away,1,True,True,premier-league,2016,Tottenham
2016-08-20,Crystal Palace,Home,1,True,True,premier-league,2016,Tottenham
2016-08-27,Liverpool,Home,1,True,True,premier-league,2016,Tottenham
2016-09-10,Stoke,Away,4,True,True,premier-league,2016,Tottenham
2016-09-18,Sunderland,Home,1,True,True,premier-league,2016,Tottenham
2016-09-24,Middlesbrough,Away,2,True,True,premier-league,2016,Tottenham
2016-10-02,Man City,Home,2,True,True,premier-league,2016,Tottenham
2016-10-15,West Brom,Away,1,True,True,premier-league,2016,Tottenham
2016-10-22,Bournemouth,Away,0,True,True,premier-league,2016,Tottenham
2016-10-29,Leicester,Home,1,True,True,premier-league,2016,Tottenham
2016-11-06,Arsenal,Away,1,True,True,premier-league,2016,Tottenham
2016-11-19,West Ham,Home,3,True,True,premier-league,2016,Tottenham
2016-11-26,Chelsea,Away,1,True,True,premier-league,2016,Tottenham
2016-12-03,Swansea,Home,5,True,True,premier-league,2016,Tottenham
2016-12-11,Man United,Away,0,True,True,premier-league,2016,Tottenham
2016-12-14,Hull,Home,3,True,True,premier-league,2016,Tottenham
2016-12-18,Burnley,Home,2,True,True,premier-league,2016,Tottenham
2016-12-28,Southampton,Away,4,True,True,premier-league,2016,Tottenham
2017-01-01,Watford,Away,4,True,True,premier-league,2016,Tottenham
2017-01-04,Chelsea,Home,2,True,True,premier-league,2016,Tottenham
2017-01-14,West Brom,Home,4,True,True,premier-league,2016,Tottenham
2017-01-21,Man City,Away,2,True,True,premier-league,2016,Tottenham
2017-01-31,Sunderland,Away,0,True,True,premier-league,2016,Tottenham
2017-02-04,Middlesbrough,Home,1,True,True,premier-league,2016,Tottenham
2017-02-11,Liverpool,Away,0,True,True,premier-league,2016,Tottenham
2017-02-26,Stoke,Home,4,True,True,premier-league,2016,Tottenham
2017-03-05,Everton,Home,3,True,True,premier-league,2016,Tottenham
2017-03-19,Southampton,Home,2,True,True,premier-league,2016,Tottenham
2017-04-01,Burnley,Away,2,True,True,premier-league,2016,Tottenham
2017-04-05,Swansea,Away,3,True,True,premier-league,2016,Tottenham
2017-04-08,Watford,Home,4,True,True,premier-league,2016,Tottenham
2017-04-15,Bournemouth,Home,4,True,True,premier-league,2016,Tottenham
2017-04-26,Crystal Palace,Away,1,True,True,premier-league,2016,Tottenham
2017-04-30,Arsenal,Home,2,True,True,premier-league,2016,Tottenham
2017-05-05,West Ham,Away,0,True,True,premier-league,2016,Tottenham
2017-05-14,Man United,Home,2,True,True,premier-league,2016,Tottenham
2017-05-18,Leicester,Away,6,True,True,premier-league,2016,Tottenham
2017-05-21,Hull,Away,7,True,True,premier-league,2016,Tottenham
2016-08-13,Southampton,Away,1,True,True,premier-league,2016,Watford
2016-08-20,Chelsea,Home,1,True,True,premier-league,2016,Watford
2016-08-27,Arsenal,Home,1,True,True,premier-league,2016,Watford
2016-09-10,West Ham,Away,4,True,True,premier-league,2016,Watford
2016-09-18,Man United,Home,3,True,True,premier-league,2016,Watford
2016-09-26,Burnley,Away,0,True,True,premier-league,2016,Watford
2016-10-01,Bournemouth,Home,2,True,True,premier-league,2016,Watford
2016-10-16,Middlesbrough,Away,1,True,True,premier-league,2016,Watford
2016-10-22,Swansea,Away,0,True,True,premier-league,2016,Watford
2016-10-29,Hull,Home,1,True,True,premier-league,2016,Watford
2016-11-06,Liverpool,Away,1,True,True,premier-league,2016,Watford
2016-11-19,Leicester,Home,2,True,True,premier-league,2016,Watford
2016-11-27,Stoke,Home,0,True,True,premier-league,2016,Watford
2016-12-03,West Brom,Away,1,True,True,premier-league,2016,Watford
2016-12-10,Everton,Home,3,True,True,premier-league,2016,Watford
2016-12-14,Man City,Away,0,True,True,premier-league,2016,Watford
2016-12-17,Sunderland,Away,0,True,True,premier-league,2016,Watford
2016-12-26,Crystal Palace,Home,1,True,True,premier-league,2016,Watford
2017-01-01,Tottenham,Home,1,True,True,premier-league,2016,Watford
2017-01-03,Stoke,Away,0,True,True,premier-league,2016,Watford
2017-01-14,Middlesbrough,Home,0,True,True,premier-league,2016,Watford
2017-01-21,Bournemouth,Away,2,True,True,premier-league,2016,Watford
2017-01-31,Arsenal,Away,2,True,True,premier-league,2016,Watford
2017-02-04,Burnley,Home,2,True,True,premier-league,2016,Watford
2017-02-11,Man United,Away,0,True,True,premier-league,2016,Watford
2017-02-25,West Ham,Home,1,True,True,premier-league,2016,Watford
2017-03-04,Southampton,Home,3,True,True,premier-league,2016,Watford
2017-03-18,Crystal Palace,Away,0,True,True,premier-league,2016,Watford
2017-04-01,Sunderland,Home,1,True,True,premier-league,2016,Watford
2017-04-04,West Brom,Home,2,True,True,premier-league,2016,Watford
2017-04-08,Tottenham,Away,0,True,True,premier-league,2016,Watford
2017-04-15,Swansea,Home,1,True,True,premier-league,2016,Watford
2017-04-22,Hull,Away,0,True,True,premier-league,2016,Watford
2017-05-01,Liverpool,Home,0,True,True,premier-league,2016,Watford
2017-05-06,Leicester,Away,0,True,True,premier-league,2016,Watford
2017-05-12,Everton,Away,0,True,True,premier-league,2016,Watford
2017-05-15,Chelsea,Away,3,True,True,premier-league,2016,Watford
2017-05-21,Man City,Home,0,True,True,premier-league,2016,Watford
2016-08-13,Crystal Palace,Away,1,True,True,premier-league,2016,West Brom
2016-08-20,Everton,Home,1,True,True,premier-league,2016,West Brom
2016-08-28,Middlesbrough,Home,0,True,True,premier-league,2016,West Brom
2016-09-10,Bournemouth,Away,0,True,True,premier-league,2016,West Brom
2016-09-17,West Ham,Home,4,True,True,premier-league,2016,West Brom
2016-09-24,Stoke,Away,1,True,True,premier-league,2016,West Brom
2016-10-01,Sunderland,Away,1,True,True,premier-league,2016,West Brom
2016-10-15,Tottenham,Home,1,True,True,premier-league,2016,West Brom
2016-10-22,Liverpool,Away,1,True,True,premier-league,2016,West Brom
2016-10-29,Man City,Home,0,True,True,premier-league,2016,West Brom
2016-11-06,Leicester,Away,2,True,True,premier-league,2016,West Brom
2016-11-21,Burnley,Home,4,True,True,premier-league,2016,West Brom
2016-11-26,Hull,Away,1,True,True,premier-league,2016,West Brom
2016-12-03,Watford,Home,3,True,True,premier-league,2016,West Brom
2016-12-11,Chelsea,Away,0,True,True,premier-league,2016,West Brom
2016-12-14,Swansea,Home,3,True,True,premier-league,2016,West Brom
2016-12-17,Man United,Home,0,True,True,premier-league,2016,West Brom
2016-12-26,Arsenal,Away,0,True,True,premier-league,2016,West Brom
2016-12-31,Southampton,Away,2,True,True,premier-league,2016,West Brom
2017-01-02,Hull,Home,3,True,True,premier-league,2016,West Brom
2017-01-14,Tottenham,Away,0,True,True,premier-league,2016,West Brom
2017-01-21,Sunderland,Home,2,True,True,premier-league,2016,West Brom
2017-01-31,Middlesbrough,Away,1,True,True,premier-league,2016,West Brom
2017-02-04,Stoke,Home,1,True,True,premier-league,2016,West Brom
2017-02-11,West Ham,Away,2,True,True,premier-league,2016,West Brom
2017-02-25,Bournemouth,Home,2,True,True,premier-league,2016,West Brom
2017-03-04,Crystal Palace,Home,0,True,True,premier-league,2016,West Brom
2017-03-11,Everton,Away,0,True,True,premier-league,2016,West Brom
2017-03-18,Arsenal,Home,3,True,True,premier-league,2016,West Brom
2017-04-01,Man United,Away,0,True,True,premier-league,2016,West Brom
2017-04-04,Watford,Away,0,True,True,premier-league,2016,West Brom
2017-04-08,Southampton,Home,0,True,True,premier-league,2016,West Brom
2017-04-16,Liverpool,Home,0,True,True,premier-league,2016,West Brom
2017-04-29,Leicester,Home,0,True,True,premier-league,2016,West Brom
2017-05-06,Burnley,Away,2,True,True,premier-league,2016,West Brom
2017-05-12,Chelsea,Home,0,True,True,premier-league,2016,West Brom
2017-05-16,Man City,Away,1,True,True,premier-league,2016,West Brom
2017-05-21,Swansea,Away,1,True,True,premier-league,2016,West Brom
2016-08-15,Chelsea,Away,1,True,True,premier-league,2016,West Ham
2016-08-21,Bournemouth,Home,1,True,True,premier-league,2016,West Ham
2016-08-28,Man City,Away,1,True,True,premier-league,2016,West Ham
2016-09-10,Watford,Home,2,True,True,premier-league,2016,West Ham
2016-09-17,West Brom,Away,2,True,True,premier-league,2016,West Ham
2016-09-25,Southampton,Home,0,True,True,premier-league,2016,West Ham
2016-10-01,Middlesbrough,Home,1,True,True,premier-league,2016,West Ham
2016-10-15,Crystal Palace,Away,1,True,True,premier-league,2016,West Ham
2016-10-22,Sunderland,Home,1,True,True,premier-league,2016,West Ham
2016-10-30,Everton,Away,0,True,True,premier-league,2016,West Ham
2016-11-05,Stoke,Home,1,True,True,premier-league,2016,West Ham
2016-11-19,Tottenham,Away,2,True,True,premier-league,2016,West Ham
2016-11-27,Man United,Away,1,True,True,premier-league,2016,West Ham
2016-12-03,Arsenal,Home,1,True,True,premier-league,2016,West Ham
2016-12-11,Liverpool,Away,2,True,True,premier-league,2016,West Ham
2016-12-14,Burnley,Home,1,True,True,premier-league,2016,West Ham
2016-12-17,Hull,Home,1,True,True,premier-league,2016,West Ham
2016-12-26,Swansea,Away,4,True,True,premier-league,2016,West Ham
2016-12-31,Leicester,Away,0,True,True,premier-league,2016,West Ham
2017-01-02,Man United,Home,0,True,True,premier-league,2016,West Ham
2017-01-14,Crystal Palace,Home,3,True,True,premier-league,2016,West Ham
2017-01-21,Middlesbrough,Away,3,True,True,premier-league,2016,West Ham
2017-02-01,Man City,Home,0,True,True,premier-league,2016,West Ham
2017-02-04,Southampton,Away,3,True,True,premier-league,2016,West Ham
2017-02-11,West Brom,Home,2,True,True,premier-league,2016,West Ham
2017-02-25,Watford,Away,1,True,True,premier-league,2016,West Ham
2017-03-06,Chelsea,Home,1,True,True,premier-league,2016,West Ham
2017-03-11,Bournemouth,Away,2,True,True,premier-league,2016,West Ham
2017-03-18,Leicester,Home,2,True,True,premier-league,2016,West Ham
2017-04-01,Hull,Away,1,True,True,premier-league,2016,West Ham
2017-04-05,Arsenal,Away,0,True,True,premier-league,2016,West Ham
2017-04-08,Swansea,Home,1,True,True,premier-league,2016,West Ham
2017-04-15,Sunderland,Away,2,True,True,premier-league,2016,West Ham
2017-04-22,Everton,Home,0,True,True,premier-league,2016,West Ham
2017-04-29,Stoke,Away,0,True,True,premier-league,2016,West Ham
2017-05-05,Tottenham,Home,1,True,True,premier-league,2016,West Ham
2017-05-14,Liverpool,Home,0,True,True,premier-league,2016,West Ham
2017-05-21,Burnley,Away,2,True,True,premier-league,2016,West Ham
2017-08-11,Leicester,Home,4,False,False,premier-league,2017,Arsenal
2017-08-19,Stoke,Away,0,False,False,premier-league,2017,Arsenal
2017-08-27,Liverpool,Away,0,False,False,premier-league,2017,Arsenal
2017-09-09,Bournemouth,Home,3,False,False,premier-league,2017,Arsenal
2017-09-17,Chelsea,Away,0,False,False,premier-league,2017,Arsenal
2017-09-25,West Brom,Home,2,False,False,premier-league,2017,Arsenal
2017-10-01,Brighton,Home,2,False,False,premier-league,2017,Arsenal
2017-10-14,Watford,Away,1,False,False,premier-league,2017,Arsenal
2017-10-22,Everton,Away,5,False,False,premier-league,2017,Arsenal
2017-10-28,Swansea,Home,2,False,False,premier-league,2017,Arsenal
2017-11-05,Man City,Away,1,False,False,premier-league,2017,Arsenal
2017-11-18,Tottenham,Home,2,False,False,premier-league,2017,Arsenal
2017-11-26,Burnley,Away,1,False,False,premier-league,2017,Arsenal
2017-11-29,Huddersfield,Home,5,False,False,premier-league,2017,Arsenal
2017-12-02,Man United,Home,1,False,False,premier-league,2017,Arsenal
2017-12-10,Southampton,Away,1,False,False,premier-league,2017,Arsenal
2017-12-13,West Ham,Away,0,False,False,premier-league,2017,Arsenal
2017-12-16,Newcastle,Home,1,False,False,premier-league,2017,Arsenal
2017-12-22,Liverpool,Home,3,False,False,premier-league,2017,Arsenal
2017-12-28,Crystal Palace,Away,3,False,False,premier-league,2017,Arsenal
2017-12-31,West Brom,Away,1,False,False,premier-league,2017,Arsenal
2018-01-03,Chelsea,Home,2,False,False,premier-league,2017,Arsenal
2018-01-14,Bournemouth,Away,1,False,False,premier-league,2017,Arsenal
2018-01-20,Crystal Palace,Home,4,False,False,premier-league,2017,Arsenal
2018-01-30,Swansea,Away,1,False,False,premier-league,2017,Arsenal
2018-02-03,Everton,Home,5,False,False,premier-league,2017,Arsenal
2018-02-10,Tottenham,Away,0,False,False,premier-league,2017,Arsenal
2018-03-01,Man City,Home,0,False,False,premier-league,2017,Arsenal
2018-03-04,Brighton,Away,1,False,False,premier-league,2017,Arsenal
2018-03-11,Watford,Home,3,False,False,premier-league,2017,Arsenal
2018-04-01,Stoke,Home,3,False,False,premier-league,2017,Arsenal
2018-04-08,Southampton,Home,3,False,False,premier-league,2017,Arsenal
2018-04-15,Newcastle,Away,1,False,False,premier-league,2017,Arsenal
2018-04-22,West Ham,Home,4,False,False,premier-league,2017,Arsenal
2018-04-29,Man United,Away,1,False,False,premier-league,2017,Arsenal
2018-05-06,Burnley,Home,5,False,False,premier-league,2017,Arsenal
2018-05-09,Leicester,Away,1,False,False,premier-league,2017,Arsenal
2018-05-13,Huddersfield,Away,1,False,False,premier-league,2017,Arsenal
2017-08-12,West Brom,Away,0,True,True,premier-league,2017,Bournemouth
2017-08-19,Watford,Home,0,True,True,premier-league,2017,Bournemouth
2017-08-26,Man City,Home,1,True,True,premier-league,2017,Bournemouth
2017-09-09,Arsenal,Away,0,True,True,premier-league,2017,Bournemouth
2017-09-15,Brighton,Home,2,True,True,premier-league,2017,Bournemouth
2017-09-23,Everton,Away,1,True,True,premier-league,2017,Bournemouth
2017-09-30,Leicester,Home,0,True,True,premier-league,2017,Bournemouth
2017-10-14,Tottenham,Away,0,True,True,premier-league,2017,Bournemouth
2017-10-21,Stoke,Away,2,True,True,premier-league,2017,Bournemouth
2017-10-28,Chelsea,Home,0,True,True,premier-league,2017,Bournemouth
2017-11-04,Newcastle,Away,1,True,True,premier-league,2017,Bournemouth
2017-11-18,Huddersfield,Home,4,True,True,premier-league,2017,Bournemouth
2017-11-25,Swansea,Away,0,True,True,premier-league,2017,Bournemouth
2017-11-29,Burnley,Home,1,True,True,premier-league,2017,Bournemouth
2017-12-03,Southampton,Home,1,True,True,premier-league,2017,Bournemouth
2017-12-09,Crystal Palace,Away,2,True,True,premier-league,2017,Bournemouth
2017-12-13,Man United,Away,0,True,True,premier-league,2017,Bournemouth
2017-12-17,Liverpool,Home,0,True,True,premier-league,2017,Bournemouth
2017-12-23,Man City,Away,0,True,True,premier-league,2017,Bournemouth
2017-12-26,West Ham,Home,3,True,True,premier-league,2017,Bournemouth
2017-12-30,Everton,Home,2,True,True,premier-league,2017,Bournemouth
2018-01-01,Brighton,Away,2,True,True,premier-league,2017,Bournemouth
2018-01-14,Arsenal,Home,2,True,True,premier-league,2017,Bournemouth
2018-01-20,West Ham,Away,1,True,True,premier-league,2017,Bournemouth
2018-01-31,Chelsea,Away,3,True,True,premier-league,2017,Bournemouth
2018-02-03,Stoke,Home,2,True,True,premier-league,2017,Bournemouth
2018-02-11,Huddersfield,Away,1,True,True,premier-league,2017,Bournemouth
2018-02-24,Newcastle,Home,2,True,True,premier-league,2017,Bournemouth
2018-03-03,Leicester,Away,1,True,True,premier-league,2017,Bournemouth
2018-03-11,Tottenham,Home,1,True,True,premier-league,2017,Bournemouth
2018-03-17,West Brom,Home,2,True,True,premier-league,2017,Bournemouth
2018-03-31,Watford,Away,2,True,True,premier-league,2017,Bournemouth
2018-04-07,Crystal Palace,Home,2,True,True,premier-league,2017,Bournemouth
2018-04-14,Liverpool,Away,0,True,True,premier-league,2017,Bournemouth
2018-04-18,Man United,Home,0,True,True,premier-league,2017,Bournemouth
2018-04-28,Southampton,Away,1,True,True,premier-league,2017,Bournemouth
2018-05-05,Swansea,Home,1,True,True,premier-league,2017,Bournemouth
2018-05-13,Burnley,Away,2,True,True,premier-league,2017,Bournemouth
2017-08-12,Man City,Home,0,True,True,premier-league,2017,Brighton
2017-08-19,Leicester,Away,0,True,True,premier-league,2017,Brighton
2017-08-26,Watford,Away,0,True,True,premier-league,2017,Brighton
2017-09-09,West Brom,Home,3,True,True,premier-league,2017,Brighton
2017-09-15,Bournemouth,Away,1,True,True,premier-league,2017,Brighton
2017-09-24,Newcastle,Home,1,True,True,premier-league,2017,Brighton
2017-10-01,Arsenal,Away,0,True,True,premier-league,2017,Brighton
2017-10-15,Everton,Home,1,True,True,premier-league,2017,Brighton
2017-10-20,West Ham,Away,3,True,True,premier-league,2017,Brighton
2017-10-29,Southampton,Home,1,True,True,premier-league,2017,Brighton
2017-11-04,Swansea,Away,1,True,True,premier-league,2017,Brighton
2017-11-20,Stoke,Home,2,True,True,premier-league,2017,Brighton
2017-11-25,Man United,Away,0,True,True,premier-league,2017,Brighton
2017-11-28,Crystal Palace,Home,0,True,True,premier-league,2017,Brighton
2017-12-02,Liverpool,Home,1,True,True,premier-league,2017,Brighton
2017-12-09,Huddersfield,Away,0,True,True,premier-league,2017,Brighton
2017-12-13,Tottenham,Away,0,True,True,premier-league,2017,Brighton
2017-12-16,Burnley,Home,0,True,True,premier-league,2017,Brighton
2017-12-23,Watford,Home,1,True,True,premier-league,2017,Brighton
2017-12-26,Chelsea,Away,0,True,True,premier-league,2017,Brighton
2017-12-30,Newcastle,Away,0,True,True,premier-league,2017,Brighton
2018-01-01,Bournemouth,Home,2,True,True,premier-league,2017,Brighton
2018-01-13,West Brom,Away,0,True,True,premier-league,2017,Brighton
2018-01-20,Chelsea,Home,0,True,True,premier-league,2017,Brighton
2018-01-31,Southampton,Away,1,True,True,premier-league,2017,Brighton
2018-02-03,West Ham,Home,3,True,True,premier-league,2017,Brighton
2018-02-10,Stoke,Away,1,True,True,premier-league,2017,Brighton
2018-02-24,Swansea,Home,4,True,True,premier-league,2017,Brighton
2018-03-04,Arsenal,Home,2,True,True,premier-league,2017,Brighton
2018-03-10,Everton,Away,0,True,True,premier-league,2017,Brighton
2018-03-31,Leicester,Home,0,True,True,premier-league,2017,Brighton
2018-04-07,Huddersfield,Home,1,True,True,premier-league,2017,Brighton
2018-04-14,Crystal Palace,Away,2,True,True,premier-league,2017,Brighton
2018-04-17,Tottenham,Home,1,True,True,premier-league,2017,Brighton
2018-04-28,Burnley,Away,0,True,True,premier-league,2017,Brighton
2018-05-04,Man United,Home,1,True,True,premier-league,2017,Brighton
2018-05-09,Man City,Away,1,True,True,premier-league,2017,Brighton
2018-05-13,Liverpool,Away,0,True,True,premier-league,2017,Brighton
2017-08-12,Chelsea,Away,3,False,False,premier-league,2017,Burnley
2017-08-19,West Brom,Home,0,False,False,premier-league,2017,Burnley
2017-08-27,Tottenham,Away,1,False,False,premier-league,2017,Burnley
2017-09-10,Crystal Palace,Home,1,False,False,premier-league,2017,Burnley
2017-09-16,Liverpool,Away,1,False,False,premier-league,2017,Burnley
2017-09-23,Huddersfield,Home,0,False,False,premier-league,2017,Burnley
2017-10-01,Everton,Away,1,False,False,premier-league,2017,Burnley
2017-10-14,West Ham,Home,1,False,False,premier-league,2017,Burnley
2017-10-21,Man City,Away,0,False,False,premier-league,2017,Burnley
2017-10-30,Newcastle,Home,1,False,False,premier-league,2017,Burnley
2017-11-04,Southampton,Away,1,False,False,premier-league,2017,Burnley
2017-11-18,Swansea,Home,2,False,False,premier-league,2017,Burnley
2017-11-26,Arsenal,Home,0,False,False,premier-league,2017,Burnley
2017-11-29,Bournemouth,Away,2,False,False,premier-league,2017,Burnley
2017-12-02,Leicester,Away,0,False,False,premier-league,2017,Burnley
2017-12-09,Watford,Home,1,False,False,premier-league,2017,Burnley
2017-12-12,Stoke,Home,1,False,False,premier-league,2017,Burnley
2017-12-16,Brighton,Away,0,False,False,premier-league,2017,Burnley
2017-12-23,Tottenham,Home,0,False,False,premier-league,2017,Burnley
2017-12-26,Man United,Away,2,False,False,premier-league,2017,Burnley
2017-12-30,Huddersfield,Away,0,False,False,premier-league,2017,Burnley
2018-01-01,Liverpool,Home,1,False,False,premier-league,2017,Burnley
2018-01-13,Crystal Palace,Away,0,False,False,premier-league,2017,Burnley
2018-01-20,Man United,Home,0,False,False,premier-league,2017,Burnley
2018-01-31,Newcastle,Away,1,False,False,premier-league,2017,Burnley
2018-02-03,Man City,Home,1,False,False,premier-league,2017,Burnley
2018-02-10,Swansea,Away,0,False,False,premier-league,2017,Burnley
2018-02-24,Southampton,Home,1,False,False,premier-league,2017,Burnley
2018-03-03,Everton,Home,2,False,False,premier-league,2017,Burnley
2018-03-10,West Ham,Away,3,False,False,premier-league,2017,Burnley
2018-03-31,West Brom,Away,2,False,False,premier-league,2017,Burnley
2018-04-07,Watford,Away,2,False,False,premier-league,2017,Burnley
2018-04-14,Leicester,Home,2,False,False,premier-league,2017,Burnley
2018-04-19,Chelsea,Home,1,False,False,premier-league,2017,Burnley
2018-04-22,Stoke,Away,1,False,False,premier-league,2017,Burnley
2018-04-28,Brighton,Home,0,False,False,premier-league,2017,Burnley
2018-05-06,Arsenal,Away,0,False,False,premier-league,2017,Burnley
2018-05-13,Bournemouth,Home,1,False,False,premier-league,2017,Burnley
2017-08-12,Burnley,Home,2,True,True,premier-league,2017,Chelsea
2017-08-20,Tottenham,Away,2,True,True,premier-league,2017,Chelsea
2017-08-27,Everton,Home,2,True,True,premier-league,2017,Chelsea
2017-09-09,Leicester,Away,2,True,True,premier-league,2017,Chelsea
2017-09-17,Arsenal,Home,0,True,True,premier-league,2017,Chelsea
2017-09-23,Stoke,Away,4,True,True,premier-league,2017,Chelsea
2017-09-30,Man City,Home,0,True,True,premier-league,2017,Chelsea
2017-10-14,Crystal Palace,Away,1,True,True,premier-league,2017,Chelsea
2017-10-21,Watford,Home,4,True,True,premier-league,2017,Chelsea
2017-10-28,Bournemouth,Away,1,True,True,premier-league,2017,Chelsea
2017-11-05,Man United,Home,1,True,True,premier-league,2017,Chelsea
2017-11-18,West Brom,Away,4,True,True,premier-league,2017,Chelsea
2017-11-25,Liverpool,Away,1,True,True,premier-league,2017,Chelsea
2017-11-29,Swansea,Home,1,True,True,premier-league,2017,Chelsea
2017-12-02,Newcastle,Home,3,True,True,premier-league,2017,Chelsea
2017-12-09,West Ham,Away,0,True,True,premier-league,2017,Chelsea
2017-12-12,Huddersfield,Away,3,True,True,premier-league,2017,Chelsea
2017-12-16,Southampton,Home,1,True,True,premier-league,2017,Chelsea
2017-12-23,Everton,Away,0,True,True,premier-league,2017,Chelsea
2017-12-26,Brighton,Home,2,True,True,premier-league,2017,Chelsea
2017-12-30,Stoke,Home,5,True,True,premier-league,2017,Chelsea
2018-01-03,Arsenal,Away,2,True,True,premier-league,2017,Chelsea
2018-01-13,Leicester,Home,0,True,True,premier-league,2017,Chelsea
2018-01-20,Brighton,Away,4,True,True,premier-league,2017,Chelsea
2018-01-31,Bournemouth,Home,0,True,True,premier-league,2017,Chelsea
2018-02-05,Watford,Away,1,True,True,premier-league,2017,Chelsea
2018-02-12,West Brom,Home,3,True,True,premier-league,2017,Chelsea
2018-02-25,Man United,Away,1,True,True,premier-league,2017,Chelsea
2018-03-04,Man City,Away,0,True,True,premier-league,2017,Chelsea
2018-03-10,Crystal Palace,Home,2,True,True,premier-league,2017,Chelsea
2018-04-01,Tottenham,Home,1,True,True,premier-league,2017,Chelsea
2018-04-08,West Ham,Home,1,True,True,premier-league,2017,Chelsea
2018-04-14,Southampton,Away,3,True,True,premier-league,2017,Chelsea
2018-04-19,Burnley,Away,2,True,True,premier-league,2017,Chelsea
2018-04-28,Swansea,Away,1,True,True,premier-league,2017,Chelsea
2018-05-06,Liverpool,Home,1,True,True,premier-league,2017,Chelsea
2018-05-09,Huddersfield,Home,1,True,True,premier-league,2017,Chelsea
2018-05-13,Newcastle,Away,0,True,True,premier-league,2017,Chelsea
2017-08-12,Huddersfield,Home,0,True,True,premier-league,2017,Crystal Palace
2017-08-19,Liverpool,Away,0,True,True,premier-league,2017,Crystal Palace
2017-08-26,Swansea,Home,0,True,True,premier-league,2017,Crystal Palace
2017-09-10,Burnley,Away,0,True,True,premier-league,2017,Crystal Palace
2017-09-16,Southampton,Home,0,True,True,premier-league,2017,Crystal Palace
2017-09-23,Man City,Away,0,True,True,premier-league,2017,Crystal Palace
2017-09-30,Man United,Away,0,True,True,premier-league,2017,Crystal Palace
2017-10-14,Chelsea,Home,2,True,True,premier-league,2017,Crystal Palace
2017-10-21,Newcastle,Away,0,True,True,premier-league,2017,Crystal Palace
2017-10-28,West Ham,Home,2,True,True,premier-league,2017,Crystal Palace
2017-11-05,Tottenham,Away,0,True,True,premier-league,2017,Crystal Palace
2017-11-18,Everton,Home,2,True,True,premier-league,2017,Crystal Palace
2017-11-25,Stoke,Home,2,True,True,premier-league,2017,Crystal Palace
2017-11-28,Brighton,Away,0,True,True,premier-league,2017,Crystal Palace
2017-12-02,West Brom,Away,0,True,True,premier-league,2017,Crystal Palace
2017-12-09,Bournemouth,Home,2,True,True,premier-league,2017,Crystal Palace
2017-12-12,Watford,Home,2,True,True,premier-league,2017,Crystal Palace
2017-12-16,Leicester,Away,3,True,True,premier-league,2017,Crystal Palace
2017-12-23,Swansea,Away,1,True,True,premier-league,2017,Crystal Palace
2017-12-28,Arsenal,Home,2,True,True,premier-league,2017,Crystal Palace
2017-12-31,Man City,Home,0,True,True,premier-league,2017,Crystal Palace
2018-01-02,Southampton,Away,2,True,True,premier-league,2017,Crystal Palace
2018-01-13,Burnley,Home,1,True,True,premier-league,2017,Crystal Palace
2018-01-20,Arsenal,Away,1,True,True,premier-league,2017,Crystal Palace
2018-01-30,West Ham,Away,1,True,True,premier-league,2017,Crystal Palace
2018-02-04,Newcastle,Home,1,True,True,premier-league,2017,Crystal Palace
2018-02-10,Everton,Away,1,True,True,premier-league,2017,Crystal Palace
2018-02-25,Tottenham,Home,0,True,True,premier-league,2017,Crystal Palace
2018-03-05,Man United,Home,2,True,True,premier-league,2017,Crystal Palace
2018-03-10,Chelsea,Away,1,True,True,premier-league,2017,Crystal Palace
2018-03-17,Huddersfield,Away,2,True,True,premier-league,2017,Crystal Palace
2018-03-31,Liverpool,Home,1,True,True,premier-league,2017,Crystal Palace
2018-04-07,Bournemouth,Away,2,True,True,premier-league,2017,Crystal Palace
2018-04-14,Brighton,Home,3,True,True,premier-league,2017,Crystal Palace
2018-04-21,Watford,Away,0,True,True,premier-league,2017,Crystal Palace
2018-04-28,Leicester,Home,5,True,True,premier-league,2017,Crystal Palace
2018-05-05,Stoke,Away,2,True,True,premier-league,2017,Crystal Palace
2018-05-13,West Brom,Home,2,True,True,premier-league,2017,Crystal Palace
2017-08-12,Stoke,Home,1,True,True,premier-league,2017,Everton
2017-08-21,Man City,Away,1,True,True,premier-league,2017,Everton
2017-08-27,Chelsea,Away,0,True,True,premier-league,2017,Everton
2017-09-09,Tottenham,Home,0,True,True,premier-league,2017,Everton
2017-09-17,Man United,Away,0,True,True,premier-league,2017,Everton
2017-09-23,Bournemouth,Home,2,True,True,premier-league,2017,Everton
2017-10-01,Burnley,Home,0,True,True,premier-league,2017,Everton
2017-10-15,Brighton,Away,1,True,True,premier-league,2017,Everton
2017-10-22,Arsenal,Home,2,True,True,premier-league,2017,Everton
2017-10-29,Leicester,Away,0,True,True,premier-league,2017,Everton
2017-11-05,Watford,Home,3,True,True,premier-league,2017,Everton
2017-11-18,Crystal Palace,Away,2,True,True,premier-league,2017,Everton
2017-11-26,Southampton,Away,1,True,True,premier-league,2017,Everton
2017-11-29,West Ham,Home,4,True,True,premier-league,2017,Everton
2017-12-02,Huddersfield,Home,2,True,True,premier-league,2017,Everton
2017-12-10,Liverpool,Away,1,True,True,premier-league,2017,Everton
2017-12-13,Newcastle,Away,1,True,True,premier-league,2017,Everton
2017-12-18,Swansea,Home,3,True,True,premier-league,2017,Everton
2017-12-23,Chelsea,Home,0,True,True,premier-league,2017,Everton
2017-12-26,West Brom,Away,0,True,True,premier-league,2017,Everton
2017-12-30,Bournemouth,Away,1,True,True,premier-league,2017,Everton
2018-01-01,Man United,Home,0,True,True,premier-league,2017,Everton
2018-01-13,Tottenham,Away,0,True,True,premier-league,2017,Everton
2018-01-20,West Brom,Home,1,True,True,premier-league,2017,Everton
2018-01-31,Leicester,Home,2,True,True,premier-league,2017,Everton
2018-02-03,Arsenal,Away,1,True,True,premier-league,2017,Everton
2018-02-10,Crystal Palace,Home,3,True,True,premier-league,2017,Everton
2018-02-24,Watford,Away,0,True,True,premier-league,2017,Everton
2018-03-03,Burnley,Away,1,True,True,premier-league,2017,Everton
2018-03-10,Brighton,Home,2,True,True,premier-league,2017,Everton
2018-03-17,Stoke,Away,2,True,True,premier-league,2017,Everton
2018-03-31,Man City,Home,1,True,True,premier-league,2017,Everton
2018-04-07,Liverpool,Home,0,True,True,premier-league,2017,Everton
2018-04-14,Swansea,Away,1,True,True,premier-league,2017,Everton
2018-04-23,Newcastle,Home,1,True,True,premier-league,2017,Everton
2018-04-28,Huddersfield,Away,2,True,True,premier-league,2017,Everton
2018-05-05,Southampton,Home,1,True,True,premier-league,2017,Everton
2018-05-13,West Ham,Away,1,True,True,premier-league,2017,Everton
2017-08-11,Arsenal,Away,3,True,True,premier-league,2017,Leicester
2017-08-19,Brighton,Home,2,True,True,premier-league,2017,Leicester
2017-08-26,Man United,Away,0,True,True,premier-league,2017,Leicester
2017-09-09,Chelsea,Home,1,True,True,premier-league,2017,Leicester
2017-09-16,Huddersfield,Away,1,True,True,premier-league,2017,Leicester
2017-09-23,Liverpool,Home,2,True,True,premier-league,2017,Leicester
2017-09-30,Bournemouth,Away,0,True,True,premier-league,2017,Leicester
2017-10-16,West Brom,Home,1,True,True,premier-league,2017,Leicester
2017-10-21,Swansea,Away,2,True,True,premier-league,2017,Leicester
2017-10-29,Everton,Home,2,True,True,premier-league,2017,Leicester
2017-11-04,Stoke,Away,2,True,True,premier-league,2017,Leicester
2017-11-18,Man City,Home,0,True,True,premier-league,2017,Leicester
2017-11-24,West Ham,Away,1,True,True,premier-league,2017,Leicester
2017-11-28,Tottenham,Home,2,True,True,premier-league,2017,Leicester
2017-12-02,Burnley,Home,1,True,True,premier-league,2017,Leicester
2017-12-09,Newcastle,Away,3,True,True,premier-league,2017,Leicester
2017-12-13,Southampton,Away,4,True,True,premier-league,2017,Leicester
2017-12-16,Crystal Palace,Home,0,True,True,premier-league,2017,Leicester
2017-12-23,Man United,Home,2,True,True,premier-league,2017,Leicester
2017-12-26,Watford,Away,1,True,True,premier-league,2017,Leicester
2017-12-30,Liverpool,Away,1,True,True,premier-league,2017,Leicester
2018-01-01,Huddersfield,Home,3,True,True,premier-league,2017,Leicester
2018-01-13,Chelsea,Away,0,True,True,premier-league,2017,Leicester
2018-01-20,Watford,Home,2,True,True,premier-league,2017,Leicester
2018-01-31,Everton,Away,1,True,True,premier-league,2017,Leicester
2018-02-03,Swansea,Home,1,True,True,premier-league,2017,Leicester
2018-02-10,Man City,Away,1,True,True,premier-league,2017,Leicester
2018-02-24,Stoke,Home,1,True,True,premier-league,2017,Leicester
2018-03-03,Bournemouth,Home,1,True,True,premier-league,2017,Leicester
2018-03-10,West Brom,Away,4,True,True,premier-league,2017,Leicester
2018-03-31,Brighton,Away,2,True,True,premier-league,2017,Leicester
2018-04-07,Newcastle,Home,1,True,True,premier-league,2017,Leicester
2018-04-14,Burnley,Away,1,True,True,premier-league,2017,Leicester
2018-04-19,Southampton,Home,0,True,True,premier-league,2017,Leicester
2018-04-28,Crystal Palace,Away,0,True,True,premier-league,2017,Leicester
2018-05-05,West Ham,Home,0,True,True,premier-league,2017,Leicester
2018-05-09,Arsenal,Home,3,True,True,premier-league,2017,Leicester
2018-05-13,Tottenham,Away,4,True,True,premier-league,2017,Leicester
2017-08-12,Watford,Away,3,True,True,premier-league,2017,Liverpool
2017-08-19,Crystal Palace,Home,1,True,True,premier-league,2017,Liverpool
2017-08-27,Arsenal,Home,4,True,True,premier-league,2017,Liverpool
2017-09-09,Man City,Away,0,True,True,premier-league,2017,Liverpool
2017-09-16,Burnley,Home,1,True,True,premier-league,2017,Liverpool
2017-09-23,Leicester,Away,3,True,True,premier-league,2017,Liverpool
2017-10-01,Newcastle,Away,1,True,True,premier-league,2017,Liverpool
2017-10-14,Man United,Home,0,True,True,premier-league,2017,Liverpool
2017-10-22,Tottenham,Away,1,True,True,premier-league,2017,Liverpool
2017-10-28,Huddersfield,Home,3,True,True,premier-league,2017,Liverpool
2017-11-04,West Ham,Away,4,True,True,premier-league,2017,Liverpool
2017-11-18,Southampton,Home,3,True,True,premier-league,2017,Liverpool
2017-11-25,Chelsea,Home,1,True,True,premier-league,2017,Liverpool
2017-11-29,Stoke,Away,3,True,True,premier-league,2017,Liverpool
2017-12-02,Brighton,Away,5,True,True,premier-league,2017,Liverpool
2017-12-10,Everton,Home,1,True,True,premier-league,2017,Liverpool
2017-12-13,West Brom,Home,0,True,True,premier-league,2017,Liverpool
2017-12-17,Bournemouth,Away,4,True,True,premier-league,2017,Liverpool
2017-12-22,Arsenal,Away,3,True,True,premier-league,2017,Liverpool
2017-12-26,Swansea,Home,5,True,True,premier-league,2017,Liverpool
2017-12-30,Leicester,Home,2,True,True,premier-league,2017,Liverpool
2018-01-01,Burnley,Away,2,True,True,premier-league,2017,Liverpool
2018-01-14,Man City,Home,4,True,True,premier-league,2017,Liverpool
2018-01-22,Swansea,Away,0,True,True,premier-league,2017,Liverpool
2018-01-30,Huddersfield,Away,3,True,True,premier-league,2017,Liverpool
2018-02-04,Tottenham,Home,2,True,True,premier-league,2017,Liverpool
2018-02-11,Southampton,Away,2,True,True,premier-league,2017,Liverpool
2018-02-24,West Ham,Home,4,True,True,premier-league,2017,Liverpool
2018-03-03,Newcastle,Home,2,True,True,premier-league,2017,Liverpool
2018-03-10,Man United,Away,1,True,True,premier-league,2017,Liverpool
2018-03-17,Watford,Home,5,True,True,premier-league,2017,Liverpool
2018-03-31,Crystal Palace,Away,2,True,True,premier-league,2017,Liverpool
2018-04-07,Everton,Away,0,True,True,premier-league,2017,Liverpool
2018-04-14,Bournemouth,Home,3,True,True,premier-league,2017,Liverpool
2018-04-21,West Brom,Away,2,True,True,premier-league,2017,Liverpool
2018-04-28,Stoke,Home,0,True,True,premier-league,2017,Liverpool
2018-05-06,Chelsea,Away,0,True,True,premier-league,2017,Liverpool
2018-05-13,Brighton,Home,4,True,True,premier-league,2017,Liverpool
2017-08-12,Brighton,Away,2,True,True,premier-league,2017,Man City
2017-08-21,Everton,Home,1,True,True,premier-league,2017,Man City
2017-08-26,Bournemouth,Away,2,True,True,premier-league,2017,Man City
2017-09-09,Liverpool,Home,5,True,True,premier-league,2017,Man City
2017-09-16,Watford,Away,6,True,True,premier-league,2017,Man City
2017-09-23,Crystal Palace,Home,5,True,True,premier-league,2017,Man City
2017-09-30,Chelsea,Away,1,True,True,premier-league,2017,Man City
2017-10-14,Stoke,Home,7,True,True,premier-league,2017,Man City
2017-10-21,Burnley,Home,3,True,True,premier-league,2017,Man City
2017-10-28,West Brom,Away,3,True,True,premier-league,2017,Man City
2017-11-05,Arsenal,Home,3,True,True,premier-league,2017,Man City
2017-11-18,Leicester,Away,2,True,True,premier-league,2017,Man City
2017-11-26,Huddersfield,Away,2,True,True,premier-league,2017,Man City
2017-11-29,Southampton,Home,2,True,True,premier-league,2017,Man City
2017-12-03,West Ham,Home,2,True,True,premier-league,2017,Man City
2017-12-10,Man United,Away,2,True,True,premier-league,2017,Man City
2017-12-13,Swansea,Away,4,True,True,premier-league,2017,Man City
2017-12-16,Tottenham,Home,4,True,True,premier-league,2017,Man City
2017-12-23,Bournemouth,Home,4,True,True,premier-league,2017,Man City
2017-12-27,Newcastle,Away,1,True,True,premier-league,2017,Man City
2017-12-31,Crystal Palace,Away,0,True,True,premier-league,2017,Man City
2018-01-02,Watford,Home,3,True,True,premier-league,2017,Man City
2018-01-14,Liverpool,Away,3,True,True,premier-league,2017,Man City
2018-01-20,Newcastle,Home,3,True,True,premier-league,2017,Man City
2018-01-31,West Brom,Home,3,True,True,premier-league,2017,Man City
2018-02-03,Burnley,Away,1,True,True,premier-league,2017,Man City
2018-02-10,Leicester,Home,5,True,True,premier-league,2017,Man City
2018-03-01,Arsenal,Away,3,True,True,premier-league,2017,Man City
2018-03-04,Chelsea,Home,1,True,True,premier-league,2017,Man City
2018-03-12,Stoke,Away,2,True,True,premier-league,2017,Man City
2018-03-31,Everton,Away,3,True,True,premier-league,2017,Man City
2018-04-07,Man United,Home,2,True,True,premier-league,2017,Man City
2018-04-14,Tottenham,Away,3,True,True,premier-league,2017,Man City
2018-04-22,Swansea,Home,5,True,True,premier-league,2017,Man City
2018-04-29,West Ham,Away,4,True,True,premier-league,2017,Man City
2018-05-06,Huddersfield,Home,0,True,True,premier-league,2017,Man City
2018-05-09,Brighton,Home,3,True,True,premier-league,2017,Man City
2018-05-13,Southampton,Away,1,True,True,premier-league,2017,Man City
2017-08-13,West Ham,Home,4,False,False,premier-league,2017,Man United
2017-08-19,Swansea,Away,4,False,False,premier-league,2017,Man United
2017-08-26,Leicester,Home,2,False,False,premier-league,2017,Man United
2017-09-09,Stoke,Away,2,False,False,premier-league,2017,Man United
2017-09-17,Everton,Home,4,False,False,premier-league,2017,Man United
2017-09-23,Southampton,Away,1,False,False,premier-league,2017,Man United
2017-09-30,Crystal Palace,Home,4,False,False,premier-league,2017,Man United
2017-10-14,Liverpool,Away,0,False,False,premier-league,2017,Man United
2017-10-21,Huddersfield,Away,1,False,False,premier-league,2017,Man United
2017-10-28,Tottenham,Home,1,False,False,premier-league,2017,Man United
2017-11-05,Chelsea,Away,0,False,False,premier-league,2017,Man United
2017-11-18,Newcastle,Home,4,False,False,premier-league,2017,Man United
2017-11-25,Brighton,Home,1,False,False,premier-league,2017,Man United
2017-11-28,Watford,Away,4,False,False,premier-league,2017,Man United
2017-12-02,Arsenal,Away,3,False,False,premier-league,2017,Man United
2017-12-10,Man City,Home,1,False,False,premier-league,2017,Man United
2017-12-13,Bournemouth,Home,1,False,False,premier-league,2017,Man United
2017-12-17,West Brom,Away,2,False,False,premier-league,2017,Man United
2017-12-23,Leicester,Away,2,False,False,premier-league,2017,Man United
2017-12-26,Burnley,Home,2,False,False,premier-league,2017,Man United
2017-12-30,Southampton,Home,0,False,False,premier-league,2017,Man United
2018-01-01,Everton,Away,2,False,False,premier-league,2017,Man United
2018-01-15,Stoke,Home,3,False,False,premier-league,2017,Man United
2018-01-20,Burnley,Away,1,False,False,premier-league,2017,Man United
2018-01-31,Tottenham,Away,0,False,False,premier-league,2017,Man United
2018-02-03,Huddersfield,Home,2,False,False,premier-league,2017,Man United
2018-02-11,Newcastle,Away,0,False,False,premier-league,2017,Man United
2018-02-25,Chelsea,Home,2,False,False,premier-league,2017,Man United
2018-03-05,Crystal Palace,Away,3,False,False,premier-league,2017,Man United
2018-03-10,Liverpool,Home,2,False,False,premier-league,2017,Man United
2018-03-31,Swansea,Home,2,False,False,premier-league,2017,Man United
2018-04-07,Man City,Away,3,False,False,premier-league,2017,Man United
2018-04-15,West Brom,Home,0,False,False,premier-league,2017,Man United
2018-04-18,Bournemouth,Away,2,False,False,premier-league,2017,Man United
2018-04-29,Arsenal,Home,2,False,False,premier-league,2017,Man United
2018-05-04,Brighton,Away,0,False,False,premier-league,2017,Man United
2018-05-10,West Ham,Away,0,False,False,premier-league,2017,Man United
2018-05-13,Watford,Home,1,False,False,premier-league,2017,Man United
2017-08-13,Tottenham,Home,0,True,True,premier-league,2017,Newcastle
2017-08-20,Huddersfield,Away,0,True,True,premier-league,2017,Newcastle
2017-08-26,West Ham,Home,3,True,True,premier-league,2017,Newcastle
2017-09-10,Swansea,Away,1,True,True,premier-league,2017,Newcastle
2017-09-16,Stoke,Home,2,True,True,premier-league,2017,Newcastle
2017-09-24,Brighton,Away,0,True,True,premier-league,2017,Newcastle
2017-10-01,Liverpool,Home,1,True,True,premier-league,2017,Newcastle
2017-10-15,Southampton,Away,2,True,True,premier-league,2017,Newcastle
2017-10-21,Crystal Palace,Home,1,True,True,premier-league,2017,Newcastle
2017-10-30,Burnley,Away,0,True,True,premier-league,2017,Newcastle
2017-11-04,Bournemouth,Home,0,True,True,premier-league,2017,Newcastle
2017-11-18,Man United,Away,1,True,True,premier-league,2017,Newcastle
2017-11-25,Watford,Home,0,True,True,premier-league,2017,Newcastle
2017-11-28,West Brom,Away,2,True,True,premier-league,2017,Newcastle
2017-12-02,Chelsea,Away,1,True,True,premier-league,2017,Newcastle
2017-12-09,Leicester,Home,2,True,True,premier-league,2017,Newcastle
2017-12-13,Everton,Home,0,True,True,premier-league,2017,Newcastle
2017-12-16,Arsenal,Away,0,True,True,premier-league,2017,Newcastle
2017-12-23,West Ham,Away,3,True,True,premier-league,2017,Newcastle
2017-12-27,Man City,Home,0,True,True,premier-league,2017,Newcastle
2017-12-30,Brighton,Home,0,True,True,premier-league,2017,Newcastle
2018-01-01,Stoke,Away,1,True,True,premier-league,2017,Newcastle
2018-01-13,Swansea,Home,1,True,True,premier-league,2017,Newcastle
2018-01-20,Man City,Away,1,True,True,premier-league,2017,Newcastle
2018-01-31,Burnley,Home,1,True,True,premier-league,2017,Newcastle
2018-02-04,Crystal Palace,Away,1,True,True,premier-league,2017,Newcastle
2018-02-11,Man United,Home,1,True,True,premier-league,2017,Newcastle
2018-02-24,Bournemouth,Away,2,True,True,premier-league,2017,Newcastle
2018-03-03,Liverpool,Away,0,True,True,premier-league,2017,Newcastle
2018-03-10,Southampton,Home,3,True,True,premier-league,2017,Newcastle
2018-03-31,Huddersfield,Home,1,True,True,premier-league,2017,Newcastle
2018-04-07,Leicester,Away,2,True,True,premier-league,2017,Newcastle
2018-04-15,Arsenal,Home,2,True,True,premier-league,2017,Newcastle
2018-04-23,Everton,Away,0,True,True,premier-league,2017,Newcastle
2018-04-28,West Brom,Home,0,True,True,premier-league,2017,Newcastle
2018-05-05,Watford,Away,1,True,True,premier-league,2017,Newcastle
2018-05-09,Tottenham,Away,0,True,True,premier-league,2017,Newcastle
2018-05-13,Chelsea,Home,3,True,True,premier-league,2017,Newcastle
2017-08-12,Swansea,Home,0,True,True,premier-league,2017,Southampton
2017-08-19,West Ham,Home,3,True,True,premier-league,2017,Southampton
2017-08-26,Huddersfield,Away,0,True,True,premier-league,2017,Southampton
2017-09-09,Watford,Home,0,True,True,premier-league,2017,Southampton
2017-09-16,Crystal Palace,Away,1,True,True,premier-league,2017,Southampton
2017-09-23,Man United,Home,0,True,True,premier-league,2017,Southampton
2017-09-30,Stoke,Away,1,True,True,premier-league,2017,Southampton
2017-10-15,Newcastle,Home,2,True,True,premier-league,2017,Southampton
2017-10-21,West Brom,Home,1,True,True,premier-league,2017,Southampton
2017-10-29,Brighton,Away,1,True,True,premier-league,2017,Southampton
2017-11-04,Burnley,Home,0,True,True,premier-league,2017,Southampton
2017-11-18,Liverpool,Away,0,True,True,premier-league,2017,Southampton
2017-11-26,Everton,Home,4,True,True,premier-league,2017,Southampton
2017-11-29,Man City,Away,1,True,True,premier-league,2017,Southampton
2017-12-03,Bournemouth,Away,1,True,True,premier-league,2017,Southampton
2017-12-10,Arsenal,Home,1,True,True,premier-league,2017,Southampton
2017-12-13,Leicester,Home,1,True,True,premier-league,2017,Southampton
2017-12-16,Chelsea,Away,0,True,True,premier-league,2017,Southampton
2017-12-23,Huddersfield,Home,1,True,True,premier-league,2017,Southampton
2017-12-26,Tottenham,Away,2,True,True,premier-league,2017,Southampton
2017-12-30,Man United,Away,0,True,True,premier-league,2017,Southampton
2018-01-02,Crystal Palace,Home,1,True,True,premier-league,2017,Southampton
2018-01-13,Watford,Away,2,True,True,premier-league,2017,Southampton
2018-01-21,Tottenham,Home,1,True,True,premier-league,2017,Southampton
2018-01-31,Brighton,Home,1,True,True,premier-league,2017,Southampton
2018-02-03,West Brom,Away,3,True,True,premier-league,2017,Southampton
2018-02-11,Liverpool,Home,0,True,True,premier-league,2017,Southampton
2018-02-24,Burnley,Away,1,True,True,premier-league,2017,Southampton
2018-03-03,Stoke,Home,0,True,True,premier-league,2017,Southampton
2018-03-10,Newcastle,Away,0,True,True,premier-league,2017,Southampton
2018-03-31,West Ham,Away,0,True,True,premier-league,2017,Southampton
2018-04-08,Arsenal,Away,2,True,True,premier-league,2017,Southampton
2018-04-14,Chelsea,Home,2,True,True,premier-league,2017,Southampton
2018-04-19,Leicester,Away,0,True,True,premier-league,2017,Southampton
2018-04-28,Bournemouth,Home,2,True,True,premier-league,2017,Southampton
2018-05-05,Everton,Away,1,True,True,premier-league,2017,Southampton
2018-05-08,Swansea,Away,1,True,True,premier-league,2017,Southampton
2018-05-13,Man City,Home,0,True,True,premier-league,2017,Southampton
2017-08-13,Newcastle,Away,2,True,True,premier-league,2017,Tottenham
2017-08-20,Chelsea,Home,1,True,True,premier-league,2017,Tottenham
2017-08-27,Burnley,Home,1,True,True,premier-league,2017,Tottenham
2017-09-09,Everton,Away,3,True,True,premier-league,2017,Tottenham
2017-09-16,Swansea,Home,0,True,True,premier-league,2017,Tottenham
2017-09-23,West Ham,Away,3,True,True,premier-league,2017,Tottenham
2017-09-30,Huddersfield,Away,4,True,True,premier-league,2017,Tottenham
2017-10-14,Bournemouth,Home,1,True,True,premier-league,2017,Tottenham
2017-10-22,Liverpool,Home,4,True,True,premier-league,2017,Tottenham
2017-10-28,Man United,Away,0,True,True,premier-league,2017,Tottenham
2017-11-05,Crystal Palace,Home,1,True,True,premier-league,2017,Tottenham
2017-11-18,Arsenal,Away,0,True,True,premier-league,2017,Tottenham
2017-11-25,West Brom,Home,1,True,True,premier-league,2017,Tottenham
2017-11-28,Leicester,Away,1,True,True,premier-league,2017,Tottenham
2017-12-02,Watford,Away,1,True,True,premier-league,2017,Tottenham
2017-12-09,Stoke,Home,5,True,True,premier-league,2017,Tottenham
2017-12-13,Brighton,Home,2,True,True,premier-league,2017,Tottenham
2017-12-16,Man City,Away,1,True,True,premier-league,2017,Tottenham
2017-12-23,Burnley,Away,3,True,True,premier-league,2017,Tottenham
2017-12-26,Southampton,Home,5,True,True,premier-league,2017,Tottenham
2018-01-02,Swansea,Away,2,True,True,premier-league,2017,Tottenham
2018-01-04,West Ham,Home,1,True,True,premier-league,2017,Tottenham
2018-01-13,Everton,Home,4,True,True,premier-league,2017,Tottenham
2018-01-21,Southampton,Away,1,True,True,premier-league,2017,Tottenham
2018-01-31,Man United,Home,2,True,True,premier-league,2017,Tottenham
2018-02-04,Liverpool,Away,2,True,True,premier-league,2017,Tottenham
2018-02-10,Arsenal,Home,1,True,True,premier-league,2017,Tottenham
2018-02-25,Crystal Palace,Away,1,True,True,premier-league,2017,Tottenham
2018-03-03,Huddersfield,Home,2,True,True,premier-league,2017,Tottenham
2018-03-11,Bournemouth,Away,4,True,True,premier-league,2017,Tottenham
2018-04-01,Chelsea,Away,3,True,True,premier-league,2017,Tottenham
2018-04-07,Stoke,Away,2,True,True,premier-league,2017,Tottenham
2018-04-14,Man City,Home,1,True,True,premier-league,2017,Tottenham
2018-04-17,Brighton,Away,1,True,True,premier-league,2017,Tottenham
2018-04-30,Watford,Home,2,True,True,premier-league,2017,Tottenham
2018-05-05,West Brom,Away,0,True,True,premier-league,2017,Tottenham
2018-05-09,Newcastle,Home,1,True,True,premier-league,2017,Tottenham
2018-05-13,Leicester,Home,5,True,True,premier-league,2017,Tottenham
2017-08-12,Liverpool,Home,3,True,True,premier-league,2017,Watford
2017-08-19,Bournemouth,Away,2,True,True,premier-league,2017,Watford
2017-08-26,Brighton,Home,0,True,True,premier-league,2017,Watford
2017-09-09,Southampton,Away,2,True,True,premier-league,2017,Watford
2017-09-16,Man City,Home,0,True,True,premier-league,2017,Watford
2017-09-23,Swansea,Away,2,True,True,premier-league,2017,Watford
2017-09-30,West Brom,Away,2,True,True,premier-league,2017,Watford
2017-10-14,Arsenal,Home,2,True,True,premier-league,2017,Watford
2017-10-21,Chelsea,Away,2,True,True,premier-league,2017,Watford
2017-10-28,Stoke,Home,0,True,True,premier-league,2017,Watford
2017-11-05,Everton,Away,2,True,True,premier-league,2017,Watford
2017-11-19,West Ham,Home,2,True,True,premier-league,2017,Watford
2017-11-25,Newcastle,Away,3,True,True,premier-league,2017,Watford
2017-11-28,Man United,Home,2,True,True,premier-league,2017,Watford
2017-12-02,Tottenham,Home,1,True,True,premier-league,2017,Watford
2017-12-09,Burnley,Away,0,True,True,premier-league,2017,Watford
2017-12-12,Crystal Palace,Away,1,True,True,premier-league,2017,Watford
2017-12-16,Huddersfield,Home,1,True,True,premier-league,2017,Watford
2017-12-23,Brighton,Away,0,True,True,premier-league,2017,Watford
2017-12-26,Leicester,Home,2,True,True,premier-league,2017,Watford
2017-12-30,Swansea,Home,1,True,True,premier-league,2017,Watford
2018-01-02,Man City,Away,1,True,True,premier-league,2017,Watford
2018-01-13,Southampton,Home,2,True,True,premier-league,2017,Watford
2018-01-20,Leicester,Away,0,True,True,premier-league,2017,Watford
2018-01-31,Stoke,Away,0,True,True,premier-league,2017,Watford
2018-02-05,Chelsea,Home,4,True,True,premier-league,2017,Watford
2018-02-10,West Ham,Away,0,True,True,premier-league,2017,Watford
2018-02-24,Everton,Home,1,True,True,premier-league,2017,Watford
2018-03-03,West Brom,Home,1,True,True,premier-league,2017,Watford
2018-03-11,Arsenal,Away,0,True,True,premier-league,2017,Watford
2018-03-17,Liverpool,Away,0,True,True,premier-league,2017,Watford
2018-03-31,Bournemouth,Home,2,True,True,premier-league,2017,Watford
2018-04-07,Burnley,Home,1,True,True,premier-league,2017,Watford
2018-04-14,Huddersfield,Away,0,True,True,premier-league,2017,Watford
2018-04-21,Crystal Palace,Home,0,True,True,premier-league,2017,Watford
2018-04-30,Tottenham,Away,0,True,True,premier-league,2017,Watford
2018-05-05,Newcastle,Home,2,True,True,premier-league,2017,Watford
2018-05-13,Man United,Away,0,True,True,premier-league,2017,Watford
2017-08-12,Bournemouth,Home,1,True,True,premier-league,2017,West Brom
2017-08-19,Burnley,Away,1,True,True,premier-league,2017,West Brom
2017-08-27,Stoke,Home,1,True,True,premier-league,2017,West Brom
2017-09-09,Brighton,Away,1,True,True,premier-league,2017,West Brom
2017-09-16,West Ham,Home,0,True,True,premier-league,2017,West Brom
2017-09-25,Arsenal,Away,0,True,True,premier-league,2017,West Brom
2017-09-30,Watford,Home,2,True,True,premier-league,2017,West Brom
2017-10-16,Leicester,Away,1,True,True,premier-league,2017,West Brom
2017-10-21,Southampton,Away,0,True,True,premier-league,2017,West Brom
2017-10-28,Man City,Home,2,True,True,premier-league,2017,West Brom
2017-11-04,Huddersfield,Away,0,True,True,premier-league,2017,West Brom
2017-11-18,Chelsea,Home,0,True,True,premier-league,2017,West Brom
2017-11-25,Tottenham,Away,1,True,True,premier-league,2017,West Brom
2017-11-28,Newcastle,Home,2,True,False,premier-league,2017,West Brom
2017-12-02,Crystal Palace,Home,0,True,True,premier-league,2017,West Brom
2017-12-09,Swansea,Away,0,True,True,premier-league,2017,West Brom
2017-12-13,Liverpool,Away,0,True,True,premier-league,2017,West Brom
2017-12-17,Man United,Home,1,True,True,premier-league,2017,West Brom
2017-12-23,Stoke,Away,1,True,True,premier-league,2017,West Brom
2017-12-26,Everton,Home,0,True,True,premier-league,2017,West Brom
2017-12-31,Arsenal,Home,1,True,True,premier-league,2017,West Brom
2018-01-02,West Ham,Away,1,True,True,premier-league,2017,West Brom
2018-01-13,Brighton,Home,2,True,True,premier-league,2017,West Brom
2018-01-20,Everton,Away,1,True,True,premier-league,2017,West Brom
2018-01-31,Man City,Away,0,True,True,premier-league,2017,West Brom
2018-02-03,Southampton,Home,2,True,True,premier-league,2017,West Brom
2018-02-12,Chelsea,Away,0,True,True,premier-league,2017,West Brom
2018-02-24,Huddersfield,Home,1,True,True,premier-league,2017,West Brom
2018-03-03,Watford,Away,0,True,True,premier-league,2017,West Brom
2018-03-10,Leicester,Home,1,True,True,premier-league,2017,West Brom
2018-03-17,Bournemouth,Away,1,True,True,premier-league,2017,West Brom
2018-03-31,Burnley,Home,1,True,True,premier-league,2017,West Brom
2018-04-07,Swansea,Home,1,True,True,premier-league,2017,West Brom
2018-04-15,Man United,Away,1,True,True,premier-league,2017,West Brom
2018-04-21,Liverpool,Home,2,True,True,premier-league,2017,West Brom
2018-04-28,Newcastle,Away,1,True,True,premier-league,2017,West Brom
2018-05-05,Tottenham,Home,1,True,True,premier-league,2017,West Brom
2018-05-13,Crystal Palace,Away,0,True,True,premier-league,2017,West Brom
2017-08-13,Man United,Away,0,True,True,premier-league,2017,West Ham
2017-08-19,Southampton,Away,2,True,True,premier-league,2017,West Ham
2017-08-26,Newcastle,Away,0,True,True,premier-league,2017,West Ham
2017-09-11,Huddersfield,Home,2,True,True,premier-league,2017,West Ham
2017-09-16,West Brom,Away,0,True,True,premier-league,2017,West Ham
2017-09-23,Tottenham,Home,2,True,True,premier-league,2017,West Ham
2017-09-30,Swansea,Home,1,True,True,premier-league,2017,West Ham
2017-10-14,Burnley,Away,1,True,True,premier-league,2017,West Ham
2017-10-20,Brighton,Home,0,True,True,premier-league,2017,West Ham
2017-10-28,Crystal Palace,Away,2,True,True,premier-league,2017,West Ham
2017-11-04,Liverpool,Home,1,True,True,premier-league,2017,West Ham
2017-11-19,Watford,Away,0,True,True,premier-league,2017,West Ham
2017-11-24,Leicester,Home,1,True,True,premier-league,2017,West Ham
2017-11-29,Everton,Away,0,True,True,premier-league,2017,West Ham
2017-12-03,Man City,Away,1,True,True,premier-league,2017,West Ham
2017-12-09,Chelsea,Home,1,True,True,premier-league,2017,West Ham
2017-12-13,Arsenal,Home,0,True,True,premier-league,2017,West Ham
2017-12-16,Stoke,Away,3,True,True,premier-league,2017,West Ham
2017-12-23,Newcastle,Home,2,True,True,premier-league,2017,West Ham
2017-12-26,Bournemouth,Away,3,True,True,premier-league,2017,West Ham
2018-01-02,West Brom,Home,2,True,True,premier-league,2017,West Ham
2018-01-04,Tottenham,Away,1,True,True,premier-league,2017,West Ham
2018-01-13,Huddersfield,Away,4,True,True,premier-league,2017,West Ham
2018-01-20,Bournemouth,Home,1,True,True,premier-league,2017,West Ham
2018-01-30,Crystal Palace,Home,1,True,True,premier-league,2017,West Ham
2018-02-03,Brighton,Away,1,True,True,premier-league,2017,West Ham
2018-02-10,Watford,Home,2,True,True,premier-league,2017,West Ham
2018-02-24,Liverpool,Away,1,True,True,premier-league,2017,West Ham
2018-03-03,Swansea,Away,1,True,True,premier-league,2017,West Ham
2018-03-10,Burnley,Home,0,True,True,premier-league,2017,West Ham
2018-03-31,Southampton,Home,3,True,True,premier-league,2017,West Ham
2018-04-08,Chelsea,Away,1,True,True,premier-league,2017,West Ham
2018-04-16,Stoke,Home,1,True,True,premier-league,2017,West Ham
2018-04-22,Arsenal,Away,1,True,True,premier-league,2017,West Ham
2018-04-29,Man City,Home,1,True,True,premier-league,2017,West Ham
2018-05-05,Leicester,Away,2,True,True,premier-league,2017,West Ham
2018-05-10,Man United,Home,0,True,True,premier-league,2017,West Ham
2018-05-13,Everton,Home,3,True,True,premier-league,2017,West Ham
2018-08-12,Man City,Home,0,False,False,premier-league,2018,Arsenal
2018-08-18,Chelsea,Away,2,False,False,premier-league,2018,Arsenal
2018-08-25,West Ham,Home,3,False,False,premier-league,2018,Arsenal
2018-09-02,Cardiff,Away,3,False,False,premier-league,2018,Arsenal
2018-09-15,Newcastle,Away,2,False,False,premier-league,2018,Arsenal
2018-09-23,Everton,Home,2,False,False,premier-league,2018,Arsenal
2018-09-29,Watford,Home,2,False,False,premier-league,2018,Arsenal
2018-10-07,Fulham,Away,5,False,False,premier-league,2018,Arsenal
2018-10-22,Leicester,Home,3,False,False,premier-league,2018,Arsenal
2018-10-28,Crystal Palace,Away,2,False,False,premier-league,2018,Arsenal
2018-11-03,Liverpool,Home,1,False,False,premier-league,2018,Arsenal
2018-11-11,Wolves,Home,1,False,False,premier-league,2018,Arsenal
2018-11-25,Bournemouth,Away,2,False,False,premier-league,2018,Arsenal
2018-12-02,Tottenham,Home,4,False,False,premier-league,2018,Arsenal
2018-12-05,Man United,Away,2,False,False,premier-league,2018,Arsenal
2018-12-08,Huddersfield,Home,1,False,False,premier-league,2018,Arsenal
2018-12-16,Southampton,Away,2,False,False,premier-league,2018,Arsenal
2018-12-22,Burnley,Home,3,False,False,premier-league,2018,Arsenal
2018-12-26,Brighton,Away,1,False,False,premier-league,2018,Arsenal
2018-12-29,Liverpool,Away,1,False,False,premier-league,2018,Arsenal
2019-01-01,Fulham,Home,4,False,False,premier-league,2018,Arsenal
2019-01-12,West Ham,Away,0,False,False,premier-league,2018,Arsenal
2019-01-19,Chelsea,Home,2,False,False,premier-league,2018,Arsenal
2019-01-29,Cardiff,Home,2,False,False,premier-league,2018,Arsenal
2019-02-03,Man City,Away,1,False,False,premier-league,2018,Arsenal
2019-02-09,Huddersfield,Away,2,False,False,premier-league,2018,Arsenal
2019-02-24,Southampton,Home,2,False,False,premier-league,2018,Arsenal
2019-02-27,Bournemouth,Home,5,False,False,premier-league,2018,Arsenal
2019-03-02,Tottenham,Away,1,False,False,premier-league,2018,Arsenal
2019-03-10,Man United,Home,2,False,False,premier-league,2018,Arsenal
2019-04-01,Newcastle,Home,2,False,False,premier-league,2018,Arsenal
2019-04-07,Everton,Away,0,False,False,premier-league,2018,Arsenal
2019-04-15,Watford,Away,1,False,False,premier-league,2018,Arsenal
2019-04-21,Crystal Palace,Home,2,False,False,premier-league,2018,Arsenal
2019-04-24,Wolves,Away,1,False,False,premier-league,2018,Arsenal
2019-04-28,Leicester,Away,0,False,False,premier-league,2018,Arsenal
2019-05-05,Brighton,Home,1,False,False,premier-league,2018,Arsenal
2019-05-12,Burnley,Away,3,False,False,premier-league,2018,Arsenal
2018-08-11,Cardiff,Home,2,True,True,premier-league,2018,Bournemouth
2018-08-18,West Ham,Away,2,True,True,premier-league,2018,Bournemouth
2018-08-25,Everton,Home,2,True,True,premier-league,2018,Bournemouth
2018-09-01,Chelsea,Away,0,True,True,premier-league,2018,Bournemouth
2018-09-15,Leicester,Home,4,True,True,premier-league,2018,Bournemouth
2018-09-22,Burnley,Away,0,True,True,premier-league,2018,Bournemouth
2018-10-01,Crystal Palace,Home,2,True,True,premier-league,2018,Bournemouth
2018-10-06,Watford,Away,4,True,True,premier-league,2018,Bournemouth
2018-10-20,Southampton,Home,0,True,True,premier-league,2018,Bournemouth
2018-10-27,Fulham,Away,3,True,True,premier-league,2018,Bournemouth
2018-11-03,Man United,Home,1,True,True,premier-league,2018,Bournemouth
2018-11-10,Newcastle,Away,1,True,True,premier-league,2018,Bournemouth
2018-11-25,Arsenal,Home,1,True,True,premier-league,2018,Bournemouth
2018-12-01,Man City,Away,1,True,True,premier-league,2018,Bournemouth
2018-12-04,Huddersfield,Home,2,True,True,premier-league,2018,Bournemouth
2018-12-08,Liverpool,Home,0,True,True,premier-league,2018,Bournemouth
2018-12-15,Wolves,Away,0,True,True,premier-league,2018,Bournemouth
2018-12-22,Brighton,Home,2,True,True,premier-league,2018,Bournemouth
2018-12-26,Tottenham,Away,0,True,True,premier-league,2018,Bournemouth
2018-12-30,Man United,Away,1,True,True,premier-league,2018,Bournemouth
2019-01-02,Watford,Home,3,True,True,premier-league,2018,Bournemouth
2019-01-13,Everton,Away,0,True,True,premier-league,2018,Bournemouth
2019-01-19,West Ham,Home,2,True,True,premier-league,2018,Bournemouth
2019-01-30,Chelsea,Home,4,True,True,premier-league,2018,Bournemouth
2019-02-02,Cardiff,Away,0,True,True,premier-league,2018,Bournemouth
2019-02-09,Liverpool,Away,0,True,True,premier-league,2018,Bournemouth
2019-02-23,Wolves,Home,1,True,True,premier-league,2018,Bournemouth
2019-02-27,Arsenal,Away,1,True,True,premier-league,2018,Bournemouth
2019-03-02,Man City,Home,0,True,True,premier-league,2018,Bournemouth
2019-03-09,Huddersfield,Away,2,True,True,premier-league,2018,Bournemouth
2019-03-16,Newcastle,Home,2,True,True,premier-league,2018,Bournemouth
2019-03-30,Leicester,Away,0,True,True,premier-league,2018,Bournemouth
2019-04-06,Burnley,Home,1,True,True,premier-league,2018,Bournemouth
2019-04-13,Brighton,Away,5,True,True,premier-league,2018,Bournemouth
2019-04-20,Fulham,Home,0,True,True,premier-league,2018,Bournemouth
2019-04-27,Southampton,Away,3,True,True,premier-league,2018,Bournemouth
2019-05-04,Tottenham,Home,1,True,True,premier-league,2018,Bournemouth
2019-05-12,Crystal Palace,Away,3,True,True,premier-league,2018,Bournemouth
2018-08-11,Watford,Away,0,True,True,premier-league,2018,Brighton
2018-08-19,Man United,Home,3,True,True,premier-league,2018,Brighton
2018-08-25,Liverpool,Away,0,True,True,premier-league,2018,Brighton
2018-09-01,Fulham,Home,2,True,True,premier-league,2018,Brighton
2018-09-17,Southampton,Away,2,True,True,premier-league,2018,Brighton
2018-09-22,Tottenham,Home,1,True,True,premier-league,2018,Brighton
2018-09-29,Man City,Away,0,True,True,premier-league,2018,Brighton
2018-10-05,West Ham,Home,1,True,True,premier-league,2018,Brighton
2018-10-20,Newcastle,Away,1,True,True,premier-league,2018,Brighton
2018-10-27,Wolves,Home,1,True,True,premier-league,2018,Brighton
2018-11-03,Everton,Away,1,True,True,premier-league,2018,Brighton
2018-11-10,Cardiff,Away,1,True,True,premier-league,2018,Brighton
2018-11-24,Leicester,Home,1,True,True,premier-league,2018,Brighton
2018-12-01,Huddersfield,Away,2,True,True,premier-league,2018,Brighton
2018-12-04,Crystal Palace,Home,3,True,True,premier-league,2018,Brighton
2018-12-08,Burnley,Away,0,True,True,premier-league,2018,Brighton
2018-12-16,Chelsea,Home,1,True,True,premier-league,2018,Brighton
2018-12-22,Bournemouth,Away,0,True,True,premier-league,2018,Brighton
2018-12-26,Arsenal,Home,1,False,False,premier-league,2018,Brighton
2018-12-29,Everton,Home,1,False,False,premier-league,2018,Brighton
2019-01-02,West Ham,Away,2,True,True,premier-league,2018,Brighton
2019-01-12,Liverpool,Home,0,True,True,premier-league,2018,Brighton
2019-01-19,Man United,Away,1,True,True,premier-league,2018,Brighton
2019-01-29,Fulham,Away,2,True,True,premier-league,2018,Brighton
2019-02-02,Watford,Home,0,True,True,premier-league,2018,Brighton
2019-02-09,Burnley,Home,1,True,True,premier-league,2018,Brighton
2019-02-26,Leicester,Away,1,True,True,premier-league,2018,Brighton
2019-03-02,Huddersfield,Home,1,True,True,premier-league,2018,Brighton
2019-03-09,Crystal Palace,Away,2,True,True,premier-league,2018,Brighton
2019-03-30,Southampton,Home,0,True,True,premier-league,2018,Brighton
2019-04-03,Chelsea,Away,0,True,True,premier-league,2018,Brighton
2019-04-13,Bournemouth,Home,0,True,True,premier-league,2018,Brighton
2019-04-16,Cardiff,Home,0,True,True,premier-league,2018,Brighton
2019-04-20,Wolves,Away,0,True,True,premier-league,2018,Brighton
2019-04-23,Tottenham,Away,0,True,True,premier-league,2018,Brighton
2019-04-27,Newcastle,Home,1,True,True,premier-league,2018,Brighton
2019-05-05,Arsenal,Away,1,True,True,premier-league,2018,Brighton
2019-05-12,Man City,Home,1,True,True,premier-league,2018,Brighton
2018-08-12,Southampton,Away,0,False,False,premier-league,2018,Burnley
2018-08-19,Watford,Home,1,False,False,premier-league,2018,Burnley
2018-08-26,Fulham,Away,2,False,False,premier-league,2018,Burnley
2018-09-02,Man United,Home,0,False,False,premier-league,2018,Burnley
2018-09-16,Wolves,Away,0,False,False,premier-league,2018,Burnley
2018-09-22,Bournemouth,Home,4,False,False,premier-league,2018,Burnley
2018-09-30,Cardiff,Away,2,False,False,premier-league,2018,Burnley
2018-10-06,Huddersfield,Home,1,False,False,premier-league,2018,Burnley
2018-10-20,Man City,Away,0,False,False,premier-league,2018,Burnley
2018-10-28,Chelsea,Home,0,False,False,premier-league,2018,Burnley
2018-11-03,West Ham,Away,2,False,False,premier-league,2018,Burnley
2018-11-10,Leicester,Away,0,False,False,premier-league,2018,Burnley
2018-11-26,Newcastle,Home,1,False,False,premier-league,2018,Burnley
2018-12-01,Crystal Palace,Away,0,False,False,premier-league,2018,Burnley
2018-12-05,Liverpool,Home,1,False,False,premier-league,2018,Burnley
2018-12-08,Brighton,Home,1,False,False,premier-league,2018,Burnley
2018-12-15,Tottenham,Away,0,False,False,premier-league,2018,Burnley
2018-12-22,Arsenal,Away,1,False,False,premier-league,2018,Burnley
2018-12-26,Everton,Home,1,False,False,premier-league,2018,Burnley
2018-12-30,West Ham,Home,2,False,False,premier-league,2018,Burnley
2019-01-02,Huddersfield,Away,2,False,False,premier-league,2018,Burnley
2019-01-12,Fulham,Home,2,False,False,premier-league,2018,Burnley
2019-01-19,Watford,Away,0,False,False,premier-league,2018,Burnley
2019-01-29,Man United,Away,2,False,False,premier-league,2018,Burnley
2019-02-02,Southampton,Home,1,False,False,premier-league,2018,Burnley
2019-02-09,Brighton,Away,3,False,False,premier-league,2018,Burnley
2019-02-23,Tottenham,Home,2,False,False,premier-league,2018,Burnley
2019-02-26,Newcastle,Away,0,False,False,premier-league,2018,Burnley
2019-03-02,Crystal Palace,Home,1,False,False,premier-league,2018,Burnley
2019-03-10,Liverpool,Away,2,False,False,premier-league,2018,Burnley
2019-03-16,Leicester,Home,1,False,False,premier-league,2018,Burnley
2019-03-30,Wolves,Home,2,False,False,premier-league,2018,Burnley
2019-04-06,Bournemouth,Away,3,False,False,premier-league,2018,Burnley
2019-04-13,Cardiff,Home,2,False,False,premier-league,2018,Burnley
2019-04-22,Chelsea,Away,2,False,False,premier-league,2018,Burnley
2019-04-28,Man City,Home,0,False,False,premier-league,2018,Burnley
2019-05-03,Everton,Away,0,False,False,premier-league,2018,Burnley
2019-05-12,Arsenal,Home,1,False,False,premier-league,2018,Burnley
2018-08-11,Huddersfield,Away,3,True,True,premier-league,2018,Chelsea
2018-08-18,Arsenal,Home,3,True,True,premier-league,2018,Chelsea
2018-08-26,Newcastle,Away,2,True,True,premier-league,2018,Chelsea
2018-09-01,Bournemouth,Home,2,True,True,premier-league,2018,Chelsea
2018-09-15,Cardiff,Home,4,True,True,premier-league,2018,Chelsea
2018-09-23,West Ham,Away,0,True,True,premier-league,2018,Chelsea
2018-09-29,Liverpool,Home,1,True,True,premier-league,2018,Chelsea
2018-10-07,Southampton,Away,3,True,True,premier-league,2018,Chelsea
2018-10-20,Man United,Home,2,True,True,premier-league,2018,Chelsea
2018-10-28,Burnley,Away,4,True,True,premier-league,2018,Chelsea
2018-11-04,Crystal Palace,Home,3,True,True,premier-league,2018,Chelsea
2018-11-11,Everton,Home,0,True,True,premier-league,2018,Chelsea
2018-11-24,Tottenham,Away,1,True,True,premier-league,2018,Chelsea
2018-12-02,Fulham,Home,2,True,True,premier-league,2018,Chelsea
2018-12-05,Wolves,Away,1,True,True,premier-league,2018,Chelsea
2018-12-08,Man City,Home,2,True,True,premier-league,2018,Chelsea
2018-12-16,Brighton,Away,2,True,True,premier-league,2018,Chelsea
2018-12-22,Leicester,Home,0,True,True,premier-league,2018,Chelsea
2018-12-26,Watford,Away,2,True,True,premier-league,2018,Chelsea
2018-12-30,Crystal Palace,Away,1,True,True,premier-league,2018,Chelsea
2019-01-02,Southampton,Home,0,True,True,premier-league,2018,Chelsea
2019-01-12,Newcastle,Home,2,True,True,premier-league,2018,Chelsea
2019-01-19,Arsenal,Away,0,True,True,premier-league,2018,Chelsea
2019-01-30,Bournemouth,Away,0,True,True,premier-league,2018,Chelsea
2019-02-02,Huddersfield,Home,5,True,True,premier-league,2018,Chelsea
2019-02-10,Man City,Away,0,True,True,premier-league,2018,Chelsea
2019-02-27,Tottenham,Home,2,True,True,premier-league,2018,Chelsea
2019-03-03,Fulham,Away,2,True,True,premier-league,2018,Chelsea
2019-03-10,Wolves,Home,1,True,True,premier-league,2018,Chelsea
2019-03-17,Everton,Away,0,True,True,premier-league,2018,Chelsea
2019-03-31,Cardiff,Away,2,True,True,premier-league,2018,Chelsea
2019-04-03,Brighton,Home,3,True,True,premier-league,2018,Chelsea
2019-04-08,West Ham,Home,2,True,True,premier-league,2018,Chelsea
2019-04-14,Liverpool,Away,0,True,True,premier-league,2018,Chelsea
2019-04-22,Burnley,Home,2,True,True,premier-league,2018,Chelsea
2019-04-28,Man United,Away,1,True,True,premier-league,2018,Chelsea
2019-05-05,Watford,Home,3,True,True,premier-league,2018,Chelsea
2019-05-12,Leicester,Away,0,True,True,premier-league,2018,Chelsea
2018-08-11,Fulham,Away,2,True,True,premier-league,2018,Crystal Palace
2018-08-20,Liverpool,Home,0,True,True,premier-league,2018,Crystal Palace
2018-08-26,Watford,Away,1,True,True,premier-league,2018,Crystal Palace
2018-09-01,Southampton,Home,0,True,True,premier-league,2018,Crystal Palace
2018-09-15,Huddersfield,Away,1,True,True,premier-league,2018,Crystal Palace
2018-09-22,Newcastle,Home,0,True,True,premier-league,2018,Crystal Palace
2018-10-01,Bournemouth,Away,1,True,True,premier-league,2018,Crystal Palace
2018-10-06,Wolves,Home,0,True,True,premier-league,2018,Crystal Palace
2018-10-21,Everton,Away,0,True,True,premier-league,2018,Crystal Palace
2018-10-28,Arsenal,Home,2,True,True,premier-league,2018,Crystal Palace
2018-11-04,Chelsea,Away,1,True,True,premier-league,2018,Crystal Palace
2018-11-10,Tottenham,Home,0,True,True,premier-league,2018,Crystal Palace
2018-11-24,Man United,Away,0,True,True,premier-league,2018,Crystal Palace
2018-12-01,Burnley,Home,2,True,True,premier-league,2018,Crystal Palace
2018-12-04,Brighton,Away,1,True,True,premier-league,2018,Crystal Palace
2018-12-08,West Ham,Away,2,True,True,premier-league,2018,Crystal Palace
2018-12-15,Leicester,Home,1,True,True,premier-league,2018,Crystal Palace
2018-12-22,Man City,Away,3,True,True,premier-league,2018,Crystal Palace
2018-12-26,Cardiff,Home,0,True,True,premier-league,2018,Crystal Palace
2018-12-30,Chelsea,Home,0,True,True,premier-league,2018,Crystal Palace
2019-01-02,Wolves,Away,2,True,True,premier-league,2018,Crystal Palace
2019-01-12,Watford,Home,1,True,True,premier-league,2018,Crystal Palace
2019-01-19,Liverpool,Away,3,True,True,premier-league,2018,Crystal Palace
2019-01-30,Southampton,Away,1,True,True,premier-league,2018,Crystal Palace
2019-02-02,Fulham,Home,2,True,True,premier-league,2018,Crystal Palace
2019-02-09,West Ham,Home,1,True,True,premier-league,2018,Crystal Palace
2019-02-23,Leicester,Away,4,True,True,premier-league,2018,Crystal Palace
2019-02-27,Man United,Home,1,True,True,premier-league,2018,Crystal Palace
2019-03-02,Burnley,Away,3,True,True,premier-league,2018,Crystal Palace
2019-03-09,Brighton,Home,1,True,True,premier-league,2018,Crystal Palace
2019-03-30,Huddersfield,Home,2,True,True,premier-league,2018,Crystal Palace
2019-04-03,Tottenham,Away,0,True,True,premier-league,2018,Crystal Palace
2019-04-06,Newcastle,Away,1,True,True,premier-league,2018,Crystal Palace
2019-04-14,Man City,Home,1,True,True,premier-league,2018,Crystal Palace
2019-04-21,Arsenal,Away,3,True,True,premier-league,2018,Crystal Palace
2019-04-27,Everton,Home,0,True,True,premier-league,2018,Crystal Palace
2019-05-04,Cardiff,Away,3,True,True,premier-league,2018,Crystal Palace
2019-05-12,Bournemouth,Home,5,True,True,premier-league,2018,Crystal Palace
2018-08-11,Wolves,Away,2,True,True,premier-league,2018,Everton
2018-08-18,Southampton,Home,2,True,True,premier-league,2018,Everton
2018-08-25,Bournemouth,Away,2,True,True,premier-league,2018,Everton
2018-09-01,Huddersfield,Home,1,True,True,premier-league,2018,Everton
2018-09-16,West Ham,Home,1,True,True,premier-league,2018,Everton
2018-09-23,Arsenal,Away,0,False,False,premier-league,2018,Everton
2018-09-29,Fulham,Home,3,True,True,premier-league,2018,Everton
2018-10-06,Leicester,Away,2,True,True,premier-league,2018,Everton
2018-10-21,Crystal Palace,Home,2,True,True,premier-league,2018,Everton
2018-10-28,Man United,Away,1,True,True,premier-league,2018,Everton
2018-11-03,Brighton,Home,3,True,True,premier-league,2018,Everton
2018-11-11,Chelsea,Away,0,True,True,premier-league,2018,Everton
2018-11-24,Cardiff,Home,1,True,True,premier-league,2018,Everton
2018-12-02,Liverpool,Away,0,False,False,premier-league,2018,Everton
2018-12-05,Newcastle,Home,1,True,True,premier-league,2018,Everton
2018-12-10,Watford,Home,2,True,True,premier-league,2018,Everton
2018-12-15,Man City,Away,1,True,True,premier-league,2018,Everton
2018-12-23,Tottenham,Home,2,True,True,premier-league,2018,Everton
2018-12-26,Burnley,Away,5,True,True,premier-league,2018,Everton
2018-12-29,Brighton,Away,0,False,False,premier-league,2018,Everton
2019-01-01,Leicester,Home,0,True,True,premier-league,2018,Everton
2019-01-13,Bournemouth,Home,2,True,True,premier-league,2018,Everton
2019-01-19,Southampton,Away,1,True,True,premier-league,2018,Everton
2019-01-29,Huddersfield,Away,1,True,True,premier-league,2018,Everton
2019-02-02,Wolves,Home,1,True,True,premier-league,2018,Everton
2019-02-06,Man City,Home,0,True,True,premier-league,2018,Everton
2019-02-09,Watford,Away,0,True,True,premier-league,2018,Everton
2019-02-26,Cardiff,Away,3,True,True,premier-league,2018,Everton
2019-03-03,Liverpool,Home,0,False,False,premier-league,2018,Everton
2019-03-09,Newcastle,Away,2,True,True,premier-league,2018,Everton
2019-03-17,Chelsea,Home,2,True,True,premier-league,2018,Everton
2019-03-30,West Ham,Away,2,True,True,premier-league,2018,Everton
2019-04-07,Arsenal,Home,1,True,True,premier-league,2018,Everton
2019-04-13,Fulham,Away,0,True,True,premier-league,2018,Everton
2019-04-21,Man United,Home,4,True,True,premier-league,2018,Everton
2019-04-27,Crystal Palace,Away,0,True,True,premier-league,2018,Everton
2019-05-03,Burnley,Home,2,True,True,premier-league,2018,Everton
2019-05-12,Tottenham,Away,2,True,True,premier-league,2018,Everton
2018-08-11,Crystal Palace,Home,0,True,True,premier-league,2018,Fulham
2018-08-18,Tottenham,Away,1,True,True,premier-league,2018,Fulham
2018-08-26,Burnley,Home,4,True,True,premier-league,2018,Fulham
2018-09-01,Brighton,Away,2,True,True,premier-league,2018,Fulham
2018-09-15,Man City,Away,0,True,True,premier-league,2018,Fulham
2018-09-22,Watford,Home,1,True,True,premier-league,2018,Fulham
2018-09-29,Everton,Away,0,True,True,premier-league,2018,Fulham
2018-10-07,Arsenal,Home,1,False,False,premier-league,2018,Fulham
2018-10-20,Cardiff,Away,2,True,True,premier-league,2018,Fulham
2018-10-27,Bournemouth,Home,0,True,True,premier-league,2018,Fulham
2018-11-05,Huddersfield,Away,0,True,True,premier-league,2018,Fulham
2018-11-11,Liverpool,Away,0,True,True,premier-league,2018,Fulham
2018-11-24,Southampton,Home,3,True,True,premier-league,2018,Fulham
2018-12-02,Chelsea,Away,0,True,True,premier-league,2018,Fulham
2018-12-05,Leicester,Home,1,False,False,premier-league,2018,Fulham
2018-12-08,Man United,Away,1,True,True,premier-league,2018,Fulham
2018-12-15,West Ham,Home,0,True,True,premier-league,2018,Fulham
2018-12-22,Newcastle,Away,0,True,True,premier-league,2018,Fulham
2018-12-26,Wolves,Home,1,True,True,premier-league,2018,Fulham
2018-12-29,Huddersfield,Home,1,True,True,premier-league,2018,Fulham
2019-01-01,Arsenal,Away,1,False,False,premier-league,2018,Fulham
2019-01-12,Burnley,Away,1,False,False,premier-league,2018,Fulham
2019-01-20,Tottenham,Home,1,False,False,premier-league,2018,Fulham
2019-01-29,Brighton,Home,4,False,False,premier-league,2018,Fulham
2019-02-02,Crystal Palace,Away,0,True,True,premier-league,2018,Fulham
2019-02-09,Man United,Home,0,False,False,premier-league,2018,Fulham
2019-02-22,West Ham,Away,1,True,True,premier-league,2018,Fulham
2019-02-27,Southampton,Away,0,True,True,premier-league,2018,Fulham
2019-03-03,Chelsea,Home,1,True,True,premier-league,2018,Fulham
2019-03-09,Leicester,Away,1,True,True,premier-league,2018,Fulham
2019-03-17,Liverpool,Home,1,True,True,premier-league,2018,Fulham
2019-03-30,Man City,Home,0,True,True,premier-league,2018,Fulham
2019-04-02,Watford,Away,1,True,True,premier-league,2018,Fulham
2019-04-13,Everton,Home,2,True,True,premier-league,2018,Fulham
2019-04-20,Bournemouth,Away,1,True,True,premier-league,2018,Fulham
2019-04-27,Cardiff,Home,1,True,True,premier-league,2018,Fulham
2019-05-04,Wolves,Away,0,True,True,premier-league,2018,Fulham
2019-05-12,Newcastle,Home,0,True,True,premier-league,2018,Fulham
2018-08-10,Man United,Away,1,True,True,premier-league,2018,Leicester
2018-08-18,Wolves,Home,2,True,True,premier-league,2018,Leicester
2018-08-25,Southampton,Away,2,True,True,premier-league,2018,Leicester
2018-09-01,Liverpool,Home,1,True,True,premier-league,2018,Leicester
2018-09-15,Bournemouth,Away,2,True,True,premier-league,2018,Leicester
2018-09-22,Huddersfield,Home,3,True,True,premier-league,2018,Leicester
2018-09-29,Newcastle,Away,2,True,True,premier-league,2018,Leicester
2018-10-06,Everton,Home,1,True,True,premier-league,2018,Leicester
2018-10-22,Arsenal,Away,1,True,True,premier-league,2018,Leicester
2018-10-27,West Ham,Home,1,True,True,premier-league,2018,Leicester
2018-11-03,Cardiff,Away,1,True,True,premier-league,2018,Leicester
2018-11-10,Burnley,Home,0,True,True,premier-league,2018,Leicester
2018-11-24,Brighton,Away,1,True,True,premier-league,2018,Leicester
2018-12-01,Watford,Home,2,True,True,premier-league,2018,Leicester
2018-12-05,Fulham,Away,1,True,True,premier-league,2018,Leicester
2018-12-08,Tottenham,Home,0,True,True,premier-league,2018,Leicester
2018-12-15,Crystal Palace,Away,0,True,True,premier-league,2018,Leicester
2018-12-22,Chelsea,Away,1,True,True,premier-league,2018,Leicester
2018-12-26,Man City,Home,2,True,True,premier-league,2018,Leicester
2018-12-29,Cardiff,Home,0,True,True,premier-league,2018,Leicester
2019-01-01,Everton,Away,1,True,True,premier-league,2018,Leicester
2019-01-12,Southampton,Home,1,True,True,premier-league,2018,Leicester
2019-01-19,Wolves,Away,3,True,True,premier-league,2018,Leicester
2019-01-30,Liverpool,Away,1,True,True,premier-league,2018,Leicester
2019-02-03,Man United,Home,0,True,True,premier-league,2018,Leicester
2019-02-10,Tottenham,Away,1,True,True,premier-league,2018,Leicester
2019-02-23,Crystal Palace,Home,1,True,True,premier-league,2018,Leicester
2019-02-26,Brighton,Home,2,True,True,premier-league,2018,Leicester
2019-03-03,Watford,Away,1,True,True,premier-league,2018,Leicester
2019-03-09,Fulham,Home,3,True,True,premier-league,2018,Leicester
2019-03-16,Burnley,Away,2,True,True,premier-league,2018,Leicester
2019-03-30,Bournemouth,Home,2,True,True,premier-league,2018,Leicester
2019-04-06,Huddersfield,Away,4,True,True,premier-league,2018,Leicester
2019-04-12,Newcastle,Home,0,True,True,premier-league,2018,Leicester
2019-04-20,West Ham,Away,2,True,True,premier-league,2018,Leicester
2019-04-28,Arsenal,Home,3,True,True,premier-league,2018,Leicester
2019-05-06,Man City,Away,0,True,True,premier-league,2018,Leicester
2019-05-12,Chelsea,Home,0,True,True,premier-league,2018,Leicester
2018-08-12,West Ham,Home,4,True,True,premier-league,2018,Liverpool
2018-08-20,Crystal Palace,Away,2,True,True,premier-league,2018,Liverpool
2018-08-25,Brighton,Home,1,False,False,premier-league,2018,Liverpool
2018-09-01,Leicester,Away,2,True,True,premier-league,2018,Liverpool
2018-09-15,Tottenham,Away,2,True,True,premier-league,2018,Liverpool
2018-09-22,Southampton,Home,3,True,True,premier-league,2018,Liverpool
2018-09-29,Chelsea,Away,1,True,True,premier-league,2018,Liverpool
2018-10-07,Man City,Home,0,True,True,premier-league,2018,Liverpool
2018-10-20,Huddersfield,Away,1,True,True,premier-league,2018,Liverpool
2018-10-27,Cardiff,Home,4,True,True,premier-league,2018,Liverpool
2018-11-03,Arsenal,Away,1,True,True,premier-league,2018,Liverpool
2018-11-11,Fulham,Home,2,True,True,premier-league,2018,Liverpool
2018-11-24,Watford,Away,3,True,True,premier-league,2018,Liverpool
2018-12-02,Everton,Home,1,True,True,premier-league,2018,Liverpool
2018-12-05,Burnley,Away,3,True,True,premier-league,2018,Liverpool
2018-12-08,Bournemouth,Away,4,True,True,premier-league,2018,Liverpool
2018-12-16,Man United,Home,3,False,False,premier-league,2018,Liverpool
2018-12-21,Wolves,Away,2,True,True,premier-league,2018,Liverpool
2018-12-26,Newcastle,Home,4,True,True,premier-league,2018,Liverpool
2018-12-29,Arsenal,Home,5,True,True,premier-league,2018,Liverpool
2019-01-03,Man City,Away,1,True,True,premier-league,2018,Liverpool
2019-01-12,Brighton,Away,1,True,True,premier-league,2018,Liverpool
2019-01-19,Crystal Palace,Home,4,True,True,premier-league,2018,Liverpool
2019-01-30,Leicester,Home,1,True,True,premier-league,2018,Liverpool
2019-02-04,West Ham,Away,1,True,True,premier-league,2018,Liverpool
2019-02-09,Bournemouth,Home,3,True,True,premier-league,2018,Liverpool
2019-02-24,Man United,Away,0,True,True,premier-league,2018,Liverpool
2019-02-27,Watford,Home,5,True,True,premier-league,2018,Liverpool
2019-03-03,Everton,Away,0,False,False,premier-league,2018,Liverpool
2019-03-10,Burnley,Home,4,True,True,premier-league,2018,Liverpool
2019-03-17,Fulham,Away,2,True,True,premier-league,2018,Liverpool
2019-03-31,Tottenham,Home,2,True,True,premier-league,2018,Liverpool
2019-04-05,Southampton,Away,3,True,True,premier-league,2018,Liverpool
2019-04-14,Chelsea,Home,2,True,True,premier-league,2018,Liverpool
2019-04-21,Cardiff,Away,2,True,True,premier-league,2018,Liverpool
2019-04-26,Huddersfield,Home,5,True,True,premier-league,2018,Liverpool
2019-05-04,Newcastle,Away,3,True,True,premier-league,2018,Liverpool
2019-05-12,Wolves,Home,2,True,True,premier-league,2018,Liverpool
2018-08-12,Arsenal,Away,2,False,False,premier-league,2018,Man City
2018-08-19,Huddersfield,Home,6,True,True,premier-league,2018,Man City
2018-08-25,Wolves,Away,1,True,True,premier-league,2018,Man City
2018-09-01,Newcastle,Home,2,True,True,premier-league,2018,Man City
2018-09-15,Fulham,Home,3,True,True,premier-league,2018,Man City
2018-09-22,Cardiff,Away,5,True,True,premier-league,2018,Man City
2018-09-29,Brighton,Home,2,True,True,premier-league,2018,Man City
2018-10-07,Liverpool,Away,0,True,True,premier-league,2018,Man City
2018-10-20,Burnley,Home,5,True,True,premier-league,2018,Man City
2018-10-29,Tottenham,Away,1,True,True,premier-league,2018,Man City
2018-11-04,Southampton,Home,6,True,True,premier-league,2018,Man City
2018-11-11,Man United,Home,3,True,True,premier-league,2018,Man City
2018-11-24,West Ham,Away,4,True,True,premier-league,2018,Man City
2018-12-01,Bournemouth,Home,3,True,True,premier-league,2018,Man City
2018-12-04,Watford,Away,2,True,True,premier-league,2018,Man City
2018-12-08,Chelsea,Away,0,True,True,premier-league,2018,Man City
2018-12-15,Everton,Home,3,True,True,premier-league,2018,Man City
2018-12-22,Crystal Palace,Home,2,True,True,premier-league,2018,Man City
2018-12-26,Leicester,Away,1,True,True,premier-league,2018,Man City
2018-12-30,Southampton,Away,3,True,True,premier-league,2018,Man City
2019-01-03,Liverpool,Home,2,True,True,premier-league,2018,Man City
2019-01-14,Wolves,Home,3,True,True,premier-league,2018,Man City
2019-01-20,Huddersfield,Away,3,True,True,premier-league,2018,Man City
2019-01-29,Newcastle,Away,1,True,True,premier-league,2018,Man City
2019-02-03,Arsenal,Home,3,True,True,premier-league,2018,Man City
2019-02-06,Everton,Away,2,True,True,premier-league,2018,Man City
2019-02-10,Chelsea,Home,6,True,True,premier-league,2018,Man City
2019-02-27,West Ham,Home,1,True,True,premier-league,2018,Man City
2019-03-02,Bournemouth,Away,1,True,True,premier-league,2018,Man City
2019-03-09,Watford,Home,3,True,True,premier-league,2018,Man City
2019-03-30,Fulham,Away,2,True,True,premier-league,2018,Man City
2019-04-03,Cardiff,Home,2,True,True,premier-league,2018,Man City
2019-04-14,Crystal Palace,Away,3,True,True,premier-league,2018,Man City
2019-04-20,Tottenham,Home,1,True,True,premier-league,2018,Man City
2019-04-24,Man United,Away,2,True,True,premier-league,2018,Man City
2019-04-28,Burnley,Away,1,True,True,premier-league,2018,Man City
2019-05-06,Leicester,Home,1,True,True,premier-league,2018,Man City
2019-05-12,Brighton,Away,4,True,True,premier-league,2018,Man City
2018-08-10,Leicester,Home,2,False,False,premier-league,2018,Man United
2018-08-19,Brighton,Away,2,False,False,premier-league,2018,Man United
2018-08-27,Tottenham,Home,0,False,False,premier-league,2018,Man United
2018-09-02,Burnley,Away,2,False,False,premier-league,2018,Man United
2018-09-15,Watford,Away,2,False,False,premier-league,2018,Man United
2018-09-22,Wolves,Home,1,False,False,premier-league,2018,Man United
2018-09-29,West Ham,Away,1,False,False,premier-league,2018,Man United
2018-10-06,Newcastle,Home,3,False,False,premier-league,2018,Man United
2018-10-20,Chelsea,Away,2,False,False,premier-league,2018,Man United
2018-10-28,Everton,Home,2,False,False,premier-league,2018,Man United
2018-11-03,Bournemouth,Away,2,False,False,premier-league,2018,Man United
2018-11-11,Man City,Away,1,False,False,premier-league,2018,Man United
2018-11-24,Crystal Palace,Home,0,False,False,premier-league,2018,Man United
2018-12-01,Southampton,Away,2,False,False,premier-league,2018,Man United
2018-12-05,Arsenal,Home,2,False,False,premier-league,2018,Man United
2018-12-08,Fulham,Home,4,False,False,premier-league,2018,Man United
2018-12-16,Liverpool,Away,1,False,False,premier-league,2018,Man United
2018-12-22,Cardiff,Away,5,False,False,premier-league,2018,Man United
2018-12-26,Huddersfield,Home,3,False,False,premier-league,2018,Man United
2018-12-30,Bournemouth,Home,4,False,False,premier-league,2018,Man United
2019-01-02,Newcastle,Away,2,False,False,premier-league,2018,Man United
2019-01-13,Tottenham,Away,1,False,False,premier-league,2018,Man United
2019-01-19,Brighton,Home,2,False,False,premier-league,2018,Man United
2019-01-29,Burnley,Home,2,False,False,premier-league,2018,Man United
2019-02-03,Leicester,Away,1,False,False,premier-league,2018,Man United
2019-02-09,Fulham,Away,3,False,False,premier-league,2018,Man United
2019-02-24,Liverpool,Home,0,False,False,premier-league,2018,Man United
2019-02-27,Crystal Palace,Away,3,False,False,premier-league,2018,Man United
2019-03-02,Southampton,Home,3,False,False,premier-league,2018,Man United
2019-03-10,Arsenal,Away,0,False,False,premier-league,2018,Man United
2019-03-30,Watford,Home,2,False,False,premier-league,2018,Man United
2019-04-02,Wolves,Away,1,False,False,premier-league,2018,Man United
2019-04-13,West Ham,Home,2,False,False,premier-league,2018,Man United
2019-04-21,Everton,Away,0,False,False,premier-league,2018,Man United
2019-04-24,Man City,Home,0,False,False,premier-league,2018,Man United
2019-04-28,Chelsea,Home,1,False,False,premier-league,2018,Man United
2019-05-05,Huddersfield,Away,1,False,False,premier-league,2018,Man United
2019-05-12,Cardiff,Home,0,False,False,premier-league,2018,Man United
2018-08-11,Tottenham,Home,1,False,False,premier-league,2018,Newcastle
2018-08-18,Cardiff,Away,0,True,True,premier-league,2018,Newcastle
2018-08-26,Chelsea,Home,1,True,True,premier-league,2018,Newcastle
2018-09-01,Man City,Away,1,True,True,premier-league,2018,Newcastle
2018-09-15,Arsenal,Home,1,True,True,premier-league,2018,Newcastle
2018-09-22,Crystal Palace,Away,0,True,True,premier-league,2018,Newcastle
2018-09-29,Leicester,Home,0,True,True,premier-league,2018,Newcastle
2018-10-06,Man United,Away,2,True,True,premier-league,2018,Newcastle
2018-10-20,Brighton,Home,0,True,True,premier-league,2018,Newcastle
2018-10-27,Southampton,Away,0,True,True,premier-league,2018,Newcastle
2018-11-03,Watford,Home,1,True,True,premier-league,2018,Newcastle
2018-11-10,Bournemouth,Home,2,True,True,premier-league,2018,Newcastle
2018-11-26,Burnley,Away,2,True,True,premier-league,2018,Newcastle
2018-12-01,West Ham,Home,0,True,True,premier-league,2018,Newcastle
2018-12-05,Everton,Away,1,True,True,premier-league,2018,Newcastle
2018-12-09,Wolves,Home,1,True,True,premier-league,2018,Newcastle
2018-12-15,Huddersfield,Away,1,True,True,premier-league,2018,Newcastle
2018-12-22,Fulham,Home,0,True,True,premier-league,2018,Newcastle
2018-12-26,Liverpool,Away,0,True,True,premier-league,2018,Newcastle
2018-12-29,Watford,Away,1,True,True,premier-league,2018,Newcastle
2019-01-02,Man United,Home,0,True,True,premier-league,2018,Newcastle
2019-01-12,Chelsea,Away,1,True,True,premier-league,2018,Newcastle
2019-01-19,Cardiff,Home,3,True,True,premier-league,2018,Newcastle
2019-01-29,Man City,Home,2,True,True,premier-league,2018,Newcastle
2019-02-02,Tottenham,Away,0,True,True,premier-league,2018,Newcastle
2019-02-11,Wolves,Away,1,True,True,premier-league,2018,Newcastle
2019-02-23,Huddersfield,Home,2,True,True,premier-league,2018,Newcastle
2019-02-26,Burnley,Home,2,True,True,premier-league,2018,Newcastle
2019-03-02,West Ham,Away,0,True,True,premier-league,2018,Newcastle
2019-03-09,Everton,Home,3,True,True,premier-league,2018,Newcastle
2019-03-16,Bournemouth,Away,2,True,True,premier-league,2018,Newcastle
2019-04-01,Arsenal,Away,0,True,True,premier-league,2018,Newcastle
2019-04-06,Crystal Palace,Home,0,True,True,premier-league,2018,Newcastle
2019-04-12,Leicester,Away,1,True,True,premier-league,2018,Newcastle
2019-04-20,Southampton,Home,3,True,True,premier-league,2018,Newcastle
2019-04-27,Brighton,Away,1,True,True,premier-league,2018,Newcastle
2019-05-04,Liverpool,Home,2,True,True,premier-league,2018,Newcastle
2019-05-12,Fulham,Away,4,True,True,premier-league,2018,Newcastle
2018-08-12,Burnley,Home,0,True,True,premier-league,2018,Southampton
2018-08-18,Everton,Away,1,True,True,premier-league,2018,Southampton
2018-08-25,Leicester,Home,1,True,True,premier-league,2018,Southampton
2018-09-01,Crystal Palace,Away,2,True,True,premier-league,2018,Southampton
2018-09-17,Brighton,Home,2,True,True,premier-league,2018,Southampton
2018-09-22,Liverpool,Away,0,True,True,premier-league,2018,Southampton
2018-09-29,Wolves,Away,0,True,True,premier-league,2018,Southampton
2018-10-07,Chelsea,Home,0,True,True,premier-league,2018,Southampton
2018-10-20,Bournemouth,Away,0,True,True,premier-league,2018,Southampton
2018-10-27,Newcastle,Home,0,True,True,premier-league,2018,Southampton
2018-11-04,Man City,Away,1,True,True,premier-league,2018,Southampton
2018-11-10,Watford,Home,1,True,True,premier-league,2018,Southampton
2018-11-24,Fulham,Away,2,True,True,premier-league,2018,Southampton
2018-12-01,Man United,Home,2,True,True,premier-league,2018,Southampton
2018-12-05,Tottenham,Away,1,True,True,premier-league,2018,Southampton
2018-12-08,Cardiff,Away,0,True,True,premier-league,2018,Southampton
2018-12-16,Arsenal,Home,3,True,True,premier-league,2018,Southampton
2018-12-22,Huddersfield,Away,3,True,True,premier-league,2018,Southampton
2018-12-27,West Ham,Home,1,True,True,premier-league,2018,Southampton
2018-12-30,Man City,Home,1,True,True,premier-league,2018,Southampton
2019-01-02,Chelsea,Away,0,True,True,premier-league,2018,Southampton
2019-01-12,Leicester,Away,2,True,True,premier-league,2018,Southampton
2019-01-19,Everton,Home,2,True,True,premier-league,2018,Southampton
2019-01-30,Crystal Palace,Home,1,True,True,premier-league,2018,Southampton
2019-02-02,Burnley,Away,1,True,True,premier-league,2018,Southampton
2019-02-09,Cardiff,Home,1,True,True,premier-league,2018,Southampton
2019-02-24,Arsenal,Away,0,False,False,premier-league,2018,Southampton
2019-02-27,Fulham,Home,2,False,False,premier-league,2018,Southampton
2019-03-02,Man United,Away,2,True,True,premier-league,2018,Southampton
2019-03-09,Tottenham,Home,2,True,True,premier-league,2018,Southampton
2019-03-30,Brighton,Away,1,True,True,premier-league,2018,Southampton
2019-04-05,Liverpool,Home,1,True,True,premier-league,2018,Southampton
2019-04-13,Wolves,Home,3,True,True,premier-league,2018,Southampton
2019-04-20,Newcastle,Away,1,True,True,premier-league,2018,Southampton
2019-04-23,Watford,Away,1,True,True,premier-league,2018,Southampton
2019-04-27,Bournemouth,Home,3,True,True,premier-league,2018,Southampton
2019-05-04,West Ham,Away,0,True,True,premier-league,2018,Southampton
2019-05-12,Huddersfield,Home,1,True,True,premier-league,2018,Southampton
2018-08-11,Newcastle,Away,2,True,True,premier-league,2018,Tottenham
2018-08-18,Fulham,Home,3,True,True,premier-league,2018,Tottenham
2018-08-27,Man United,Away,3,True,True,premier-league,2018,Tottenham
2018-09-02,Watford,Away,1,True,True,premier-league,2018,Tottenham
2018-09-15,Liverpool,Home,1,True,True,premier-league,2018,Tottenham
2018-09-22,Brighton,Away,2,True,True,premier-league,2018,Tottenham
2018-09-29,Huddersfield,Away,2,True,True,premier-league,2018,Tottenham
2018-10-06,Cardiff,Home,1,True,True,premier-league,2018,Tottenham
2018-10-20,West Ham,Away,1,True,True,premier-league,2018,Tottenham
2018-10-29,Man City,Home,0,True,True,premier-league,2018,Tottenham
2018-11-03,Wolves,Away,3,True,True,premier-league,2018,Tottenham
2018-11-10,Crystal Palace,Away,1,True,True,premier-league,2018,Tottenham
2018-11-24,Chelsea,Home,3,True,True,premier-league,2018,Tottenham
2018-12-02,Arsenal,Away,2,True,True,premier-league,2018,Tottenham
2018-12-05,Southampton,Home,3,True,True,premier-league,2018,Tottenham
2018-12-08,Leicester,Away,2,True,True,premier-league,2018,Tottenham
2018-12-15,Burnley,Home,1,True,True,premier-league,2018,Tottenham
2018-12-23,Everton,Away,6,True,True,premier-league,2018,Tottenham
2018-12-26,Bournemouth,Home,5,True,True,premier-league,2018,Tottenham
2018-12-29,Wolves,Home,1,True,True,premier-league,2018,Tottenham
2019-01-01,Cardiff,Away,3,True,True,premier-league,2018,Tottenham
2019-01-13,Man United,Home,0,True,True,premier-league,2018,Tottenham
2019-01-20,Fulham,Away,2,True,True,premier-league,2018,Tottenham
2019-01-30,Watford,Home,2,True,True,premier-league,2018,Tottenham
2019-02-02,Newcastle,Home,1,True,True,premier-league,2018,Tottenham
2019-02-10,Leicester,Home,3,True,True,premier-league,2018,Tottenham
2019-02-23,Burnley,Away,1,True,True,premier-league,2018,Tottenham
2019-02-27,Chelsea,Away,0,True,True,premier-league,2018,Tottenham
2019-03-02,Arsenal,Home,1,True,True,premier-league,2018,Tottenham
2019-03-09,Southampton,Away,1,True,True,premier-league,2018,Tottenham
2019-03-31,Liverpool,Away,1,True,True,premier-league,2018,Tottenham
2019-04-03,Crystal Palace,Home,2,True,True,premier-league,2018,Tottenham
2019-04-13,Huddersfield,Home,4,True,True,premier-league,2018,Tottenham
2019-04-20,Man City,Away,0,True,True,premier-league,2018,Tottenham
2019-04-23,Brighton,Home,1,True,True,premier-league,2018,Tottenham
2019-04-27,West Ham,Home,0,True,True,premier-league,2018,Tottenham
2019-05-04,Bournemouth,Away,0,True,True,premier-league,2018,Tottenham
2019-05-12,Everton,Home,2,True,True,premier-league,2018,Tottenham
2018-08-11,Brighton,Home,2,True,True,premier-league,2018,Watford
2018-08-19,Burnley,Away,3,True,True,premier-league,2018,Watford
2018-08-26,Crystal Palace,Home,2,True,True,premier-league,2018,Watford
2018-09-02,Tottenham,Home,2,True,True,premier-league,2018,Watford
2018-09-15,Man United,Home,1,True,True,premier-league,2018,Watford
2018-09-22,Fulham,Away,1,True,True,premier-league,2018,Watford
2018-09-29,Arsenal,Away,0,False,False,premier-league,2018,Watford
2018-10-06,Bournemouth,Home,0,True,True,premier-league,2018,Watford
2018-10-20,Wolves,Away,2,True,True,premier-league,2018,Watford
2018-10-27,Huddersfield,Home,3,True,True,premier-league,2018,Watford
2018-11-03,Newcastle,Away,0,True,True,premier-league,2018,Watford
2018-11-10,Southampton,Away,1,True,True,premier-league,2018,Watford
2018-11-24,Liverpool,Home,0,True,True,premier-league,2018,Watford
2018-12-01,Leicester,Away,0,True,True,premier-league,2018,Watford
2018-12-04,Man City,Home,1,True,True,premier-league,2018,Watford
2018-12-10,Everton,Away,2,True,True,premier-league,2018,Watford
2018-12-15,Cardiff,Home,3,True,True,premier-league,2018,Watford
2018-12-22,West Ham,Away,2,True,True,premier-league,2018,Watford
2018-12-26,Chelsea,Home,1,True,True,premier-league,2018,Watford
2018-12-29,Newcastle,Home,1,False,False,premier-league,2018,Watford
2019-01-02,Bournemouth,Away,3,True,True,premier-league,2018,Watford
2019-01-12,Crystal Palace,Away,2,True,True,premier-league,2018,Watford
2019-01-19,Burnley,Home,0,True,True,premier-league,2018,Watford
2019-01-30,Tottenham,Away,1,True,True,premier-league,2018,Watford
2019-02-02,Brighton,Away,0,True,True,premier-league,2018,Watford
2019-02-09,Everton,Home,1,True,True,premier-league,2018,Watford
2019-02-22,Cardiff,Away,5,True,True,premier-league,2018,Watford
2019-02-27,Liverpool,Away,0,True,True,premier-league,2018,Watford
2019-03-03,Leicester,Home,2,True,True,premier-league,2018,Watford
2019-03-09,Man City,Away,1,True,True,premier-league,2018,Watford
2019-03-30,Man United,Away,1,True,True,premier-league,2018,Watford
2019-04-02,Fulham,Home,4,True,True,premier-league,2018,Watford
2019-04-15,Arsenal,Home,0,True,True,premier-league,2018,Watford
2019-04-20,Huddersfield,Away,2,True,True,premier-league,2018,Watford
2019-04-23,Southampton,Home,1,True,True,premier-league,2018,Watford
2019-04-27,Wolves,Home,1,True,True,premier-league,2018,Watford
2019-05-05,Chelsea,Away,0,True,True,premier-league,2018,Watford
2019-05-12,West Ham,Home,1,True,True,premier-league,2018,Watford
2018-08-12,Liverpool,Away,0,True,True,premier-league,2018,West Ham
2018-08-18,Bournemouth,Home,1,True,True,premier-league,2018,West Ham
2018-08-25,Arsenal,Away,1,True,True,premier-league,2018,West Ham
2018-09-01,Wolves,Home,0,True,True,premier-league,2018,West Ham
2018-09-16,Everton,Away,3,True,True,premier-league,2018,West Ham
2018-09-23,Chelsea,Home,0,True,True,premier-league,2018,West Ham
2018-09-29,Man United,Home,3,True,True,premier-league,2018,West Ham
2018-10-05,Brighton,Away,0,True,True,premier-league,2018,West Ham
2018-10-20,Tottenham,Home,0,True,True,premier-league,2018,West Ham
2018-10-27,Leicester,Away,1,True,True,premier-league,2018,West Ham
2018-11-03,Burnley,Home,4,True,True,premier-league,2018,West Ham
2018-11-10,Huddersfield,Away,1,True,True,premier-league,2018,West Ham
2018-11-24,Man City,Home,0,True,True,premier-league,2018,West Ham
2018-12-01,Newcastle,Away,3,True,True,premier-league,2018,West Ham
2018-12-04,Cardiff,Home,3,True,True,premier-league,2018,West Ham
2018-12-08,Crystal Palace,Home,3,True,True,premier-league,2018,West Ham
2018-12-15,Fulham,Away,2,True,True,premier-league,2018,West Ham
2018-12-22,Watford,Home,0,True,True,premier-league,2018,West Ham
2018-12-27,Southampton,Away,2,True,True,premier-league,2018,West Ham
2018-12-30,Burnley,Away,0,True,True,premier-league,2018,West Ham
2019-01-02,Brighton,Home,2,True,True,premier-league,2018,West Ham
2019-01-12,Arsenal,Home,1,True,True,premier-league,2018,West Ham
2019-01-19,Bournemouth,Away,0,True,True,premier-league,2018,West Ham
2019-01-29,Wolves,Away,0,True,True,premier-league,2018,West Ham
2019-02-04,Liverpool,Home,1,True,True,premier-league,2018,West Ham
2019-02-09,Crystal Palace,Away,1,True,True,premier-league,2018,West Ham
2019-02-22,Fulham,Home,3,True,True,premier-league,2018,West Ham
2019-02-27,Man City,Away,0,True,True,premier-league,2018,West Ham
2019-03-02,Newcastle,Home,2,True,True,premier-league,2018,West Ham
2019-03-09,Cardiff,Away,0,True,True,premier-league,2018,West Ham
2019-03-16,Huddersfield,Home,4,True,True,premier-league,2018,West Ham
2019-03-30,Everton,Home,0,True,True,premier-league,2018,West Ham
2019-04-08,Chelsea,Away,0,True,True,premier-league,2018,West Ham
2019-04-13,Man United,Away,1,True,True,premier-league,2018,West Ham
2019-04-20,Leicester,Home,2,True,True,premier-league,2018,West Ham
2019-04-27,Tottenham,Away,1,True,True,premier-league,2018,West Ham
2019-05-04,Southampton,Home,3,True,True,premier-league,2018,West Ham
2019-05-12,Watford,Away,4,True,True,premier-league,2018,West Ham
2018-08-11,Everton,Home,2,True,True,premier-league,2018,Wolves
2018-08-18,Leicester,Away,0,True,True,premier-league,2018,Wolves
2018-08-25,Man City,Home,1,True,True,premier-league,2018,Wolves
2018-09-01,West Ham,Away,1,True,True,premier-league,2018,Wolves
2018-09-16,Burnley,Home,1,True,True,premier-league,2018,Wolves
2018-09-22,Man United,Away,1,True,True,premier-league,2018,Wolves
2018-09-29,Southampton,Home,2,True,True,premier-league,2018,Wolves
2018-10-06,Crystal Palace,Away,1,True,True,premier-league,2018,Wolves
2018-10-20,Watford,Home,0,True,True,premier-league,2018,Wolves
2018-10-27,Brighton,Away,0,True,True,premier-league,2018,Wolves
2018-11-03,Tottenham,Home,2,True,True,premier-league,2018,Wolves
2018-11-11,Arsenal,Away,1,True,True,premier-league,2018,Wolves
2018-11-25,Huddersfield,Home,0,True,True,premier-league,2018,Wolves
2018-11-30,Cardiff,Away,1,True,True,premier-league,2018,Wolves
2018-12-05,Chelsea,Home,2,True,True,premier-league,2018,Wolves
2018-12-09,Newcastle,Away,2,True,True,premier-league,2018,Wolves
2018-12-15,Bournemouth,Home,2,True,True,premier-league,2018,Wolves
2018-12-21,Liverpool,Home,0,True,True,premier-league,2018,Wolves
2018-12-26,Fulham,Away,1,True,True,premier-league,2018,Wolves
2018-12-29,Tottenham,Away,3,True,True,premier-league,2018,Wolves
2019-01-02,Crystal Palace,Home,0,True,True,premier-league,2018,Wolves
2019-01-14,Man City,Away,0,True,True,premier-league,2018,Wolves
2019-01-19,Leicester,Home,4,True,True,premier-league,2018,Wolves
2019-01-29,West Ham,Home,3,True,True,premier-league,2018,Wolves
2019-02-02,Everton,Away,3,True,True,premier-league,2018,Wolves
2019-02-11,Newcastle,Home,1,True,True,premier-league,2018,Wolves
2019-02-23,Bournemouth,Away,1,True,True,premier-league,2018,Wolves
2019-02-26,Huddersfield,Away,0,True,True,premier-league,2018,Wolves
2019-03-02,Cardiff,Home,2,True,True,premier-league,2018,Wolves
2019-03-10,Chelsea,Away,1,True,True,premier-league,2018,Wolves
2019-03-30,Burnley,Away,0,True,True,premier-league,2018,Wolves
2019-04-02,Man United,Home,2,True,True,premier-league,2018,Wolves
2019-04-13,Southampton,Away,1,True,True,premier-league,2018,Wolves
2019-04-20,Brighton,Home,0,True,True,premier-league,2018,Wolves
2019-04-24,Arsenal,Home,3,True,True,premier-league,2018,Wolves
2019-04-27,Watford,Away,2,True,True,premier-league,2018,Wolves
2019-05-04,Fulham,Home,1,True,True,premier-league,2018,Wolves
2019-05-12,Liverpool,Away,0,True,True,premier-league,2018,Wolves
2019-08-11,Newcastle,Away,1,True,True,premier-league,2019,Arsenal
2019-08-17,Burnley,Home,2,True,True,premier-league,2019,Arsenal
2019-08-24,Liverpool,Away,1,True,True,premier-league,2019,Arsenal
2019-09-01,Tottenham,Home,2,True,True,premier-league,2019,Arsenal
2019-09-15,Watford,Away,2,True,True,premier-league,2019,Arsenal
2019-09-22,Aston Villa,Home,3,True,True,premier-league,2019,Arsenal
2019-09-30,Man United,Away,1,True,True,premier-league,2019,Arsenal
2019-10-06,Bournemouth,Home,1,True,True,premier-league,2019,Arsenal
2019-10-21,Sheffield United,Away,0,True,True,premier-league,2019,Arsenal
2019-10-27,Crystal Palace,Home,2,True,True,premier-league,2019,Arsenal
2019-11-02,Wolves,Home,1,True,True,premier-league,2019,Arsenal
2019-11-09,Leicester,Away,0,True,True,premier-league,2019,Arsenal
2019-11-23,Southampton,Home,2,True,True,premier-league,2019,Arsenal
2019-12-01,Norwich,Away,2,True,True,premier-league,2019,Arsenal
2019-12-05,Brighton,Home,1,True,True,premier-league,2019,Arsenal
2019-12-09,West Ham,Away,3,True,True,premier-league,2019,Arsenal
2019-12-15,Man City,Home,0,True,True,premier-league,2019,Arsenal
2019-12-21,Everton,Away,0,True,True,premier-league,2019,Arsenal
2019-12-26,Bournemouth,Away,1,True,True,premier-league,2019,Arsenal
2019-12-29,Chelsea,Home,1,True,True,premier-league,2019,Arsenal
2020-01-01,Man United,Home,2,True,True,premier-league,2019,Arsenal
2020-01-11,Crystal Palace,Away,1,True,True,premier-league,2019,Arsenal
2020-01-18,Sheffield United,Home,1,True,True,premier-league,2019,Arsenal
2020-01-21,Chelsea,Away,2,True,True,premier-league,2019,Arsenal
2020-02-02,Burnley,Away,0,True,True,premier-league,2019,Arsenal
2020-02-16,Newcastle,Home,4,True,True,premier-league,2019,Arsenal
2020-02-23,Everton,Home,3,True,True,premier-league,2019,Arsenal
2020-03-07,West Ham,Home,1,True,True,premier-league,2019,Arsenal
2020-06-17,Man City,Away,0,True,True,premier-league,2019,Arsenal
2020-06-20,Brighton,Away,1,True,True,premier-league,2019,Arsenal
2020-06-25,Southampton,Away,2,True,True,premier-league,2019,Arsenal
2020-07-01,Norwich,Home,4,True,True,premier-league,2019,Arsenal
2020-07-04,Wolves,Away,2,True,True,premier-league,2019,Arsenal
2020-07-07,Leicester,Home,1,True,True,premier-league,2019,Arsenal
2020-07-12,Tottenham,Away,1,True,True,premier-league,2019,Arsenal
2020-07-15,Liverpool,Home,2,True,True,premier-league,2019,Arsenal
2020-07-21,Aston Villa,Away,0,True,True,premier-league,2019,Arsenal
2020-07-26,Watford,Home,3,True,True,premier-league,2019,Arsenal
2019-08-10,Tottenham,Away,1,True,True,premier-league,2019,Aston Villa
2019-08-17,Bournemouth,Home,1,True,True,premier-league,2019,Aston Villa
2019-08-23,Everton,Home,2,True,True,premier-league,2019,Aston Villa
2019-08-31,Crystal Palace,Away,0,True,True,premier-league,2019,Aston Villa
2019-09-16,West Ham,Home,0,True,True,premier-league,2019,Aston Villa
2019-09-22,Arsenal,Away,2,True,True,premier-league,2019,Aston Villa
2019-09-28,Burnley,Home,2,True,True,premier-league,2019,Aston Villa
2019-10-05,Norwich,Away,5,True,True,premier-league,2019,Aston Villa
2019-10-19,Brighton,Home,2,True,True,premier-league,2019,Aston Villa
2019-10-26,Man City,Away,0,True,True,premier-league,2019,Aston Villa
2019-11-02,Liverpool,Home,1,True,True,premier-league,2019,Aston Villa
2019-11-10,Wolves,Away,1,True,True,premier-league,2019,Aston Villa
2019-11-25,Newcastle,Home,2,True,True,premier-league,2019,Aston Villa
2019-12-01,Man United,Away,2,True,True,premier-league,2019,Aston Villa
2019-12-04,Chelsea,Away,1,True,True,premier-league,2019,Aston Villa
2019-12-08,Leicester,Home,1,True,True,premier-league,2019,Aston Villa
2019-12-14,Sheffield United,Away,0,True,True,premier-league,2019,Aston Villa
2019-12-21,Southampton,Home,1,True,True,premier-league,2019,Aston Villa
2019-12-26,Norwich,Home,1,True,True,premier-league,2019,Aston Villa
2019-12-28,Watford,Away,0,True,True,premier-league,2019,Aston Villa
2020-01-01,Burnley,Away,2,True,True,premier-league,2019,Aston Villa
2020-01-12,Man City,Home,1,True,True,premier-league,2019,Aston Villa
2020-01-18,Brighton,Away,1,True,True,premier-league,2019,Aston Villa
2020-01-21,Watford,Home,2,True,True,premier-league,2019,Aston Villa
2020-02-01,Bournemouth,Away,1,True,True,premier-league,2019,Aston Villa
2020-02-16,Tottenham,Home,2,True,True,premier-league,2019,Aston Villa
2020-02-22,Southampton,Away,0,True,True,premier-league,2019,Aston Villa
2020-03-09,Leicester,Away,0,True,True,premier-league,2019,Aston Villa
2020-06-17,Sheffield United,Home,0,True,True,premier-league,2019,Aston Villa
2020-06-21,Chelsea,Home,1,True,True,premier-league,2019,Aston Villa
2020-06-24,Newcastle,Away,1,True,True,premier-league,2019,Aston Villa
2020-06-27,Wolves,Home,0,True,True,premier-league,2019,Aston Villa
2020-07-05,Liverpool,Away,0,True,True,premier-league,2019,Aston Villa
2020-07-09,Man United,Home,0,True,True,premier-league,2019,Aston Villa
2020-07-12,Crystal Palace,Home,2,True,True,premier-league,2019,Aston Villa
2020-07-16,Everton,Away,1,True,True,premier-league,2019,Aston Villa
2020-07-21,Arsenal,Home,1,True,True,premier-league,2019,Aston Villa
2020-07-26,West Ham,Away,1,True,True,premier-league,2019,Aston Villa
2019-08-10,Sheffield United,Home,1,True,True,premier-league,2019,Bournemouth
2019-08-17,Aston Villa,Away,2,True,True,premier-league,2019,Bournemouth
2019-08-25,Man City,Home,1,True,True,premier-league,2019,Bournemouth
2019-08-31,Leicester,Away,1,True,True,premier-league,2019,Bournemouth
2019-09-15,Everton,Home,3,True,True,premier-league,2019,Bournemouth
2019-09-20,Southampton,Away,3,True,True,premier-league,2019,Bournemouth
2019-09-28,West Ham,Home,2,True,True,premier-league,2019,Bournemouth
2019-10-06,Arsenal,Away,0,True,True,premier-league,2019,Bournemouth
2019-10-19,Norwich,Home,0,True,True,premier-league,2019,Bournemouth
2019-10-26,Watford,Away,0,True,True,premier-league,2019,Bournemouth
2019-11-02,Man United,Home,1,True,True,premier-league,2019,Bournemouth
2019-11-09,Newcastle,Away,1,True,True,premier-league,2019,Bournemouth
2019-11-23,Wolves,Home,1,True,True,premier-league,2019,Bournemouth
2019-11-30,Tottenham,Away,2,True,True,premier-league,2019,Bournemouth
2019-12-03,Crystal Palace,Away,0,True,True,premier-league,2019,Bournemouth
2019-12-07,Liverpool,Home,0,True,True,premier-league,2019,Bournemouth
2019-12-14,Chelsea,Away,1,True,True,premier-league,2019,Bournemouth
2019-12-21,Burnley,Home,0,True,True,premier-league,2019,Bournemouth
2019-12-26,Arsenal,Home,1,True,True,premier-league,2019,Bournemouth
2019-12-28,Brighton,Away,0,True,True,premier-league,2019,Bournemouth
2020-01-01,West Ham,Away,0,True,True,premier-league,2019,Bournemouth
2020-01-12,Watford,Home,0,True,True,premier-league,2019,Bournemouth
2020-01-18,Norwich,Away,0,True,True,premier-league,2019,Bournemouth
2020-01-21,Brighton,Home,3,True,True,premier-league,2019,Bournemouth
2020-02-01,Aston Villa,Home,2,True,True,premier-league,2019,Bournemouth
2020-02-09,Sheffield United,Away,1,True,True,premier-league,2019,Bournemouth
2020-02-22,Burnley,Away,0,True,True,premier-league,2019,Bournemouth
2020-02-29,Chelsea,Home,2,True,True,premier-league,2019,Bournemouth
2020-03-07,Liverpool,Away,1,True,True,premier-league,2019,Bournemouth
2020-06-20,Crystal Palace,Home,0,True,True,premier-league,2019,Bournemouth
2020-06-24,Wolves,Away,0,True,True,premier-league,2019,Bournemouth
2020-07-01,Newcastle,Home,1,True,True,premier-league,2019,Bournemouth
2020-07-04,Man United,Away,2,True,True,premier-league,2019,Bournemouth
2020-07-09,Tottenham,Home,0,True,True,premier-league,2019,Bournemouth
2020-07-12,Leicester,Home,4,True,True,premier-league,2019,Bournemouth
2020-07-15,Man City,Away,1,True,True,premier-league,2019,Bournemouth
2020-07-19,Southampton,Home,0,True,True,premier-league,2019,Bournemouth
2020-07-26,Everton,Away,3,True,True,premier-league,2019,Bournemouth
2019-08-10,Watford,Away,3,True,True,premier-league,2019,Brighton
2019-08-17,West Ham,Home,1,True,True,premier-league,2019,Brighton
2019-08-24,Southampton,Home,0,True,True,premier-league,2019,Brighton
2019-08-31,Man City,Away,0,True,True,premier-league,2019,Brighton
2019-09-14,Burnley,Home,1,True,True,premier-league,2019,Brighton
2019-09-21,Newcastle,Away,0,True,True,premier-league,2019,Brighton
2019-09-28,Chelsea,Away,0,True,True,premier-league,2019,Brighton
2019-10-05,Tottenham,Home,3,True,True,premier-league,2019,Brighton
2019-10-19,Aston Villa,Away,1,True,True,premier-league,2019,Brighton
2019-10-26,Everton,Home,3,True,True,premier-league,2019,Brighton
2019-11-02,Norwich,Home,2,True,True,premier-league,2019,Brighton
2019-11-10,Man United,Away,1,True,True,premier-league,2019,Brighton
2019-11-23,Leicester,Home,0,True,True,premier-league,2019,Brighton
2019-11-30,Liverpool,Away,1,True,True,premier-league,2019,Brighton
2019-12-05,Arsenal,Away,2,True,True,premier-league,2019,Brighton
2019-12-08,Wolves,Home,2,True,True,premier-league,2019,Brighton
2019-12-16,Crystal Palace,Away,1,True,True,premier-league,2019,Brighton
2019-12-21,Sheffield United,Home,0,True,True,premier-league,2019,Brighton
2019-12-26,Tottenham,Away,1,True,True,premier-league,2019,Brighton
2019-12-28,Bournemouth,Home,2,True,True,premier-league,2019,Brighton
2020-01-01,Chelsea,Home,1,True,True,premier-league,2019,Brighton
2020-01-11,Everton,Away,0,True,True,premier-league,2019,Brighton
2020-01-18,Aston Villa,Home,1,True,True,premier-league,2019,Brighton
2020-01-21,Bournemouth,Away,1,True,True,premier-league,2019,Brighton
2020-02-01,West Ham,Away,3,True,True,premier-league,2019,Brighton
2020-02-08,Watford,Home,1,True,True,premier-league,2019,Brighton
2020-02-22,Sheffield United,Away,1,True,True,premier-league,2019,Brighton
2020-02-29,Crystal Palace,Home,0,True,True,premier-league,2019,Brighton
2020-03-07,Wolves,Away,0,True,True,premier-league,2019,Brighton
2020-06-20,Arsenal,Home,2,True,True,premier-league,2019,Brighton
2020-06-23,Leicester,Away,0,True,True,premier-league,2019,Brighton
2020-06-30,Man United,Home,0,True,True,premier-league,2019,Brighton
2020-07-04,Norwich,Away,1,True,True,premier-league,2019,Brighton
2020-07-08,Liverpool,Home,1,True,True,premier-league,2019,Brighton
2020-07-11,Man City,Home,0,True,True,premier-league,2019,Brighton
2020-07-16,Southampton,Away,1,True,True,premier-league,2019,Brighton
2020-07-20,Newcastle,Home,0,True,True,premier-league,2019,Brighton
2020-07-26,Burnley,Away,2,True,True,premier-league,2019,Brighton
2019-08-10,Southampton,Home,3,False,False,premier-league,2019,Burnley
2019-08-17,Arsenal,Away,1,False,False,premier-league,2019,Burnley
2019-08-25,Wolves,Away,1,False,False,premier-league,2019,Burnley
2019-08-31,Liverpool,Home,0,False,False,premier-league,2019,Burnley
2019-09-14,Brighton,Away,1,False,False,premier-league,2019,Burnley
2019-09-21,Norwich,Home,2,False,False,premier-league,2019,Burnley
2019-09-28,Aston Villa,Away,2,False,False,premier-league,2019,Burnley
2019-10-05,Everton,Home,1,False,False,premier-league,2019,Burnley
2019-10-19,Leicester,Away,1,False,False,premier-league,2019,Burnley
2019-10-26,Chelsea,Home,2,False,False,premier-league,2019,Burnley
2019-11-02,Sheffield United,Away,0,False,False,premier-league,2019,Burnley
2019-11-09,West Ham,Home,3,False,False,premier-league,2019,Burnley
2019-11-23,Watford,Away,3,False,False,premier-league,2019,Burnley
2019-11-30,Crystal Palace,Home,0,False,False,premier-league,2019,Burnley
2019-12-03,Man City,Home,1,False,False,premier-league,2019,Burnley
2019-12-07,Tottenham,Away,0,False,False,premier-league,2019,Burnley
2019-12-14,Newcastle,Home,1,False,False,premier-league,2019,Burnley
2019-12-21,Bournemouth,Away,1,False,False,premier-league,2019,Burnley
2019-12-26,Everton,Away,0,False,False,premier-league,2019,Burnley
2019-12-28,Man United,Home,0,False,False,premier-league,2019,Burnley
2020-01-01,Aston Villa,Home,1,False,False,premier-league,2019,Burnley
2020-01-11,Chelsea,Away,0,False,False,premier-league,2019,Burnley
2020-01-19,Leicester,Home,2,False,False,premier-league,2019,Burnley
2020-01-22,Man United,Away,2,False,False,premier-league,2019,Burnley
2020-02-02,Arsenal,Home,0,False,False,premier-league,2019,Burnley
2020-02-15,Southampton,Away,2,False,False,premier-league,2019,Burnley
2020-02-22,Bournemouth,Home,3,False,False,premier-league,2019,Burnley
2020-02-29,Newcastle,Away,0,False,False,premier-league,2019,Burnley
2020-03-07,Tottenham,Home,1,False,False,premier-league,2019,Burnley
2020-06-22,Man City,Away,0,False,False,premier-league,2019,Burnley
2020-06-25,Watford,Home,1,False,False,premier-league,2019,Burnley
2020-06-29,Crystal Palace,Away,1,False,False,premier-league,2019,Burnley
2020-07-05,Sheffield United,Home,1,False,False,premier-league,2019,Burnley
2020-07-08,West Ham,Away,1,False,False,premier-league,2019,Burnley
2020-07-11,Liverpool,Away,1,False,False,premier-league,2019,Burnley
2020-07-15,Wolves,Home,1,False,False,premier-league,2019,Burnley
2020-07-18,Norwich,Away,2,False,False,premier-league,2019,Burnley
2020-07-26,Brighton,Home,1,False,False,premier-league,2019,Burnley
2019-08-11,Man United,Away,0,True,True,premier-league,2019,Chelsea
2019-08-18,Leicester,Home,1,True,True,premier-league,2019,Chelsea
2019-08-24,Norwich,Away,3,True,True,premier-league,2019,Chelsea
2019-08-31,Sheffield United,Home,2,True,True,premier-league,2019,Chelsea
2019-09-14,Wolves,Away,5,True,True,premier-league,2019,Chelsea
2019-09-22,Liverpool,Home,1,True,True,premier-league,2019,Chelsea
2019-09-28,Brighton,Home,2,True,True,premier-league,2019,Chelsea
2019-10-06,Southampton,Away,4,True,True,premier-league,2019,Chelsea
2019-10-19,Newcastle,Home,1,True,True,premier-league,2019,Chelsea
2019-10-26,Burnley,Away,4,True,True,premier-league,2019,Chelsea
2019-11-02,Watford,Away,2,True,True,premier-league,2019,Chelsea
2019-11-09,Crystal Palace,Home,2,True,True,premier-league,2019,Chelsea
2019-11-23,Man City,Away,1,True,True,premier-league,2019,Chelsea
2019-11-30,West Ham,Home,0,True,True,premier-league,2019,Chelsea
2019-12-04,Aston Villa,Home,2,True,True,premier-league,2019,Chelsea
2019-12-07,Everton,Away,1,True,True,premier-league,2019,Chelsea
2019-12-14,Bournemouth,Home,0,True,True,premier-league,2019,Chelsea
2019-12-22,Tottenham,Away,2,True,True,premier-league,2019,Chelsea
2019-12-26,Southampton,Home,0,True,True,premier-league,2019,Chelsea
2019-12-29,Arsenal,Away,2,True,True,premier-league,2019,Chelsea
2020-01-01,Brighton,Away,1,True,True,premier-league,2019,Chelsea
2020-01-11,Burnley,Home,3,True,True,premier-league,2019,Chelsea
2020-01-18,Newcastle,Away,0,True,True,premier-league,2019,Chelsea
2020-01-21,Arsenal,Home,2,True,True,premier-league,2019,Chelsea
2020-02-01,Leicester,Away,2,True,True,premier-league,2019,Chelsea
2020-02-17,Man United,Home,0,True,True,premier-league,2019,Chelsea
2020-02-22,Tottenham,Home,2,True,True,premier-league,2019,Chelsea
2020-02-29,Bournemouth,Away,2,True,True,premier-league,2019,Chelsea
2020-03-08,Everton,Home,4,True,True,premier-league,2019,Chelsea
2020-06-21,Aston Villa,Away,2,True,True,premier-league,2019,Chelsea
2020-06-25,Man City,Home,2,True,True,premier-league,2019,Chelsea
2020-07-01,West Ham,Away,2,True,True,premier-league,2019,Chelsea
2020-07-04,Watford,Home,3,True,True,premier-league,2019,Chelsea
2020-07-07,Crystal Palace,Away,3,True,True,premier-league,2019,Chelsea
2020-07-11,Sheffield United,Away,0,True,True,premier-league,2019,Chelsea
2020-07-14,Norwich,Home,1,True,True,premier-league,2019,Chelsea
2020-07-22,Liverpool,Away,3,True,True,premier-league,2019,Chelsea
2020-07-26,Wolves,Home,2,True,True,premier-league,2019,Chelsea
2019-08-10,Everton,Home,0,True,True,premier-league,2019,Crystal Palace
2019-08-18,Sheffield United,Away,0,True,True,premier-league,2019,Crystal Palace
2019-08-24,Man United,Away,2,True,True,premier-league,2019,Crystal Palace
2019-08-31,Aston Villa,Home,1,True,True,premier-league,2019,Crystal Palace
2019-09-14,Tottenham,Away,0,True,True,premier-league,2019,Crystal Palace
2019-09-22,Wolves,Home,1,True,True,premier-league,2019,Crystal Palace
2019-09-28,Norwich,Home,2,True,True,premier-league,2019,Crystal Palace
2019-10-05,West Ham,Away,2,True,True,premier-league,2019,Crystal Palace
2019-10-19,Man City,Home,0,True,True,premier-league,2019,Crystal Palace
2019-10-27,Arsenal,Away,2,True,True,premier-league,2019,Crystal Palace
2019-11-03,Leicester,Home,0,True,True,premier-league,2019,Crystal Palace
2019-11-09,Chelsea,Away,0,True,True,premier-league,2019,Crystal Palace
2019-11-23,Liverpool,Home,1,True,True,premier-league,2019,Crystal Palace
2019-11-30,Burnley,Away,2,True,True,premier-league,2019,Crystal Palace
2019-12-03,Bournemouth,Home,1,True,True,premier-league,2019,Crystal Palace
2019-12-07,Watford,Away,0,True,True,premier-league,2019,Crystal Palace
2019-12-16,Brighton,Home,1,True,True,premier-league,2019,Crystal Palace
2019-12-21,Newcastle,Away,0,True,True,premier-league,2019,Crystal Palace
2019-12-26,West Ham,Home,2,True,True,premier-league,2019,Crystal Palace
2019-12-28,Southampton,Away,1,True,True,premier-league,2019,Crystal Palace
2020-01-01,Norwich,Away,1,True,True,premier-league,2019,Crystal Palace
2020-01-11,Arsenal,Home,1,True,True,premier-league,2019,Crystal Palace
2020-01-18,Man City,Away,2,True,True,premier-league,2019,Crystal Palace
2020-01-21,Southampton,Home,0,True,True,premier-league,2019,Crystal Palace
2020-02-01,Sheffield United,Home,0,True,True,premier-league,2019,Crystal Palace
2020-02-08,Everton,Away,1,True,True,premier-league,2019,Crystal Palace
2020-02-22,Newcastle,Home,1,True,True,premier-league,2019,Crystal Palace
2020-02-29,Brighton,Away,1,True,True,premier-league,2019,Crystal Palace
2020-03-07,Watford,Home,1,True,True,premier-league,2019,Crystal Palace
2020-06-20,Bournemouth,Away,2,True,True,premier-league,2019,Crystal Palace
2020-06-24,Liverpool,Away,0,True,True,premier-league,2019,Crystal Palace
2020-06-29,Burnley,Home,0,True,True,premier-league,2019,Crystal Palace
2020-07-04,Leicester,Away,0,True,True,premier-league,2019,Crystal Palace
2020-07-07,Chelsea,Home,2,True,True,premier-league,2019,Crystal Palace
2020-07-12,Aston Villa,Away,0,True,True,premier-league,2019,Crystal Palace
2020-07-16,Man United,Home,0,True,True,premier-league,2019,Crystal Palace
2020-07-20,Wolves,Away,0,True,True,premier-league,2019,Crystal Palace
2020-07-26,Tottenham,Home,1,True,True,premier-league,2019,Crystal Palace
2019-08-10,Crystal Palace,Away,0,True,True,premier-league,2019,Everton
2019-08-17,Watford,Home,1,True,True,premier-league,2019,Everton
2019-08-23,Aston Villa,Away,0,True,True,premier-league,2019,Everton
2019-09-01,Wolves,Home,3,True,True,premier-league,2019,Everton
2019-09-15,Bournemouth,Away,1,True,True,premier-league,2019,Everton
2019-09-21,Sheffield United,Home,0,True,True,premier-league,2019,Everton
2019-09-28,Man City,Home,1,True,True,premier-league,2019,Everton
2019-10-05,Burnley,Away,0,True,True,premier-league,2019,Everton
2019-10-19,West Ham,Home,2,True,True,premier-league,2019,Everton
2019-10-26,Brighton,Away,2,True,True,premier-league,2019,Everton
2019-11-03,Tottenham,Home,1,True,True,premier-league,2019,Everton
2019-11-09,Southampton,Away,2,True,True,premier-league,2019,Everton
2019-11-23,Norwich,Home,0,True,True,premier-league,2019,Everton
2019-12-01,Leicester,Away,1,True,True,premier-league,2019,Everton
2019-12-04,Liverpool,Away,2,True,True,premier-league,2019,Everton
2019-12-07,Chelsea,Home,3,True,True,premier-league,2019,Everton
2019-12-15,Man United,Away,1,True,True,premier-league,2019,Everton
2019-12-21,Arsenal,Home,0,True,True,premier-league,2019,Everton
2019-12-26,Burnley,Home,1,True,True,premier-league,2019,Everton
2019-12-28,Newcastle,Away,2,True,True,premier-league,2019,Everton
2020-01-01,Man City,Away,1,True,True,premier-league,2019,Everton
2020-01-11,Brighton,Home,1,True,True,premier-league,2019,Everton
2020-01-18,West Ham,Away,1,True,True,premier-league,2019,Everton
2020-01-21,Newcastle,Home,2,True,True,premier-league,2019,Everton
2020-02-01,Watford,Away,3,True,True,premier-league,2019,Everton
2020-02-08,Crystal Palace,Home,3,True,True,premier-league,2019,Everton
2020-02-23,Arsenal,Away,2,True,True,premier-league,2019,Everton
2020-03-01,Man United,Home,1,True,True,premier-league,2019,Everton
2020-03-08,Chelsea,Away,0,True,True,premier-league,2019,Everton
2020-06-21,Liverpool,Home,0,True,True,premier-league,2019,Everton
2020-06-24,Norwich,Away,1,True,True,premier-league,2019,Everton
2020-07-01,Leicester,Home,2,True,True,premier-league,2019,Everton
2020-07-06,Tottenham,Away,0,True,True,premier-league,2019,Everton
2020-07-09,Southampton,Home,1,True,True,premier-league,2019,Everton
2020-07-12,Wolves,Away,0,True,True,premier-league,2019,Everton
2020-07-16,Aston Villa,Home,1,True,True,premier-league,2019,Everton
2020-07-20,Sheffield United,Away,1,True,True,premier-league,2019,Everton
2020-07-26,Bournemouth,Home,1,True,True,premier-league,2019,Everton
2019-08-11,Wolves,Home,0,True,True,premier-league,2019,Leicester
2019-08-18,Chelsea,Away,1,True,True,premier-league,2019,Leicester
2019-08-24,Sheffield United,Away,2,True,True,premier-league,2019,Leicester
2019-08-31,Bournemouth,Home,3,True,True,premier-league,2019,Leicester
2019-09-14,Man United,Away,0,True,True,premier-league,2019,Leicester
2019-09-21,Tottenham,Home,2,True,True,premier-league,2019,Leicester
2019-09-29,Newcastle,Home,5,True,True,premier-league,2019,Leicester
2019-10-05,Liverpool,Away,1,True,True,premier-league,2019,Leicester
2019-10-19,Burnley,Home,2,True,True,premier-league,2019,Leicester
2019-10-25,Southampton,Away,9,True,True,premier-league,2019,Leicester
2019-11-03,Crystal Palace,Away,2,True,True,premier-league,2019,Leicester
2019-11-09,Arsenal,Home,2,True,True,premier-league,2019,Leicester
2019-11-23,Brighton,Away,2,True,True,premier-league,2019,Leicester
2019-12-01,Everton,Home,2,True,True,premier-league,2019,Leicester
2019-12-04,Watford,Home,2,True,True,premier-league,2019,Leicester
2019-12-08,Aston Villa,Away,4,True,True,premier-league,2019,Leicester
2019-12-14,Norwich,Home,1,True,True,premier-league,2019,Leicester
2019-12-21,Man City,Away,1,True,True,premier-league,2019,Leicester
2019-12-26,Liverpool,Home,0,True,True,premier-league,2019,Leicester
2019-12-28,West Ham,Away,2,True,True,premier-league,2019,Leicester
2020-01-01,Newcastle,Away,3,True,True,premier-league,2019,Leicester
2020-01-11,Southampton,Home,1,True,True,premier-league,2019,Leicester
2020-01-19,Burnley,Away,1,True,True,premier-league,2019,Leicester
2020-01-22,West Ham,Home,4,True,True,premier-league,2019,Leicester
2020-02-01,Chelsea,Home,2,True,True,premier-league,2019,Leicester
2020-02-14,Wolves,Away,0,True,True,premier-league,2019,Leicester
2020-02-22,Man City,Home,0,True,True,premier-league,2019,Leicester
2020-02-28,Norwich,Away,0,True,True,premier-league,2019,Leicester
2020-03-09,Aston Villa,Home,4,True,True,premier-league,2019,Leicester
2020-06-20,Watford,Away,1,True,True,premier-league,2019,Leicester
2020-06-23,Brighton,Home,0,True,True,premier-league,2019,Leicester
2020-07-01,Everton,Away,1,True,True,premier-league,2019,Leicester
2020-07-04,Crystal Palace,Home,3,True,True,premier-league,2019,Leicester
2020-07-07,Arsenal,Away,1,True,True,premier-league,2019,Leicester
2020-07-12,Bournemouth,Away,1,True,True,premier-league,2019,Leicester
2020-07-16,Sheffield United,Home,2,True,True,premier-league,2019,Leicester
2020-07-19,Tottenham,Away,0,True,True,premier-league,2019,Leicester
2020-07-26,Man United,Home,0,True,True,premier-league,2019,Leicester
2019-08-09,Norwich,Home,4,True,True,premier-league,2019,Liverpool
2019-08-17,Southampton,Away,2,True,True,premier-league,2019,Liverpool
2019-08-24,Arsenal,Home,3,True,True,premier-league,2019,Liverpool
2019-08-31,Burnley,Away,3,True,True,premier-league,2019,Liverpool
2019-09-14,Newcastle,Home,3,True,True,premier-league,2019,Liverpool
2019-09-22,Chelsea,Away,2,True,True,premier-league,2019,Liverpool
2019-09-28,Sheffield United,Away,1,True,True,premier-league,2019,Liverpool
2019-10-05,Leicester,Home,2,True,True,premier-league,2019,Liverpool
2019-10-20,Man United,Away,1,True,True,premier-league,2019,Liverpool
2019-10-27,Tottenham,Home,2,True,True,premier-league,2019,Liverpool
2019-11-02,Aston Villa,Away,2,True,True,premier-league,2019,Liverpool
2019-11-10,Man City,Home,3,True,True,premier-league,2019,Liverpool
2019-11-23,Crystal Palace,Away,2,True,True,premier-league,2019,Liverpool
2019-11-30,Brighton,Home,2,True,True,premier-league,2019,Liverpool
2019-12-04,Everton,Home,5,True,True,premier-league,2019,Liverpool
2019-12-07,Bournemouth,Away,3,True,True,premier-league,2019,Liverpool
2019-12-14,Watford,Home,2,True,True,premier-league,2019,Liverpool
2019-12-26,Leicester,Away,4,True,True,premier-league,2019,Liverpool
2019-12-29,Wolves,Home,1,True,True,premier-league,2019,Liverpool
2020-01-02,Sheffield United,Home,2,True,True,premier-league,2019,Liverpool
2020-01-11,Tottenham,Away,1,True,True,premier-league,2019,Liverpool
2020-01-19,Man United,Home,2,True,True,premier-league,2019,Liverpool
2020-01-23,Wolves,Away,2,True,True,premier-league,2019,Liverpool
2020-01-29,West Ham,Away,2,True,True,premier-league,2019,Liverpool
2020-02-01,Southampton,Home,4,True,True,premier-league,2019,Liverpool
2020-02-15,Norwich,Away,1,True,True,premier-league,2019,Liverpool
2020-02-24,West Ham,Home,3,True,True,premier-league,2019,Liverpool
2020-02-29,Watford,Away,0,True,True,premier-league,2019,Liverpool
2020-03-07,Bournemouth,Home,2,True,True,premier-league,2019,Liverpool
2020-06-21,Everton,Away,0,True,True,premier-league,2019,Liverpool
2020-06-24,Crystal Palace,Home,4,True,True,premier-league,2019,Liverpool
2020-07-02,Man City,Away,0,True,True,premier-league,2019,Liverpool
2020-07-05,Aston Villa,Home,2,True,True,premier-league,2019,Liverpool
2020-07-08,Brighton,Away,3,True,True,premier-league,2019,Liverpool
2020-07-11,Burnley,Home,1,True,True,premier-league,2019,Liverpool
2020-07-15,Arsenal,Away,1,True,True,premier-league,2019,Liverpool
2020-07-22,Chelsea,Home,5,True,True,premier-league,2019,Liverpool
2020-07-26,Newcastle,Away,3,True,True,premier-league,2019,Liverpool
2019-08-10,West Ham,Away,5,True,True,premier-league,2019,Man City
2019-08-17,Tottenham,Home,2,True,True,premier-league,2019,Man City
2019-08-25,Bournemouth,Away,3,True,True,premier-league,2019,Man City
2019-08-31,Brighton,Home,4,True,True,premier-league,2019,Man City
2019-09-14,Norwich,Away,2,True,True,premier-league,2019,Man City
2019-09-21,Watford,Home,8,True,True,premier-league,2019,Man City
2019-09-28,Everton,Away,3,True,True,premier-league,2019,Man City
2019-10-06,Wolves,Home,0,True,True,premier-league,2019,Man City
2019-10-19,Crystal Palace,Away,2,True,True,premier-league,2019,Man City
2019-10-26,Aston Villa,Home,3,True,True,premier-league,2019,Man City
2019-11-02,Southampton,Home,2,True,True,premier-league,2019,Man City
2019-11-10,Liverpool,Away,1,True,True,premier-league,2019,Man City
2019-11-23,Chelsea,Home,2,True,True,premier-league,2019,Man City
2019-11-30,Newcastle,Away,2,True,True,premier-league,2019,Man City
2019-12-03,Burnley,Away,4,True,True,premier-league,2019,Man City
2019-12-07,Man United,Home,1,True,True,premier-league,2019,Man City
2019-12-15,Arsenal,Away,3,True,True,premier-league,2019,Man City
2019-12-21,Leicester,Home,3,True,True,premier-league,2019,Man City
2019-12-27,Wolves,Away,2,True,True,premier-league,2019,Man City
2019-12-29,Sheffield United,Home,2,True,True,premier-league,2019,Man City
2020-01-01,Everton,Home,2,True,True,premier-league,2019,Man City
2020-01-12,Aston Villa,Away,6,True,True,premier-league,2019,Man City
2020-01-18,Crystal Palace,Home,2,True,True,premier-league,2019,Man City
2020-01-21,Sheffield United,Away,1,True,True,premier-league,2019,Man City
2020-02-02,Tottenham,Away,0,True,True,premier-league,2019,Man City
2020-02-19,West Ham,Home,2,True,True,premier-league,2019,Man City
2020-02-22,Leicester,Away,1,True,True,premier-league,2019,Man City
2020-03-08,Man United,Away,0,True,True,premier-league,2019,Man City
2020-06-17,Arsenal,Home,3,True,True,premier-league,2019,Man City
2020-06-22,Burnley,Home,5,True,True,premier-league,2019,Man City
2020-06-25,Chelsea,Away,1,True,True,premier-league,2019,Man City
2020-07-02,Liverpool,Home,4,True,True,premier-league,2019,Man City
2020-07-05,Southampton,Away,0,True,True,premier-league,2019,Man City
2020-07-08,Newcastle,Home,5,True,True,premier-league,2019,Man City
2020-07-11,Brighton,Away,5,True,True,premier-league,2019,Man City
2020-07-15,Bournemouth,Home,2,True,True,premier-league,2019,Man City
2020-07-21,Watford,Away,4,True,True,premier-league,2019,Man City
2020-07-26,Norwich,Home,5,True,True,premier-league,2019,Man City
2019-08-11,Chelsea,Home,4,False,False,premier-league,2019,Man United
2019-08-19,Wolves,Away,1,False,False,premier-league,2019,Man United
2019-08-24,Crystal Palace,Home,1,False,False,premier-league,2019,Man United
2019-08-31,Southampton,Away,1,False,False,premier-league,2019,Man United
2019-09-14,Leicester,Home,1,False,False,premier-league,2019,Man United
2019-09-22,West Ham,Away,0,False,False,premier-league,2019,Man United
2019-09-30,Arsenal,Home,1,False,False,premier-league,2019,Man United
2019-10-06,Newcastle,Away,0,False,False,premier-league,2019,Man United
2019-10-20,Liverpool,Home,1,False,False,premier-league,2019,Man United
2019-10-27,Norwich,Away,3,False,False,premier-league,2019,Man United
2019-11-02,Bournemouth,Away,0,False,False,premier-league,2019,Man United
2019-11-10,Brighton,Home,3,False,False,premier-league,2019,Man United
2019-11-24,Sheffield United,Away,3,False,False,premier-league,2019,Man United
2019-12-01,Aston Villa,Home,2,False,False,premier-league,2019,Man United
2019-12-04,Tottenham,Home,2,False,False,premier-league,2019,Man United
2019-12-07,Man City,Away,2,False,False,premier-league,2019,Man United
2019-12-15,Everton,Home,1,False,False,premier-league,2019,Man United
2019-12-22,Watford,Away,0,False,False,premier-league,2019,Man United
2019-12-26,Newcastle,Home,4,False,False,premier-league,2019,Man United
2019-12-28,Burnley,Away,2,False,False,premier-league,2019,Man United
2020-01-01,Arsenal,Away,0,False,False,premier-league,2019,Man United
2020-01-11,Norwich,Home,4,False,False,premier-league,2019,Man United
2020-01-19,Liverpool,Away,0,False,False,premier-league,2019,Man United
2020-01-22,Burnley,Home,0,False,False,premier-league,2019,Man United
2020-02-01,Wolves,Home,0,False,False,premier-league,2019,Man United
2020-02-17,Chelsea,Away,2,False,False,premier-league,2019,Man United
2020-02-23,Watford,Home,3,False,False,premier-league,2019,Man United
2020-03-01,Everton,Away,1,False,False,premier-league,2019,Man United
2020-03-08,Man City,Home,2,False,False,premier-league,2019,Man United
2020-06-19,Tottenham,Away,1,False,False,premier-league,2019,Man United
2020-06-24,Sheffield United,Home,3,False,False,premier-league,2019,Man United
2020-06-30,Brighton,Away,3,False,False,premier-league,2019,Man United
2020-07-04,Bournemouth,Home,5,False,False,premier-league,2019,Man United
2020-07-09,Aston Villa,Away,3,False,False,premier-league,2019,Man United
2020-07-13,Southampton,Home,2,False,False,premier-league,2019,Man United
2020-07-16,Crystal Palace,Away,2,False,False,premier-league,2019,Man United
2020-07-22,West Ham,Home,1,False,False,premier-league,2019,Man United
2020-07-26,Leicester,Away,2,False,False,premier-league,2019,Man United
2019-08-11,Arsenal,Home,0,True,True,premier-league,2019,Newcastle
2019-08-17,Norwich,Away,1,True,True,premier-league,2019,Newcastle
2019-08-25,Tottenham,Away,1,True,True,premier-league,2019,Newcastle
2019-08-31,Watford,Home,1,True,True,premier-league,2019,Newcastle
2019-09-14,Liverpool,Away,1,True,True,premier-league,2019,Newcastle
2019-09-21,Brighton,Home,0,True,True,premier-league,2019,Newcastle
2019-09-29,Leicester,Away,0,True,True,premier-league,2019,Newcastle
2019-10-06,Man United,Home,1,True,True,premier-league,2019,Newcastle
2019-10-19,Chelsea,Away,0,True,True,premier-league,2019,Newcastle
2019-10-27,Wolves,Home,1,True,True,premier-league,2019,Newcastle
2019-11-02,West Ham,Away,3,True,True,premier-league,2019,Newcastle
2019-11-09,Bournemouth,Home,2,True,True,premier-league,2019,Newcastle
2019-11-25,Aston Villa,Away,0,True,True,premier-league,2019,Newcastle
2019-11-30,Man City,Home,2,True,True,premier-league,2019,Newcastle
2019-12-05,Sheffield United,Away,2,True,True,premier-league,2019,Newcastle
2019-12-08,Southampton,Home,2,True,True,premier-league,2019,Newcastle
2019-12-14,Burnley,Away,0,True,True,premier-league,2019,Newcastle
2019-12-21,Crystal Palace,Home,1,True,True,premier-league,2019,Newcastle
2019-12-26,Man United,Away,1,True,True,premier-league,2019,Newcastle
2019-12-28,Everton,Home,1,True,True,premier-league,2019,Newcastle
2020-01-01,Leicester,Home,0,True,True,premier-league,2019,Newcastle
2020-01-11,Wolves,Away,1,True,True,premier-league,2019,Newcastle
2020-01-18,Chelsea,Home,1,True,True,premier-league,2019,Newcastle
2020-01-21,Everton,Away,2,True,True,premier-league,2019,Newcastle
2020-02-01,Norwich,Home,0,True,True,premier-league,2019,Newcastle
2020-02-16,Arsenal,Away,0,True,True,premier-league,2019,Newcastle
2020-02-22,Crystal Palace,Away,0,True,True,premier-league,2019,Newcastle
2020-02-29,Burnley,Home,0,True,True,premier-league,2019,Newcastle
2020-03-07,Southampton,Away,1,True,True,premier-league,2019,Newcastle
2020-06-21,Sheffield United,Home,3,True,True,premier-league,2019,Newcastle
2020-06-24,Aston Villa,Home,1,True,True,premier-league,2019,Newcastle
2020-07-01,Bournemouth,Away,4,True,True,premier-league,2019,Newcastle
2020-07-05,West Ham,Home,2,True,True,premier-league,2019,Newcastle
2020-07-08,Man City,Away,0,True,True,premier-league,2019,Newcastle
2020-07-11,Watford,Away,1,True,True,premier-league,2019,Newcastle
2020-07-15,Tottenham,Home,1,True,True,premier-league,2019,Newcastle
2020-07-20,Brighton,Away,0,True,True,premier-league,2019,Newcastle
2020-07-26,Liverpool,Home,1,True,True,premier-league,2019,Newcastle
2019-08-09,Liverpool,Away,1,True,True,premier-league,2019,Norwich
2019-08-17,Newcastle,Home,3,True,True,premier-league,2019,Norwich
2019-08-24,Chelsea,Home,2,True,True,premier-league,2019,Norwich
2019-08-31,West Ham,Away,0,True,True,premier-league,2019,Norwich
2019-09-14,Man City,Home,3,True,True,premier-league,2019,Norwich
2019-09-21,Burnley,Away,0,True,True,premier-league,2019,Norwich
2019-09-28,Crystal Palace,Away,0,True,True,premier-league,2019,Norwich
2019-10-05,Aston Villa,Home,1,True,True,premier-league,2019,Norwich
2019-10-19,Bournemouth,Away,0,True,True,premier-league,2019,Norwich
2019-10-27,Man United,Home,1,True,True,premier-league,2019,Norwich
2019-11-02,Brighton,Away,0,True,True,premier-league,2019,Norwich
2019-11-08,Watford,Home,0,True,True,premier-league,2019,Norwich
2019-11-23,Everton,Away,2,True,True,premier-league,2019,Norwich
2019-12-01,Arsenal,Home,2,True,True,premier-league,2019,Norwich
2019-12-04,Southampton,Away,1,True,True,premier-league,2019,Norwich
2019-12-08,Sheffield United,Home,1,True,True,premier-league,2019,Norwich
2019-12-14,Leicester,Away,1,True,True,premier-league,2019,Norwich
2019-12-21,Wolves,Home,1,True,True,premier-league,2019,Norwich
2019-12-26,Aston Villa,Away,0,True,True,premier-league,2019,Norwich
2019-12-28,Tottenham,Home,2,True,True,premier-league,2019,Norwich
2020-01-01,Crystal Palace,Home,1,True,True,premier-league,2019,Norwich
2020-01-11,Man United,Away,0,True,True,premier-league,2019,Norwich
2020-01-18,Bournemouth,Home,1,True,True,premier-league,2019,Norwich
2020-01-22,Tottenham,Away,1,True,True,premier-league,2019,Norwich
2020-02-01,Newcastle,Away,0,True,True,premier-league,2019,Norwich
2020-02-15,Liverpool,Home,0,True,True,premier-league,2019,Norwich
2020-02-23,Wolves,Away,0,True,True,premier-league,2019,Norwich
2020-02-28,Leicester,Home,1,True,True,premier-league,2019,Norwich
2020-03-07,Sheffield United,Away,0,True,True,premier-league,2019,Norwich
2020-06-19,Southampton,Home,0,True,True,premier-league,2019,Norwich
2020-06-24,Everton,Home,0,True,True,premier-league,2019,Norwich
2020-07-01,Arsenal,Away,0,True,True,premier-league,2019,Norwich
2020-07-04,Brighton,Home,0,True,True,premier-league,2019,Norwich
2020-07-07,Watford,Away,1,True,True,premier-league,2019,Norwich
2020-07-11,West Ham,Home,0,True,True,premier-league,2019,Norwich
2020-07-14,Chelsea,Away,0,True,True,premier-league,2019,Norwich
2020-07-18,Burnley,Home,0,True,True,premier-league,2019,Norwich
2020-07-26,Man City,Away,0,True,True,premier-league,2019,Norwich
2019-08-10,Bournemouth,Away,1,True,True,premier-league,2019,Sheffield United
2019-08-18,Crystal Palace,Home,1,True,True,premier-league,2019,Sheffield United
2019-08-24,Leicester,Home,1,True,True,premier-league,2019,Sheffield United
2019-08-31,Chelsea,Away,2,True,True,premier-league,2019,Sheffield United
2019-09-14,Southampton,Home,0,True,True,premier-league,2019,Sheffield United
2019-09-21,Everton,Away,2,True,True,premier-league,2019,Sheffield United
2019-09-28,Liverpool,Home,0,True,True,premier-league,2019,Sheffield United
2019-10-05,Watford,Away,0,True,True,premier-league,2019,Sheffield United
2019-10-21,Arsenal,Home,1,True,True,premier-league,2019,Sheffield United
2019-10-26,West Ham,Away,1,True,True,premier-league,2019,Sheffield United
2019-11-02,Burnley,Home,3,True,True,premier-league,2019,Sheffield United
2019-11-09,Tottenham,Away,1,True,True,premier-league,2019,Sheffield United
2019-11-24,Man United,Home,3,True,True,premier-league,2019,Sheffield United
2019-12-01,Wolves,Away,1,True,True,premier-league,2019,Sheffield United
2019-12-05,Newcastle,Home,0,True,True,premier-league,2019,Sheffield United
2019-12-08,Norwich,Away,2,True,True,premier-league,2019,Sheffield United
2019-12-14,Aston Villa,Home,2,True,True,premier-league,2019,Sheffield United
2019-12-21,Brighton,Away,1,True,True,premier-league,2019,Sheffield United
2019-12-26,Watford,Home,1,True,True,premier-league,2019,Sheffield United
2019-12-29,Man City,Away,0,True,True,premier-league,2019,Sheffield United
2020-01-02,Liverpool,Away,0,True,True,premier-league,2019,Sheffield United
2020-01-10,West Ham,Home,1,True,True,premier-league,2019,Sheffield United
2020-01-18,Arsenal,Away,1,True,True,premier-league,2019,Sheffield United
2020-01-21,Man City,Home,0,True,True,premier-league,2019,Sheffield United
2020-02-01,Crystal Palace,Away,1,True,True,premier-league,2019,Sheffield United
2020-02-09,Bournemouth,Home,2,True,True,premier-league,2019,Sheffield United
2020-02-22,Brighton,Home,1,True,True,premier-league,2019,Sheffield United
2020-03-07,Norwich,Home,1,True,True,premier-league,2019,Sheffield United
2020-06-17,Aston Villa,Away,0,True,True,premier-league,2019,Sheffield United
2020-06-21,Newcastle,Away,0,True,True,premier-league,2019,Sheffield United
2020-06-24,Man United,Away,0,True,True,premier-league,2019,Sheffield United
2020-07-02,Tottenham,Home,3,True,True,premier-league,2019,Sheffield United
2020-07-05,Burnley,Away,1,True,True,premier-league,2019,Sheffield United
2020-07-08,Wolves,Home,1,True,True,premier-league,2019,Sheffield United
2020-07-11,Chelsea,Home,3,True,True,premier-league,2019,Sheffield United
2020-07-16,Leicester,Away,0,True,True,premier-league,2019,Sheffield United
2020-07-20,Everton,Home,0,True,True,premier-league,2019,Sheffield United
2020-07-26,Southampton,Away,1,True,True,premier-league,2019,Sheffield United
2019-08-10,Burnley,Away,0,True,True,premier-league,2019,Southampton
2019-08-17,Liverpool,Home,1,True,True,premier-league,2019,Southampton
2019-08-24,Brighton,Away,2,True,True,premier-league,2019,Southampton
2019-08-31,Man United,Home,1,True,True,premier-league,2019,Southampton
2019-09-14,Sheffield United,Away,1,True,True,premier-league,2019,Southampton
2019-09-20,Bournemouth,Home,1,True,True,premier-league,2019,Southampton
2019-09-28,Tottenham,Away,1,True,True,premier-league,2019,Southampton
2019-10-06,Chelsea,Home,1,True,True,premier-league,2019,Southampton
2019-10-19,Wolves,Away,1,True,True,premier-league,2019,Southampton
2019-10-25,Leicester,Home,0,True,True,premier-league,2019,Southampton
2019-11-02,Man City,Away,1,True,True,premier-league,2019,Southampton
2019-11-09,Everton,Home,1,True,True,premier-league,2019,Southampton
2019-11-23,Arsenal,Away,2,True,True,premier-league,2019,Southampton
2019-11-30,Watford,Home,2,True,True,premier-league,2019,Southampton
2019-12-04,Norwich,Home,2,True,True,premier-league,2019,Southampton
2019-12-08,Newcastle,Away,1,True,True,premier-league,2019,Southampton
2019-12-14,West Ham,Home,0,True,True,premier-league,2019,Southampton
2019-12-21,Aston Villa,Away,3,True,True,premier-league,2019,Southampton
2019-12-26,Chelsea,Away,2,True,True,premier-league,2019,Southampton
2019-12-28,Crystal Palace,Home,1,True,True,premier-league,2019,Southampton
2020-01-01,Tottenham,Home,1,True,True,premier-league,2019,Southampton
2020-01-11,Leicester,Away,2,True,True,premier-league,2019,Southampton
2020-01-18,Wolves,Home,2,True,True,premier-league,2019,Southampton
2020-01-21,Crystal Palace,Away,2,True,True,premier-league,2019,Southampton
2020-02-01,Liverpool,Away,0,True,True,premier-league,2019,Southampton
2020-02-15,Burnley,Home,1,True,True,premier-league,2019,Southampton
2020-02-22,Aston Villa,Home,2,True,True,premier-league,2019,Southampton
2020-02-29,West Ham,Away,1,True,True,premier-league,2019,Southampton
2020-03-07,Newcastle,Home,0,True,True,premier-league,2019,Southampton
2020-06-19,Norwich,Away,3,True,True,premier-league,2019,Southampton
2020-06-25,Arsenal,Home,0,True,True,premier-league,2019,Southampton
2020-06-28,Watford,Away,3,True,True,premier-league,2019,Southampton
2020-07-05,Man City,Home,1,True,True,premier-league,2019,Southampton
2020-07-09,Everton,Away,1,True,True,premier-league,2019,Southampton
2020-07-13,Man United,Away,2,True,True,premier-league,2019,Southampton
2020-07-16,Brighton,Home,1,True,True,premier-league,2019,Southampton
2020-07-19,Bournemouth,Away,2,True,True,premier-league,2019,Southampton
2020-07-26,Sheffield United,Home,3,True,True,premier-league,2019,Southampton
2019-08-10,Aston Villa,Home,3,True,True,premier-league,2019,Tottenham
2019-08-17,Man City,Away,2,True,True,premier-league,2019,Tottenham
2019-08-25,Newcastle,Home,0,True,True,premier-league,2019,Tottenham
2019-09-01,Arsenal,Away,2,True,True,premier-league,2019,Tottenham
2019-09-14,Crystal Palace,Home,4,True,True,premier-league,2019,Tottenham
2019-09-21,Leicester,Away,1,True,True,premier-league,2019,Tottenham
2019-09-28,Southampton,Home,2,True,True,premier-league,2019,Tottenham
2019-10-05,Brighton,Away,0,True,True,premier-league,2019,Tottenham
2019-10-19,Watford,Home,1,True,True,premier-league,2019,Tottenham
2019-10-27,Liverpool,Away,1,True,True,premier-league,2019,Tottenham
2019-11-03,Everton,Away,1,True,True,premier-league,2019,Tottenham
2019-11-09,Sheffield United,Home,1,True,True,premier-league,2019,Tottenham
2019-11-23,West Ham,Away,3,True,True,premier-league,2019,Tottenham
2019-11-30,Bournemouth,Home,3,True,True,premier-league,2019,Tottenham
2019-12-04,Man United,Away,1,True,True,premier-league,2019,Tottenham
2019-12-07,Burnley,Home,5,True,True,premier-league,2019,Tottenham
2019-12-15,Wolves,Away,2,True,True,premier-league,2019,Tottenham
2019-12-22,Chelsea,Home,0,True,True,premier-league,2019,Tottenham
2019-12-26,Brighton,Home,2,True,True,premier-league,2019,Tottenham
2019-12-28,Norwich,Away,2,True,True,premier-league,2019,Tottenham
2020-01-01,Southampton,Away,0,True,True,premier-league,2019,Tottenham
2020-01-11,Liverpool,Home,0,True,True,premier-league,2019,Tottenham
2020-01-18,Watford,Away,0,True,True,premier-league,2019,Tottenham
2020-01-22,Norwich,Home,2,True,True,premier-league,2019,Tottenham
2020-02-02,Man City,Home,2,True,True,premier-league,2019,Tottenham
2020-02-16,Aston Villa,Away,3,True,True,premier-league,2019,Tottenham
2020-02-22,Chelsea,Away,1,True,True,premier-league,2019,Tottenham
2020-03-01,Wolves,Home,2,True,True,premier-league,2019,Tottenham
2020-03-07,Burnley,Away,1,True,True,premier-league,2019,Tottenham
2020-06-19,Man United,Home,1,True,True,premier-league,2019,Tottenham
2020-06-23,West Ham,Home,2,True,True,premier-league,2019,Tottenham
2020-07-02,Sheffield United,Away,1,True,True,premier-league,2019,Tottenham
2020-07-06,Everton,Home,1,True,True,premier-league,2019,Tottenham
2020-07-09,Bournemouth,Away,0,True,True,premier-league,2019,Tottenham
2020-07-12,Arsenal,Home,2,True,True,premier-league,2019,Tottenham
2020-07-15,Newcastle,Away,3,True,True,premier-league,2019,Tottenham
2020-07-19,Leicester,Home,3,True,True,premier-league,2019,Tottenham
2020-07-26,Crystal Palace,Away,1,True,True,premier-league,2019,Tottenham
2019-08-10,Brighton,Home,0,True,True,premier-league,2019,Watford
2019-08-17,Everton,Away,0,True,True,premier-league,2019,Watford
2019-08-24,West Ham,Home,1,True,True,premier-league,2019,Watford
2019-08-31,Newcastle,Away,1,True,True,premier-league,2019,Watford
2019-09-15,Arsenal,Home,2,True,True,premier-league,2019,Watford
2019-09-21,Man City,Away,0,True,True,premier-league,2019,Watford
2019-09-28,Wolves,Away,0,True,True,premier-league,2019,Watford
2019-10-05,Sheffield United,Home,0,True,True,premier-league,2019,Watford
2019-10-19,Tottenham,Away,1,True,True,premier-league,2019,Watford
2019-10-26,Bournemouth,Home,0,True,True,premier-league,2019,Watford
2019-11-02,Chelsea,Home,1,True,True,premier-league,2019,Watford
2019-11-08,Norwich,Away,2,True,True,premier-league,2019,Watford
2019-11-23,Burnley,Home,0,True,True,premier-league,2019,Watford
2019-11-30,Southampton,Away,1,True,True,premier-league,2019,Watford
2019-12-04,Leicester,Away,0,True,True,premier-league,2019,Watford
2019-12-07,Crystal Palace,Home,0,True,True,premier-league,2019,Watford
2019-12-14,Liverpool,Away,0,True,True,premier-league,2019,Watford
2019-12-22,Man United,Home,2,True,True,premier-league,2019,Watford
2019-12-26,Sheffield United,Away,1,True,True,premier-league,2019,Watford
2019-12-28,Aston Villa,Home,3,True,True,premier-league,2019,Watford
2020-01-01,Wolves,Home,2,True,True,premier-league,2019,Watford
2020-01-12,Bournemouth,Away,3,True,True,premier-league,2019,Watford
2020-01-18,Tottenham,Home,0,True,True,premier-league,2019,Watford
2020-01-21,Aston Villa,Away,1,True,True,premier-league,2019,Watford
2020-02-01,Everton,Home,2,True,True,premier-league,2019,Watford
2020-02-08,Brighton,Away,1,True,True,premier-league,2019,Watford
2020-02-23,Man United,Away,0,True,True,premier-league,2019,Watford
2020-02-29,Liverpool,Home,3,True,True,premier-league,2019,Watford
2020-03-07,Crystal Palace,Away,0,True,True,premier-league,2019,Watford
2020-06-20,Leicester,Home,1,True,True,premier-league,2019,Watford
2020-06-25,Burnley,Away,0,True,True,premier-league,2019,Watford
2020-06-28,Southampton,Home,1,True,True,premier-league,2019,Watford
2020-07-04,Chelsea,Away,0,True,True,premier-league,2019,Watford
2020-07-07,Norwich,Home,2,True,True,premier-league,2019,Watford
2020-07-11,Newcastle,Home,2,True,True,premier-league,2019,Watford
2020-07-17,West Ham,Away,1,True,True,premier-league,2019,Watford
2020-07-21,Man City,Home,0,True,True,premier-league,2019,Watford
2020-07-26,Arsenal,Away,2,True,True,premier-league,2019,Watford
2019-08-10,Man City,Home,0,True,True,premier-league,2019,West Ham
2019-08-17,Brighton,Away,1,True,True,premier-league,2019,West Ham
2019-08-24,Watford,Away,3,True,True,premier-league,2019,West Ham
2019-08-31,Norwich,Home,2,True,True,premier-league,2019,West Ham
2019-09-16,Aston Villa,Away,0,True,True,premier-league,2019,West Ham
2019-09-22,Man United,Home,2,True,True,premier-league,2019,West Ham
2019-09-28,Bournemouth,Away,2,True,True,premier-league,2019,West Ham
2019-10-05,Crystal Palace,Home,1,True,True,premier-league,2019,West Ham
2019-10-19,Everton,Away,0,True,True,premier-league,2019,West Ham
2019-10-26,Sheffield United,Home,1,True,True,premier-league,2019,West Ham
2019-11-02,Newcastle,Home,2,True,True,premier-league,2019,West Ham
2019-11-09,Burnley,Away,0,True,True,premier-league,2019,West Ham
2019-11-23,Tottenham,Home,2,True,True,premier-league,2019,West Ham
2019-11-30,Chelsea,Away,1,True,True,premier-league,2019,West Ham
2019-12-04,Wolves,Away,0,True,True,premier-league,2019,West Ham
2019-12-09,Arsenal,Home,1,True,True,premier-league,2019,West Ham
2019-12-14,Southampton,Away,1,True,True,premier-league,2019,West Ham
2019-12-26,Crystal Palace,Away,1,True,True,premier-league,2019,West Ham
2019-12-28,Leicester,Home,1,True,True,premier-league,2019,West Ham
2020-01-01,Bournemouth,Home,4,True,True,premier-league,2019,West Ham
2020-01-10,Sheffield United,Away,0,True,True,premier-league,2019,West Ham
2020-01-18,Everton,Home,1,True,True,premier-league,2019,West Ham
2020-01-22,Leicester,Away,1,True,True,premier-league,2019,West Ham
2020-01-29,Liverpool,Home,0,True,True,premier-league,2019,West Ham
2020-02-01,Brighton,Home,3,True,True,premier-league,2019,West Ham
2020-02-19,Man City,Away,0,True,True,premier-league,2019,West Ham
2020-02-24,Liverpool,Away,2,True,True,premier-league,2019,West Ham
2020-02-29,Southampton,Home,3,True,True,premier-league,2019,West Ham
2020-03-07,Arsenal,Away,0,True,True,premier-league,2019,West Ham
2020-06-20,Wolves,Home,0,True,True,premier-league,2019,West Ham
2020-06-23,Tottenham,Away,0,True,True,premier-league,2019,West Ham
2020-07-01,Chelsea,Home,3,True,True,premier-league,2019,West Ham
2020-07-05,Newcastle,Away,2,True,True,premier-league,2019,West Ham
2020-07-08,Burnley,Home,0,True,True,premier-league,2019,West Ham
2020-07-11,Norwich,Away,4,True,True,premier-league,2019,West Ham
2020-07-17,Watford,Home,3,True,True,premier-league,2019,West Ham
2020-07-22,Man United,Away,1,True,True,premier-league,2019,West Ham
2020-07-26,Aston Villa,Home,1,True,True,premier-league,2019,West Ham
2019-08-11,Leicester,Away,0,True,True,premier-league,2019,Wolves
2019-08-19,Man United,Home,1,True,True,premier-league,2019,Wolves
2019-08-25,Burnley,Home,1,True,True,premier-league,2019,Wolves
2019-09-01,Everton,Away,2,True,True,premier-league,2019,Wolves
2019-09-14,Chelsea,Home,2,True,True,premier-league,2019,Wolves
2019-09-22,Crystal Palace,Away,1,True,True,premier-league,2019,Wolves
2019-09-28,Watford,Home,2,True,True,premier-league,2019,Wolves
2019-10-06,Man City,Away,2,True,True,premier-league,2019,Wolves
2019-10-19,Southampton,Home,1,True,True,premier-league,2019,Wolves
2019-10-27,Newcastle,Away,1,True,True,premier-league,2019,Wolves
2019-11-02,Arsenal,Away,1,True,True,premier-league,2019,Wolves
2019-11-10,Aston Villa,Home,2,True,True,premier-league,2019,Wolves
2019-11-23,Bournemouth,Away,2,True,True,premier-league,2019,Wolves
2019-12-01,Sheffield United,Home,1,True,True,premier-league,2019,Wolves
2019-12-04,West Ham,Home,2,True,True,premier-league,2019,Wolves
2019-12-08,Brighton,Away,2,True,True,premier-league,2019,Wolves
2019-12-15,Tottenham,Home,1,True,True,premier-league,2019,Wolves
2019-12-21,Norwich,Away,2,True,True,premier-league,2019,Wolves
2019-12-27,Man City,Home,3,True,True,premier-league,2019,Wolves
2019-12-29,Liverpool,Away,0,True,True,premier-league,2019,Wolves
2020-01-01,Watford,Away,1,True,True,premier-league,2019,Wolves
2020-01-11,Newcastle,Home,1,True,True,premier-league,2019,Wolves
2020-01-18,Southampton,Away,3,True,True,premier-league,2019,Wolves
2020-01-23,Liverpool,Home,1,True,True,premier-league,2019,Wolves
2020-02-01,Man United,Away,0,True,True,premier-league,2019,Wolves
2020-02-14,Leicester,Home,0,True,True,premier-league,2019,Wolves
2020-02-23,Norwich,Home,3,True,True,premier-league,2019,Wolves
2020-03-01,Tottenham,Away,3,True,True,premier-league,2019,Wolves
2020-03-07,Brighton,Home,0,True,True,premier-league,2019,Wolves
2020-06-20,West Ham,Away,2,True,True,premier-league,2019,Wolves
2020-06-24,Bournemouth,Home,1,True,True,premier-league,2019,Wolves
2020-06-27,Aston Villa,Away,1,True,True,premier-league,2019,Wolves
2020-07-04,Arsenal,Home,0,True,True,premier-league,2019,Wolves
2020-07-08,Sheffield United,Away,0,True,True,premier-league,2019,Wolves
2020-07-12,Everton,Home,3,True,True,premier-league,2019,Wolves
2020-07-15,Burnley,Away,1,True,True,premier-league,2019,Wolves
2020-07-20,Crystal Palace,Home,2,True,True,premier-league,2019,Wolves
2020-07-26,Chelsea,Away,0,True,True,premier-league,2019,Wolves
2020-09-12,Fulham,Away,3,True,True,premier-league,2020,Arsenal
2020-09-19,West Ham,Home,2,True,True,premier-league,2020,Arsenal
2020-09-28,Liverpool,Away,1,True,True,premier-league,2020,Arsenal
2020-10-04,Sheffield United,Home,2,True,True,premier-league,2020,Arsenal
2020-10-17,Man City,Away,0,True,True,premier-league,2020,Arsenal
2020-10-25,Leicester,Home,0,True,True,premier-league,2020,Arsenal
2020-11-01,Man United,Away,1,True,True,premier-league,2020,Arsenal
2020-11-08,Aston Villa,Home,0,True,True,premier-league,2020,Arsenal
2020-11-22,Leeds,Away,0,True,True,premier-league,2020,Arsenal
2020-11-29,Wolves,Home,1,True,True,premier-league,2020,Arsenal
2020-12-06,Tottenham,Away,0,True,True,premier-league,2020,Arsenal
2020-12-13,Burnley,Home,0,True,True,premier-league,2020,Arsenal
2020-12-16,Southampton,Home,1,True,True,premier-league,2020,Arsenal
2020-12-19,Everton,Away,1,True,True,premier-league,2020,Arsenal
2020-12-26,Chelsea,Home,3,True,True,premier-league,2020,Arsenal
2020-12-29,Brighton,Away,1,True,True,premier-league,2020,Arsenal
2021-01-02,West Brom,Away,4,True,True,premier-league,2020,Arsenal
2021-01-14,Crystal Palace,Home,0,True,True,premier-league,2020,Arsenal
2021-01-18,Newcastle,Home,3,True,True,premier-league,2020,Arsenal
2021-01-26,Southampton,Away,3,True,True,premier-league,2020,Arsenal
2021-01-30,Man United,Home,0,True,True,premier-league,2020,Arsenal
2021-02-02,Wolves,Away,1,True,True,premier-league,2020,Arsenal
2021-02-06,Aston Villa,Away,0,True,True,premier-league,2020,Arsenal
2021-02-14,Leeds,Home,4,True,True,premier-league,2020,Arsenal
2021-02-21,Man City,Home,0,True,True,premier-league,2020,Arsenal
2021-02-28,Leicester,Away,3,True,True,premier-league,2020,Arsenal
2021-03-06,Burnley,Away,1,True,True,premier-league,2020,Arsenal
2021-03-14,Tottenham,Home,2,True,True,premier-league,2020,Arsenal
2021-03-21,West Ham,Away,3,True,True,premier-league,2020,Arsenal
2021-04-03,Liverpool,Home,0,True,True,premier-league,2020,Arsenal
2021-04-11,Sheffield United,Away,3,True,True,premier-league,2020,Arsenal
2021-04-18,Fulham,Home,1,True,True,premier-league,2020,Arsenal
2021-04-23,Everton,Home,0,True,True,premier-league,2020,Arsenal
2021-05-02,Newcastle,Away,2,True,True,premier-league,2020,Arsenal
2021-05-09,West Brom,Home,3,True,True,premier-league,2020,Arsenal
2021-05-12,Chelsea,Away,1,True,True,premier-league,2020,Arsenal
2021-05-19,Crystal Palace,Away,3,True,True,premier-league,2020,Arsenal
2021-05-23,Brighton,Home,2,True,True,premier-league,2020,Arsenal
2020-09-21,Sheffield United,Home,1,True,True,premier-league,2020,Aston Villa
2020-09-28,Fulham,Away,3,True,True,premier-league,2020,Aston Villa
2020-10-04,Liverpool,Home,7,True,True,premier-league,2020,Aston Villa
2020-10-18,Leicester,Away,1,True,True,premier-league,2020,Aston Villa
2020-10-23,Leeds,Home,0,True,True,premier-league,2020,Aston Villa
2020-11-01,Southampton,Home,3,True,True,premier-league,2020,Aston Villa
2020-11-08,Arsenal,Away,3,True,True,premier-league,2020,Aston Villa
2020-11-21,Brighton,Home,1,True,True,premier-league,2020,Aston Villa
2020-11-30,West Ham,Away,1,True,True,premier-league,2020,Aston Villa
2020-12-12,Wolves,Away,1,True,True,premier-league,2020,Aston Villa
2020-12-17,Burnley,Home,0,True,True,premier-league,2020,Aston Villa
2020-12-20,West Brom,Away,3,True,True,premier-league,2020,Aston Villa
2020-12-26,Crystal Palace,Home,3,True,True,premier-league,2020,Aston Villa
2020-12-28,Chelsea,Away,1,True,True,premier-league,2020,Aston Villa
2021-01-01,Man United,Away,1,True,True,premier-league,2020,Aston Villa
2021-01-20,Man City,Away,0,True,True,premier-league,2020,Aston Villa
2021-01-23,Newcastle,Home,2,True,True,premier-league,2020,Aston Villa
2021-01-27,Burnley,Away,2,True,True,premier-league,2020,Aston Villa
2021-01-30,Southampton,Away,1,True,True,premier-league,2020,Aston Villa
2021-02-03,West Ham,Home,1,True,True,premier-league,2020,Aston Villa
2021-02-06,Arsenal,Home,1,True,True,premier-league,2020,Aston Villa
2021-02-13,Brighton,Away,0,True,True,premier-league,2020,Aston Villa
2021-02-21,Leicester,Home,1,True,True,premier-league,2020,Aston Villa
2021-02-27,Leeds,Away,1,True,True,premier-league,2020,Aston Villa
2021-03-03,Sheffield United,Away,0,True,True,premier-league,2020,Aston Villa
2021-03-06,Wolves,Home,0,True,True,premier-league,2020,Aston Villa
2021-03-12,Newcastle,Away,1,True,True,premier-league,2020,Aston Villa
2021-03-21,Tottenham,Home,0,True,True,premier-league,2020,Aston Villa
2021-04-04,Fulham,Home,3,True,True,premier-league,2020,Aston Villa
2021-04-10,Liverpool,Away,1,True,True,premier-league,2020,Aston Villa
2021-04-21,Man City,Home,1,True,True,premier-league,2020,Aston Villa
2021-04-25,West Brom,Home,2,True,True,premier-league,2020,Aston Villa
2021-05-01,Everton,Away,2,True,True,premier-league,2020,Aston Villa
2021-05-09,Man United,Home,1,True,True,premier-league,2020,Aston Villa
2021-05-13,Everton,Home,0,True,True,premier-league,2020,Aston Villa
2021-05-16,Crystal Palace,Away,2,True,True,premier-league,2020,Aston Villa
2021-05-19,Tottenham,Away,2,True,True,premier-league,2020,Aston Villa
2021-05-23,Chelsea,Home,2,True,True,premier-league,2020,Aston Villa
2020-09-14,Chelsea,Home,1,True,True,premier-league,2020,Brighton
2020-09-20,Newcastle,Away,3,True,True,premier-league,2020,Brighton
2020-09-26,Man United,Home,2,True,True,premier-league,2020,Brighton
2020-10-03,Everton,Away,2,True,True,premier-league,2020,Brighton
2020-10-18,Crystal Palace,Away,1,True,True,premier-league,2020,Brighton
2020-10-26,West Brom,Home,1,True,True,premier-league,2020,Brighton
2020-11-01,Tottenham,Away,1,True,True,premier-league,2020,Brighton
2020-11-06,Burnley,Home,0,True,True,premier-league,2020,Brighton
2020-11-21,Aston Villa,Away,2,True,True,premier-league,2020,Brighton
2020-11-28,Liverpool,Home,1,True,True,premier-league,2020,Brighton
2020-12-07,Southampton,Home,1,True,True,premier-league,2020,Brighton
2020-12-13,Leicester,Away,0,True,True,premier-league,2020,Brighton
2020-12-16,Fulham,Away,0,True,True,premier-league,2020,Brighton
2020-12-20,Sheffield United,Home,1,True,True,premier-league,2020,Brighton
2020-12-27,West Ham,Away,2,True,True,premier-league,2020,Brighton
2020-12-29,Arsenal,Home,0,True,True,premier-league,2020,Brighton
2021-01-02,Wolves,Home,3,True,True,premier-league,2020,Brighton
2021-01-13,Man City,Away,0,True,True,premier-league,2020,Brighton
2021-01-16,Leeds,Away,1,True,True,premier-league,2020,Brighton
2021-01-27,Fulham,Home,0,True,True,premier-league,2020,Brighton
2021-01-31,Tottenham,Home,1,True,True,premier-league,2020,Brighton
2021-02-03,Liverpool,Away,1,True,True,premier-league,2020,Brighton
2021-02-06,Burnley,Away,1,True,True,premier-league,2020,Brighton
2021-02-13,Aston Villa,Home,0,True,True,premier-league,2020,Brighton
2021-02-22,Crystal Palace,Home,1,True,True,premier-league,2020,Brighton
2021-02-27,West Brom,Away,0,True,True,premier-league,2020,Brighton
2021-03-06,Leicester,Home,1,True,True,premier-league,2020,Brighton
2021-03-14,Southampton,Away,2,True,True,premier-league,2020,Brighton
2021-03-20,Newcastle,Home,3,True,True,premier-league,2020,Brighton
2021-04-04,Man United,Away,1,True,True,premier-league,2020,Brighton
2021-04-12,Everton,Home,0,True,True,premier-league,2020,Brighton
2021-04-20,Chelsea,Away,0,True,True,premier-league,2020,Brighton
2021-04-24,Sheffield United,Away,0,True,True,premier-league,2020,Brighton
2021-05-01,Leeds,Home,2,True,True,premier-league,2020,Brighton
2021-05-09,Wolves,Away,1,True,True,premier-league,2020,Brighton
2021-05-15,West Ham,Home,1,True,True,premier-league,2020,Brighton
2021-05-18,Man City,Home,3,True,True,premier-league,2020,Brighton
2021-05-23,Arsenal,Away,0,True,True,premier-league,2020,Brighton
2020-09-20,Leicester,Away,2,True,True,premier-league,2020,Burnley
2020-09-26,Southampton,Home,0,True,True,premier-league,2020,Burnley
2020-10-03,Newcastle,Away,1,True,True,premier-league,2020,Burnley
2020-10-19,West Brom,Away,0,True,True,premier-league,2020,Burnley
2020-10-26,Tottenham,Home,0,True,True,premier-league,2020,Burnley
2020-10-31,Chelsea,Home,0,True,True,premier-league,2020,Burnley
2020-11-06,Brighton,Away,0,True,True,premier-league,2020,Burnley
2020-11-23,Crystal Palace,Home,1,True,True,premier-league,2020,Burnley
2020-11-28,Man City,Away,0,True,True,premier-league,2020,Burnley
2020-12-05,Everton,Home,1,True,True,premier-league,2020,Burnley
2020-12-13,Arsenal,Away,1,True,True,premier-league,2020,Burnley
2020-12-17,Aston Villa,Away,0,True,True,premier-league,2020,Burnley
2020-12-21,Wolves,Home,2,True,True,premier-league,2020,Burnley
2020-12-27,Leeds,Away,0,True,True,premier-league,2020,Burnley
2020-12-29,Sheffield United,Home,1,True,True,premier-league,2020,Burnley
2021-01-12,Man United,Home,0,True,True,premier-league,2020,Burnley
2021-01-16,West Ham,Away,0,True,True,premier-league,2020,Burnley
2021-01-21,Liverpool,Away,1,True,True,premier-league,2020,Burnley
2021-01-27,Aston Villa,Home,3,True,True,premier-league,2020,Burnley
2021-01-31,Chelsea,Away,0,True,True,premier-league,2020,Burnley
2021-02-03,Man City,Home,0,True,True,premier-league,2020,Burnley
2021-02-06,Brighton,Home,1,True,True,premier-league,2020,Burnley
2021-02-13,Crystal Palace,Away,3,True,True,premier-league,2020,Burnley
2021-02-17,Fulham,Home,1,True,True,premier-league,2020,Burnley
2021-02-20,West Brom,Home,0,True,True,premier-league,2020,Burnley
2021-02-28,Tottenham,Away,0,True,True,premier-league,2020,Burnley
2021-03-03,Leicester,Home,1,True,True,premier-league,2020,Burnley
2021-03-06,Arsenal,Home,1,True,True,premier-league,2020,Burnley
2021-03-13,Everton,Away,2,True,True,premier-league,2020,Burnley
2021-04-04,Southampton,Away,2,True,True,premier-league,2020,Burnley
2021-04-11,Newcastle,Home,1,True,True,premier-league,2020,Burnley
2021-04-18,Man United,Away,1,True,True,premier-league,2020,Burnley
2021-04-25,Wolves,Away,4,True,True,premier-league,2020,Burnley
2021-05-03,West Ham,Home,1,True,True,premier-league,2020,Burnley
2021-05-10,Fulham,Away,2,True,True,premier-league,2020,Burnley
2021-05-15,Leeds,Home,0,True,True,premier-league,2020,Burnley
2021-05-19,Liverpool,Home,0,True,True,premier-league,2020,Burnley
2021-05-23,Sheffield United,Away,0,True,True,premier-league,2020,Burnley
2020-09-14,Brighton,Away,3,True,True,premier-league,2020,Chelsea
2020-09-20,Liverpool,Home,0,True,True,premier-league,2020,Chelsea
2020-09-26,West Brom,Away,3,True,True,premier-league,2020,Chelsea
2020-10-03,Crystal Palace,Home,4,True,True,premier-league,2020,Chelsea
2020-10-17,Southampton,Home,3,True,True,premier-league,2020,Chelsea
2020-10-24,Man United,Away,0,False,False,premier-league,2020,Chelsea
2020-10-31,Burnley,Away,3,True,True,premier-league,2020,Chelsea
2020-11-07,Sheffield United,Home,4,True,True,premier-league,2020,Chelsea
2020-11-21,Newcastle,Away,2,True,True,premier-league,2020,Chelsea
2020-11-29,Tottenham,Home,0,True,True,premier-league,2020,Chelsea
2020-12-05,Leeds,Home,3,True,True,premier-league,2020,Chelsea
2020-12-12,Everton,Away,0,True,True,premier-league,2020,Chelsea
2020-12-15,Wolves,Away,1,True,True,premier-league,2020,Chelsea
2020-12-21,West Ham,Home,3,True,True,premier-league,2020,Chelsea
2020-12-26,Arsenal,Away,1,True,True,premier-league,2020,Chelsea
2020-12-28,Aston Villa,Home,1,True,True,premier-league,2020,Chelsea
2021-01-03,Man City,Home,1,True,True,premier-league,2020,Chelsea
2021-01-16,Fulham,Away,1,True,True,premier-league,2020,Chelsea
2021-01-19,Leicester,Away,0,True,True,premier-league,2020,Chelsea
2021-01-27,Wolves,Home,0,True,True,premier-league,2020,Chelsea
2021-01-31,Burnley,Home,2,True,True,premier-league,2020,Chelsea
2021-02-04,Tottenham,Away,1,True,True,premier-league,2020,Chelsea
2021-02-07,Sheffield United,Away,2,True,True,premier-league,2020,Chelsea
2021-02-15,Newcastle,Home,2,True,True,premier-league,2020,Chelsea
2021-02-20,Southampton,Away,1,True,True,premier-league,2020,Chelsea
2021-02-28,Man United,Home,0,True,True,premier-league,2020,Chelsea
2021-03-04,Liverpool,Away,1,True,True,premier-league,2020,Chelsea
2021-03-08,Everton,Home,2,True,True,premier-league,2020,Chelsea
2021-03-13,Leeds,Away,0,True,True,premier-league,2020,Chelsea
2021-04-03,West Brom,Home,2,True,True,premier-league,2020,Chelsea
2021-04-10,Crystal Palace,Away,4,True,True,premier-league,2020,Chelsea
2021-04-20,Brighton,Home,0,True,True,premier-league,2020,Chelsea
2021-04-24,West Ham,Away,1,True,True,premier-league,2020,Chelsea
2021-05-01,Fulham,Home,2,True,True,premier-league,2020,Chelsea
2021-05-08,Man City,Away,2,True,True,premier-league,2020,Chelsea
2021-05-12,Arsenal,Home,0,True,True,premier-league,2020,Chelsea
2021-05-18,Leicester,Home,2,True,True,premier-league,2020,Chelsea
2021-05-23,Aston Villa,Away,1,True,True,premier-league,2020,Chelsea
2020-09-12,Southampton,Home,1,True,True,premier-league,2020,Crystal Palace
2020-09-19,Man United,Away,3,True,True,premier-league,2020,Crystal Palace
2020-09-26,Everton,Home,1,True,True,premier-league,2020,Crystal Palace
2020-10-03,Chelsea,Away,0,True,True,premier-league,2020,Crystal Palace
2020-10-18,Brighton,Home,1,True,True,premier-league,2020,Crystal Palace
2020-10-24,Fulham,Away,2,True,True,premier-league,2020,Crystal Palace
2020-10-30,Wolves,Away,0,True,True,premier-league,2020,Crystal Palace
2020-11-07,Leeds,Home,4,True,True,premier-league,2020,Crystal Palace
2020-11-23,Burnley,Away,0,True,True,premier-league,2020,Crystal Palace
2020-11-27,Newcastle,Home,0,True,True,premier-league,2020,Crystal Palace
2020-12-06,West Brom,Away,5,True,True,premier-league,2020,Crystal Palace
2020-12-13,Tottenham,Home,1,True,True,premier-league,2020,Crystal Palace
2020-12-16,West Ham,Away,1,True,True,premier-league,2020,Crystal Palace
2020-12-19,Liverpool,Home,0,True,True,premier-league,2020,Crystal Palace
2020-12-26,Aston Villa,Away,0,True,True,premier-league,2020,Crystal Palace
2020-12-28,Leicester,Home,1,True,True,premier-league,2020,Crystal Palace
2021-01-02,Sheffield United,Home,2,True,True,premier-league,2020,Crystal Palace
2021-01-14,Arsenal,Away,0,True,True,premier-league,2020,Crystal Palace
2021-01-17,Man City,Away,0,True,True,premier-league,2020,Crystal Palace
2021-01-26,West Ham,Home,2,True,True,premier-league,2020,Crystal Palace
2021-01-30,Wolves,Home,1,True,True,premier-league,2020,Crystal Palace
2021-02-02,Newcastle,Away,2,True,True,premier-league,2020,Crystal Palace
2021-02-08,Leeds,Away,0,True,True,premier-league,2020,Crystal Palace
2021-02-13,Burnley,Home,0,True,True,premier-league,2020,Crystal Palace
2021-02-22,Brighton,Away,2,True,True,premier-league,2020,Crystal Palace
2021-02-28,Fulham,Home,0,True,True,premier-league,2020,Crystal Palace
2021-03-03,Man United,Home,0,True,True,premier-league,2020,Crystal Palace
2021-03-07,Tottenham,Away,1,True,True,premier-league,2020,Crystal Palace
2021-03-13,West Brom,Home,1,True,True,premier-league,2020,Crystal Palace
2021-04-05,Everton,Away,1,True,True,premier-league,2020,Crystal Palace
2021-04-10,Chelsea,Home,1,True,True,premier-league,2020,Crystal Palace
2021-04-26,Leicester,Away,1,True,True,premier-league,2020,Crystal Palace
2021-05-01,Man City,Home,0,True,True,premier-league,2020,Crystal Palace
2021-05-08,Sheffield United,Away,2,True,True,premier-league,2020,Crystal Palace
2021-05-11,Southampton,Away,1,True,True,premier-league,2020,Crystal Palace
2021-05-16,Aston Villa,Home,3,True,True,premier-league,2020,Crystal Palace
2021-05-19,Arsenal,Home,1,True,True,premier-league,2020,Crystal Palace
2021-05-23,Liverpool,Away,0,True,True,premier-league,2020,Crystal Palace
2020-09-13,Tottenham,Away,1,True,True,premier-league,2020,Everton
2020-09-19,West Brom,Home,5,True,True,premier-league,2020,Everton
2020-09-26,Crystal Palace,Away,2,True,True,premier-league,2020,Everton
2020-10-03,Brighton,Home,4,True,True,premier-league,2020,Everton
2020-10-17,Liverpool,Home,2,True,True,premier-league,2020,Everton
2020-10-25,Southampton,Away,0,True,True,premier-league,2020,Everton
2020-11-01,Newcastle,Away,1,True,True,premier-league,2020,Everton
2020-11-07,Man United,Home,1,True,True,premier-league,2020,Everton
2020-11-22,Fulham,Away,3,True,True,premier-league,2020,Everton
2020-11-28,Leeds,Home,0,True,True,premier-league,2020,Everton
2020-12-05,Burnley,Away,1,True,True,premier-league,2020,Everton
2020-12-12,Chelsea,Home,1,True,True,premier-league,2020,Everton
2020-12-16,Leicester,Away,2,True,True,premier-league,2020,Everton
2020-12-19,Arsenal,Home,2,True,True,premier-league,2020,Everton
2020-12-26,Sheffield United,Away,1,True,True,premier-league,2020,Everton
2021-01-01,West Ham,Home,0,True,True,premier-league,2020,Everton
2021-01-12,Wolves,Away,2,True,True,premier-league,2020,Everton
2021-01-27,Leicester,Home,1,True,True,premier-league,2020,Everton
2021-01-30,Newcastle,Home,0,True,True,premier-league,2020,Everton
2021-02-03,Leeds,Away,2,True,True,premier-league,2020,Everton
2021-02-06,Man United,Away,3,True,True,premier-league,2020,Everton
2021-02-14,Fulham,Home,0,True,True,premier-league,2020,Everton
2021-02-17,Man City,Home,1,True,True,premier-league,2020,Everton
2021-02-20,Liverpool,Away,2,True,True,premier-league,2020,Everton
2021-03-01,Southampton,Home,1,True,True,premier-league,2020,Everton
2021-03-04,West Brom,Away,1,True,True,premier-league,2020,Everton
2021-03-08,Chelsea,Away,0,True,True,premier-league,2020,Everton
2021-03-13,Burnley,Home,1,True,True,premier-league,2020,Everton
2021-04-05,Crystal Palace,Home,1,True,True,premier-league,2020,Everton
2021-04-12,Brighton,Away,0,True,True,premier-league,2020,Everton
2021-04-16,Tottenham,Home,2,True,True,premier-league,2020,Everton
2021-04-23,Arsenal,Away,1,True,True,premier-league,2020,Everton
2021-05-01,Aston Villa,Home,1,True,True,premier-league,2020,Everton
2021-05-09,West Ham,Away,1,True,True,premier-league,2020,Everton
2021-05-13,Aston Villa,Away,0,True,True,premier-league,2020,Everton
2021-05-16,Sheffield United,Home,0,True,True,premier-league,2020,Everton
2021-05-19,Wolves,Home,1,True,True,premier-league,2020,Everton
2021-05-23,Man City,Away,0,True,True,premier-league,2020,Everton
2020-09-12,Arsenal,Home,0,True,True,premier-league,2020,Fulham
2020-09-19,Leeds,Away,3,True,True,premier-league,2020,Fulham
2020-09-28,Aston Villa,Home,0,True,True,premier-league,2020,Fulham
2020-10-04,Wolves,Away,0,True,True,premier-league,2020,Fulham
2020-10-18,Sheffield United,Away,1,True,True,premier-league,2020,Fulham
2020-10-24,Crystal Palace,Home,1,True,True,premier-league,2020,Fulham
2020-11-02,West Brom,Home,2,True,True,premier-league,2020,Fulham
2020-11-07,West Ham,Away,0,True,True,premier-league,2020,Fulham
2020-11-22,Everton,Home,2,True,True,premier-league,2020,Fulham
2020-11-30,Leicester,Away,2,True,True,premier-league,2020,Fulham
2020-12-05,Man City,Away,0,True,True,premier-league,2020,Fulham
2020-12-13,Liverpool,Home,1,True,True,premier-league,2020,Fulham
2020-12-16,Brighton,Home,0,True,True,premier-league,2020,Fulham
2020-12-19,Newcastle,Away,1,True,True,premier-league,2020,Fulham
2020-12-26,Southampton,Home,0,True,True,premier-league,2020,Fulham
2021-01-13,Tottenham,Away,1,True,True,premier-league,2020,Fulham
2021-01-16,Chelsea,Home,0,True,True,premier-league,2020,Fulham
2021-01-20,Man United,Home,1,True,True,premier-league,2020,Fulham
2021-01-27,Brighton,Away,0,True,True,premier-league,2020,Fulham
2021-01-30,West Brom,Away,2,True,True,premier-league,2020,Fulham
2021-02-03,Leicester,Home,0,True,True,premier-league,2020,Fulham
2021-02-06,West Ham,Home,0,True,True,premier-league,2020,Fulham
2021-02-14,Everton,Away,2,True,True,premier-league,2020,Fulham
2021-02-17,Burnley,Away,1,True,True,premier-league,2020,Fulham
2021-02-20,Sheffield United,Home,1,True,True,premier-league,2020,Fulham
2021-02-28,Crystal Palace,Away,0,True,True,premier-league,2020,Fulham
2021-03-04,Tottenham,Home,0,True,True,premier-league,2020,Fulham
2021-03-07,Liverpool,Away,1,True,True,premier-league,2020,Fulham
2021-03-13,Man City,Home,0,True,True,premier-league,2020,Fulham
2021-03-19,Leeds,Home,1,True,True,premier-league,2020,Fulham
2021-04-04,Aston Villa,Away,1,True,True,premier-league,2020,Fulham
2021-04-09,Wolves,Home,0,True,True,premier-league,2020,Fulham
2021-04-18,Arsenal,Away,1,True,True,premier-league,2020,Fulham
2021-05-01,Chelsea,Away,0,True,True,premier-league,2020,Fulham
2021-05-10,Burnley,Home,0,True,True,premier-league,2020,Fulham
2021-05-15,Southampton,Away,1,True,True,premier-league,2020,Fulham
2021-05-18,Man United,Away,1,True,True,premier-league,2020,Fulham
2021-05-23,Newcastle,Home,0,True,True,premier-league,2020,Fulham
2020-09-12,Liverpool,Away,3,True,True,premier-league,2020,Leeds
2020-09-19,Fulham,Home,4,True,True,premier-league,2020,Leeds
2020-09-27,Sheffield United,Away,1,True,True,premier-league,2020,Leeds
2020-10-03,Man City,Home,1,True,True,premier-league,2020,Leeds
2020-10-19,Wolves,Home,0,True,True,premier-league,2020,Leeds
2020-10-23,Aston Villa,Away,3,True,True,premier-league,2020,Leeds
2020-11-02,Leicester,Home,1,True,True,premier-league,2020,Leeds
2020-11-07,Crystal Palace,Away,1,True,True,premier-league,2020,Leeds
2020-11-22,Arsenal,Home,0,True,True,premier-league,2020,Leeds
2020-11-28,Everton,Away,1,True,True,premier-league,2020,Leeds
2020-12-05,Chelsea,Away,1,True,True,premier-league,2020,Leeds
2020-12-11,West Ham,Home,1,True,True,premier-league,2020,Leeds
2020-12-16,Newcastle,Home,5,True,True,premier-league,2020,Leeds
2020-12-20,Man United,Away,2,True,True,premier-league,2020,Leeds
2020-12-27,Burnley,Home,1,True,True,premier-league,2020,Leeds
2020-12-29,West Brom,Away,5,True,True,premier-league,2020,Leeds
2021-01-02,Tottenham,Away,0,True,True,premier-league,2020,Leeds
2021-01-16,Brighton,Home,0,True,True,premier-league,2020,Leeds
2021-01-26,Newcastle,Away,2,True,True,premier-league,2020,Leeds
2021-01-31,Leicester,Away,3,True,True,premier-league,2020,Leeds
2021-02-03,Everton,Home,1,True,True,premier-league,2020,Leeds
2021-02-08,Crystal Palace,Home,2,True,True,premier-league,2020,Leeds
2021-02-14,Arsenal,Away,2,True,True,premier-league,2020,Leeds
2021-02-19,Wolves,Away,0,True,True,premier-league,2020,Leeds
2021-02-23,Southampton,Home,3,True,True,premier-league,2020,Leeds
2021-02-27,Aston Villa,Home,0,True,True,premier-league,2020,Leeds
2021-03-08,West Ham,Away,0,True,True,premier-league,2020,Leeds
2021-03-13,Chelsea,Home,0,True,True,premier-league,2020,Leeds
2021-03-19,Fulham,Away,2,True,True,premier-league,2020,Leeds
2021-04-03,Sheffield United,Home,2,True,True,premier-league,2020,Leeds
2021-04-10,Man City,Away,2,True,True,premier-league,2020,Leeds
2021-04-19,Liverpool,Home,1,True,True,premier-league,2020,Leeds
2021-04-25,Man United,Home,0,True,True,premier-league,2020,Leeds
2021-05-01,Brighton,Away,0,True,True,premier-league,2020,Leeds
2021-05-08,Tottenham,Home,3,True,True,premier-league,2020,Leeds
2021-05-15,Burnley,Away,4,True,True,premier-league,2020,Leeds
2021-05-18,Southampton,Away,2,True,True,premier-league,2020,Leeds
2021-05-23,West Brom,Home,3,True,True,premier-league,2020,Leeds
2020-09-13,West Brom,Away,3,True,True,premier-league,2020,Leicester
2020-09-20,Burnley,Home,4,True,True,premier-league,2020,Leicester
2020-09-27,Man City,Away,5,True,True,premier-league,2020,Leicester
2020-10-04,West Ham,Home,0,True,True,premier-league,2020,Leicester
2020-10-18,Aston Villa,Home,0,True,True,premier-league,2020,Leicester
2020-10-25,Arsenal,Away,1,True,True,premier-league,2020,Leicester
2020-11-02,Leeds,Away,4,True,True,premier-league,2020,Leicester
2020-11-08,Wolves,Home,1,True,True,premier-league,2020,Leicester
2020-11-22,Liverpool,Away,0,True,True,premier-league,2020,Leicester
2020-11-30,Fulham,Home,1,True,True,premier-league,2020,Leicester
2020-12-06,Sheffield United,Away,2,True,True,premier-league,2020,Leicester
2020-12-13,Brighton,Home,3,True,True,premier-league,2020,Leicester
2020-12-16,Everton,Home,0,True,True,premier-league,2020,Leicester
2020-12-20,Tottenham,Away,2,True,True,premier-league,2020,Leicester
2020-12-26,Man United,Home,2,True,True,premier-league,2020,Leicester
2020-12-28,Crystal Palace,Away,1,True,True,premier-league,2020,Leicester
2021-01-03,Newcastle,Away,2,True,True,premier-league,2020,Leicester
2021-01-16,Southampton,Home,2,True,True,premier-league,2020,Leicester
2021-01-19,Chelsea,Home,2,True,True,premier-league,2020,Leicester
2021-01-27,Everton,Away,1,True,True,premier-league,2020,Leicester
2021-01-31,Leeds,Home,1,True,True,premier-league,2020,Leicester
2021-02-03,Fulham,Away,2,True,True,premier-league,2020,Leicester
2021-02-07,Wolves,Away,0,True,True,premier-league,2020,Leicester
2021-02-13,Liverpool,Home,3,True,True,premier-league,2020,Leicester
2021-02-21,Aston Villa,Away,2,True,True,premier-league,2020,Leicester
2021-02-28,Arsenal,Home,1,True,True,premier-league,2020,Leicester
2021-03-03,Burnley,Away,1,True,True,premier-league,2020,Leicester
2021-03-06,Brighton,Away,2,True,True,premier-league,2020,Leicester
2021-03-14,Sheffield United,Home,5,True,True,premier-league,2020,Leicester
2021-04-03,Man City,Home,0,True,True,premier-league,2020,Leicester
2021-04-11,West Ham,Away,2,True,True,premier-league,2020,Leicester
2021-04-22,West Brom,Home,3,True,True,premier-league,2020,Leicester
2021-04-26,Crystal Palace,Home,2,True,True,premier-league,2020,Leicester
2021-04-30,Southampton,Away,1,True,True,premier-league,2020,Leicester
2021-05-07,Newcastle,Home,2,True,True,premier-league,2020,Leicester
2021-05-11,Man United,Away,2,True,True,premier-league,2020,Leicester
2021-05-18,Chelsea,Away,1,True,True,premier-league,2020,Leicester
2021-05-23,Tottenham,Home,2,True,True,premier-league,2020,Leicester
2020-09-12,Leeds,Home,4,True,True,premier-league,2020,Liverpool
2020-09-20,Chelsea,Away,2,True,True,premier-league,2020,Liverpool
2020-09-28,Arsenal,Home,3,True,True,premier-league,2020,Liverpool
2020-10-04,Aston Villa,Away,2,True,True,premier-league,2020,Liverpool
2020-10-17,Everton,Away,2,True,True,premier-league,2020,Liverpool
2020-10-24,Sheffield United,Home,2,True,True,premier-league,2020,Liverpool
2020-10-31,West Ham,Home,2,True,True,premier-league,2020,Liverpool
2020-11-08,Man City,Away,1,True,True,premier-league,2020,Liverpool
2020-11-22,Leicester,Home,3,True,True,premier-league,2020,Liverpool
2020-11-28,Brighton,Away,1,True,True,premier-league,2020,Liverpool
2020-12-06,Wolves,Home,4,True,True,premier-league,2020,Liverpool
2020-12-13,Fulham,Away,1,True,True,premier-league,2020,Liverpool
2020-12-16,Tottenham,Home,2,True,True,premier-league,2020,Liverpool
2020-12-19,Crystal Palace,Away,7,True,True,premier-league,2020,Liverpool
2020-12-27,West Brom,Home,1,True,True,premier-league,2020,Liverpool
2020-12-30,Newcastle,Away,0,True,True,premier-league,2020,Liverpool
2021-01-04,Southampton,Away,0,True,True,premier-league,2020,Liverpool
2021-01-17,Man United,Home,0,True,True,premier-league,2020,Liverpool
2021-01-21,Burnley,Home,0,True,True,premier-league,2020,Liverpool
2021-01-28,Tottenham,Away,3,True,True,premier-league,2020,Liverpool
2021-01-31,West Ham,Away,3,True,True,premier-league,2020,Liverpool
2021-02-03,Brighton,Home,0,True,True,premier-league,2020,Liverpool
2021-02-07,Man City,Home,1,True,True,premier-league,2020,Liverpool
2021-02-13,Leicester,Away,1,True,True,premier-league,2020,Liverpool
2021-02-20,Everton,Home,0,True,True,premier-league,2020,Liverpool
2021-02-28,Sheffield United,Away,2,True,True,premier-league,2020,Liverpool
2021-03-04,Chelsea,Home,0,True,True,premier-league,2020,Liverpool
2021-03-07,Fulham,Home,0,True,True,premier-league,2020,Liverpool
2021-03-15,Wolves,Away,1,True,True,premier-league,2020,Liverpool
2021-04-03,Arsenal,Away,3,True,True,premier-league,2020,Liverpool
2021-04-10,Aston Villa,Home,2,True,True,premier-league,2020,Liverpool
2021-04-19,Leeds,Away,1,True,True,premier-league,2020,Liverpool
2021-04-24,Newcastle,Home,1,True,True,premier-league,2020,Liverpool
2021-05-08,Southampton,Home,2,True,True,premier-league,2020,Liverpool
2021-05-13,Man United,Away,4,True,True,premier-league,2020,Liverpool
2021-05-16,West Brom,Away,2,True,True,premier-league,2020,Liverpool
2021-05-19,Burnley,Away,3,True,True,premier-league,2020,Liverpool
2021-05-23,Crystal Palace,Home,2,True,True,premier-league,2020,Liverpool
2020-09-21,Wolves,Away,3,True,True,premier-league,2020,Man City
2020-09-27,Leicester,Home,2,True,True,premier-league,2020,Man City
2020-10-03,Leeds,Away,1,True,True,premier-league,2020,Man City
2020-10-17,Arsenal,Home,1,True,True,premier-league,2020,Man City
2020-10-24,West Ham,Away,1,True,True,premier-league,2020,Man City
2020-10-31,Sheffield United,Away,1,True,True,premier-league,2020,Man City
2020-11-08,Liverpool,Home,1,True,True,premier-league,2020,Man City
2020-11-21,Tottenham,Away,0,True,True,premier-league,2020,Man City
2020-11-28,Burnley,Home,5,True,True,premier-league,2020,Man City
2020-12-05,Fulham,Home,2,True,True,premier-league,2020,Man City
2020-12-12,Man United,Away,0,True,True,premier-league,2020,Man City
2020-12-15,West Brom,Home,1,True,True,premier-league,2020,Man City
2020-12-19,Southampton,Away,1,True,True,premier-league,2020,Man City
2020-12-26,Newcastle,Home,2,True,True,premier-league,2020,Man City
2021-01-03,Chelsea,Away,3,True,True,premier-league,2020,Man City
2021-01-13,Brighton,Home,1,True,True,premier-league,2020,Man City
2021-01-17,Crystal Palace,Home,4,True,True,premier-league,2020,Man City
2021-01-20,Aston Villa,Home,2,True,True,premier-league,2020,Man City
2021-01-26,West Brom,Away,5,True,True,premier-league,2020,Man City
2021-01-30,Sheffield United,Home,1,True,True,premier-league,2020,Man City
2021-02-03,Burnley,Away,2,True,True,premier-league,2020,Man City
2021-02-07,Liverpool,Away,4,True,True,premier-league,2020,Man City
2021-02-13,Tottenham,Home,3,True,True,premier-league,2020,Man City
2021-02-17,Everton,Away,3,True,True,premier-league,2020,Man City
2021-02-21,Arsenal,Away,1,True,True,premier-league,2020,Man City
2021-02-27,West Ham,Home,2,True,True,premier-league,2020,Man City
2021-03-02,Wolves,Home,4,True,True,premier-league,2020,Man City
2021-03-07,Man United,Home,0,True,True,premier-league,2020,Man City
2021-03-10,Southampton,Home,5,True,True,premier-league,2020,Man City
2021-03-13,Fulham,Away,3,True,True,premier-league,2020,Man City
2021-04-03,Leicester,Away,2,True,True,premier-league,2020,Man City
2021-04-10,Leeds,Home,1,True,True,premier-league,2020,Man City
2021-04-21,Aston Villa,Away,2,True,True,premier-league,2020,Man City
2021-05-01,Crystal Palace,Away,2,True,True,premier-league,2020,Man City
2021-05-08,Chelsea,Home,1,True,True,premier-league,2020,Man City
2021-05-14,Newcastle,Away,4,True,True,premier-league,2020,Man City
2021-05-18,Brighton,Away,2,True,True,premier-league,2020,Man City
2021-05-23,Everton,Home,5,True,True,premier-league,2020,Man City
2020-09-19,Crystal Palace,Home,1,False,False,premier-league,2020,Man United
2020-09-26,Brighton,Away,3,False,False,premier-league,2020,Man United
2020-10-04,Tottenham,Home,1,False,False,premier-league,2020,Man United
2020-10-17,Newcastle,Away,4,False,False,premier-league,2020,Man United
2020-10-24,Chelsea,Home,0,False,False,premier-league,2020,Man United
2020-11-01,Arsenal,Home,0,False,False,premier-league,2020,Man United
2020-11-07,Everton,Away,3,False,False,premier-league,2020,Man United
2020-11-21,West Brom,Home,1,False,False,premier-league,2020,Man United
2020-11-29,Southampton,Away,3,False,False,premier-league,2020,Man United
2020-12-05,West Ham,Away,3,False,False,premier-league,2020,Man United
2020-12-12,Man City,Home,0,False,False,premier-league,2020,Man United
2020-12-17,Sheffield United,Away,3,False,False,premier-league,2020,Man United
2020-12-20,Leeds,Home,6,False,False,premier-league,2020,Man United
2020-12-26,Leicester,Away,2,False,False,premier-league,2020,Man United
2020-12-29,Wolves,Home,1,False,False,premier-league,2020,Man United
2021-01-01,Aston Villa,Home,2,False,False,premier-league,2020,Man United
2021-01-12,Burnley,Away,1,False,False,premier-league,2020,Man United
2021-01-17,Liverpool,Away,0,False,False,premier-league,2020,Man United
2021-01-20,Fulham,Away,2,False,False,premier-league,2020,Man United
2021-01-27,Sheffield United,Home,1,False,False,premier-league,2020,Man United
2021-01-30,Arsenal,Away,0,False,False,premier-league,2020,Man United
2021-02-02,Southampton,Home,9,False,False,premier-league,2020,Man United
2021-02-06,Everton,Home,3,False,False,premier-league,2020,Man United
2021-02-14,West Brom,Away,1,False,False,premier-league,2020,Man United
2021-02-21,Newcastle,Home,3,False,False,premier-league,2020,Man United
2021-02-28,Chelsea,Away,0,False,False,premier-league,2020,Man United
2021-03-03,Crystal Palace,Away,0,False,False,premier-league,2020,Man United
2021-03-07,Man City,Away,2,False,False,premier-league,2020,Man United
2021-03-14,West Ham,Home,1,False,False,premier-league,2020,Man United
2021-04-04,Brighton,Home,2,False,False,premier-league,2020,Man United
2021-04-11,Tottenham,Away,3,False,False,premier-league,2020,Man United
2021-04-18,Burnley,Home,3,False,False,premier-league,2020,Man United
2021-04-25,Leeds,Away,0,False,False,premier-league,2020,Man United
2021-05-09,Aston Villa,Away,3,False,False,premier-league,2020,Man United
2021-05-11,Leicester,Home,1,False,False,premier-league,2020,Man United
2021-05-13,Liverpool,Home,2,False,False,premier-league,2020,Man United
2021-05-18,Fulham,Home,1,False,False,premier-league,2020,Man United
2021-05-23,Wolves,Away,2,False,False,premier-league,2020,Man United
2020-09-12,West Ham,Away,2,True,True,premier-league,2020,Newcastle
2020-09-20,Brighton,Home,0,True,True,premier-league,2020,Newcastle
2020-09-27,Tottenham,Away,1,True,True,premier-league,2020,Newcastle
2020-10-03,Burnley,Home,3,True,True,premier-league,2020,Newcastle
2020-10-17,Man United,Home,1,True,True,premier-league,2020,Newcastle
2020-10-25,Wolves,Away,1,True,True,premier-league,2020,Newcastle
2020-11-01,Everton,Home,2,True,True,premier-league,2020,Newcastle
2020-11-06,Southampton,Away,0,True,True,premier-league,2020,Newcastle
2020-11-21,Chelsea,Home,0,True,True,premier-league,2020,Newcastle
2020-11-27,Crystal Palace,Away,2,True,True,premier-league,2020,Newcastle
2020-12-12,West Brom,Home,2,True,True,premier-league,2020,Newcastle
2020-12-16,Leeds,Away,2,True,True,premier-league,2020,Newcastle
2020-12-19,Fulham,Home,1,True,True,premier-league,2020,Newcastle
2020-12-26,Man City,Away,0,True,True,premier-league,2020,Newcastle
2020-12-30,Liverpool,Home,0,True,True,premier-league,2020,Newcastle
2021-01-03,Leicester,Home,1,True,True,premier-league,2020,Newcastle
2021-01-12,Sheffield United,Away,0,True,True,premier-league,2020,Newcastle
2021-01-18,Arsenal,Away,0,True,True,premier-league,2020,Newcastle
2021-01-23,Aston Villa,Away,0,True,True,premier-league,2020,Newcastle
2021-01-26,Leeds,Home,1,True,True,premier-league,2020,Newcastle
2021-01-30,Everton,Away,2,True,True,premier-league,2020,Newcastle
2021-02-02,Crystal Palace,Home,1,True,True,premier-league,2020,Newcastle
2021-02-06,Southampton,Home,3,True,True,premier-league,2020,Newcastle
2021-02-15,Chelsea,Away,0,True,True,premier-league,2020,Newcastle
2021-02-21,Man United,Away,1,True,True,premier-league,2020,Newcastle
2021-02-27,Wolves,Home,1,True,True,premier-league,2020,Newcastle
2021-03-07,West Brom,Away,0,True,True,premier-league,2020,Newcastle
2021-03-12,Aston Villa,Home,1,True,True,premier-league,2020,Newcastle
2021-03-20,Brighton,Away,0,True,True,premier-league,2020,Newcastle
2021-04-04,Tottenham,Home,2,True,True,premier-league,2020,Newcastle
2021-04-11,Burnley,Away,2,True,True,premier-league,2020,Newcastle
2021-04-17,West Ham,Home,3,True,True,premier-league,2020,Newcastle
2021-04-24,Liverpool,Away,1,True,True,premier-league,2020,Newcastle
2021-05-02,Arsenal,Home,0,True,True,premier-league,2020,Newcastle
2021-05-07,Leicester,Away,4,True,True,premier-league,2020,Newcastle
2021-05-14,Man City,Home,3,True,True,premier-league,2020,Newcastle
2021-05-19,Sheffield United,Home,1,True,True,premier-league,2020,Newcastle
2021-05-23,Fulham,Away,2,True,True,premier-league,2020,Newcastle
2020-09-14,Wolves,Home,0,True,True,premier-league,2020,Sheffield United
2020-09-21,Aston Villa,Away,0,True,True,premier-league,2020,Sheffield United
2020-09-27,Leeds,Home,0,True,True,premier-league,2020,Sheffield United
2020-10-04,Arsenal,Away,1,True,True,premier-league,2020,Sheffield United
2020-10-18,Fulham,Home,1,True,True,premier-league,2020,Sheffield United
2020-10-24,Liverpool,Away,1,True,True,premier-league,2020,Sheffield United
2020-10-31,Man City,Home,0,True,True,premier-league,2020,Sheffield United
2020-11-07,Chelsea,Away,1,True,True,premier-league,2020,Sheffield United
2020-11-22,West Ham,Home,0,True,True,premier-league,2020,Sheffield United
2020-11-28,West Brom,Away,0,True,True,premier-league,2020,Sheffield United
2020-12-06,Leicester,Home,1,True,True,premier-league,2020,Sheffield United
2020-12-13,Southampton,Away,0,True,True,premier-league,2020,Sheffield United
2020-12-17,Man United,Home,2,True,True,premier-league,2020,Sheffield United
2020-12-20,Brighton,Away,1,True,True,premier-league,2020,Sheffield United
2020-12-26,Everton,Home,0,True,True,premier-league,2020,Sheffield United
2020-12-29,Burnley,Away,0,True,True,premier-league,2020,Sheffield United
2021-01-02,Crystal Palace,Away,0,True,True,premier-league,2020,Sheffield United
2021-01-12,Newcastle,Home,1,True,True,premier-league,2020,Sheffield United
2021-01-17,Tottenham,Home,1,True,True,premier-league,2020,Sheffield United
2021-01-27,Man United,Away,2,True,True,premier-league,2020,Sheffield United
2021-01-30,Man City,Away,0,True,True,premier-league,2020,Sheffield United
2021-02-02,West Brom,Home,2,True,True,premier-league,2020,Sheffield United
2021-02-07,Chelsea,Home,1,True,True,premier-league,2020,Sheffield United
2021-02-15,West Ham,Away,0,True,True,premier-league,2020,Sheffield United
2021-02-20,Fulham,Away,0,True,True,premier-league,2020,Sheffield United
2021-02-28,Liverpool,Home,0,True,True,premier-league,2020,Sheffield United
2021-03-03,Aston Villa,Home,1,True,True,premier-league,2020,Sheffield United
2021-03-06,Southampton,Home,0,True,True,premier-league,2020,Sheffield United
2021-03-14,Leicester,Away,0,True,True,premier-league,2020,Sheffield United
2021-04-03,Leeds,Away,1,True,True,premier-league,2020,Sheffield United
2021-04-11,Arsenal,Home,0,True,True,premier-league,2020,Sheffield United
2021-04-17,Wolves,Away,0,True,True,premier-league,2020,Sheffield United
2021-04-24,Brighton,Home,1,True,True,premier-league,2020,Sheffield United
2021-05-02,Tottenham,Away,0,True,True,premier-league,2020,Sheffield United
2021-05-08,Crystal Palace,Home,0,True,True,premier-league,2020,Sheffield United
2021-05-16,Everton,Away,1,True,True,premier-league,2020,Sheffield United
2021-05-19,Newcastle,Away,0,True,True,premier-league,2020,Sheffield United
2021-05-23,Burnley,Home,1,True,True,premier-league,2020,Sheffield United
2020-09-12,Crystal Palace,Away,0,True,True,premier-league,2020,Southampton
2020-09-20,Tottenham,Home,2,True,True,premier-league,2020,Southampton
2020-09-26,Burnley,Away,1,True,True,premier-league,2020,Southampton
2020-10-04,West Brom,Home,2,True,True,premier-league,2020,Southampton
2020-10-17,Chelsea,Away,3,True,True,premier-league,2020,Southampton
2020-10-25,Everton,Home,2,True,True,premier-league,2020,Southampton
2020-11-01,Aston Villa,Away,4,True,True,premier-league,2020,Southampton
2020-11-06,Newcastle,Home,2,True,True,premier-league,2020,Southampton
2020-11-23,Wolves,Away,1,True,True,premier-league,2020,Southampton
2020-11-29,Man United,Home,2,True,True,premier-league,2020,Southampton
2020-12-07,Brighton,Away,2,True,True,premier-league,2020,Southampton
2020-12-13,Sheffield United,Home,3,True,True,premier-league,2020,Southampton
2020-12-16,Arsenal,Away,1,True,True,premier-league,2020,Southampton
2020-12-19,Man City,Home,0,True,True,premier-league,2020,Southampton
2020-12-26,Fulham,Away,0,True,True,premier-league,2020,Southampton
2020-12-29,West Ham,Home,0,True,True,premier-league,2020,Southampton
2021-01-04,Liverpool,Home,1,True,True,premier-league,2020,Southampton
2021-01-16,Leicester,Away,0,True,True,premier-league,2020,Southampton
2021-01-26,Arsenal,Home,1,True,True,premier-league,2020,Southampton
2021-01-30,Aston Villa,Home,0,True,True,premier-league,2020,Southampton
2021-02-02,Man United,Away,0,True,True,premier-league,2020,Southampton
2021-02-06,Newcastle,Away,2,True,True,premier-league,2020,Southampton
2021-02-14,Wolves,Home,1,True,True,premier-league,2020,Southampton
2021-02-20,Chelsea,Home,1,True,True,premier-league,2020,Southampton
2021-02-23,Leeds,Away,0,True,True,premier-league,2020,Southampton
2021-03-01,Everton,Away,0,True,True,premier-league,2020,Southampton
2021-03-06,Sheffield United,Away,2,True,True,premier-league,2020,Southampton
2021-03-10,Man City,Away,2,True,True,premier-league,2020,Southampton
2021-03-14,Brighton,Home,1,True,True,premier-league,2020,Southampton
2021-04-04,Burnley,Home,3,True,True,premier-league,2020,Southampton
2021-04-12,West Brom,Away,0,True,True,premier-league,2020,Southampton
2021-04-21,Tottenham,Away,1,True,True,premier-league,2020,Southampton
2021-04-30,Leicester,Home,1,True,True,premier-league,2020,Southampton
2021-05-08,Liverpool,Away,0,True,True,premier-league,2020,Southampton
2021-05-11,Crystal Palace,Home,3,True,True,premier-league,2020,Southampton
2021-05-15,Fulham,Home,3,True,True,premier-league,2020,Southampton
2021-05-18,Leeds,Home,0,True,True,premier-league,2020,Southampton
2021-05-23,West Ham,Away,0,True,True,premier-league,2020,Southampton
2020-09-13,Everton,Home,0,True,True,premier-league,2020,Tottenham
2020-09-20,Southampton,Away,5,True,True,premier-league,2020,Tottenham
2020-09-27,Newcastle,Home,1,True,True,premier-league,2020,Tottenham
2020-10-04,Man United,Away,6,True,True,premier-league,2020,Tottenham
2020-10-18,West Ham,Home,3,True,True,premier-league,2020,Tottenham
2020-10-26,Burnley,Away,1,True,True,premier-league,2020,Tottenham
2020-11-01,Brighton,Home,2,True,True,premier-league,2020,Tottenham
2020-11-08,West Brom,Away,1,True,True,premier-league,2020,Tottenham
2020-11-21,Man City,Home,2,True,True,premier-league,2020,Tottenham
2020-11-29,Chelsea,Away,0,True,True,premier-league,2020,Tottenham
2020-12-06,Arsenal,Home,2,True,True,premier-league,2020,Tottenham
2020-12-13,Crystal Palace,Away,1,True,True,premier-league,2020,Tottenham
2020-12-16,Liverpool,Away,1,True,True,premier-league,2020,Tottenham
2020-12-20,Leicester,Home,0,True,True,premier-league,2020,Tottenham
2020-12-27,Wolves,Away,1,True,True,premier-league,2020,Tottenham
2021-01-02,Leeds,Home,3,True,True,premier-league,2020,Tottenham
2021-01-13,Fulham,Home,1,True,True,premier-league,2020,Tottenham
2021-01-17,Sheffield United,Away,3,True,True,premier-league,2020,Tottenham
2021-01-28,Liverpool,Home,1,True,True,premier-league,2020,Tottenham
2021-01-31,Brighton,Away,0,True,True,premier-league,2020,Tottenham
2021-02-04,Chelsea,Home,0,True,True,premier-league,2020,Tottenham
2021-02-07,West Brom,Home,2,True,True,premier-league,2020,Tottenham
2021-02-13,Man City,Away,0,True,True,premier-league,2020,Tottenham
2021-02-21,West Ham,Away,1,True,True,premier-league,2020,Tottenham
2021-02-28,Burnley,Home,4,True,True,premier-league,2020,Tottenham
2021-03-04,Fulham,Away,1,True,True,premier-league,2020,Tottenham
2021-03-07,Crystal Palace,Home,4,True,True,premier-league,2020,Tottenham
2021-03-14,Arsenal,Away,1,True,True,premier-league,2020,Tottenham
2021-03-21,Aston Villa,Away,2,True,True,premier-league,2020,Tottenham
2021-04-04,Newcastle,Away,2,True,True,premier-league,2020,Tottenham
2021-04-11,Man United,Home,1,True,True,premier-league,2020,Tottenham
2021-04-16,Everton,Away,2,True,True,premier-league,2020,Tottenham
2021-04-21,Southampton,Home,2,True,True,premier-league,2020,Tottenham
2021-05-02,Sheffield United,Home,4,True,True,premier-league,2020,Tottenham
2021-05-08,Leeds,Away,1,True,True,premier-league,2020,Tottenham
2021-05-16,Wolves,Home,2,True,True,premier-league,2020,Tottenham
2021-05-19,Aston Villa,Home,1,True,True,premier-league,2020,Tottenham
2021-05-23,Leicester,Away,4,True,True,premier-league,2020,Tottenham
2020-09-13,Leicester,Home,0,True,True,premier-league,2020,West Brom
2020-09-19,Everton,Away,2,True,True,premier-league,2020,West Brom
2020-09-26,Chelsea,Home,3,True,True,premier-league,2020,West Brom
2020-10-04,Southampton,Away,0,True,True,premier-league,2020,West Brom
2020-10-19,Burnley,Home,0,True,True,premier-league,2020,West Brom
2020-10-26,Brighton,Away,1,True,True,premier-league,2020,West Brom
2020-11-02,Fulham,Away,0,True,True,premier-league,2020,West Brom
2020-11-08,Tottenham,Home,0,True,True,premier-league,2020,West Brom
2020-11-21,Man United,Away,0,True,True,premier-league,2020,West Brom
2020-11-28,Sheffield United,Home,1,True,True,premier-league,2020,West Brom
2020-12-06,Crystal Palace,Home,1,True,True,premier-league,2020,West Brom
2020-12-12,Newcastle,Away,1,True,True,premier-league,2020,West Brom
2020-12-15,Man City,Away,1,True,True,premier-league,2020,West Brom
2020-12-20,Aston Villa,Home,0,True,True,premier-league,2020,West Brom
2020-12-27,Liverpool,Away,1,True,True,premier-league,2020,West Brom
2020-12-29,Leeds,Home,0,True,True,premier-league,2020,West Brom
2021-01-02,Arsenal,Home,0,True,True,premier-league,2020,West Brom
2021-01-16,Wolves,Away,3,True,True,premier-league,2020,West Brom
2021-01-19,West Ham,Away,1,True,True,premier-league,2020,West Brom
2021-01-26,Man City,Home,0,True,True,premier-league,2020,West Brom
2021-01-30,Fulham,Home,2,True,True,premier-league,2020,West Brom
2021-02-02,Sheffield United,Away,1,True,True,premier-league,2020,West Brom
2021-02-07,Tottenham,Away,0,True,True,premier-league,2020,West Brom
2021-02-14,Man United,Home,1,True,True,premier-league,2020,West Brom
2021-02-20,Burnley,Away,0,True,True,premier-league,2020,West Brom
2021-02-27,Brighton,Home,1,True,True,premier-league,2020,West Brom
2021-03-04,Everton,Home,0,True,True,premier-league,2020,West Brom
2021-03-07,Newcastle,Home,0,True,True,premier-league,2020,West Brom
2021-03-13,Crystal Palace,Away,0,True,True,premier-league,2020,West Brom
2021-04-03,Chelsea,Away,5,True,True,premier-league,2020,West Brom
2021-04-12,Southampton,Home,3,True,True,premier-league,2020,West Brom
2021-04-22,Leicester,Away,0,True,True,premier-league,2020,West Brom
2021-04-25,Aston Villa,Away,2,True,True,premier-league,2020,West Brom
2021-05-03,Wolves,Home,1,True,True,premier-league,2020,West Brom
2021-05-09,Arsenal,Away,1,True,True,premier-league,2020,West Brom
2021-05-16,Liverpool,Home,1,True,True,premier-league,2020,West Brom
2021-05-19,West Ham,Home,1,True,True,premier-league,2020,West Brom
2021-05-23,Leeds,Away,1,True,True,premier-league,2020,West Brom
2020-09-12,Newcastle,Home,0,True,True,premier-league,2020,West Ham
2020-09-19,Arsenal,Away,1,True,True,premier-league,2020,West Ham
2020-09-27,Wolves,Home,4,True,True,premier-league,2020,West Ham
2020-10-04,Leicester,Away,3,True,True,premier-league,2020,West Ham
2020-10-18,Tottenham,Away,3,True,True,premier-league,2020,West Ham
2020-10-24,Man City,Home,1,True,True,premier-league,2020,West Ham
2020-10-31,Liverpool,Away,1,True,True,premier-league,2020,West Ham
2020-11-07,Fulham,Home,1,True,True,premier-league,2020,West Ham
2020-11-22,Sheffield United,Away,1,True,True,premier-league,2020,West Ham
2020-11-30,Aston Villa,Home,2,True,True,premier-league,2020,West Ham
2020-12-05,Man United,Home,1,True,True,premier-league,2020,West Ham
2020-12-11,Leeds,Away,2,True,True,premier-league,2020,West Ham
2020-12-16,Crystal Palace,Home,1,True,True,premier-league,2020,West Ham
2020-12-21,Chelsea,Away,0,True,True,premier-league,2020,West Ham
2020-12-27,Brighton,Home,2,True,True,premier-league,2020,West Ham
2020-12-29,Southampton,Away,0,True,True,premier-league,2020,West Ham
2021-01-01,Everton,Away,1,True,True,premier-league,2020,West Ham
2021-01-16,Burnley,Home,1,True,True,premier-league,2020,West Ham
2021-01-19,West Brom,Home,2,True,True,premier-league,2020,West Ham
2021-01-26,Crystal Palace,Away,3,True,True,premier-league,2020,West Ham
2021-01-31,Liverpool,Home,1,True,True,premier-league,2020,West Ham
2021-02-03,Aston Villa,Away,3,True,True,premier-league,2020,West Ham
2021-02-06,Fulham,Away,0,True,True,premier-league,2020,West Ham
2021-02-15,Sheffield United,Home,3,True,True,premier-league,2020,West Ham
2021-02-21,Tottenham,Home,2,True,True,premier-league,2020,West Ham
2021-02-27,Man City,Away,1,True,True,premier-league,2020,West Ham
2021-03-08,Leeds,Home,2,True,True,premier-league,2020,West Ham
2021-03-14,Man United,Away,0,True,True,premier-league,2020,West Ham
2021-03-21,Arsenal,Home,3,True,True,premier-league,2020,West Ham
2021-04-05,Wolves,Away,3,True,True,premier-league,2020,West Ham
2021-04-11,Leicester,Home,3,True,True,premier-league,2020,West Ham
2021-04-17,Newcastle,Away,2,True,True,premier-league,2020,West Ham
2021-04-24,Chelsea,Home,0,True,True,premier-league,2020,West Ham
2021-05-03,Burnley,Away,2,True,True,premier-league,2020,West Ham
2021-05-09,Everton,Home,0,True,True,premier-league,2020,West Ham
2021-05-15,Brighton,Away,1,True,True,premier-league,2020,West Ham
2021-05-19,West Brom,Away,3,True,True,premier-league,2020,West Ham
2021-05-23,Southampton,Home,3,True,True,premier-league,2020,West Ham
2020-09-14,Sheffield United,Away,2,True,True,premier-league,2020,Wolves
2020-09-21,Man City,Home,1,True,True,premier-league,2020,Wolves
2020-09-27,West Ham,Away,0,True,True,premier-league,2020,Wolves
2020-10-04,Fulham,Home,1,True,True,premier-league,2020,Wolves
2020-10-19,Leeds,Away,1,True,True,premier-league,2020,Wolves
2020-10-25,Newcastle,Home,1,True,True,premier-league,2020,Wolves
2020-10-30,Crystal Palace,Home,2,True,True,premier-league,2020,Wolves
2020-11-08,Leicester,Away,0,True,True,premier-league,2020,Wolves
2020-11-23,Southampton,Home,1,True,True,premier-league,2020,Wolves
2020-11-29,Arsenal,Away,2,True,True,premier-league,2020,Wolves
2020-12-06,Liverpool,Away,0,True,True,premier-league,2020,Wolves
2020-12-12,Aston Villa,Home,0,True,True,premier-league,2020,Wolves
2020-12-15,Chelsea,Home,2,True,True,premier-league,2020,Wolves
2020-12-21,Burnley,Away,1,True,True,premier-league,2020,Wolves
2020-12-27,Tottenham,Home,1,True,True,premier-league,2020,Wolves
2020-12-29,Man United,Away,0,True,True,premier-league,2020,Wolves
2021-01-02,Brighton,Away,3,True,True,premier-league,2020,Wolves
2021-01-12,Everton,Home,1,True,True,premier-league,2020,Wolves
2021-01-16,West Brom,Home,2,True,True,premier-league,2020,Wolves
2021-01-27,Chelsea,Away,0,True,True,premier-league,2020,Wolves
2021-01-30,Crystal Palace,Away,0,True,True,premier-league,2020,Wolves
2021-02-02,Arsenal,Home,2,True,True,premier-league,2020,Wolves
2021-02-07,Leicester,Home,0,True,True,premier-league,2020,Wolves
2021-02-14,Southampton,Away,2,True,True,premier-league,2020,Wolves
2021-02-19,Leeds,Home,1,True,True,premier-league,2020,Wolves
2021-02-27,Newcastle,Away,1,True,True,premier-league,2020,Wolves
2021-03-02,Man City,Away,1,True,True,premier-league,2020,Wolves
2021-03-06,Aston Villa,Away,0,True,True,premier-league,2020,Wolves
2021-03-15,Liverpool,Home,0,True,True,premier-league,2020,Wolves
2021-04-05,West Ham,Home,2,True,True,premier-league,2020,Wolves
2021-04-09,Fulham,Away,1,True,True,premier-league,2020,Wolves
2021-04-17,Sheffield United,Home,1,True,True,premier-league,2020,Wolves
2021-04-25,Burnley,Home,0,True,True,premier-league,2020,Wolves
2021-05-03,West Brom,Away,1,True,True,premier-league,2020,Wolves
2021-05-09,Brighton,Home,2,True,True,premier-league,2020,Wolves
2021-05-16,Tottenham,Away,0,True,True,premier-league,2020,Wolves
2021-05-19,Everton,Away,0,True,True,premier-league,2020,Wolves
2021-05-23,Man United,Home,1,True,True,premier-league,2020,Wolves
2021-08-13,Brentford,Away,0,True,True,premier-league,2021,Arsenal
2021-08-22,Chelsea,Home,0,True,True,premier-league,2021,Arsenal
2021-08-28,Man City,Away,0,True,True,premier-league,2021,Arsenal
2021-09-11,Norwich,Home,1,True,True,premier-league,2021,Arsenal
2021-09-18,Burnley,Away,1,True,True,premier-league,2021,Arsenal
2021-09-26,Tottenham,Home,3,True,True,premier-league,2021,Arsenal
2021-10-02,Brighton,Away,0,True,True,premier-league,2021,Arsenal
2021-10-18,Crystal Palace,Home,2,True,True,premier-league,2021,Arsenal
2021-10-22,Aston Villa,Home,3,True,True,premier-league,2021,Arsenal
2021-10-30,Leicester,Away,2,True,True,premier-league,2021,Arsenal
2021-11-07,Watford,Home,1,True,True,premier-league,2021,Arsenal
2021-11-20,Liverpool,Away,0,True,True,premier-league,2021,Arsenal
2021-11-27,Newcastle,Home,2,True,True,premier-league,2021,Arsenal
2021-12-02,Man United,Away,2,True,True,premier-league,2021,Arsenal
2021-12-06,Everton,Away,1,True,True,premier-league,2021,Arsenal
2021-12-11,Southampton,Home,3,True,True,premier-league,2021,Arsenal
2021-12-15,West Ham,Home,2,True,True,premier-league,2021,Arsenal
2021-12-18,Leeds,Away,4,True,True,premier-league,2021,Arsenal
2021-12-26,Norwich,Away,5,True,True,premier-league,2021,Arsenal
2022-01-01,Man City,Home,1,True,True,premier-league,2021,Arsenal
2022-01-23,Burnley,Home,0,True,True,premier-league,2021,Arsenal
2022-02-10,Wolves,Away,1,True,True,premier-league,2021,Arsenal
2022-02-19,Brentford,Home,2,True,True,premier-league,2021,Arsenal
2022-02-24,Wolves,Home,2,True,True,premier-league,2021,Arsenal
2022-03-06,Watford,Away,3,True,True,premier-league,2021,Arsenal
2022-03-13,Leicester,Home,2,True,True,premier-league,2021,Arsenal
2022-03-16,Liverpool,Home,0,True,True,premier-league,2021,Arsenal
2022-03-19,Aston Villa,Away,1,True,True,premier-league,2021,Arsenal
2022-04-04,Crystal Palace,Away,0,True,True,premier-league,2021,Arsenal
2022-04-09,Brighton,Home,1,True,True,premier-league,2021,Arsenal
2022-04-16,Southampton,Away,0,True,True,premier-league,2021,Arsenal
2022-04-20,Chelsea,Away,4,True,True,premier-league,2021,Arsenal
2022-04-23,Man United,Home,3,True,True,premier-league,2021,Arsenal
2022-05-01,West Ham,Away,2,True,True,premier-league,2021,Arsenal
2022-05-08,Leeds,Home,2,True,True,premier-league,2021,Arsenal
2022-05-12,Tottenham,Away,0,True,True,premier-league,2021,Arsenal
2022-05-16,Newcastle,Away,0,True,True,premier-league,2021,Arsenal
2022-05-22,Everton,Home,5,True,True,premier-league,2021,Arsenal
2021-08-14,Watford,Away,2,True,True,premier-league,2021,Aston Villa
2021-08-21,Newcastle,Home,2,True,True,premier-league,2021,Aston Villa
2021-08-28,Brentford,Home,1,True,True,premier-league,2021,Aston Villa
2021-09-11,Chelsea,Away,0,True,True,premier-league,2021,Aston Villa
2021-09-18,Everton,Home,3,True,True,premier-league,2021,Aston Villa
2021-09-25,Man United,Away,1,True,True,premier-league,2021,Aston Villa
2021-10-03,Tottenham,Away,1,True,True,premier-league,2021,Aston Villa
2021-10-16,Wolves,Home,2,True,True,premier-league,2021,Aston Villa
2021-10-22,Arsenal,Away,1,True,True,premier-league,2021,Aston Villa
2021-10-31,West Ham,Home,1,True,True,premier-league,2021,Aston Villa
2021-11-05,Southampton,Away,0,True,True,premier-league,2021,Aston Villa
2021-11-20,Brighton,Home,2,True,True,premier-league,2021,Aston Villa
2021-11-27,Crystal Palace,Away,2,True,True,premier-league,2021,Aston Villa
2021-12-01,Man City,Home,1,True,True,premier-league,2021,Aston Villa
2021-12-05,Leicester,Home,2,True,True,premier-league,2021,Aston Villa
2021-12-11,Liverpool,Away,0,True,True,premier-league,2021,Aston Villa
2021-12-14,Norwich,Away,2,True,True,premier-league,2021,Aston Villa
2021-12-26,Chelsea,Home,1,True,True,premier-league,2021,Aston Villa
2022-01-02,Brentford,Away,1,True,True,premier-league,2021,Aston Villa
2022-01-15,Man United,Home,2,True,True,premier-league,2021,Aston Villa
2022-01-22,Everton,Away,1,True,True,premier-league,2021,Aston Villa
2022-02-09,Leeds,Home,3,True,True,premier-league,2021,Aston Villa
2022-02-13,Newcastle,Away,0,True,True,premier-league,2021,Aston Villa
2022-02-19,Watford,Home,0,True,True,premier-league,2021,Aston Villa
2022-02-26,Brighton,Away,2,True,True,premier-league,2021,Aston Villa
2022-03-05,Southampton,Home,4,True,True,premier-league,2021,Aston Villa
2022-03-10,Leeds,Away,3,True,True,premier-league,2021,Aston Villa
2022-03-13,West Ham,Away,1,True,True,premier-league,2021,Aston Villa
2022-03-19,Arsenal,Home,0,True,True,premier-league,2021,Aston Villa
2022-04-02,Wolves,Away,1,True,True,premier-league,2021,Aston Villa
2022-04-09,Tottenham,Home,0,True,True,premier-league,2021,Aston Villa
2022-04-23,Leicester,Away,0,True,True,premier-league,2021,Aston Villa
2022-04-30,Norwich,Home,2,True,True,premier-league,2021,Aston Villa
2022-05-07,Burnley,Away,3,True,True,premier-league,2021,Aston Villa
2022-05-10,Liverpool,Home,1,True,True,premier-league,2021,Aston Villa
2022-05-15,Crystal Palace,Home,1,True,True,premier-league,2021,Aston Villa
2022-05-19,Burnley,Home,1,True,True,premier-league,2021,Aston Villa
2022-05-22,Man City,Away,2,True,True,premier-league,2021,Aston Villa
2021-08-13,Arsenal,Home,2,True,True,premier-league,2021,Brentford
2021-08-21,Crystal Palace,Away,0,True,True,premier-league,2021,Brentford
2021-08-28,Aston Villa,Away,1,True,True,premier-league,2021,Brentford
2021-09-11,Brighton,Home,0,True,True,premier-league,2021,Brentford
2021-09-18,Wolves,Away,2,True,True,premier-league,2021,Brentford
2021-09-25,Liverpool,Home,3,True,True,premier-league,2021,Brentford
2021-10-03,West Ham,Away,2,True,True,premier-league,2021,Brentford
2021-10-16,Chelsea,Home,0,True,True,premier-league,2021,Brentford
2021-10-24,Leicester,Home,1,True,True,premier-league,2021,Brentford
2021-10-30,Burnley,Away,1,True,True,premier-league,2021,Brentford
2021-11-06,Norwich,Home,1,True,True,premier-league,2021,Brentford
2021-11-20,Newcastle,Away,3,True,True,premier-league,2021,Brentford
2021-11-28,Everton,Home,1,True,True,premier-league,2021,Brentford
2021-12-02,Tottenham,Away,0,True,True,premier-league,2021,Brentford
2021-12-05,Leeds,Away,2,True,True,premier-league,2021,Brentford
2021-12-10,Watford,Home,2,True,True,premier-league,2021,Brentford
2021-12-26,Brighton,Away,0,True,True,premier-league,2021,Brentford
2021-12-29,Man City,Home,0,True,True,premier-league,2021,Brentford
2022-01-02,Aston Villa,Home,2,True,False,premier-league,2021,Brentford
2022-01-11,Southampton,Away,1,True,True,premier-league,2021,Brentford
2022-01-16,Liverpool,Away,0,True,True,premier-league,2021,Brentford
2022-01-19,Man United,Home,1,True,True,premier-league,2021,Brentford
2022-01-22,Wolves,Home,1,True,True,premier-league,2021,Brentford
2022-02-09,Man City,Away,0,True,True,premier-league,2021,Brentford
2022-02-12,Crystal Palace,Home,0,True,True,premier-league,2021,Brentford
2022-02-19,Arsenal,Away,1,True,True,premier-league,2021,Brentford
2022-02-26,Newcastle,Home,0,True,True,premier-league,2021,Brentford
2022-03-05,Norwich,Away,3,True,True,premier-league,2021,Brentford
2022-03-12,Burnley,Home,2,True,True,premier-league,2021,Brentford
2022-03-20,Leicester,Away,1,True,True,premier-league,2021,Brentford
2022-04-02,Chelsea,Away,4,True,True,premier-league,2021,Brentford
2022-04-10,West Ham,Home,2,True,True,premier-league,2021,Brentford
2022-04-16,Watford,Away,2,True,True,premier-league,2021,Brentford
2022-04-23,Tottenham,Home,0,True,True,premier-league,2021,Brentford
2022-05-02,Man United,Away,0,True,True,premier-league,2021,Brentford
2022-05-07,Southampton,Home,3,True,True,premier-league,2021,Brentford
2022-05-15,Everton,Away,3,True,True,premier-league,2021,Brentford
2022-05-22,Leeds,Home,1,True,True,premier-league,2021,Brentford
2021-08-14,Burnley,Away,2,True,True,premier-league,2021,Brighton
2021-08-21,Watford,Home,2,True,True,premier-league,2021,Brighton
2021-08-28,Everton,Home,0,True,True,premier-league,2021,Brighton
2021-09-11,Brentford,Away,1,True,True,premier-league,2021,Brighton
2021-09-19,Leicester,Home,2,True,True,premier-league,2021,Brighton
2021-09-27,Crystal Palace,Away,1,True,True,premier-league,2021,Brighton
2021-10-02,Arsenal,Home,0,True,True,premier-league,2021,Brighton
2021-10-16,Norwich,Away,0,True,True,premier-league,2021,Brighton
2021-10-23,Man City,Home,1,True,True,premier-league,2021,Brighton
2021-10-30,Liverpool,Away,2,True,True,premier-league,2021,Brighton
2021-11-06,Newcastle,Home,1,True,True,premier-league,2021,Brighton
2021-11-20,Aston Villa,Away,0,True,True,premier-league,2021,Brighton
2021-11-27,Leeds,Home,0,True,True,premier-league,2021,Brighton
2021-12-01,West Ham,Away,1,True,True,premier-league,2021,Brighton
2021-12-04,Southampton,Away,1,True,True,premier-league,2021,Brighton
2021-12-15,Wolves,Home,0,True,True,premier-league,2021,Brighton
2021-12-26,Brentford,Home,2,True,True,premier-league,2021,Brighton
2021-12-29,Chelsea,Away,1,True,True,premier-league,2021,Brighton
2022-01-02,Everton,Away,3,True,True,premier-league,2021,Brighton
2022-01-14,Crystal Palace,Home,1,True,True,premier-league,2021,Brighton
2022-01-18,Chelsea,Home,1,True,True,premier-league,2021,Brighton
2022-01-23,Leicester,Away,1,True,True,premier-league,2021,Brighton
2022-02-12,Watford,Away,2,True,True,premier-league,2021,Brighton
2022-02-15,Man United,Away,0,True,True,premier-league,2021,Brighton
2022-02-19,Burnley,Home,0,True,True,premier-league,2021,Brighton
2022-02-26,Aston Villa,Home,0,True,True,premier-league,2021,Brighton
2022-03-05,Newcastle,Away,1,True,True,premier-league,2021,Brighton
2022-03-12,Liverpool,Home,0,True,True,premier-league,2021,Brighton
2022-03-16,Tottenham,Home,0,True,True,premier-league,2021,Brighton
2022-04-02,Norwich,Home,0,True,True,premier-league,2021,Brighton
2022-04-09,Arsenal,Away,2,True,True,premier-league,2021,Brighton
2022-04-16,Tottenham,Away,1,True,True,premier-league,2021,Brighton
2022-04-20,Man City,Away,0,True,True,premier-league,2021,Brighton
2022-04-24,Southampton,Home,2,True,True,premier-league,2021,Brighton
2022-04-30,Wolves,Away,3,True,True,premier-league,2021,Brighton
2022-05-07,Man United,Home,4,True,True,premier-league,2021,Brighton
2022-05-15,Leeds,Away,1,True,True,premier-league,2021,Brighton
2022-05-22,West Ham,Home,3,True,True,premier-league,2021,Brighton
2021-08-14,Brighton,Home,1,True,True,premier-league,2021,Burnley
2021-08-21,Liverpool,Away,0,True,True,premier-league,2021,Burnley
2021-08-29,Leeds,Home,1,True,True,premier-league,2021,Burnley
2021-09-13,Everton,Away,1,True,True,premier-league,2021,Burnley
2021-09-18,Arsenal,Home,0,True,True,premier-league,2021,Burnley
2021-09-25,Leicester,Away,2,True,True,premier-league,2021,Burnley
2021-10-02,Norwich,Home,0,True,True,premier-league,2021,Burnley
2021-10-16,Man City,Away,0,True,True,premier-league,2021,Burnley
2021-10-23,Southampton,Away,2,True,True,premier-league,2021,Burnley
2021-10-30,Brentford,Home,3,True,True,premier-league,2021,Burnley
2021-11-06,Chelsea,Away,1,True,True,premier-league,2021,Burnley
2021-11-20,Crystal Palace,Home,3,True,True,premier-league,2021,Burnley
2021-12-01,Wolves,Away,0,True,True,premier-league,2021,Burnley
2021-12-04,Newcastle,Away,0,True,True,premier-league,2021,Burnley
2021-12-12,West Ham,Home,0,True,True,premier-league,2021,Burnley
2021-12-30,Man United,Away,1,True,True,premier-league,2021,Burnley
2022-01-02,Leeds,Away,1,True,True,premier-league,2021,Burnley
2022-01-23,Arsenal,Away,0,True,True,premier-league,2021,Burnley
2022-02-05,Watford,Home,0,True,True,premier-league,2021,Burnley
2022-02-08,Man United,Home,1,True,True,premier-league,2021,Burnley
2022-02-13,Liverpool,Home,0,True,True,premier-league,2021,Burnley
2022-02-19,Brighton,Away,3,True,True,premier-league,2021,Burnley
2022-02-23,Tottenham,Home,1,True,True,premier-league,2021,Burnley
2022-02-26,Crystal Palace,Away,1,True,True,premier-league,2021,Burnley
2022-03-01,Leicester,Home,0,True,True,premier-league,2021,Burnley
2022-03-05,Chelsea,Home,0,True,True,premier-league,2021,Burnley
2022-03-12,Brentford,Away,0,True,True,premier-league,2021,Burnley
2022-04-02,Man City,Home,0,True,True,premier-league,2021,Burnley
2022-04-06,Everton,Home,3,True,True,premier-league,2021,Burnley
2022-04-10,Norwich,Away,0,True,True,premier-league,2021,Burnley
2022-04-17,West Ham,Away,1,True,True,premier-league,2021,Burnley
2022-04-21,Southampton,Home,2,True,True,premier-league,2021,Burnley
2022-04-24,Wolves,Home,1,True,True,premier-league,2021,Burnley
2022-04-30,Watford,Away,2,True,True,premier-league,2021,Burnley
2022-05-07,Aston Villa,Home,1,True,True,premier-league,2021,Burnley
2022-05-15,Tottenham,Away,0,True,True,premier-league,2021,Burnley
2022-05-19,Aston Villa,Away,1,True,True,premier-league,2021,Burnley
2022-05-22,Newcastle,Home,1,True,True,premier-league,2021,Burnley
2021-08-14,Crystal Palace,Home,3,True,True,premier-league,2021,Chelsea
2021-08-22,Arsenal,Away,2,True,True,premier-league,2021,Chelsea
2021-08-28,Liverpool,Away,1,True,True,premier-league,2021,Chelsea
2021-09-11,Aston Villa,Home,3,True,True,premier-league,2021,Chelsea
2021-09-19,Tottenham,Away,3,True,True,premier-league,2021,Chelsea
2021-09-25,Man City,Home,0,True,True,premier-league,2021,Chelsea
2021-10-02,Southampton,Home,3,True,True,premier-league,2021,Chelsea
2021-10-16,Brentford,Away,1,True,True,premier-league,2021,Chelsea
2021-10-23,Norwich,Home,7,True,True,premier-league,2021,Chelsea
2021-10-30,Newcastle,Away,3,True,True,premier-league,2021,Chelsea
2021-11-06,Burnley,Home,1,True,True,premier-league,2021,Chelsea
2021-11-20,Leicester,Away,3,True,True,premier-league,2021,Chelsea
2021-11-28,Man United,Home,1,True,True,premier-league,2021,Chelsea
2021-12-01,Watford,Away,2,True,True,premier-league,2021,Chelsea
2021-12-04,West Ham,Away,2,True,True,premier-league,2021,Chelsea
2021-12-11,Leeds,Home,3,True,True,premier-league,2021,Chelsea
2021-12-16,Everton,Home,1,True,True,premier-league,2021,Chelsea
2021-12-19,Wolves,Away,0,True,True,premier-league,2021,Chelsea
2021-12-26,Aston Villa,Away,3,True,True,premier-league,2021,Chelsea
2021-12-29,Brighton,Home,1,True,True,premier-league,2021,Chelsea
2022-01-02,Liverpool,Home,2,True,True,premier-league,2021,Chelsea
2022-01-15,Man City,Away,0,True,True,premier-league,2021,Chelsea
2022-01-18,Brighton,Away,1,True,True,premier-league,2021,Chelsea
2022-01-23,Tottenham,Home,2,True,True,premier-league,2021,Chelsea
2022-02-19,Crystal Palace,Away,1,True,True,premier-league,2021,Chelsea
2022-03-05,Burnley,Away,4,True,True,premier-league,2021,Chelsea
2022-03-10,Norwich,Away,3,True,True,premier-league,2021,Chelsea
2022-03-13,Newcastle,Home,1,True,True,premier-league,2021,Chelsea
2022-04-02,Brentford,Home,1,True,True,premier-league,2021,Chelsea
2022-04-09,Southampton,Away,6,True,True,premier-league,2021,Chelsea
2022-04-20,Arsenal,Home,2,True,True,premier-league,2021,Chelsea
2022-04-24,West Ham,Home,1,True,True,premier-league,2021,Chelsea
2022-04-28,Man United,Away,1,True,True,premier-league,2021,Chelsea
2022-05-01,Everton,Away,0,True,True,premier-league,2021,Chelsea
2022-05-07,Wolves,Home,2,True,True,premier-league,2021,Chelsea
2022-05-11,Leeds,Away,3,True,True,premier-league,2021,Chelsea
2022-05-19,Leicester,Home,1,True,True,premier-league,2021,Chelsea
2022-05-22,Watford,Home,2,True,True,premier-league,2021,Chelsea
2021-08-14,Chelsea,Away,0,True,True,premier-league,2021,Crystal Palace
2021-08-21,Brentford,Home,0,True,True,premier-league,2021,Crystal Palace
2021-08-28,West Ham,Away,2,True,True,premier-league,2021,Crystal Palace
2021-09-11,Tottenham,Home,3,True,True,premier-league,2021,Crystal Palace
2021-09-18,Liverpool,Away,0,True,True,premier-league,2021,Crystal Palace
2021-09-27,Brighton,Home,1,True,True,premier-league,2021,Crystal Palace
2021-10-03,Leicester,Home,2,True,True,premier-league,2021,Crystal Palace
2021-10-18,Arsenal,Away,2,True,True,premier-league,2021,Crystal Palace
2021-10-23,Newcastle,Home,1,True,True,premier-league,2021,Crystal Palace
2021-10-30,Man City,Away,2,True,True,premier-league,2021,Crystal Palace
2021-11-06,Wolves,Home,2,True,True,premier-league,2021,Crystal Palace
2021-11-20,Burnley,Away,3,True,True,premier-league,2021,Crystal Palace
2021-11-27,Aston Villa,Home,1,True,True,premier-league,2021,Crystal Palace
2021-11-30,Leeds,Away,0,True,True,premier-league,2021,Crystal Palace
2021-12-05,Man United,Away,0,True,True,premier-league,2021,Crystal Palace
2021-12-12,Everton,Home,3,True,True,premier-league,2021,Crystal Palace
2021-12-15,Southampton,Home,2,True,True,premier-league,2021,Crystal Palace
2021-12-26,Tottenham,Away,0,True,True,premier-league,2021,Crystal Palace
2021-12-28,Norwich,Home,3,True,True,premier-league,2021,Crystal Palace
2022-01-01,West Ham,Home,2,True,True,premier-league,2021,Crystal Palace
2022-01-14,Brighton,Away,1,True,True,premier-league,2021,Crystal Palace
2022-01-23,Liverpool,Home,1,True,True,premier-league,2021,Crystal Palace
2022-02-09,Norwich,Away,1,True,True,premier-league,2021,Crystal Palace
2022-02-12,Brentford,Away,0,True,True,premier-league,2021,Crystal Palace
2022-02-19,Chelsea,Home,0,True,True,premier-league,2021,Crystal Palace
2022-02-23,Watford,Away,4,True,True,premier-league,2021,Crystal Palace
2022-02-26,Burnley,Home,1,True,True,premier-league,2021,Crystal Palace
2022-03-05,Wolves,Away,2,True,True,premier-league,2021,Crystal Palace
2022-03-14,Man City,Home,0,True,True,premier-league,2021,Crystal Palace
2022-04-04,Arsenal,Home,3,True,True,premier-league,2021,Crystal Palace
2022-04-10,Leicester,Away,1,True,True,premier-league,2021,Crystal Palace
2022-04-20,Newcastle,Away,0,True,True,premier-league,2021,Crystal Palace
2022-04-25,Leeds,Home,0,True,True,premier-league,2021,Crystal Palace
2022-04-30,Southampton,Away,2,True,True,premier-league,2021,Crystal Palace
2022-05-07,Watford,Home,1,True,True,premier-league,2021,Crystal Palace
2022-05-15,Aston Villa,Away,1,True,True,premier-league,2021,Crystal Palace
2022-05-19,Everton,Away,2,True,True,premier-league,2021,Crystal Palace
2022-05-22,Man United,Home,1,True,True,premier-league,2021,Crystal Palace
2021-08-14,Southampton,Home,3,True,True,premier-league,2021,Everton
2021-08-21,Leeds,Away,2,True,True,premier-league,2021,Everton
2021-08-28,Brighton,Away,2,True,True,premier-league,2021,Everton
2021-09-13,Burnley,Home,3,True,True,premier-league,2021,Everton
2021-09-18,Aston Villa,Away,0,True,True,premier-league,2021,Everton
2021-09-25,Norwich,Home,2,True,True,premier-league,2021,Everton
2021-10-02,Man United,Away,1,True,True,premier-league,2021,Everton
2021-10-17,West Ham,Home,0,True,True,premier-league,2021,Everton
2021-10-23,Watford,Home,2,True,True,premier-league,2021,Everton
2021-11-01,Wolves,Away,1,True,True,premier-league,2021,Everton
2021-11-07,Tottenham,Home,0,True,True,premier-league,2021,Everton
2021-11-21,Man City,Away,0,True,True,premier-league,2021,Everton
2021-11-28,Brentford,Away,0,True,True,premier-league,2021,Everton
2021-12-01,Liverpool,Home,1,True,True,premier-league,2021,Everton
2021-12-06,Arsenal,Home,2,True,True,premier-league,2021,Everton
2021-12-12,Crystal Palace,Away,1,True,True,premier-league,2021,Everton
2021-12-16,Chelsea,Away,1,True,True,premier-league,2021,Everton
2022-01-02,Brighton,Home,2,True,True,premier-league,2021,Everton
2022-01-15,Norwich,Away,1,True,True,premier-league,2021,Everton
2022-01-22,Aston Villa,Home,0,True,True,premier-league,2021,Everton
2022-02-08,Newcastle,Away,1,True,True,premier-league,2021,Everton
2022-02-12,Leeds,Home,3,True,True,premier-league,2021,Everton
2022-02-19,Southampton,Away,0,True,True,premier-league,2021,Everton
2022-02-26,Man City,Home,0,True,True,premier-league,2021,Everton
2022-03-07,Tottenham,Away,0,True,True,premier-league,2021,Everton
2022-03-13,Wolves,Home,0,True,True,premier-league,2021,Everton
2022-03-17,Newcastle,Home,1,True,True,premier-league,2021,Everton
2022-04-03,West Ham,Away,1,True,True,premier-league,2021,Everton
2022-04-06,Burnley,Away,2,True,True,premier-league,2021,Everton
2022-04-09,Man United,Home,1,True,True,premier-league,2021,Everton
2022-04-20,Leicester,Home,1,True,True,premier-league,2021,Everton
2022-04-24,Liverpool,Away,0,True,True,premier-league,2021,Everton
2022-05-01,Chelsea,Home,1,True,True,premier-league,2021,Everton
2022-05-08,Leicester,Away,2,True,True,premier-league,2021,Everton
2022-05-11,Watford,Away,0,True,True,premier-league,2021,Everton
2022-05-15,Brentford,Home,2,True,True,premier-league,2021,Everton
2022-05-19,Crystal Palace,Home,3,True,True,premier-league,2021,Everton
2022-05-22,Arsenal,Away,1,True,True,premier-league,2021,Everton
2021-08-14,Man United,Away,1,False,False,premier-league,2021,Leeds
2021-08-21,Everton,Home,2,False,False,premier-league,2021,Leeds
2021-08-29,Burnley,Away,1,False,False,premier-league,2021,Leeds
2021-09-12,Liverpool,Home,0,False,False,premier-league,2021,Leeds
2021-09-17,Newcastle,Away,1,False,False,premier-league,2021,Leeds
2021-09-25,West Ham,Home,1,False,False,premier-league,2021,Leeds
2021-10-02,Watford,Home,1,False,False,premier-league,2021,Leeds
2021-10-16,Southampton,Away,0,False,False,premier-league,2021,Leeds
2021-10-23,Wolves,Home,1,False,False,premier-league,2021,Leeds
2021-10-31,Norwich,Away,2,False,False,premier-league,2021,Leeds
2021-11-07,Leicester,Home,1,False,False,premier-league,2021,Leeds
2021-11-21,Tottenham,Away,1,False,False,premier-league,2021,Leeds
2021-11-27,Brighton,Away,0,False,False,premier-league,2021,Leeds
2021-11-30,Crystal Palace,Home,1,False,False,premier-league,2021,Leeds
2021-12-05,Brentford,Home,2,False,False,premier-league,2021,Leeds
2021-12-11,Chelsea,Away,2,False,False,premier-league,2021,Leeds
2021-12-14,Man City,Away,0,False,False,premier-league,2021,Leeds
2021-12-18,Arsenal,Home,1,False,False,premier-league,2021,Leeds
2022-01-02,Burnley,Home,3,False,False,premier-league,2021,Leeds
2022-01-16,West Ham,Away,3,False,False,premier-league,2021,Leeds
2022-01-22,Newcastle,Home,0,False,False,premier-league,2021,Leeds
2022-02-09,Aston Villa,Away,3,False,False,premier-league,2021,Leeds
2022-02-12,Everton,Away,0,False,False,premier-league,2021,Leeds
2022-02-20,Man United,Home,2,False,False,premier-league,2021,Leeds
2022-02-23,Liverpool,Away,0,False,False,premier-league,2021,Leeds
2022-02-26,Tottenham,Home,0,False,False,premier-league,2021,Leeds
2022-03-05,Leicester,Away,0,False,False,premier-league,2021,Leeds
2022-03-10,Aston Villa,Home,0,False,False,premier-league,2021,Leeds
2022-03-13,Norwich,Home,2,False,False,premier-league,2021,Leeds
2022-03-18,Wolves,Away,3,False,False,premier-league,2021,Leeds
2022-04-02,Southampton,Home,1,False,False,premier-league,2021,Leeds
2022-04-09,Watford,Away,3,False,False,premier-league,2021,Leeds
2022-04-25,Crystal Palace,Away,0,False,False,premier-league,2021,Leeds
2022-04-30,Man City,Home,0,False,False,premier-league,2021,Leeds
2022-05-08,Arsenal,Away,1,False,False,premier-league,2021,Leeds
2022-05-11,Chelsea,Home,0,False,False,premier-league,2021,Leeds
2022-05-15,Brighton,Home,1,False,False,premier-league,2021,Leeds
2022-05-22,Brentford,Away,2,False,False,premier-league,2021,Leeds
2021-08-14,Wolves,Home,1,True,True,premier-league,2021,Leicester
2021-08-23,West Ham,Away,1,True,True,premier-league,2021,Leicester
2021-08-28,Norwich,Away,2,True,True,premier-league,2021,Leicester
2021-09-11,Man City,Home,0,True,True,premier-league,2021,Leicester
2021-09-19,Brighton,Away,1,True,True,premier-league,2021,Leicester
2021-09-25,Burnley,Home,2,True,True,premier-league,2021,Leicester
2021-10-03,Crystal Palace,Away,2,True,True,premier-league,2021,Leicester
2021-10-16,Man United,Home,4,True,True,premier-league,2021,Leicester
2021-10-24,Brentford,Away,2,True,True,premier-league,2021,Leicester
2021-10-30,Arsenal,Home,0,True,True,premier-league,2021,Leicester
2021-11-07,Leeds,Away,1,True,True,premier-league,2021,Leicester
2021-11-20,Chelsea,Home,0,True,True,premier-league,2021,Leicester
2021-11-28,Watford,Home,4,True,True,premier-league,2021,Leicester
2021-12-01,Southampton,Away,2,True,True,premier-league,2021,Leicester
2021-12-05,Aston Villa,Away,1,True,True,premier-league,2021,Leicester
2021-12-12,Newcastle,Home,4,True,True,premier-league,2021,Leicester
2021-12-26,Man City,Away,3,True,True,premier-league,2021,Leicester
2021-12-28,Liverpool,Home,1,True,True,premier-league,2021,Leicester
2022-01-19,Tottenham,Home,2,True,True,premier-league,2021,Leicester
2022-01-23,Brighton,Home,1,True,True,premier-league,2021,Leicester
2022-02-10,Liverpool,Away,0,True,True,premier-league,2021,Leicester
2022-02-13,West Ham,Home,2,True,True,premier-league,2021,Leicester
2022-02-20,Wolves,Away,1,True,True,premier-league,2021,Leicester
2022-03-01,Burnley,Away,2,True,True,premier-league,2021,Leicester
2022-03-05,Leeds,Home,1,True,True,premier-league,2021,Leicester
2022-03-13,Arsenal,Away,0,True,True,premier-league,2021,Leicester
2022-03-20,Brentford,Home,2,True,True,premier-league,2021,Leicester
2022-04-02,Man United,Away,1,True,True,premier-league,2021,Leicester
2022-04-10,Crystal Palace,Home,2,True,True,premier-league,2021,Leicester
2022-04-17,Newcastle,Away,1,True,True,premier-league,2021,Leicester
2022-04-20,Everton,Away,1,True,True,premier-league,2021,Leicester
2022-04-23,Aston Villa,Home,0,True,True,premier-league,2021,Leicester
2022-05-01,Tottenham,Away,1,True,True,premier-league,2021,Leicester
2022-05-08,Everton,Home,1,True,True,premier-league,2021,Leicester
2022-05-11,Norwich,Home,3,True,True,premier-league,2021,Leicester
2022-05-15,Watford,Away,5,True,True,premier-league,2021,Leicester
2022-05-19,Chelsea,Away,1,True,True,premier-league,2021,Leicester
2022-05-22,Southampton,Home,4,True,True,premier-league,2021,Leicester
2021-08-14,Norwich,Away,3,True,True,premier-league,2021,Liverpool
2021-08-21,Burnley,Home,2,True,True,premier-league,2021,Liverpool
2021-08-28,Chelsea,Home,1,True,True,premier-league,2021,Liverpool
2021-09-12,Leeds,Away,3,True,True,premier-league,2021,Liverpool
2021-09-18,Crystal Palace,Home,3,True,True,premier-league,2021,Liverpool
2021-09-25,Brentford,Away,3,True,True,premier-league,2021,Liverpool
2021-10-03,Man City,Home,2,True,True,premier-league,2021,Liverpool
2021-10-16,Watford,Away,5,True,True,premier-league,2021,Liverpool
2021-10-24,Man United,Away,5,True,True,premier-league,2021,Liverpool
2021-10-30,Brighton,Home,2,True,True,premier-league,2021,Liverpool
2021-11-07,West Ham,Away,2,True,True,premier-league,2021,Liverpool
2021-11-20,Arsenal,Home,4,True,True,premier-league,2021,Liverpool
2021-11-27,Southampton,Home,4,True,True,premier-league,2021,Liverpool
2021-12-01,Everton,Away,4,True,True,premier-league,2021,Liverpool
2021-12-04,Wolves,Away,1,True,True,premier-league,2021,Liverpool
2021-12-11,Aston Villa,Home,1,True,True,premier-league,2021,Liverpool
2021-12-16,Newcastle,Home,3,True,True,premier-league,2021,Liverpool
2021-12-19,Tottenham,Away,2,True,True,premier-league,2021,Liverpool
2021-12-28,Leicester,Away,0,True,True,premier-league,2021,Liverpool
2022-01-02,Chelsea,Away,2,True,True,premier-league,2021,Liverpool
2022-01-16,Brentford,Home,3,True,True,premier-league,2021,Liverpool
2022-01-23,Crystal Palace,Away,3,True,True,premier-league,2021,Liverpool
2022-02-10,Leicester,Home,2,True,True,premier-league,2021,Liverpool
2022-02-13,Burnley,Away,1,True,True,premier-league,2021,Liverpool
2022-02-19,Norwich,Home,3,True,True,premier-league,2021,Liverpool
2022-02-23,Leeds,Home,6,True,True,premier-league,2021,Liverpool
2022-03-05,West Ham,Home,1,True,True,premier-league,2021,Liverpool
2022-03-12,Brighton,Away,2,True,True,premier-league,2021,Liverpool
2022-03-16,Arsenal,Away,2,True,True,premier-league,2021,Liverpool
2022-04-02,Watford,Home,2,True,True,premier-league,2021,Liverpool
2022-04-10,Man City,Away,2,True,True,premier-league,2021,Liverpool
2022-04-19,Man United,Home,4,True,True,premier-league,2021,Liverpool
2022-04-24,Everton,Home,2,True,True,premier-league,2021,Liverpool
2022-04-30,Newcastle,Away,1,True,True,premier-league,2021,Liverpool
2022-05-07,Tottenham,Home,1,True,True,premier-league,2021,Liverpool
2022-05-10,Aston Villa,Away,2,True,True,premier-league,2021,Liverpool
2022-05-17,Southampton,Away,2,True,True,premier-league,2021,Liverpool
2022-05-22,Wolves,Home,3,True,True,premier-league,2021,Liverpool
2021-08-15,Tottenham,Away,0,True,True,premier-league,2021,Man City
2021-08-21,Norwich,Home,5,True,True,premier-league,2021,Man City
2021-08-28,Arsenal,Home,5,True,True,premier-league,2021,Man City
2021-09-11,Leicester,Away,1,True,True,premier-league,2021,Man City
2021-09-18,Southampton,Home,0,True,True,premier-league,2021,Man City
2021-09-25,Chelsea,Away,1,True,True,premier-league,2021,Man City
2021-10-03,Liverpool,Away,2,True,True,premier-league,2021,Man City
2021-10-16,Burnley,Home,2,True,True,premier-league,2021,Man City
2021-10-23,Brighton,Away,4,True,True,premier-league,2021,Man City
2021-10-30,Crystal Palace,Home,0,True,True,premier-league,2021,Man City
2021-11-06,Man United,Away,2,True,True,premier-league,2021,Man City
2021-11-21,Everton,Home,3,True,True,premier-league,2021,Man City
2021-11-28,West Ham,Home,2,True,True,premier-league,2021,Man City
2021-12-01,Aston Villa,Away,2,True,True,premier-league,2021,Man City
2021-12-04,Watford,Away,3,True,True,premier-league,2021,Man City
2021-12-11,Wolves,Home,1,True,True,premier-league,2021,Man City
2021-12-14,Leeds,Home,7,True,True,premier-league,2021,Man City
2021-12-19,Newcastle,Away,4,True,True,premier-league,2021,Man City
2021-12-26,Leicester,Home,6,True,True,premier-league,2021,Man City
2021-12-29,Brentford,Away,1,True,True,premier-league,2021,Man City
2022-01-01,Arsenal,Away,2,True,True,premier-league,2021,Man City
2022-01-15,Chelsea,Home,1,True,True,premier-league,2021,Man City
2022-01-22,Southampton,Away,1,True,True,premier-league,2021,Man City
2022-02-09,Brentford,Home,2,True,True,premier-league,2021,Man City
2022-02-12,Norwich,Away,4,True,True,premier-league,2021,Man City
2022-02-19,Tottenham,Home,2,True,True,premier-league,2021,Man City
2022-02-26,Everton,Away,1,True,True,premier-league,2021,Man City
2022-03-06,Man United,Home,4,True,True,premier-league,2021,Man City
2022-03-14,Crystal Palace,Away,0,True,True,premier-league,2021,Man City
2022-04-02,Burnley,Away,2,True,True,premier-league,2021,Man City
2022-04-10,Liverpool,Home,2,True,True,premier-league,2021,Man City
2022-04-20,Brighton,Home,3,True,True,premier-league,2021,Man City
2022-04-23,Watford,Home,5,True,True,premier-league,2021,Man City
2022-04-30,Leeds,Away,4,True,True,premier-league,2021,Man City
2022-05-08,Newcastle,Home,5,True,True,premier-league,2021,Man City
2022-05-11,Wolves,Away,5,True,True,premier-league,2021,Man City
2022-05-15,West Ham,Away,2,True,True,premier-league,2021,Man City
2022-05-22,Aston Villa,Home,3,True,True,premier-league,2021,Man City
2021-08-14,Leeds,Home,5,False,False,premier-league,2021,Man United
2021-08-22,Southampton,Away,1,False,False,premier-league,2021,Man United
2021-08-29,Wolves,Away,1,False,False,premier-league,2021,Man United
2021-09-11,Newcastle,Home,4,False,False,premier-league,2021,Man United
2021-09-19,West Ham,Away,2,False,False,premier-league,2021,Man United
2021-09-25,Aston Villa,Home,0,False,False,premier-league,2021,Man United
2021-10-02,Everton,Home,1,False,False,premier-league,2021,Man United
2021-10-16,Leicester,Away,2,False,False,premier-league,2021,Man United
2021-10-24,Liverpool,Home,0,False,False,premier-league,2021,Man United
2021-10-30,Tottenham,Away,3,False,False,premier-league,2021,Man United
2021-11-06,Man City,Home,0,False,False,premier-league,2021,Man United
2021-11-20,Watford,Away,1,False,False,premier-league,2021,Man United
2021-11-28,Chelsea,Away,1,False,False,premier-league,2021,Man United
2021-12-02,Arsenal,Home,3,False,False,premier-league,2021,Man United
2021-12-05,Crystal Palace,Home,1,False,False,premier-league,2021,Man United
2021-12-11,Norwich,Away,1,False,False,premier-league,2021,Man United
2021-12-27,Newcastle,Away,1,False,False,premier-league,2021,Man United
2021-12-30,Burnley,Home,3,False,False,premier-league,2021,Man United
2022-01-03,Wolves,Home,0,False,False,premier-league,2021,Man United
2022-01-15,Aston Villa,Away,2,False,False,premier-league,2021,Man United
2022-01-19,Brentford,Away,3,False,False,premier-league,2021,Man United
2022-01-22,West Ham,Home,1,False,False,premier-league,2021,Man United
2022-02-08,Burnley,Away,1,False,False,premier-league,2021,Man United
2022-02-12,Southampton,Home,1,False,False,premier-league,2021,Man United
2022-02-15,Brighton,Home,2,False,False,premier-league,2021,Man United
2022-02-20,Leeds,Away,4,False,False,premier-league,2021,Man United
2022-02-26,Watford,Home,0,False,False,premier-league,2021,Man United
2022-03-06,Man City,Away,1,False,False,premier-league,2021,Man United
2022-03-12,Tottenham,Home,3,False,False,premier-league,2021,Man United
2022-04-02,Leicester,Home,1,False,False,premier-league,2021,Man United
2022-04-09,Everton,Away,0,False,False,premier-league,2021,Man United
2022-04-16,Norwich,Home,3,False,False,premier-league,2021,Man United
2022-04-19,Liverpool,Away,0,False,False,premier-league,2021,Man United
2022-04-23,Arsenal,Away,1,False,False,premier-league,2021,Man United
2022-04-28,Chelsea,Home,1,False,False,premier-league,2021,Man United
2022-05-02,Brentford,Home,3,False,False,premier-league,2021,Man United
2022-05-07,Brighton,Away,0,False,False,premier-league,2021,Man United
2022-05-22,Crystal Palace,Away,0,False,False,premier-league,2021,Man United
2021-08-15,West Ham,Home,2,True,True,premier-league,2021,Newcastle
2021-08-21,Aston Villa,Away,0,True,True,premier-league,2021,Newcastle
2021-08-28,Southampton,Home,2,True,True,premier-league,2021,Newcastle
2021-09-11,Man United,Away,1,True,True,premier-league,2021,Newcastle
2021-09-17,Leeds,Home,1,True,True,premier-league,2021,Newcastle
2021-09-25,Watford,Away,1,True,True,premier-league,2021,Newcastle
2021-10-02,Wolves,Away,1,True,True,premier-league,2021,Newcastle
2021-10-17,Tottenham,Home,2,True,True,premier-league,2021,Newcastle
2021-10-23,Crystal Palace,Away,1,True,True,premier-league,2021,Newcastle
2021-10-30,Chelsea,Home,0,True,True,premier-league,2021,Newcastle
2021-11-06,Brighton,Away,1,True,True,premier-league,2021,Newcastle
2021-11-20,Brentford,Home,3,True,True,premier-league,2021,Newcastle
2021-11-27,Arsenal,Away,0,True,True,premier-league,2021,Newcastle
2021-11-30,Norwich,Home,1,True,True,premier-league,2021,Newcastle
2021-12-04,Burnley,Home,1,True,True,premier-league,2021,Newcastle
2021-12-12,Leicester,Away,0,True,True,premier-league,2021,Newcastle
2021-12-16,Liverpool,Away,1,True,True,premier-league,2021,Newcastle
2021-12-19,Man City,Home,0,True,True,premier-league,2021,Newcastle
2021-12-27,Man United,Home,1,True,True,premier-league,2021,Newcastle
2022-01-15,Watford,Home,1,True,True,premier-league,2021,Newcastle
2022-01-22,Leeds,Away,1,True,True,premier-league,2021,Newcastle
2022-02-08,Everton,Home,3,True,True,premier-league,2021,Newcastle
2022-02-13,Aston Villa,Home,1,True,True,premier-league,2021,Newcastle
2022-02-19,West Ham,Away,1,True,True,premier-league,2021,Newcastle
2022-02-26,Brentford,Away,2,True,True,premier-league,2021,Newcastle
2022-03-05,Brighton,Home,2,True,True,premier-league,2021,Newcastle
2022-03-10,Southampton,Away,2,True,True,premier-league,2021,Newcastle
2022-03-13,Chelsea,Away,0,True,True,premier-league,2021,Newcastle
2022-03-17,Everton,Away,0,True,True,premier-league,2021,Newcastle
2022-04-03,Tottenham,Away,1,True,True,premier-league,2021,Newcastle
2022-04-08,Wolves,Home,1,True,True,premier-league,2021,Newcastle
2022-04-17,Leicester,Home,2,True,True,premier-league,2021,Newcastle
2022-04-20,Crystal Palace,Home,1,True,True,premier-league,2021,Newcastle
2022-04-23,Norwich,Away,3,True,True,premier-league,2021,Newcastle
2022-04-30,Liverpool,Home,0,True,True,premier-league,2021,Newcastle
2022-05-08,Man City,Away,0,True,True,premier-league,2021,Newcastle
2022-05-16,Arsenal,Home,2,True,True,premier-league,2021,Newcastle
2022-05-22,Burnley,Away,2,True,True,premier-league,2021,Newcastle
2021-08-14,Liverpool,Home,0,True,True,premier-league,2021,Norwich
2021-08-21,Man City,Away,0,True,True,premier-league,2021,Norwich
2021-08-28,Leicester,Home,1,True,True,premier-league,2021,Norwich
2021-09-11,Arsenal,Away,0,True,True,premier-league,2021,Norwich
2021-09-18,Watford,Home,1,True,True,premier-league,2021,Norwich
2021-09-25,Everton,Away,0,True,True,premier-league,2021,Norwich
2021-10-02,Burnley,Away,0,True,True,premier-league,2021,Norwich
2021-10-16,Brighton,Home,0,True,True,premier-league,2021,Norwich
2021-10-23,Chelsea,Away,0,True,True,premier-league,2021,Norwich
2021-10-31,Leeds,Home,1,True,True,premier-league,2021,Norwich
2021-11-06,Brentford,Away,2,True,True,premier-league,2021,Norwich
2021-11-20,Southampton,Home,2,True,True,premier-league,2021,Norwich
2021-11-27,Wolves,Home,0,True,True,premier-league,2021,Norwich
2021-11-30,Newcastle,Away,1,True,True,premier-league,2021,Norwich
2021-12-05,Tottenham,Away,0,True,True,premier-league,2021,Norwich
2021-12-11,Man United,Home,0,True,True,premier-league,2021,Norwich
2021-12-14,Aston Villa,Home,0,True,True,premier-league,2021,Norwich
2021-12-26,Arsenal,Home,0,True,True,premier-league,2021,Norwich
2021-12-28,Crystal Palace,Away,0,True,True,premier-league,2021,Norwich
2022-01-12,West Ham,Away,0,True,True,premier-league,2021,Norwich
2022-01-15,Everton,Home,2,True,True,premier-league,2021,Norwich
2022-01-21,Watford,Away,3,True,True,premier-league,2021,Norwich
2022-02-09,Crystal Palace,Home,1,True,True,premier-league,2021,Norwich
2022-02-12,Man City,Home,0,True,True,premier-league,2021,Norwich
2022-02-19,Liverpool,Away,1,True,True,premier-league,2021,Norwich
2022-02-25,Southampton,Away,0,True,True,premier-league,2021,Norwich
2022-03-05,Brentford,Home,1,True,True,premier-league,2021,Norwich
2022-03-10,Chelsea,Home,1,True,True,premier-league,2021,Norwich
2022-03-13,Leeds,Away,1,True,True,premier-league,2021,Norwich
2022-04-02,Brighton,Away,0,True,True,premier-league,2021,Norwich
2022-04-10,Burnley,Home,2,True,True,premier-league,2021,Norwich
2022-04-16,Man United,Away,2,True,True,premier-league,2021,Norwich
2022-04-23,Newcastle,Home,0,True,True,premier-league,2021,Norwich
2022-04-30,Aston Villa,Away,0,True,True,premier-league,2021,Norwich
2022-05-08,West Ham,Home,0,True,True,premier-league,2021,Norwich
2022-05-11,Leicester,Away,0,True,True,premier-league,2021,Norwich
2022-05-15,Wolves,Away,1,True,True,premier-league,2021,Norwich
2022-05-22,Tottenham,Home,0,True,True,premier-league,2021,Norwich
2021-08-14,Everton,Away,1,True,True,premier-league,2021,Southampton
2021-08-22,Man United,Home,1,True,True,premier-league,2021,Southampton
2021-08-28,Newcastle,Away,2,True,True,premier-league,2021,Southampton
2021-09-11,West Ham,Home,0,True,True,premier-league,2021,Southampton
2021-09-18,Man City,Away,0,True,True,premier-league,2021,Southampton
2021-09-26,Wolves,Home,0,True,True,premier-league,2021,Southampton
2021-10-02,Chelsea,Away,1,True,True,premier-league,2021,Southampton
2021-10-16,Leeds,Home,1,True,True,premier-league,2021,Southampton
2021-10-23,Burnley,Home,2,True,True,premier-league,2021,Southampton
2021-10-30,Watford,Away,1,True,True,premier-league,2021,Southampton
2021-11-05,Aston Villa,Home,1,True,True,premier-league,2021,Southampton
2021-11-20,Norwich,Away,1,True,True,premier-league,2021,Southampton
2021-11-27,Liverpool,Away,0,True,True,premier-league,2021,Southampton
2021-12-01,Leicester,Home,2,True,True,premier-league,2021,Southampton
2021-12-04,Brighton,Home,1,True,True,premier-league,2021,Southampton
2021-12-11,Arsenal,Away,0,True,True,premier-league,2021,Southampton
2021-12-15,Crystal Palace,Away,2,True,True,premier-league,2021,Southampton
2021-12-26,West Ham,Away,3,True,True,premier-league,2021,Southampton
2021-12-28,Tottenham,Home,1,True,True,premier-league,2021,Southampton
2022-01-11,Brentford,Home,4,True,True,premier-league,2021,Southampton
2022-01-15,Wolves,Away,1,True,True,premier-league,2021,Southampton
2022-01-22,Man City,Home,1,True,True,premier-league,2021,Southampton
2022-02-09,Tottenham,Away,3,True,True,premier-league,2021,Southampton
2022-02-12,Man United,Away,1,True,True,premier-league,2021,Southampton
2022-02-19,Everton,Home,2,True,True,premier-league,2021,Southampton
2022-02-25,Norwich,Home,2,True,True,premier-league,2021,Southampton
2022-03-05,Aston Villa,Away,0,True,True,premier-league,2021,Southampton
2022-03-10,Newcastle,Home,1,True,True,premier-league,2021,Southampton
2022-03-13,Watford,Home,1,True,True,premier-league,2021,Southampton
2022-04-02,Leeds,Away,1,True,True,premier-league,2021,Southampton
2022-04-09,Chelsea,Home,0,True,True,premier-league,2021,Southampton
2022-04-16,Arsenal,Home,1,True,True,premier-league,2021,Southampton
2022-04-21,Burnley,Away,0,True,True,premier-league,2021,Southampton
2022-04-24,Brighton,Away,2,True,True,premier-league,2021,Southampton
2022-04-30,Crystal Palace,Home,1,True,True,premier-league,2021,Southampton
2022-05-07,Brentford,Away,0,True,True,premier-league,2021,Southampton
2022-05-17,Liverpool,Home,1,True,True,premier-league,2021,Southampton
2022-05-22,Leicester,Away,1,True,True,premier-league,2021,Southampton
2021-08-15,Man City,Home,1,True,True,premier-league,2021,Tottenham
2021-08-22,Wolves,Away,1,True,True,premier-league,2021,Tottenham
2021-08-29,Watford,Home,1,True,True,premier-league,2021,Tottenham
2021-09-11,Crystal Palace,Away,0,True,True,premier-league,2021,Tottenham
2021-09-19,Chelsea,Home,0,True,True,premier-league,2021,Tottenham
2021-09-26,Arsenal,Away,1,True,True,premier-league,2021,Tottenham
2021-10-03,Aston Villa,Home,2,True,True,premier-league,2021,Tottenham
2021-10-17,Newcastle,Away,3,True,True,premier-league,2021,Tottenham
2021-10-24,West Ham,Away,0,True,True,premier-league,2021,Tottenham
2021-10-30,Man United,Home,0,True,True,premier-league,2021,Tottenham
2021-11-07,Everton,Away,0,True,True,premier-league,2021,Tottenham
2021-11-21,Leeds,Home,2,True,True,premier-league,2021,Tottenham
2021-12-02,Brentford,Home,2,True,True,premier-league,2021,Tottenham
2021-12-05,Norwich,Home,3,True,True,premier-league,2021,Tottenham
2021-12-19,Liverpool,Home,2,True,True,premier-league,2021,Tottenham
2021-12-26,Crystal Palace,Home,3,True,True,premier-league,2021,Tottenham
2021-12-28,Southampton,Away,1,True,True,premier-league,2021,Tottenham
2022-01-01,Watford,Away,1,True,True,premier-league,2021,Tottenham
2022-01-19,Leicester,Away,3,True,True,premier-league,2021,Tottenham
2022-01-23,Chelsea,Away,0,True,True,premier-league,2021,Tottenham
2022-02-09,Southampton,Home,2,True,True,premier-league,2021,Tottenham
2022-02-13,Wolves,Home,0,True,True,premier-league,2021,Tottenham
2022-02-19,Man City,Away,3,True,True,premier-league,2021,Tottenham
2022-02-23,Burnley,Away,0,True,True,premier-league,2021,Tottenham
2022-02-26,Leeds,Away,4,True,True,premier-league,2021,Tottenham
2022-03-07,Everton,Home,5,True,True,premier-league,2021,Tottenham
2022-03-12,Man United,Away,2,True,True,premier-league,2021,Tottenham
2022-03-16,Brighton,Away,2,True,True,premier-league,2021,Tottenham
2022-03-20,West Ham,Home,3,True,True,premier-league,2021,Tottenham
2022-04-03,Newcastle,Home,5,True,True,premier-league,2021,Tottenham
2022-04-09,Aston Villa,Away,4,True,True,premier-league,2021,Tottenham
2022-04-16,Brighton,Home,0,True,True,premier-league,2021,Tottenham
2022-04-23,Brentford,Away,0,True,True,premier-league,2021,Tottenham
2022-05-01,Leicester,Home,3,True,True,premier-league,2021,Tottenham
2022-05-07,Liverpool,Away,1,True,True,premier-league,2021,Tottenham
2022-05-12,Arsenal,Home,3,True,True,premier-league,2021,Tottenham
2022-05-15,Burnley,Home,1,True,True,premier-league,2021,Tottenham
2022-05-22,Norwich,Away,5,True,True,premier-league,2021,Tottenham
2021-08-14,Aston Villa,Home,3,True,True,premier-league,2021,Watford
2021-08-21,Brighton,Away,0,True,True,premier-league,2021,Watford
2021-08-29,Tottenham,Away,0,True,True,premier-league,2021,Watford
2021-09-11,Wolves,Home,0,True,True,premier-league,2021,Watford
2021-09-18,Norwich,Away,3,True,True,premier-league,2021,Watford
2021-09-25,Newcastle,Home,1,True,True,premier-league,2021,Watford
2021-10-02,Leeds,Away,0,True,True,premier-league,2021,Watford
2021-10-16,Liverpool,Home,0,True,True,premier-league,2021,Watford
2021-10-23,Everton,Away,5,True,True,premier-league,2021,Watford
2021-10-30,Southampton,Home,0,True,True,premier-league,2021,Watford
2021-11-07,Arsenal,Away,0,True,True,premier-league,2021,Watford
2021-11-20,Man United,Home,4,True,True,premier-league,2021,Watford
2021-11-28,Leicester,Away,2,True,True,premier-league,2021,Watford
2021-12-01,Chelsea,Home,1,True,True,premier-league,2021,Watford
2021-12-04,Man City,Home,1,True,True,premier-league,2021,Watford
2021-12-10,Brentford,Away,1,True,True,premier-league,2021,Watford
2021-12-28,West Ham,Home,1,True,True,premier-league,2021,Watford
2022-01-01,Tottenham,Home,0,True,True,premier-league,2021,Watford
2022-01-15,Newcastle,Away,1,True,True,premier-league,2021,Watford
2022-01-21,Norwich,Home,0,True,True,premier-league,2021,Watford
2022-02-05,Burnley,Away,0,True,True,premier-league,2021,Watford
2022-02-08,West Ham,Away,0,True,True,premier-league,2021,Watford
2022-02-12,Brighton,Home,0,True,True,premier-league,2021,Watford
2022-02-19,Aston Villa,Away,1,True,True,premier-league,2021,Watford
2022-02-23,Crystal Palace,Home,1,True,True,premier-league,2021,Watford
2022-02-26,Man United,Away,0,True,True,premier-league,2021,Watford
2022-03-06,Arsenal,Home,2,True,True,premier-league,2021,Watford
2022-03-10,Wolves,Away,0,True,True,premier-league,2021,Watford
2022-03-13,Southampton,Away,2,True,True,premier-league,2021,Watford
2022-04-02,Liverpool,Away,0,True,True,premier-league,2021,Watford
2022-04-09,Leeds,Home,0,True,True,premier-league,2021,Watford
2022-04-16,Brentford,Home,1,True,True,premier-league,2021,Watford
2022-04-23,Man City,Away,1,True,True,premier-league,2021,Watford
2022-04-30,Burnley,Home,1,True,True,premier-league,2021,Watford
2022-05-07,Crystal Palace,Away,0,True,True,premier-league,2021,Watford
2022-05-11,Everton,Home,0,True,True,premier-league,2021,Watford
2022-05-15,Leicester,Home,1,True,True,premier-league,2021,Watford
2022-05-22,Chelsea,Away,1,True,True,premier-league,2021,Watford
2021-08-15,Newcastle,Away,4,True,True,premier-league,2021,West Ham
2021-08-23,Leicester,Home,4,True,True,premier-league,2021,West Ham
2021-08-28,Crystal Palace,Home,2,True,True,premier-league,2021,West Ham
2021-09-11,Southampton,Away,0,True,True,premier-league,2021,West Ham
2021-09-19,Man United,Home,1,True,True,premier-league,2021,West Ham
2021-09-25,Leeds,Away,2,True,True,premier-league,2021,West Ham
2021-10-03,Brentford,Home,1,True,True,premier-league,2021,West Ham
2021-10-17,Everton,Away,1,True,True,premier-league,2021,West Ham
2021-10-24,Tottenham,Home,1,True,True,premier-league,2021,West Ham
2021-10-31,Aston Villa,Away,4,True,True,premier-league,2021,West Ham
2021-11-07,Liverpool,Home,3,True,True,premier-league,2021,West Ham
2021-11-20,Wolves,Away,0,True,True,premier-league,2021,West Ham
2021-11-28,Man City,Away,1,True,True,premier-league,2021,West Ham
2021-12-01,Brighton,Home,1,True,True,premier-league,2021,West Ham
2021-12-04,Chelsea,Home,3,True,True,premier-league,2021,West Ham
2021-12-12,Burnley,Away,0,True,True,premier-league,2021,West Ham
2021-12-15,Arsenal,Away,0,True,True,premier-league,2021,West Ham
2021-12-26,Southampton,Home,2,True,True,premier-league,2021,West Ham
2021-12-28,Watford,Away,4,True,True,premier-league,2021,West Ham
2022-01-01,Crystal Palace,Away,3,True,True,premier-league,2021,West Ham
2022-01-12,Norwich,Home,2,True,True,premier-league,2021,West Ham
2022-01-16,Leeds,Home,2,True,True,premier-league,2021,West Ham
2022-01-22,Man United,Away,0,True,True,premier-league,2021,West Ham
2022-02-08,Watford,Home,1,True,True,premier-league,2021,West Ham
2022-02-13,Leicester,Away,2,True,True,premier-league,2021,West Ham
2022-02-19,Newcastle,Home,1,True,True,premier-league,2021,West Ham
2022-02-27,Wolves,Home,1,True,True,premier-league,2021,West Ham
2022-03-05,Liverpool,Away,0,True,True,premier-league,2021,West Ham
2022-03-13,Aston Villa,Home,2,True,True,premier-league,2021,West Ham
2022-03-20,Tottenham,Away,1,True,True,premier-league,2021,West Ham
2022-04-03,Everton,Home,2,True,True,premier-league,2021,West Ham
2022-04-10,Brentford,Away,0,True,True,premier-league,2021,West Ham
2022-04-17,Burnley,Home,1,True,True,premier-league,2021,West Ham
2022-04-24,Chelsea,Away,0,True,True,premier-league,2021,West Ham
2022-05-01,Arsenal,Home,1,True,True,premier-league,2021,West Ham
2022-05-08,Norwich,Away,4,True,True,premier-league,2021,West Ham
2022-05-15,Man City,Home,2,True,True,premier-league,2021,West Ham
2022-05-22,Brighton,Away,1,True,True,premier-league,2021,West Ham
2021-08-14,Leicester,Away,0,True,True,premier-league,2021,Wolves
2021-08-22,Tottenham,Home,0,True,True,premier-league,2021,Wolves
2021-08-29,Man United,Home,0,True,True,premier-league,2021,Wolves
2021-09-11,Watford,Away,2,True,True,premier-league,2021,Wolves
2021-09-18,Brentford,Home,0,True,True,premier-league,2021,Wolves
2021-09-26,Southampton,Away,1,True,True,premier-league,2021,Wolves
2021-10-02,Newcastle,Home,2,True,True,premier-league,2021,Wolves
2021-10-16,Aston Villa,Away,3,True,True,premier-league,2021,Wolves
2021-10-23,Leeds,Away,1,True,True,premier-league,2021,Wolves
2021-11-01,Everton,Home,2,True,True,premier-league,2021,Wolves
2021-11-06,Crystal Palace,Away,0,True,True,premier-league,2021,Wolves
2021-11-20,West Ham,Home,1,True,True,premier-league,2021,Wolves
2021-11-27,Norwich,Away,0,True,True,premier-league,2021,Wolves
2021-12-01,Burnley,Home,0,True,True,premier-league,2021,Wolves
2021-12-04,Liverpool,Home,0,True,True,premier-league,2021,Wolves
2021-12-11,Man City,Away,0,True,True,premier-league,2021,Wolves
2021-12-15,Brighton,Away,1,True,True,premier-league,2021,Wolves
2021-12-19,Chelsea,Home,0,True,True,premier-league,2021,Wolves
2022-01-03,Man United,Away,1,True,True,premier-league,2021,Wolves
2022-01-15,Southampton,Home,3,True,True,premier-league,2021,Wolves
2022-01-22,Brentford,Away,2,True,True,premier-league,2021,Wolves
2022-02-10,Arsenal,Home,0,True,True,premier-league,2021,Wolves
2022-02-13,Tottenham,Away,2,True,True,premier-league,2021,Wolves
2022-02-20,Leicester,Home,2,True,True,premier-league,2021,Wolves
2022-02-24,Arsenal,Away,1,True,True,premier-league,2021,Wolves
2022-02-27,West Ham,Away,0,True,True,premier-league,2021,Wolves
2022-03-05,Crystal Palace,Home,0,True,True,premier-league,2021,Wolves
2022-03-10,Watford,Home,4,True,True,premier-league,2021,Wolves
2022-03-13,Everton,Away,1,True,True,premier-league,2021,Wolves
2022-03-18,Leeds,Home,2,True,True,premier-league,2021,Wolves
2022-04-02,Aston Villa,Home,2,True,True,premier-league,2021,Wolves
2022-04-08,Newcastle,Away,0,True,True,premier-league,2021,Wolves
2022-04-24,Burnley,Away,0,True,True,premier-league,2021,Wolves
2022-04-30,Brighton,Home,0,True,True,premier-league,2021,Wolves
2022-05-07,Chelsea,Away,2,True,True,premier-league,2021,Wolves
2022-05-11,Man City,Home,1,True,True,premier-league,2021,Wolves
2022-05-15,Norwich,Home,1,True,True,premier-league,2021,Wolves
2022-05-22,Liverpool,Away,1,True,True,premier-league,2021,Wolves
2022-08-05,Crystal Palace,Away,2,True,True,premier-league,2022,Arsenal
2022-08-13,Leicester,Home,4,True,True,premier-league,2022,Arsenal
2022-08-20,Bournemouth,Away,3,True,True,premier-league,2022,Arsenal
2022-08-27,Fulham,Home,2,True,True,premier-league,2022,Arsenal
2022-08-31,Aston Villa,Home,2,True,True,premier-league,2022,Arsenal
2022-09-04,Man United,Away,1,True,True,premier-league,2022,Arsenal
2022-09-18,Brentford,Away,3,True,True,premier-league,2022,Arsenal
2022-10-01,Tottenham,Home,3,True,True,premier-league,2022,Arsenal
2022-10-09,Liverpool,Home,3,True,True,premier-league,2022,Arsenal
2022-10-16,Leeds,Away,1,True,True,premier-league,2022,Arsenal
2022-10-23,Southampton,Away,1,True,True,premier-league,2022,Arsenal
2022-10-30,Nott'm Forest,Home,5,True,True,premier-league,2022,Arsenal
2022-11-06,Chelsea,Away,1,True,True,premier-league,2022,Arsenal
2022-11-12,Wolves,Away,2,True,True,premier-league,2022,Arsenal
2022-12-26,West Ham,Home,3,True,True,premier-league,2022,Arsenal
2022-12-31,Brighton,Away,4,True,True,premier-league,2022,Arsenal
2023-01-03,Newcastle,Home,0,True,True,premier-league,2022,Arsenal
2023-01-15,Tottenham,Away,2,True,True,premier-league,2022,Arsenal
2023-01-22,Man United,Home,3,True,True,premier-league,2022,Arsenal
2023-02-04,Everton,Away,0,True,True,premier-league,2022,Arsenal
2023-02-11,Brentford,Home,1,True,True,premier-league,2022,Arsenal
2023-02-15,Man City,Home,1,True,True,premier-league,2022,Arsenal
2023-02-18,Aston Villa,Away,4,True,True,premier-league,2022,Arsenal
2023-02-25,Leicester,Away,1,True,True,premier-league,2022,Arsenal
2023-03-01,Everton,Home,4,True,True,premier-league,2022,Arsenal
2023-03-04,Bournemouth,Home,3,True,True,premier-league,2022,Arsenal
2023-03-12,Fulham,Away,3,True,True,premier-league,2022,Arsenal
2023-03-19,Crystal Palace,Home,4,True,True,premier-league,2022,Arsenal
2023-04-01,Leeds,Home,4,True,True,premier-league,2022,Arsenal
2023-04-09,Liverpool,Away,2,True,True,premier-league,2022,Arsenal
2023-04-16,West Ham,Away,2,True,True,premier-league,2022,Arsenal
2023-04-21,Southampton,Home,3,True,True,premier-league,2022,Arsenal
2023-04-26,Man City,Away,1,True,True,premier-league,2022,Arsenal
2023-05-02,Chelsea,Home,3,True,True,premier-league,2022,Arsenal
2023-05-07,Newcastle,Away,2,True,True,premier-league,2022,Arsenal
2023-05-14,Brighton,Home,0,True,True,premier-league,2022,Arsenal
2023-05-20,Nott'm Forest,Away,0,True,True,premier-league,2022,Arsenal
2023-05-28,Wolves,Home,5,True,True,premier-league,2022,Arsenal
2022-08-06,Bournemouth,Away,0,True,True,premier-league,2022,Aston Villa
2022-08-13,Everton,Home,2,True,True,premier-league,2022,Aston Villa
2022-08-20,Crystal Palace,Away,1,True,True,premier-league,2022,Aston Villa
2022-08-28,West Ham,Home,0,True,True,premier-league,2022,Aston Villa
2022-08-31,Arsenal,Away,1,True,True,premier-league,2022,Aston Villa
2022-09-03,Man City,Home,1,True,True,premier-league,2022,Aston Villa
2022-09-16,Southampton,Home,1,True,True,premier-league,2022,Aston Villa
2022-10-02,Leeds,Away,0,True,True,premier-league,2022,Aston Villa
2022-10-10,Nott'm Forest,Away,1,True,True,premier-league,2022,Aston Villa
2022-10-16,Chelsea,Home,0,True,True,premier-league,2022,Aston Villa
2022-10-20,Fulham,Away,0,True,True,premier-league,2022,Aston Villa
2022-10-23,Brentford,Home,4,True,True,premier-league,2022,Aston Villa
2022-10-29,Newcastle,Away,0,True,True,premier-league,2022,Aston Villa
2022-11-06,Man United,Home,3,True,True,premier-league,2022,Aston Villa
2022-11-13,Brighton,Away,2,True,True,premier-league,2022,Aston Villa
2022-12-26,Liverpool,Home,1,True,True,premier-league,2022,Aston Villa
2023-01-01,Tottenham,Away,2,True,True,premier-league,2022,Aston Villa
2023-01-04,Wolves,Home,1,True,True,premier-league,2022,Aston Villa
2023-01-13,Leeds,Home,2,True,True,premier-league,2022,Aston Villa
2023-01-21,Southampton,Away,1,True,True,premier-league,2022,Aston Villa
2023-02-04,Leicester,Home,2,True,True,premier-league,2022,Aston Villa
2023-02-12,Man City,Away,1,True,True,premier-league,2022,Aston Villa
2023-02-18,Arsenal,Home,2,True,True,premier-league,2022,Aston Villa
2023-02-25,Everton,Away,2,True,True,premier-league,2022,Aston Villa
2023-03-04,Crystal Palace,Home,1,True,True,premier-league,2022,Aston Villa
2023-03-12,West Ham,Away,1,True,True,premier-league,2022,Aston Villa
2023-03-18,Bournemouth,Home,3,True,True,premier-league,2022,Aston Villa
2023-04-01,Chelsea,Away,2,True,True,premier-league,2022,Aston Villa
2023-04-04,Leicester,Away,2,True,True,premier-league,2022,Aston Villa
2023-04-08,Nott'm Forest,Home,2,True,True,premier-league,2022,Aston Villa
2023-04-15,Newcastle,Home,3,True,True,premier-league,2022,Aston Villa
2023-04-22,Brentford,Away,1,True,True,premier-league,2022,Aston Villa
2023-04-25,Fulham,Home,1,True,True,premier-league,2022,Aston Villa
2023-04-30,Man United,Away,0,True,True,premier-league,2022,Aston Villa
2023-05-06,Wolves,Away,0,True,True,premier-league,2022,Aston Villa
2023-05-13,Tottenham,Home,2,True,True,premier-league,2022,Aston Villa
2023-05-20,Liverpool,Away,1,True,True,premier-league,2022,Aston Villa
2023-05-28,Brighton,Home,2,True,True,premier-league,2022,Aston Villa
2022-08-06,Aston Villa,Home,2,True,True,premier-league,2022,Bournemouth
2022-08-13,Man City,Away,0,True,True,premier-league,2022,Bournemouth
2022-08-20,Arsenal,Home,0,True,True,premier-league,2022,Bournemouth
2022-08-27,Liverpool,Away,0,True,True,premier-league,2022,Bournemouth
2022-08-31,Wolves,Home,0,True,True,premier-league,2022,Bournemouth
2022-09-03,Nott'm Forest,Away,3,True,True,premier-league,2022,Bournemouth
2022-09-17,Newcastle,Away,1,True,True,premier-league,2022,Bournemouth
2022-10-01,Brentford,Home,0,True,True,premier-league,2022,Bournemouth
2022-10-08,Leicester,Home,2,True,True,premier-league,2022,Bournemouth
2022-10-15,Fulham,Away,2,True,True,premier-league,2022,Bournemouth
2022-10-19,Southampton,Home,0,True,True,premier-league,2022,Bournemouth
2022-10-24,West Ham,Away,0,True,True,premier-league,2022,Bournemouth
2022-10-29,Tottenham,Home,2,True,True,premier-league,2022,Bournemouth
2022-11-05,Leeds,Away,3,True,True,premier-league,2022,Bournemouth
2022-11-12,Everton,Home,3,True,True,premier-league,2022,Bournemouth
2022-12-27,Chelsea,Away,0,True,True,premier-league,2022,Bournemouth
2022-12-31,Crystal Palace,Home,0,True,True,premier-league,2022,Bournemouth
2023-01-03,Man United,Away,0,True,True,premier-league,2022,Bournemouth
2023-01-14,Brentford,Away,0,True,True,premier-league,2022,Bournemouth
2023-01-21,Nott'm Forest,Home,1,True,True,premier-league,2022,Bournemouth
2023-02-04,Brighton,Away,0,True,True,premier-league,2022,Bournemouth
2023-02-11,Newcastle,Home,1,True,True,premier-league,2022,Bournemouth
2023-02-18,Wolves,Away,1,True,True,premier-league,2022,Bournemouth
2023-02-25,Man City,Home,1,True,True,premier-league,2022,Bournemouth
2023-03-04,Arsenal,Away,2,True,True,premier-league,2022,Bournemouth
2023-03-11,Liverpool,Home,1,True,True,premier-league,2022,Bournemouth
2023-03-18,Aston Villa,Away,0,True,True,premier-league,2022,Bournemouth
2023-04-01,Fulham,Home,2,True,True,premier-league,2022,Bournemouth
2023-04-04,Brighton,Home,0,True,True,premier-league,2022,Bournemouth
2023-04-08,Leicester,Away,1,True,True,premier-league,2022,Bournemouth
2023-04-15,Tottenham,Away,3,True,True,premier-league,2022,Bournemouth
2023-04-23,West Ham,Home,0,True,True,premier-league,2022,Bournemouth
2023-04-27,Southampton,Away,1,True,True,premier-league,2022,Bournemouth
2023-04-30,Leeds,Home,4,True,True,premier-league,2022,Bournemouth
2023-05-06,Chelsea,Home,1,True,True,premier-league,2022,Bournemouth
2023-05-13,Crystal Palace,Away,0,True,True,premier-league,2022,Bournemouth
2023-05-20,Man United,Home,0,True,True,premier-league,2022,Bournemouth
2023-05-28,Everton,Away,0,True,True,premier-league,2022,Bournemouth
2022-08-07,Leicester,Away,2,True,True,premier-league,2022,Brentford
2022-08-13,Man United,Home,4,True,True,premier-league,2022,Brentford
2022-08-20,Fulham,Away,2,True,True,premier-league,2022,Brentford
2022-08-27,Everton,Home,1,True,True,premier-league,2022,Brentford
2022-08-30,Crystal Palace,Away,1,True,True,premier-league,2022,Brentford
2022-09-03,Leeds,Home,5,True,True,premier-league,2022,Brentford
2022-09-18,Arsenal,Home,0,True,True,premier-league,2022,Brentford
2022-10-01,Bournemouth,Away,0,True,True,premier-league,2022,Brentford
2022-10-08,Newcastle,Away,1,True,True,premier-league,2022,Brentford
2022-10-14,Brighton,Home,2,True,True,premier-league,2022,Brentford
2022-10-19,Chelsea,Home,0,True,True,premier-league,2022,Brentford
2022-10-23,Aston Villa,Away,0,True,True,premier-league,2022,Brentford
2022-10-29,Wolves,Home,1,True,True,premier-league,2022,Brentford
2022-11-05,Nott'm Forest,Away,2,True,True,premier-league,2022,Brentford
2022-11-12,Man City,Away,2,True,True,premier-league,2022,Brentford
2022-12-26,Tottenham,Home,2,True,True,premier-league,2022,Brentford
2022-12-30,West Ham,Away,2,True,True,premier-league,2022,Brentford
2023-01-02,Liverpool,Home,3,True,True,premier-league,2022,Brentford
2023-01-14,Bournemouth,Home,2,True,True,premier-league,2022,Brentford
2023-01-22,Leeds,Away,0,True,True,premier-league,2022,Brentford
2023-02-04,Southampton,Home,3,True,True,premier-league,2022,Brentford
2023-02-11,Arsenal,Away,1,True,True,premier-league,2022,Brentford
2023-02-18,Crystal Palace,Home,1,True,True,premier-league,2022,Brentford
2023-03-06,Fulham,Home,3,True,True,premier-league,2022,Brentford
2023-03-11,Everton,Away,0,True,True,premier-league,2022,Brentford
2023-03-15,Southampton,Away,2,True,True,premier-league,2022,Brentford
2023-03-18,Leicester,Home,1,True,True,premier-league,2022,Brentford
2023-04-01,Brighton,Away,3,True,True,premier-league,2022,Brentford
2023-04-05,Man United,Away,0,True,True,premier-league,2022,Brentford
2023-04-08,Newcastle,Home,1,True,True,premier-league,2022,Brentford
2023-04-15,Wolves,Away,0,True,True,premier-league,2022,Brentford
2023-04-22,Aston Villa,Home,1,True,True,premier-league,2022,Brentford
2023-04-26,Chelsea,Away,2,True,True,premier-league,2022,Brentford
2023-04-29,Nott'm Forest,Home,2,True,True,premier-league,2022,Brentford
2023-05-06,Liverpool,Away,0,True,True,premier-league,2022,Brentford
2023-05-14,West Ham,Home,2,True,True,premier-league,2022,Brentford
2023-05-20,Tottenham,Away,3,True,True,premier-league,2022,Brentford
2023-05-28,Man City,Home,1,True,True,premier-league,2022,Brentford
2022-08-07,Man United,Away,2,True,True,premier-league,2022,Brighton
2022-08-13,Newcastle,Home,0,True,True,premier-league,2022,Brighton
2022-08-21,West Ham,Away,2,True,True,premier-league,2022,Brighton
2022-08-27,Leeds,Home,1,True,True,premier-league,2022,Brighton
2022-08-30,Fulham,Away,1,True,True,premier-league,2022,Brighton
2022-09-04,Leicester,Home,5,True,True,premier-league,2022,Brighton
2022-10-01,Liverpool,Away,3,True,True,premier-league,2022,Brighton
2022-10-08,Tottenham,Home,0,True,True,premier-league,2022,Brighton
2022-10-14,Brentford,Away,0,True,True,premier-league,2022,Brighton
2022-10-18,Nott'm Forest,Home,0,True,True,premier-league,2022,Brighton
2022-10-22,Man City,Away,1,True,True,premier-league,2022,Brighton
2022-10-29,Chelsea,Home,4,True,True,premier-league,2022,Brighton
2022-11-05,Wolves,Away,3,True,True,premier-league,2022,Brighton
2022-11-13,Aston Villa,Home,1,True,True,premier-league,2022,Brighton
2022-12-26,Southampton,Away,3,True,True,premier-league,2022,Brighton
2022-12-31,Arsenal,Home,2,True,True,premier-league,2022,Brighton
2023-01-03,Everton,Away,4,True,True,premier-league,2022,Brighton
2023-01-14,Liverpool,Home,3,True,True,premier-league,2022,Brighton
2023-01-21,Leicester,Away,2,True,True,premier-league,2022,Brighton
2023-02-04,Bournemouth,Home,1,True,True,premier-league,2022,Brighton
2023-02-11,Crystal Palace,Away,1,True,True,premier-league,2022,Brighton
2023-02-18,Fulham,Home,0,True,True,premier-league,2022,Brighton
2023-03-04,West Ham,Home,4,True,True,premier-league,2022,Brighton
2023-03-11,Leeds,Away,2,True,True,premier-league,2022,Brighton
2023-03-15,Crystal Palace,Home,1,True,True,premier-league,2022,Brighton
2023-04-01,Brentford,Home,3,True,True,premier-league,2022,Brighton
2023-04-04,Bournemouth,Away,2,True,True,premier-league,2022,Brighton
2023-04-08,Tottenham,Away,1,True,True,premier-league,2022,Brighton
2023-04-15,Chelsea,Away,2,True,True,premier-league,2022,Brighton
2023-04-26,Nott'm Forest,Away,1,True,True,premier-league,2022,Brighton
2023-04-29,Wolves,Home,6,True,True,premier-league,2022,Brighton
2023-05-04,Man United,Home,1,True,True,premier-league,2022,Brighton
2023-05-08,Everton,Home,1,True,True,premier-league,2022,Brighton
2023-05-14,Arsenal,Away,3,True,True,premier-league,2022,Brighton
2023-05-18,Newcastle,Away,1,True,True,premier-league,2022,Brighton
2023-05-21,Southampton,Home,3,True,True,premier-league,2022,Brighton
2023-05-24,Man City,Home,1,True,True,premier-league,2022,Brighton
2023-05-28,Aston Villa,Away,1,True,True,premier-league,2022,Brighton
2022-08-06,Everton,Away,1,True,True,premier-league,2022,Chelsea
2022-08-14,Tottenham,Home,2,True,True,premier-league,2022,Chelsea
2022-08-21,Leeds,Away,0,True,True,premier-league,2022,Chelsea
2022-08-27,Leicester,Home,2,True,True,premier-league,2022,Chelsea
2022-08-30,Southampton,Away,1,True,True,premier-league,2022,Chelsea
2022-09-03,West Ham,Home,2,True,True,premier-league,2022,Chelsea
2022-10-01,Crystal Palace,Away,2,True,True,premier-league,2022,Chelsea
2022-10-08,Wolves,Home,3,True,True,premier-league,2022,Chelsea
2022-10-16,Aston Villa,Away,2,True,True,premier-league,2022,Chelsea
2022-10-19,Brentford,Away,0,True,True,premier-league,2022,Chelsea
2022-10-22,Man United,Home,1,True,True,premier-league,2022,Chelsea
2022-10-29,Brighton,Away,1,True,True,premier-league,2022,Chelsea
2022-11-06,Arsenal,Home,0,True,True,premier-league,2022,Chelsea
2022-11-12,Newcastle,Away,0,True,True,premier-league,2022,Chelsea
2022-12-27,Bournemouth,Home,2,True,True,premier-league,2022,Chelsea
2023-01-01,Nott'm Forest,Away,1,True,True,premier-league,2022,Chelsea
2023-01-05,Man City,Home,0,True,True,premier-league,2022,Chelsea
2023-01-12,Fulham,Away,1,True,True,premier-league,2022,Chelsea
2023-01-15,Crystal Palace,Home,1,True,True,premier-league,2022,Chelsea
2023-01-21,Liverpool,Away,0,True,True,premier-league,2022,Chelsea
2023-02-03,Fulham,Home,0,True,True,premier-league,2022,Chelsea
2023-02-11,West Ham,Away,1,True,True,premier-league,2022,Chelsea
2023-02-18,Southampton,Home,0,True,True,premier-league,2022,Chelsea
2023-02-26,Tottenham,Away,0,True,True,premier-league,2022,Chelsea
2023-03-04,Leeds,Home,1,True,True,premier-league,2022,Chelsea
2023-03-11,Leicester,Away,3,True,True,premier-league,2022,Chelsea
2023-03-18,Everton,Home,2,True,True,premier-league,2022,Chelsea
2023-04-01,Aston Villa,Home,0,True,True,premier-league,2022,Chelsea
2023-04-04,Liverpool,Home,0,True,True,premier-league,2022,Chelsea
2023-04-08,Wolves,Away,0,True,True,premier-league,2022,Chelsea
2023-04-15,Brighton,Home,1,True,True,premier-league,2022,Chelsea
2023-04-26,Brentford,Home,0,True,True,premier-league,2022,Chelsea
2023-05-02,Arsenal,Away,1,True,True,premier-league,2022,Chelsea
2023-05-06,Bournemouth,Away,3,True,True,premier-league,2022,Chelsea
2023-05-13,Nott'm Forest,Home,2,True,True,premier-league,2022,Chelsea
2023-05-21,Man City,Away,0,True,True,premier-league,2022,Chelsea
2023-05-25,Man United,Away,1,True,True,premier-league,2022,Chelsea
2023-05-28,Newcastle,Home,1,True,True,premier-league,2022,Chelsea
2022-08-05,Arsenal,Home,0,True,True,premier-league,2022,Crystal Palace
2022-08-15,Liverpool,Away,1,True,True,premier-league,2022,Crystal Palace
2022-08-20,Aston Villa,Home,3,True,True,premier-league,2022,Crystal Palace
2022-08-27,Man City,Away,2,True,True,premier-league,2022,Crystal Palace
2022-08-30,Brentford,Home,1,True,True,premier-league,2022,Crystal Palace
2022-09-03,Newcastle,Away,0,True,True,premier-league,2022,Crystal Palace
2022-10-01,Chelsea,Home,1,True,True,premier-league,2022,Crystal Palace
2022-10-09,Leeds,Home,2,True,True,premier-league,2022,Crystal Palace
2022-10-15,Leicester,Away,0,True,True,premier-league,2022,Crystal Palace
2022-10-18,Wolves,Home,2,True,True,premier-league,2022,Crystal Palace
2022-10-22,Everton,Away,0,True,True,premier-league,2022,Crystal Palace
2022-10-29,Southampton,Home,1,True,True,premier-league,2022,Crystal Palace
2022-11-06,West Ham,Away,2,True,True,premier-league,2022,Crystal Palace
2022-11-12,Nott'm Forest,Away,0,True,True,premier-league,2022,Crystal Palace
2022-12-26,Fulham,Home,0,True,True,premier-league,2022,Crystal Palace
2022-12-31,Bournemouth,Away,2,True,True,premier-league,2022,Crystal Palace
2023-01-04,Tottenham,Home,0,True,True,premier-league,2022,Crystal Palace
2023-01-15,Chelsea,Away,0,True,True,premier-league,2022,Crystal Palace
2023-01-18,Man United,Home,1,True,True,premier-league,2022,Crystal Palace
2023-01-21,Newcastle,Home,0,True,True,premier-league,2022,Crystal Palace
2023-02-04,Man United,Away,1,True,True,premier-league,2022,Crystal Palace
2023-02-11,Brighton,Home,1,True,True,premier-league,2022,Crystal Palace
2023-02-18,Brentford,Away,1,True,True,premier-league,2022,Crystal Palace
2023-02-25,Liverpool,Home,0,True,True,premier-league,2022,Crystal Palace
2023-03-04,Aston Villa,Away,0,True,True,premier-league,2022,Crystal Palace
2023-03-11,Man City,Home,0,True,True,premier-league,2022,Crystal Palace
2023-03-15,Brighton,Away,0,True,True,premier-league,2022,Crystal Palace
2023-03-19,Arsenal,Away,1,True,True,premier-league,2022,Crystal Palace
2023-04-01,Leicester,Home,2,True,True,premier-league,2022,Crystal Palace
2023-04-09,Leeds,Away,5,True,True,premier-league,2022,Crystal Palace
2023-04-15,Southampton,Away,2,True,True,premier-league,2022,Crystal Palace
2023-04-22,Everton,Home,0,True,True,premier-league,2022,Crystal Palace
2023-04-25,Wolves,Away,0,True,True,premier-league,2022,Crystal Palace
2023-04-29,West Ham,Home,4,True,True,premier-league,2022,Crystal Palace
2023-05-06,Tottenham,Away,0,True,True,premier-league,2022,Crystal Palace
2023-05-13,Bournemouth,Home,2,True,True,premier-league,2022,Crystal Palace
2023-05-20,Fulham,Away,2,True,True,premier-league,2022,Crystal Palace
2023-05-28,Nott'm Forest,Home,1,True,True,premier-league,2022,Crystal Palace
2022-08-06,Chelsea,Home,0,True,True,premier-league,2022,Everton
2022-08-13,Aston Villa,Away,1,True,True,premier-league,2022,Everton
2022-08-20,Nott'm Forest,Home,1,True,True,premier-league,2022,Everton
2022-08-27,Brentford,Away,1,True,True,premier-league,2022,Everton
2022-08-30,Leeds,Away,1,True,True,premier-league,2022,Everton
2022-09-03,Liverpool,Home,0,True,True,premier-league,2022,Everton
2022-09-18,West Ham,Home,1,True,True,premier-league,2022,Everton
2022-10-01,Southampton,Away,2,True,True,premier-league,2022,Everton
2022-10-09,Man United,Home,1,True,True,premier-league,2022,Everton
2022-10-15,Tottenham,Away,0,True,True,premier-league,2022,Everton
2022-10-19,Newcastle,Away,0,True,True,premier-league,2022,Everton
2022-10-22,Crystal Palace,Home,3,True,True,premier-league,2022,Everton
2022-10-29,Fulham,Away,0,True,True,premier-league,2022,Everton
2022-11-05,Leicester,Home,0,True,True,premier-league,2022,Everton
2022-11-12,Bournemouth,Away,0,True,True,premier-league,2022,Everton
2022-12-26,Wolves,Home,1,True,True,premier-league,2022,Everton
2022-12-31,Man City,Away,1,True,True,premier-league,2022,Everton
2023-01-03,Brighton,Home,1,True,True,premier-league,2022,Everton
2023-01-14,Southampton,Home,1,True,True,premier-league,2022,Everton
2023-01-21,West Ham,Away,0,True,True,premier-league,2022,Everton
2023-02-04,Arsenal,Home,1,True,True,premier-league,2022,Everton
2023-02-13,Liverpool,Away,0,True,True,premier-league,2022,Everton
2023-02-18,Leeds,Home,1,True,True,premier-league,2022,Everton
2023-02-25,Aston Villa,Home,0,True,True,premier-league,2022,Everton
2023-03-01,Arsenal,Away,0,True,True,premier-league,2022,Everton
2023-03-05,Nott'm Forest,Away,2,True,True,premier-league,2022,Everton
2023-03-11,Brentford,Home,1,True,True,premier-league,2022,Everton
2023-03-18,Chelsea,Away,2,True,True,premier-league,2022,Everton
2023-04-03,Tottenham,Home,1,True,True,premier-league,2022,Everton
2023-04-08,Man United,Away,0,True,True,premier-league,2022,Everton
2023-04-15,Fulham,Home,1,True,True,premier-league,2022,Everton
2023-04-22,Crystal Palace,Away,0,True,True,premier-league,2022,Everton
2023-04-27,Newcastle,Home,1,True,True,premier-league,2022,Everton
2023-05-01,Leicester,Away,2,True,True,premier-league,2022,Everton
2023-05-08,Brighton,Away,5,True,True,premier-league,2022,Everton
2023-05-14,Man City,Home,0,True,True,premier-league,2022,Everton
2023-05-20,Wolves,Away,1,True,True,premier-league,2022,Everton
2023-05-28,Bournemouth,Home,1,True,True,premier-league,2022,Everton
2022-08-06,Liverpool,Home,2,True,True,premier-league,2022,Fulham
2022-08-13,Wolves,Away,0,True,True,premier-league,2022,Fulham
2022-08-20,Brentford,Home,3,True,True,premier-league,2022,Fulham
2022-08-27,Arsenal,Away,1,True,True,premier-league,2022,Fulham
2022-08-30,Brighton,Home,2,True,True,premier-league,2022,Fulham
2022-09-03,Tottenham,Away,1,True,True,premier-league,2022,Fulham
2022-09-16,Nott'm Forest,Away,3,True,True,premier-league,2022,Fulham
2022-10-01,Newcastle,Home,1,True,True,premier-league,2022,Fulham
2022-10-09,West Ham,Away,1,True,True,premier-league,2022,Fulham
2022-10-15,Bournemouth,Home,2,True,True,premier-league,2022,Fulham
2022-10-20,Aston Villa,Home,3,True,True,premier-league,2022,Fulham
2022-10-23,Leeds,Away,3,True,True,premier-league,2022,Fulham
2022-10-29,Everton,Home,0,True,True,premier-league,2022,Fulham
2022-11-05,Man City,Away,1,True,True,premier-league,2022,Fulham
2022-11-13,Man United,Home,1,True,True,premier-league,2022,Fulham
2022-12-26,Crystal Palace,Away,3,True,True,premier-league,2022,Fulham
2022-12-31,Southampton,Home,2,True,True,premier-league,2022,Fulham
2023-01-03,Leicester,Away,1,True,True,premier-league,2022,Fulham
2023-01-12,Chelsea,Home,2,True,True,premier-league,2022,Fulham
2023-01-15,Newcastle,Away,0,True,True,premier-league,2022,Fulham
2023-01-23,Tottenham,Home,0,True,True,premier-league,2022,Fulham
2023-02-03,Chelsea,Away,0,True,True,premier-league,2022,Fulham
2023-02-11,Nott'm Forest,Home,2,True,True,premier-league,2022,Fulham
2023-02-18,Brighton,Away,1,True,True,premier-league,2022,Fulham
2023-02-24,Wolves,Home,1,True,True,premier-league,2022,Fulham
2023-03-06,Brentford,Away,2,True,True,premier-league,2022,Fulham
2023-03-12,Arsenal,Home,0,True,True,premier-league,2022,Fulham
2023-04-01,Bournemouth,Away,1,True,True,premier-league,2022,Fulham
2023-04-08,West Ham,Home,0,True,True,premier-league,2022,Fulham
2023-04-15,Everton,Away,3,True,True,premier-league,2022,Fulham
2023-04-22,Leeds,Home,2,True,True,premier-league,2022,Fulham
2023-04-25,Aston Villa,Away,0,True,True,premier-league,2022,Fulham
2023-04-30,Man City,Home,1,True,True,premier-league,2022,Fulham
2023-05-03,Liverpool,Away,0,True,True,premier-league,2022,Fulham
2023-05-08,Leicester,Home,5,True,True,premier-league,2022,Fulham
2023-05-13,Southampton,Away,2,True,True,premier-league,2022,Fulham
2023-05-20,Crystal Palace,Home,2,True,True,premier-league,2022,Fulham
2023-05-28,Man United,Away,1,True,True,premier-league,2022,Fulham
2022-08-06,Wolves,Home,2,True,True,premier-league,2022,Leeds
2022-08-13,Southampton,Away,2,True,True,premier-league,2022,Leeds
2022-08-21,Chelsea,Home,3,True,True,premier-league,2022,Leeds
2022-08-27,Brighton,Away,0,True,True,premier-league,2022,Leeds
2022-08-30,Everton,Home,1,True,True,premier-league,2022,Leeds
2022-09-03,Brentford,Away,2,True,True,premier-league,2022,Leeds
2022-10-02,Aston Villa,Home,0,True,True,premier-league,2022,Leeds
2022-10-09,Crystal Palace,Away,1,True,True,premier-league,2022,Leeds
2022-10-16,Arsenal,Home,0,True,True,premier-league,2022,Leeds
2022-10-20,Leicester,Away,0,True,True,premier-league,2022,Leeds
2022-10-23,Fulham,Home,2,True,True,premier-league,2022,Leeds
2022-10-29,Liverpool,Away,2,True,True,premier-league,2022,Leeds
2022-11-05,Bournemouth,Home,4,True,True,premier-league,2022,Leeds
2022-11-12,Tottenham,Away,3,True,True,premier-league,2022,Leeds
2022-12-28,Man City,Home,1,True,True,premier-league,2022,Leeds
2022-12-31,Newcastle,Away,0,True,True,premier-league,2022,Leeds
2023-01-04,West Ham,Home,2,True,True,premier-league,2022,Leeds
2023-01-13,Aston Villa,Away,1,True,True,premier-league,2022,Leeds
2023-01-22,Brentford,Home,0,True,True,premier-league,2022,Leeds
2023-02-05,Nott'm Forest,Away,0,True,True,premier-league,2022,Leeds
2023-02-08,Man United,Away,2,True,True,premier-league,2022,Leeds
2023-02-12,Man United,Home,0,True,True,premier-league,2022,Leeds
2023-02-18,Everton,Away,0,True,True,premier-league,2022,Leeds
2023-02-25,Southampton,Home,1,True,True,premier-league,2022,Leeds
2023-03-04,Chelsea,Away,0,True,True,premier-league,2022,Leeds
2023-03-11,Brighton,Home,2,True,True,premier-league,2022,Leeds
2023-03-18,Wolves,Away,4,True,True,premier-league,2022,Leeds
2023-04-01,Arsenal,Away,1,True,True,premier-league,2022,Leeds
2023-04-04,Nott'm Forest,Home,2,True,True,premier-league,2022,Leeds
2023-04-09,Crystal Palace,Home,1,True,True,premier-league,2022,Leeds
2023-04-17,Liverpool,Home,1,True,True,premier-league,2022,Leeds
2023-04-22,Fulham,Away,1,True,True,premier-league,2022,Leeds
2023-04-25,Leicester,Home,1,True,True,premier-league,2022,Leeds
2023-04-30,Bournemouth,Away,1,True,True,premier-league,2022,Leeds
2023-05-06,Man City,Away,1,True,True,premier-league,2022,Leeds
2023-05-13,Newcastle,Home,2,True,True,premier-league,2022,Leeds
2023-05-21,West Ham,Away,1,True,True,premier-league,2022,Leeds
2023-05-28,Tottenham,Home,1,True,True,premier-league,2022,Leeds
2022-08-07,Brentford,Home,2,True,True,premier-league,2022,Leicester
2022-08-13,Arsenal,Away,2,True,True,premier-league,2022,Leicester
2022-08-20,Southampton,Home,1,True,True,premier-league,2022,Leicester
2022-08-27,Chelsea,Away,1,True,True,premier-league,2022,Leicester
2022-09-01,Man United,Home,0,True,True,premier-league,2022,Leicester
2022-09-04,Brighton,Away,2,True,True,premier-league,2022,Leicester
2022-09-17,Tottenham,Away,2,True,True,premier-league,2022,Leicester
2022-10-03,Nott'm Forest,Home,4,True,True,premier-league,2022,Leicester
2022-10-08,Bournemouth,Away,1,True,True,premier-league,2022,Leicester
2022-10-15,Crystal Palace,Home,0,True,True,premier-league,2022,Leicester
2022-10-20,Leeds,Home,2,True,True,premier-league,2022,Leicester
2022-10-23,Wolves,Away,4,True,True,premier-league,2022,Leicester
2022-10-29,Man City,Home,0,True,True,premier-league,2022,Leicester
2022-11-05,Everton,Away,2,True,True,premier-league,2022,Leicester
2022-11-12,West Ham,Away,2,True,True,premier-league,2022,Leicester
2022-12-26,Newcastle,Home,0,True,True,premier-league,2022,Leicester
2022-12-30,Liverpool,Away,1,True,True,premier-league,2022,Leicester
2023-01-03,Fulham,Home,0,True,True,premier-league,2022,Leicester
2023-01-14,Nott'm Forest,Away,0,True,True,premier-league,2022,Leicester
2023-01-21,Brighton,Home,2,True,True,premier-league,2022,Leicester
2023-02-04,Aston Villa,Away,4,True,True,premier-league,2022,Leicester
2023-02-11,Tottenham,Home,4,True,True,premier-league,2022,Leicester
2023-02-19,Man United,Away,0,True,True,premier-league,2022,Leicester
2023-02-25,Arsenal,Home,0,True,True,premier-league,2022,Leicester
2023-03-04,Southampton,Away,0,True,True,premier-league,2022,Leicester
2023-03-11,Chelsea,Home,1,True,True,premier-league,2022,Leicester
2023-03-18,Brentford,Away,1,True,True,premier-league,2022,Leicester
2023-04-01,Crystal Palace,Away,1,True,True,premier-league,2022,Leicester
2023-04-04,Aston Villa,Home,1,True,True,premier-league,2022,Leicester
2023-04-08,Bournemouth,Home,0,True,True,premier-league,2022,Leicester
2023-04-15,Man City,Away,1,True,True,premier-league,2022,Leicester
2023-04-22,Wolves,Home,2,True,True,premier-league,2022,Leicester
2023-04-25,Leeds,Away,1,True,True,premier-league,2022,Leicester
2023-05-01,Everton,Home,2,True,True,premier-league,2022,Leicester
2023-05-08,Fulham,Away,3,True,True,premier-league,2022,Leicester
2023-05-15,Liverpool,Home,0,True,True,premier-league,2022,Leicester
2023-05-22,Newcastle,Away,0,True,True,premier-league,2022,Leicester
2023-05-28,West Ham,Home,2,True,True,premier-league,2022,Leicester
2022-08-06,Fulham,Away,2,True,True,premier-league,2022,Liverpool
2022-08-15,Crystal Palace,Home,1,True,True,premier-league,2022,Liverpool
2022-08-22,Man United,Away,1,True,True,premier-league,2022,Liverpool
2022-08-27,Bournemouth,Home,9,True,True,premier-league,2022,Liverpool
2022-08-31,Newcastle,Home,2,True,True,premier-league,2022,Liverpool
2022-09-03,Everton,Away,0,True,True,premier-league,2022,Liverpool
2022-10-01,Brighton,Home,3,True,True,premier-league,2022,Liverpool
2022-10-09,Arsenal,Away,2,True,True,premier-league,2022,Liverpool
2022-10-16,Man City,Home,1,True,True,premier-league,2022,Liverpool
2022-10-19,West Ham,Home,1,True,True,premier-league,2022,Liverpool
2022-10-22,Nott'm Forest,Away,0,True,True,premier-league,2022,Liverpool
2022-10-29,Leeds,Home,1,True,True,premier-league,2022,Liverpool
2022-11-06,Tottenham,Away,2,True,True,premier-league,2022,Liverpool
2022-11-12,Southampton,Home,3,True,True,premier-league,2022,Liverpool
2022-12-26,Aston Villa,Away,3,True,True,premier-league,2022,Liverpool
2022-12-30,Leicester,Home,2,True,True,premier-league,2022,Liverpool
2023-01-02,Brentford,Away,1,True,True,premier-league,2022,Liverpool
2023-01-14,Brighton,Away,0,True,True,premier-league,2022,Liverpool
2023-01-21,Chelsea,Home,0,True,True,premier-league,2022,Liverpool
2023-02-04,Wolves,Away,0,True,True,premier-league,2022,Liverpool
2023-02-13,Everton,Home,2,True,True,premier-league,2022,Liverpool
2023-02-18,Newcastle,Away,2,True,True,premier-league,2022,Liverpool
2023-02-25,Crystal Palace,Away,0,True,True,premier-league,2022,Liverpool
2023-03-01,Wolves,Home,2,True,True,premier-league,2022,Liverpool
2023-03-05,Man United,Home,7,True,True,premier-league,2022,Liverpool
2023-03-11,Bournemouth,Away,0,True,True,premier-league,2022,Liverpool
2023-04-01,Man City,Away,1,True,True,premier-league,2022,Liverpool
2023-04-04,Chelsea,Away,0,True,True,premier-league,2022,Liverpool
2023-04-09,Arsenal,Home,2,True,True,premier-league,2022,Liverpool
2023-04-17,Leeds,Away,6,True,True,premier-league,2022,Liverpool
2023-04-22,Nott'm Forest,Home,3,True,True,premier-league,2022,Liverpool
2023-04-26,West Ham,Away,2,True,True,premier-league,2022,Liverpool
2023-04-30,Tottenham,Home,4,True,True,premier-league,2022,Liverpool
2023-05-03,Fulham,Home,1,True,True,premier-league,2022,Liverpool
2023-05-06,Brentford,Home,1,True,True,premier-league,2022,Liverpool
2023-05-15,Leicester,Away,3,True,True,premier-league,2022,Liverpool
2023-05-20,Aston Villa,Home,1,True,True,premier-league,2022,Liverpool
2023-05-28,Southampton,Away,4,True,True,premier-league,2022,Liverpool
2022-08-07,West Ham,Away,2,True,True,premier-league,2022,Man City
2022-08-13,Bournemouth,Home,4,True,True,premier-league,2022,Man City
2022-08-21,Newcastle,Away,3,True,True,premier-league,2022,Man City
2022-08-27,Crystal Palace,Home,4,True,True,premier-league,2022,Man City
2022-08-31,Nott'm Forest,Home,6,True,True,premier-league,2022,Man City
2022-09-03,Aston Villa,Away,1,True,True,premier-league,2022,Man City
2022-09-17,Wolves,Away,3,True,True,premier-league,2022,Man City
2022-10-02,Man United,Home,6,True,True,premier-league,2022,Man City
2022-10-08,Southampton,Home,4,True,True,premier-league,2022,Man City
2022-10-16,Liverpool,Away,0,True,True,premier-league,2022,Man City
2022-10-22,Brighton,Home,3,True,True,premier-league,2022,Man City
2022-10-29,Leicester,Away,1,True,True,premier-league,2022,Man City
2022-11-05,Fulham,Home,2,True,True,premier-league,2022,Man City
2022-11-12,Brentford,Home,1,True,True,premier-league,2022,Man City
2022-12-28,Leeds,Away,3,True,True,premier-league,2022,Man City
2022-12-31,Everton,Home,1,True,True,premier-league,2022,Man City
2023-01-05,Chelsea,Away,1,True,True,premier-league,2022,Man City
2023-01-14,Man United,Away,1,True,True,premier-league,2022,Man City
2023-01-19,Tottenham,Home,4,True,True,premier-league,2022,Man City
2023-01-22,Wolves,Home,3,True,True,premier-league,2022,Man City
2023-02-05,Tottenham,Away,0,True,True,premier-league,2022,Man City
2023-02-12,Aston Villa,Home,3,True,True,premier-league,2022,Man City
2023-02-15,Arsenal,Away,3,True,True,premier-league,2022,Man City
2023-02-18,Nott'm Forest,Away,1,True,True,premier-league,2022,Man City
2023-02-25,Bournemouth,Away,4,True,True,premier-league,2022,Man City
2023-03-04,Newcastle,Home,2,True,True,premier-league,2022,Man City
2023-03-11,Crystal Palace,Away,1,True,True,premier-league,2022,Man City
2023-04-01,Liverpool,Home,4,True,True,premier-league,2022,Man City
2023-04-08,Southampton,Away,4,True,True,premier-league,2022,Man City
2023-04-15,Leicester,Home,3,True,True,premier-league,2022,Man City
2023-04-26,Arsenal,Home,4,True,True,premier-league,2022,Man City
2023-04-30,Fulham,Away,2,True,True,premier-league,2022,Man City
2023-05-03,West Ham,Home,3,True,True,premier-league,2022,Man City
2023-05-06,Leeds,Home,2,True,True,premier-league,2022,Man City
2023-05-14,Everton,Away,3,True,True,premier-league,2022,Man City
2023-05-21,Chelsea,Home,1,True,True,premier-league,2022,Man City
2023-05-24,Brighton,Away,1,True,True,premier-league,2022,Man City
2023-05-28,Brentford,Away,0,True,True,premier-league,2022,Man City
2022-08-07,Brighton,Home,1,False,False,premier-league,2022,Man United
2022-08-13,Brentford,Away,0,False,False,premier-league,2022,Man United
2022-08-22,Liverpool,Home,2,False,False,premier-league,2022,Man United
2022-08-27,Southampton,Away,1,False,False,premier-league,2022,Man United
2022-09-01,Leicester,Away,1,False,False,premier-league,2022,Man United
2022-09-04,Arsenal,Home,3,False,False,premier-league,2022,Man United
2022-10-02,Man City,Away,3,False,False,premier-league,2022,Man United
2022-10-09,Everton,Away,2,False,False,premier-league,2022,Man United
2022-10-16,Newcastle,Home,0,False,False,premier-league,2022,Man United
2022-10-19,Tottenham,Home,2,False,False,premier-league,2022,Man United
2022-10-22,Chelsea,Away,1,False,False,premier-league,2022,Man United
2022-10-30,West Ham,Home,1,False,False,premier-league,2022,Man United
2022-11-06,Aston Villa,Away,1,False,False,premier-league,2022,Man United
2022-11-13,Fulham,Away,2,False,False,premier-league,2022,Man United
2022-12-27,Nott'm Forest,Home,3,False,False,premier-league,2022,Man United
2022-12-31,Wolves,Away,1,False,False,premier-league,2022,Man United
2023-01-03,Bournemouth,Home,3,False,False,premier-league,2022,Man United
2023-01-14,Man City,Home,2,False,False,premier-league,2022,Man United
2023-01-18,Crystal Palace,Away,1,False,False,premier-league,2022,Man United
2023-01-22,Arsenal,Away,2,False,False,premier-league,2022,Man United
2023-02-04,Crystal Palace,Home,2,False,False,premier-league,2022,Man United
2023-02-08,Leeds,Home,2,False,False,premier-league,2022,Man United
2023-02-12,Leeds,Away,2,False,False,premier-league,2022,Man United
2023-02-19,Leicester,Home,3,False,False,premier-league,2022,Man United
2023-03-05,Liverpool,Away,0,False,False,premier-league,2022,Man United
2023-03-12,Southampton,Home,0,False,False,premier-league,2022,Man United
2023-04-02,Newcastle,Away,0,False,False,premier-league,2022,Man United
2023-04-05,Brentford,Home,1,False,False,premier-league,2022,Man United
2023-04-08,Everton,Home,2,False,False,premier-league,2022,Man United
2023-04-16,Nott'm Forest,Away,2,False,False,premier-league,2022,Man United
2023-04-27,Tottenham,Away,2,False,False,premier-league,2022,Man United
2023-04-30,Aston Villa,Home,1,False,False,premier-league,2022,Man United
2023-05-04,Brighton,Away,0,False,False,premier-league,2022,Man United
2023-05-07,West Ham,Away,0,False,False,premier-league,2022,Man United
2023-05-13,Wolves,Home,2,False,False,premier-league,2022,Man United
2023-05-20,Bournemouth,Away,1,False,False,premier-league,2022,Man United
2023-05-25,Chelsea,Home,4,False,False,premier-league,2022,Man United
2023-05-28,Fulham,Home,2,False,False,premier-league,2022,Man United
2022-08-06,Nott'm Forest,Home,2,True,True,premier-league,2022,Newcastle
2022-08-13,Brighton,Away,0,True,True,premier-league,2022,Newcastle
2022-08-21,Man City,Home,3,True,True,premier-league,2022,Newcastle
2022-08-28,Wolves,Away,1,True,True,premier-league,2022,Newcastle
2022-08-31,Liverpool,Away,1,True,True,premier-league,2022,Newcastle
2022-09-03,Crystal Palace,Home,0,True,True,premier-league,2022,Newcastle
2022-09-17,Bournemouth,Home,1,True,True,premier-league,2022,Newcastle
2022-10-01,Fulham,Away,4,True,True,premier-league,2022,Newcastle
2022-10-08,Brentford,Home,5,True,True,premier-league,2022,Newcastle
2022-10-16,Man United,Away,0,True,True,premier-league,2022,Newcastle
2022-10-19,Everton,Home,1,True,True,premier-league,2022,Newcastle
2022-10-23,Tottenham,Away,2,True,True,premier-league,2022,Newcastle
2022-10-29,Aston Villa,Home,4,True,True,premier-league,2022,Newcastle
2022-11-06,Southampton,Away,4,True,True,premier-league,2022,Newcastle
2022-11-12,Chelsea,Home,1,True,True,premier-league,2022,Newcastle
2022-12-26,Leicester,Away,3,True,True,premier-league,2022,Newcastle
2022-12-31,Leeds,Home,0,True,True,premier-league,2022,Newcastle
2023-01-03,Arsenal,Away,0,True,True,premier-league,2022,Newcastle
2023-01-15,Fulham,Home,1,True,True,premier-league,2022,Newcastle
2023-01-21,Crystal Palace,Away,0,True,True,premier-league,2022,Newcastle
2023-02-04,West Ham,Home,1,True,True,premier-league,2022,Newcastle
2023-02-11,Bournemouth,Away,1,True,True,premier-league,2022,Newcastle
2023-02-18,Liverpool,Home,0,True,True,premier-league,2022,Newcastle
2023-03-04,Man City,Away,0,True,True,premier-league,2022,Newcastle
2023-03-12,Wolves,Home,2,True,True,premier-league,2022,Newcastle
2023-03-17,Nott'm Forest,Away,2,True,True,premier-league,2022,Newcastle
2023-04-02,Man United,Home,2,True,True,premier-league,2022,Newcastle
2023-04-05,West Ham,Away,5,True,True,premier-league,2022,Newcastle
2023-04-08,Brentford,Away,2,True,True,premier-league,2022,Newcastle
2023-04-15,Aston Villa,Away,0,True,True,premier-league,2022,Newcastle
2023-04-23,Tottenham,Home,6,True,True,premier-league,2022,Newcastle
2023-04-27,Everton,Away,4,True,True,premier-league,2022,Newcastle
2023-04-30,Southampton,Home,3,True,True,premier-league,2022,Newcastle
2023-05-07,Arsenal,Home,0,True,True,premier-league,2022,Newcastle
2023-05-13,Leeds,Away,2,True,True,premier-league,2022,Newcastle
2023-05-18,Brighton,Home,4,True,True,premier-league,2022,Newcastle
2023-05-22,Leicester,Home,0,True,True,premier-league,2022,Newcastle
2023-05-28,Chelsea,Away,1,True,True,premier-league,2022,Newcastle
2022-08-06,Newcastle,Away,0,True,True,premier-league,2022,Nott'm Forest
2022-08-14,West Ham,Home,1,True,True,premier-league,2022,Nott'm Forest
2022-08-20,Everton,Away,1,True,True,premier-league,2022,Nott'm Forest
2022-08-28,Tottenham,Home,0,True,True,premier-league,2022,Nott'm Forest
2022-08-31,Man City,Away,0,True,True,premier-league,2022,Nott'm Forest
2022-09-03,Bournemouth,Home,2,True,True,premier-league,2022,Nott'm Forest
2022-09-16,Fulham,Home,2,True,True,premier-league,2022,Nott'm Forest
2022-10-03,Leicester,Away,0,True,True,premier-league,2022,Nott'm Forest
2022-10-10,Aston Villa,Home,1,True,True,premier-league,2022,Nott'm Forest
2022-10-15,Wolves,Away,0,True,True,premier-league,2022,Nott'm Forest
2022-10-18,Brighton,Away,0,True,True,premier-league,2022,Nott'm Forest
2022-10-22,Liverpool,Home,1,True,True,premier-league,2022,Nott'm Forest
2022-10-30,Arsenal,Away,0,True,True,premier-league,2022,Nott'm Forest
2022-11-05,Brentford,Home,2,True,True,premier-league,2022,Nott'm Forest
2022-11-12,Crystal Palace,Home,1,True,True,premier-league,2022,Nott'm Forest
2022-12-27,Man United,Away,0,True,True,premier-league,2022,Nott'm Forest
2023-01-01,Chelsea,Home,1,True,True,premier-league,2022,Nott'm Forest
2023-01-04,Southampton,Away,1,True,True,premier-league,2022,Nott'm Forest
2023-01-14,Leicester,Home,2,True,True,premier-league,2022,Nott'm Forest
2023-01-21,Bournemouth,Away,1,True,True,premier-league,2022,Nott'm Forest
2023-02-05,Leeds,Home,1,True,True,premier-league,2022,Nott'm Forest
2023-02-11,Fulham,Away,0,True,True,premier-league,2022,Nott'm Forest
2023-02-18,Man City,Home,1,True,True,premier-league,2022,Nott'm Forest
2023-02-25,West Ham,Away,0,True,True,premier-league,2022,Nott'm Forest
2023-03-05,Everton,Home,2,True,True,premier-league,2022,Nott'm Forest
2023-03-11,Tottenham,Away,1,True,True,premier-league,2022,Nott'm Forest
2023-03-17,Newcastle,Home,1,True,True,premier-league,2022,Nott'm Forest
2023-04-01,Wolves,Home,1,True,True,premier-league,2022,Nott'm Forest
2023-04-04,Leeds,Away,1,True,True,premier-league,2022,Nott'm Forest
2023-04-08,Aston Villa,Away,0,True,True,premier-league,2022,Nott'm Forest
2023-04-16,Man United,Home,0,True,True,premier-league,2022,Nott'm Forest
2023-04-22,Liverpool,Away,2,True,True,premier-league,2022,Nott'm Forest
2023-04-26,Brighton,Home,3,True,True,premier-league,2022,Nott'm Forest
2023-04-29,Brentford,Away,1,True,True,premier-league,2022,Nott'm Forest
2023-05-08,Southampton,Home,4,True,True,premier-league,2022,Nott'm Forest
2023-05-13,Chelsea,Away,2,True,True,premier-league,2022,Nott'm Forest
2023-05-20,Arsenal,Home,1,True,True,premier-league,2022,Nott'm Forest
2023-05-28,Crystal Palace,Away,1,True,True,premier-league,2022,Nott'm Forest
2022-08-06,Tottenham,Away,1,True,True,premier-league,2022,Southampton
2022-08-13,Leeds,Home,2,True,True,premier-league,2022,Southampton
2022-08-20,Leicester,Away,2,True,True,premier-league,2022,Southampton
2022-08-27,Man United,Home,0,True,True,premier-league,2022,Southampton
2022-08-30,Chelsea,Home,2,True,True,premier-league,2022,Southampton
2022-09-03,Wolves,Away,0,True,True,premier-league,2022,Southampton
2022-09-16,Aston Villa,Away,0,True,True,premier-league,2022,Southampton
2022-10-01,Everton,Home,1,True,True,premier-league,2022,Southampton
2022-10-08,Man City,Away,0,True,True,premier-league,2022,Southampton
2022-10-16,West Ham,Home,1,True,True,premier-league,2022,Southampton
2022-10-19,Bournemouth,Away,1,True,True,premier-league,2022,Southampton
2022-10-23,Arsenal,Home,1,True,True,premier-league,2022,Southampton
2022-10-29,Crystal Palace,Away,0,True,True,premier-league,2022,Southampton
2022-11-06,Newcastle,Home,1,True,True,premier-league,2022,Southampton
2022-11-12,Liverpool,Away,1,True,True,premier-league,2022,Southampton
2022-12-26,Brighton,Home,1,True,True,premier-league,2022,Southampton
2022-12-31,Fulham,Away,1,True,True,premier-league,2022,Southampton
2023-01-04,Nott'm Forest,Home,0,True,True,premier-league,2022,Southampton
2023-01-14,Everton,Away,2,True,True,premier-league,2022,Southampton
2023-01-21,Aston Villa,Home,0,True,True,premier-league,2022,Southampton
2023-02-04,Brentford,Away,0,True,True,premier-league,2022,Southampton
2023-02-11,Wolves,Home,1,True,True,premier-league,2022,Southampton
2023-02-18,Chelsea,Away,1,True,True,premier-league,2022,Southampton
2023-02-25,Leeds,Away,0,True,True,premier-league,2022,Southampton
2023-03-04,Leicester,Home,1,True,True,premier-league,2022,Southampton
2023-03-12,Man United,Away,0,True,True,premier-league,2022,Southampton
2023-03-15,Brentford,Home,0,True,True,premier-league,2022,Southampton
2023-03-18,Tottenham,Home,3,True,True,premier-league,2022,Southampton
2023-04-02,West Ham,Away,0,True,True,premier-league,2022,Southampton
2023-04-08,Man City,Home,1,True,True,premier-league,2022,Southampton
2023-04-15,Crystal Palace,Home,0,True,True,premier-league,2022,Southampton
2023-04-21,Arsenal,Away,3,True,True,premier-league,2022,Southampton
2023-04-27,Bournemouth,Home,0,True,True,premier-league,2022,Southampton
2023-04-30,Newcastle,Away,1,True,True,premier-league,2022,Southampton
2023-05-08,Nott'm Forest,Away,3,True,True,premier-league,2022,Southampton
2023-05-13,Fulham,Home,0,True,True,premier-league,2022,Southampton
2023-05-21,Brighton,Away,1,True,True,premier-league,2022,Southampton
2023-05-28,Liverpool,Home,4,True,True,premier-league,2022,Southampton
2022-08-06,Southampton,Home,4,True,True,premier-league,2022,Tottenham
2022-08-14,Chelsea,Away,2,True,True,premier-league,2022,Tottenham
2022-08-20,Wolves,Home,1,True,True,premier-league,2022,Tottenham
2022-08-28,Nott'm Forest,Away,2,True,True,premier-league,2022,Tottenham
2022-08-31,West Ham,Away,1,True,True,premier-league,2022,Tottenham
2022-09-03,Fulham,Home,2,True,True,premier-league,2022,Tottenham
2022-09-17,Leicester,Home,6,True,True,premier-league,2022,Tottenham
2022-10-01,Arsenal,Away,1,True,True,premier-league,2022,Tottenham
2022-10-08,Brighton,Away,1,True,True,premier-league,2022,Tottenham
2022-10-15,Everton,Home,2,True,True,premier-league,2022,Tottenham
2022-10-19,Man United,Away,0,True,True,premier-league,2022,Tottenham
2022-10-23,Newcastle,Home,1,True,True,premier-league,2022,Tottenham
2022-10-29,Bournemouth,Away,3,True,True,premier-league,2022,Tottenham
2022-11-06,Liverpool,Home,1,True,True,premier-league,2022,Tottenham
2022-11-12,Leeds,Home,4,True,True,premier-league,2022,Tottenham
2022-12-26,Brentford,Away,2,True,True,premier-league,2022,Tottenham
2023-01-01,Aston Villa,Home,0,True,True,premier-league,2022,Tottenham
2023-01-04,Crystal Palace,Away,4,True,True,premier-league,2022,Tottenham
2023-01-15,Arsenal,Home,0,True,True,premier-league,2022,Tottenham
2023-01-19,Man City,Away,2,True,True,premier-league,2022,Tottenham
2023-01-23,Fulham,Away,1,True,True,premier-league,2022,Tottenham
2023-02-05,Man City,Home,1,True,True,premier-league,2022,Tottenham
2023-02-11,Leicester,Away,1,True,True,premier-league,2022,Tottenham
2023-02-19,West Ham,Home,2,True,True,premier-league,2022,Tottenham
2023-02-26,Chelsea,Home,2,True,True,premier-league,2022,Tottenham
2023-03-04,Wolves,Away,0,True,True,premier-league,2022,Tottenham
2023-03-11,Nott'm Forest,Home,3,True,True,premier-league,2022,Tottenham
2023-03-18,Southampton,Away,3,True,True,premier-league,2022,Tottenham
2023-04-03,Everton,Away,1,True,True,premier-league,2022,Tottenham
2023-04-08,Brighton,Home,2,True,True,premier-league,2022,Tottenham
2023-04-15,Bournemouth,Home,2,True,True,premier-league,2022,Tottenham
2023-04-23,Newcastle,Away,1,True,True,premier-league,2022,Tottenham
2023-04-27,Man United,Home,2,True,True,premier-league,2022,Tottenham
2023-04-30,Liverpool,Away,3,True,True,premier-league,2022,Tottenham
2023-05-06,Crystal Palace,Home,1,True,True,premier-league,2022,Tottenham
2023-05-13,Aston Villa,Away,1,True,True,premier-league,2022,Tottenham
2023-05-20,Brentford,Home,1,True,True,premier-league,2022,Tottenham
2023-05-28,Leeds,Away,4,True,True,premier-league,2022,Tottenham
2022-08-07,Man City,Home,0,True,True,premier-league,2022,West Ham
2022-08-14,Nott'm Forest,Away,0,True,True,premier-league,2022,West Ham
2022-08-21,Brighton,Home,0,True,True,premier-league,2022,West Ham
2022-08-28,Aston Villa,Away,1,True,True,premier-league,2022,West Ham
2022-08-31,Tottenham,Home,1,True,True,premier-league,2022,West Ham
2022-09-03,Chelsea,Away,1,True,True,premier-league,2022,West Ham
2022-09-18,Everton,Away,0,True,True,premier-league,2022,West Ham
2022-10-01,Wolves,Home,2,True,True,premier-league,2022,West Ham
2022-10-09,Fulham,Home,3,True,True,premier-league,2022,West Ham
2022-10-16,Southampton,Away,1,True,True,premier-league,2022,West Ham
2022-10-19,Liverpool,Away,0,True,True,premier-league,2022,West Ham
2022-10-24,Bournemouth,Home,2,True,True,premier-league,2022,West Ham
2022-10-30,Man United,Away,0,True,True,premier-league,2022,West Ham
2022-11-06,Crystal Palace,Home,1,True,True,premier-league,2022,West Ham
2022-11-12,Leicester,Home,0,True,True,premier-league,2022,West Ham
2022-12-26,Arsenal,Away,1,True,True,premier-league,2022,West Ham
2022-12-30,Brentford,Home,0,True,True,premier-league,2022,West Ham
2023-01-04,Leeds,Away,2,True,True,premier-league,2022,West Ham
2023-01-14,Wolves,Away,0,True,True,premier-league,2022,West Ham
2023-01-21,Everton,Home,2,True,True,premier-league,2022,West Ham
2023-02-04,Newcastle,Away,1,True,True,premier-league,2022,West Ham
2023-02-11,Chelsea,Home,1,True,True,premier-league,2022,West Ham
2023-02-19,Tottenham,Away,0,True,True,premier-league,2022,West Ham
2023-02-25,Nott'm Forest,Home,4,True,True,premier-league,2022,West Ham
2023-03-04,Brighton,Away,0,True,True,premier-league,2022,West Ham
2023-03-12,Aston Villa,Home,1,True,True,premier-league,2022,West Ham
2023-04-02,Southampton,Home,1,True,True,premier-league,2022,West Ham
2023-04-05,Newcastle,Home,1,True,True,premier-league,2022,West Ham
2023-04-08,Fulham,Away,1,True,True,premier-league,2022,West Ham
2023-04-16,Arsenal,Home,2,True,True,premier-league,2022,West Ham
2023-04-23,Bournemouth,Away,4,True,True,premier-league,2022,West Ham
2023-04-26,Liverpool,Home,1,True,True,premier-league,2022,West Ham
2023-04-29,Crystal Palace,Away,3,True,True,premier-league,2022,West Ham
2023-05-03,Man City,Away,0,True,True,premier-league,2022,West Ham
2023-05-07,Man United,Home,1,True,True,premier-league,2022,West Ham
2023-05-14,Brentford,Away,0,True,True,premier-league,2022,West Ham
2023-05-21,Leeds,Home,3,True,True,premier-league,2022,West Ham
2023-05-28,Leicester,Away,1,True,True,premier-league,2022,West Ham
2022-08-06,Leeds,Away,1,True,True,premier-league,2022,Wolves
2022-08-13,Fulham,Home,0,True,True,premier-league,2022,Wolves
2022-08-20,Tottenham,Away,0,True,True,premier-league,2022,Wolves
2022-08-28,Newcastle,Home,1,True,True,premier-league,2022,Wolves
2022-08-31,Bournemouth,Away,0,True,True,premier-league,2022,Wolves
2022-09-03,Southampton,Home,1,True,True,premier-league,2022,Wolves
2022-09-17,Man City,Home,0,True,True,premier-league,2022,Wolves
2022-10-01,West Ham,Away,0,True,True,premier-league,2022,Wolves
2022-10-08,Chelsea,Away,0,True,True,premier-league,2022,Wolves
2022-10-15,Nott'm Forest,Home,1,True,True,premier-league,2022,Wolves
2022-10-18,Crystal Palace,Away,1,True,True,premier-league,2022,Wolves
2022-10-23,Leicester,Home,0,True,True,premier-league,2022,Wolves
2022-10-29,Brentford,Away,1,True,True,premier-league,2022,Wolves
2022-11-05,Brighton,Home,2,True,True,premier-league,2022,Wolves
2022-11-12,Arsenal,Home,0,True,True,premier-league,2022,Wolves
2022-12-26,Everton,Away,2,True,True,premier-league,2022,Wolves
2022-12-31,Man United,Home,0,True,True,premier-league,2022,Wolves
2023-01-04,Aston Villa,Away,1,True,True,premier-league,2022,Wolves
2023-01-14,West Ham,Home,1,True,True,premier-league,2022,Wolves
2023-01-22,Man City,Away,0,True,True,premier-league,2022,Wolves
2023-02-04,Liverpool,Home,3,True,True,premier-league,2022,Wolves
2023-02-11,Southampton,Away,2,True,True,premier-league,2022,Wolves
2023-02-18,Bournemouth,Home,0,True,True,premier-league,2022,Wolves
2023-02-24,Fulham,Away,1,True,True,premier-league,2022,Wolves
2023-03-01,Liverpool,Away,0,True,True,premier-league,2022,Wolves
2023-03-04,Tottenham,Home,1,True,True,premier-league,2022,Wolves
2023-03-12,Newcastle,Away,1,True,True,premier-league,2022,Wolves
2023-03-18,Leeds,Home,2,True,True,premier-league,2022,Wolves
2023-04-01,Nott'm Forest,Away,1,True,True,premier-league,2022,Wolves
2023-04-08,Chelsea,Home,1,True,True,premier-league,2022,Wolves
2023-04-15,Brentford,Home,2,True,True,premier-league,2022,Wolves
2023-04-22,Leicester,Away,1,True,True,premier-league,2022,Wolves
2023-04-25,Crystal Palace,Home,2,True,True,premier-league,2022,Wolves
2023-04-29,Brighton,Away,0,True,True,premier-league,2022,Wolves
2023-05-06,Aston Villa,Home,1,True,True,premier-league,2022,Wolves
2023-05-13,Man United,Away,0,True,True,premier-league,2022,Wolves
2023-05-20,Everton,Home,1,True,True,premier-league,2022,Wolves
2023-05-28,Arsenal,Away,0,True,True,premier-league,2022,Wolves
2023-08-12,Nott'm Forest,Home,2,False,False,premier-league,2023,Arsenal
2023-08-21,Crystal Palace,Away,1,False,False,premier-league,2023,Arsenal
2023-08-26,Fulham,Home,2,False,False,premier-league,2023,Arsenal
2023-09-03,Man United,Home,3,False,False,premier-league,2023,Arsenal
2023-09-17,Everton,Away,1,False,False,premier-league,2023,Arsenal
2023-09-24,Tottenham,Home,2,False,False,premier-league,2023,Arsenal
2023-09-30,Bournemouth,Away,4,False,False,premier-league,2023,Arsenal
2023-10-08,Man City,Home,1,False,False,premier-league,2023,Arsenal
2023-10-21,Chelsea,Away,2,False,False,premier-league,2023,Arsenal
2023-10-28,Sheffield United,Home,5,False,False,premier-league,2023,Arsenal
2023-11-04,Newcastle,Away,0,False,False,premier-league,2023,Arsenal
2023-11-11,Burnley,Home,3,False,False,premier-league,2023,Arsenal
2023-11-25,Brentford,Away,1,False,False,premier-league,2023,Arsenal
2023-12-02,Wolves,Home,2,False,False,premier-league,2023,Arsenal
2023-12-05,Luton,Away,4,False,False,premier-league,2023,Arsenal
2023-12-09,Aston Villa,Away,0,False,False,premier-league,2023,Arsenal
2023-12-17,Brighton,Home,2,False,False,premier-league,2023,Arsenal
2023-12-23,Liverpool,Away,1,False,False,premier-league,2023,Arsenal
2023-12-28,West Ham,Home,0,False,False,premier-league,2023,Arsenal
2023-12-31,Fulham,Away,1,False,False,premier-league,2023,Arsenal
2024-01-20,Crystal Palace,Home,5,False,False,premier-league,2023,Arsenal
2024-01-30,Nott'm Forest,Away,2,False,False,premier-league,2023,Arsenal
2024-02-04,Liverpool,Home,3,False,False,premier-league,2023,Arsenal
2024-02-11,West Ham,Away,6,False,False,premier-league,2023,Arsenal
2024-02-17,Burnley,Away,5,False,False,premier-league,2023,Arsenal
2024-02-24,Newcastle,Home,4,False,False,premier-league,2023,Arsenal
2024-03-04,Sheffield United,Away,6,False,False,premier-league,2023,Arsenal
2024-03-09,Brentford,Home,2,False,False,premier-league,2023,Arsenal
2024-03-31,Man City,Away,0,False,False,premier-league,2023,Arsenal
2024-04-03,Luton,Home,2,False,False,premier-league,2023,Arsenal
2024-04-06,Brighton,Away,3,False,False,premier-league,2023,Arsenal
2024-04-14,Aston Villa,Home,0,False,False,premier-league,2023,Arsenal
2024-04-20,Wolves,Away,2,False,False,premier-league,2023,Arsenal
2024-04-23,Chelsea,Home,5,False,False,premier-league,2023,Arsenal
2024-04-28,Tottenham,Away,3,False,False,premier-league,2023,Arsenal
2024-05-04,Bournemouth,Home,3,True,True,premier-league,2023,Arsenal
2024-05-12,Man United,Away,1,True,True,premier-league,2023,Arsenal
2024-05-19,Everton,Home,2,True,True,premier-league,2023,Arsenal
2023-08-12,Newcastle,Away,1,True,True,premier-league,2023,Aston Villa
2023-08-20,Everton,Home,4,True,True,premier-league,2023,Aston Villa
2023-08-27,Burnley,Away,3,True,True,premier-league,2023,Aston Villa
2023-09-03,Liverpool,Away,0,True,True,premier-league,2023,Aston Villa
2023-09-16,Crystal Palace,Home,3,True,True,premier-league,2023,Aston Villa
2023-09-24,Chelsea,Away,1,True,True,premier-league,2023,Aston Villa
2023-09-30,Brighton,Home,6,True,True,premier-league,2023,Aston Villa
2023-10-08,Wolves,Away,1,True,True,premier-league,2023,Aston Villa
2023-10-22,West Ham,Home,4,True,True,premier-league,2023,Aston Villa
2023-10-29,Luton,Home,3,True,True,premier-league,2023,Aston Villa
2023-11-05,Nott'm Forest,Away,0,True,True,premier-league,2023,Aston Villa
2023-11-12,Fulham,Home,3,True,True,premier-league,2023,Aston Villa
2023-11-26,Tottenham,Away,2,True,True,premier-league,2023,Aston Villa
2023-12-03,Bournemouth,Away,2,True,True,premier-league,2023,Aston Villa
2023-12-06,Man City,Home,1,True,True,premier-league,2023,Aston Villa
2023-12-09,Arsenal,Home,1,True,True,premier-league,2023,Aston Villa
2023-12-17,Brentford,Away,2,True,True,premier-league,2023,Aston Villa
2023-12-22,Sheffield United,Home,1,True,True,premier-league,2023,Aston Villa
2023-12-26,Man United,Away,2,True,True,premier-league,2023,Aston Villa
2023-12-30,Burnley,Home,3,True,True,premier-league,2023,Aston Villa
2024-01-14,Everton,Away,0,True,True,premier-league,2023,Aston Villa
2024-01-30,Newcastle,Home,1,True,True,premier-league,2023,Aston Villa
2024-02-03,Sheffield United,Away,5,True,True,premier-league,2023,Aston Villa
2024-02-11,Man United,Home,1,True,True,premier-league,2023,Aston Villa
2024-02-17,Fulham,Away,2,True,True,premier-league,2023,Aston Villa
2024-02-24,Nott'm Forest,Home,4,True,True,premier-league,2023,Aston Villa
2024-03-02,Luton,Away,3,True,True,premier-league,2023,Aston Villa
2024-03-10,Tottenham,Home,0,True,True,premier-league,2023,Aston Villa
2024-03-17,West Ham,Away,1,True,True,premier-league,2023,Aston Villa
2024-03-30,Wolves,Home,2,True,True,premier-league,2023,Aston Villa
2024-04-03,Man City,Away,1,True,True,premier-league,2023,Aston Villa
2024-04-06,Brentford,Home,3,True,True,premier-league,2023,Aston Villa
2024-04-14,Arsenal,Away,2,True,True,premier-league,2023,Aston Villa
2024-04-21,Bournemouth,Home,3,True,True,premier-league,2023,Aston Villa
2024-04-27,Chelsea,Home,2,True,True,premier-league,2023,Aston Villa
2024-05-05,Brighton,Away,0,True,True,premier-league,2023,Aston Villa
2024-05-13,Liverpool,Home,3,True,True,premier-league,2023,Aston Villa
2024-05-19,Crystal Palace,Away,0,True,True,premier-league,2023,Aston Villa
2023-08-12,West Ham,Home,1,True,True,premier-league,2023,Bournemouth
2023-08-19,Liverpool,Away,1,True,True,premier-league,2023,Bournemouth
2023-08-26,Tottenham,Home,0,True,True,premier-league,2023,Bournemouth
2023-09-02,Brentford,Away,2,True,True,premier-league,2023,Bournemouth
2023-09-17,Chelsea,Home,0,True,True,premier-league,2023,Bournemouth
2023-09-24,Brighton,Away,1,True,True,premier-league,2023,Bournemouth
2023-09-30,Arsenal,Home,0,True,True,premier-league,2023,Bournemouth
2023-10-07,Everton,Away,0,True,True,premier-league,2023,Bournemouth
2023-10-21,Wolves,Home,1,True,True,premier-league,2023,Bournemouth
2023-10-28,Burnley,Home,2,True,True,premier-league,2023,Bournemouth
2023-11-04,Man City,Away,1,True,True,premier-league,2023,Bournemouth
2023-11-11,Newcastle,Home,2,True,True,premier-league,2023,Bournemouth
2023-11-25,Sheffield United,Away,3,True,True,premier-league,2023,Bournemouth
2023-12-03,Aston Villa,Home,2,True,True,premier-league,2023,Bournemouth
2023-12-06,Crystal Palace,Away,2,True,True,premier-league,2023,Bournemouth
2023-12-09,Man United,Away,3,True,True,premier-league,2023,Bournemouth
2023-12-23,Nott'm Forest,Away,3,True,True,premier-league,2023,Bournemouth
2023-12-26,Fulham,Home,3,True,True,premier-league,2023,Bournemouth
2023-12-31,Tottenham,Away,1,True,True,premier-league,2023,Bournemouth
2024-01-21,Liverpool,Home,0,True,True,premier-league,2023,Bournemouth
2024-02-01,West Ham,Away,1,True,True,premier-league,2023,Bournemouth
2024-02-04,Nott'm Forest,Home,1,True,True,premier-league,2023,Bournemouth
2024-02-10,Fulham,Away,1,True,True,premier-league,2023,Bournemouth
2024-02-17,Newcastle,Away,2,True,True,premier-league,2023,Bournemouth
2024-02-24,Man City,Home,0,True,True,premier-league,2023,Bournemouth
2024-03-03,Burnley,Away,2,True,True,premier-league,2023,Bournemouth
2024-03-09,Sheffield United,Home,2,True,True,premier-league,2023,Bournemouth
2024-03-13,Luton,Home,4,True,True,premier-league,2023,Bournemouth
2024-03-30,Everton,Home,2,True,True,premier-league,2023,Bournemouth
2024-04-02,Crystal Palace,Home,1,True,True,premier-league,2023,Bournemouth
2024-04-06,Luton,Away,1,True,True,premier-league,2023,Bournemouth
2024-04-13,Man United,Home,2,True,True,premier-league,2023,Bournemouth
2024-04-21,Aston Villa,Away,1,True,True,premier-league,2023,Bournemouth
2024-04-24,Wolves,Away,1,True,True,premier-league,2023,Bournemouth
2024-04-28,Brighton,Home,3,True,True,premier-league,2023,Bournemouth
2024-05-04,Arsenal,Away,0,True,True,premier-league,2023,Bournemouth
2024-05-11,Brentford,Home,1,True,True,premier-league,2023,Bournemouth
2024-05-19,Chelsea,Away,1,True,True,premier-league,2023,Bournemouth
2023-08-13,Tottenham,Home,2,True,True,premier-league,2023,Brentford
2023-08-19,Fulham,Away,3,True,True,premier-league,2023,Brentford
2023-08-26,Crystal Palace,Home,1,True,True,premier-league,2023,Brentford
2023-09-02,Bournemouth,Home,2,True,True,premier-league,2023,Brentford
2023-09-16,Newcastle,Away,0,True,True,premier-league,2023,Brentford
2023-09-23,Everton,Home,1,True,True,premier-league,2023,Brentford
2023-10-01,Nott'm Forest,Away,1,True,True,premier-league,2023,Brentford
2023-10-07,Man United,Away,1,True,True,premier-league,2023,Brentford
2023-10-21,Burnley,Home,3,True,True,premier-league,2023,Brentford
2023-10-28,Chelsea,Away,2,True,True,premier-league,2023,Brentford
2023-11-04,West Ham,Home,3,True,True,premier-league,2023,Brentford
2023-11-12,Liverpool,Away,0,True,True,premier-league,2023,Brentford
2023-11-25,Arsenal,Home,0,True,True,premier-league,2023,Brentford
2023-12-02,Luton,Home,3,True,True,premier-league,2023,Brentford
2023-12-06,Brighton,Away,1,True,True,premier-league,2023,Brentford
2023-12-09,Sheffield United,Away,0,True,True,premier-league,2023,Brentford
2023-12-17,Aston Villa,Home,1,True,True,premier-league,2023,Brentford
2023-12-27,Wolves,Home,1,True,True,premier-league,2023,Brentford
2023-12-30,Crystal Palace,Away,1,True,True,premier-league,2023,Brentford
2024-01-20,Nott'm Forest,Home,3,True,True,premier-league,2023,Brentford
2024-01-31,Tottenham,Away,2,True,True,premier-league,2023,Brentford
2024-02-05,Man City,Home,1,True,True,premier-league,2023,Brentford
2024-02-10,Wolves,Away,2,True,True,premier-league,2023,Brentford
2024-02-17,Liverpool,Home,1,True,True,premier-league,2023,Brentford
2024-02-20,Man City,Away,0,True,True,premier-league,2023,Brentford
2024-02-26,West Ham,Away,2,True,True,premier-league,2023,Brentford
2024-03-02,Chelsea,Home,2,True,True,premier-league,2023,Brentford
2024-03-09,Arsenal,Away,1,True,True,premier-league,2023,Brentford
2024-03-16,Burnley,Away,1,True,True,premier-league,2023,Brentford
2024-03-30,Man United,Home,1,True,True,premier-league,2023,Brentford
2024-04-03,Brighton,Home,0,True,True,premier-league,2023,Brentford
2024-04-06,Aston Villa,Away,3,True,True,premier-league,2023,Brentford
2024-04-13,Sheffield United,Home,2,True,True,premier-league,2023,Brentford
2024-04-20,Luton,Away,5,True,True,premier-league,2023,Brentford
2024-04-27,Everton,Away,0,True,True,premier-league,2023,Brentford
2024-05-04,Fulham,Home,0,True,True,premier-league,2023,Brentford
2024-05-11,Bournemouth,Away,2,True,True,premier-league,2023,Brentford
2024-05-19,Newcastle,Home,2,True,True,premier-league,2023,Brentford
2023-08-12,Luton,Home,4,True,True,premier-league,2023,Brighton
2023-08-19,Wolves,Away,4,True,True,premier-league,2023,Brighton
2023-08-26,West Ham,Home,1,True,True,premier-league,2023,Brighton
2023-09-02,Newcastle,Home,3,True,True,premier-league,2023,Brighton
2023-09-16,Man United,Away,3,True,True,premier-league,2023,Brighton
2023-09-24,Bournemouth,Home,3,True,True,premier-league,2023,Brighton
2023-09-30,Aston Villa,Away,1,True,True,premier-league,2023,Brighton
2023-10-08,Liverpool,Home,2,True,True,premier-league,2023,Brighton
2023-10-21,Man City,Away,1,True,True,premier-league,2023,Brighton
2023-10-29,Fulham,Home,1,True,True,premier-league,2023,Brighton
2023-11-04,Everton,Away,1,True,True,premier-league,2023,Brighton
2023-11-12,Sheffield United,Home,1,True,True,premier-league,2023,Brighton
2023-11-25,Nott'm Forest,Away,3,True,True,premier-league,2023,Brighton
2023-12-03,Chelsea,Away,2,True,True,premier-league,2023,Brighton
2023-12-06,Brentford,Home,2,True,True,premier-league,2023,Brighton
2023-12-09,Burnley,Home,1,True,True,premier-league,2023,Brighton
2023-12-17,Arsenal,Away,0,True,True,premier-league,2023,Brighton
2023-12-21,Crystal Palace,Away,1,True,True,premier-league,2023,Brighton
2023-12-28,Tottenham,Home,4,True,True,premier-league,2023,Brighton
2024-01-02,West Ham,Away,0,True,True,premier-league,2023,Brighton
2024-01-22,Wolves,Home,0,True,True,premier-league,2023,Brighton
2024-01-30,Luton,Away,0,True,True,premier-league,2023,Brighton
2024-02-03,Crystal Palace,Home,4,True,True,premier-league,2023,Brighton
2024-02-10,Tottenham,Away,1,True,True,premier-league,2023,Brighton
2024-02-18,Sheffield United,Away,5,True,True,premier-league,2023,Brighton
2024-02-24,Everton,Home,1,True,True,premier-league,2023,Brighton
2024-03-02,Fulham,Away,0,True,True,premier-league,2023,Brighton
2024-03-10,Nott'm Forest,Home,1,True,True,premier-league,2023,Brighton
2024-03-31,Liverpool,Away,1,True,True,premier-league,2023,Brighton
2024-04-03,Brentford,Away,0,True,True,premier-league,2023,Brighton
2024-04-06,Arsenal,Home,0,True,True,premier-league,2023,Brighton
2024-04-13,Burnley,Away,1,True,True,premier-league,2023,Brighton
2024-04-25,Man City,Home,0,True,True,premier-league,2023,Brighton
2024-04-28,Bournemouth,Away,0,True,True,premier-league,2023,Brighton
2024-05-05,Aston Villa,Home,1,True,True,premier-league,2023,Brighton
2024-05-11,Newcastle,Away,1,True,True,premier-league,2023,Brighton
2024-05-15,Chelsea,Home,1,True,True,premier-league,2023,Brighton
2024-05-19,Man United,Home,0,True,True,premier-league,2023,Brighton
2023-08-11,Man City,Home,0,False,False,premier-league,2023,Burnley
2023-08-27,Aston Villa,Home,1,False,False,premier-league,2023,Burnley
2023-09-02,Tottenham,Home,2,False,False,premier-league,2023,Burnley
2023-09-18,Nott'm Forest,Away,1,False,False,premier-league,2023,Burnley
2023-09-23,Man United,Home,0,False,False,premier-league,2023,Burnley
2023-09-30,Newcastle,Away,0,False,False,premier-league,2023,Burnley
2023-10-03,Luton,Away,2,False,False,premier-league,2023,Burnley
2023-10-07,Chelsea,Home,1,False,False,premier-league,2023,Burnley
2023-10-21,Brentford,Away,0,False,False,premier-league,2023,Burnley
2023-10-28,Bournemouth,Away,1,False,False,premier-league,2023,Burnley
2023-11-04,Crystal Palace,Home,0,False,False,premier-league,2023,Burnley
2023-11-11,Arsenal,Away,1,False,False,premier-league,2023,Burnley
2023-11-25,West Ham,Home,1,False,False,premier-league,2023,Burnley
2023-12-02,Sheffield United,Home,5,False,False,premier-league,2023,Burnley
2023-12-05,Wolves,Away,0,False,False,premier-league,2023,Burnley
2023-12-09,Brighton,Away,1,False,False,premier-league,2023,Burnley
2023-12-16,Everton,Home,0,False,False,premier-league,2023,Burnley
2023-12-23,Fulham,Away,2,False,False,premier-league,2023,Burnley
2023-12-26,Liverpool,Home,0,False,False,premier-league,2023,Burnley
2023-12-30,Aston Villa,Away,2,False,False,premier-league,2023,Burnley
2024-01-12,Luton,Home,1,False,False,premier-league,2023,Burnley
2024-01-31,Man City,Away,1,False,False,premier-league,2023,Burnley
2024-02-03,Fulham,Home,2,False,False,premier-league,2023,Burnley
2024-02-10,Liverpool,Away,1,False,False,premier-league,2023,Burnley
2024-02-17,Arsenal,Home,0,False,False,premier-league,2023,Burnley
2024-02-24,Crystal Palace,Away,0,False,False,premier-league,2023,Burnley
2024-03-03,Bournemouth,Home,0,False,False,premier-league,2023,Burnley
2024-03-10,West Ham,Away,2,False,False,premier-league,2023,Burnley
2024-03-16,Brentford,Home,2,False,False,premier-league,2023,Burnley
2024-03-30,Chelsea,Away,2,False,False,premier-league,2023,Burnley
2024-04-02,Wolves,Home,1,False,False,premier-league,2023,Burnley
2024-04-06,Everton,Away,0,False,False,premier-league,2023,Burnley
2024-04-13,Brighton,Home,1,False,False,premier-league,2023,Burnley
2024-04-20,Sheffield United,Away,4,False,False,premier-league,2023,Burnley
2024-04-27,Man United,Away,1,False,False,premier-league,2023,Burnley
2024-05-04,Newcastle,Home,1,False,False,premier-league,2023,Burnley
2024-05-11,Tottenham,Away,1,False,False,premier-league,2023,Burnley
2024-05-19,Nott'm Forest,Home,1,False,False,premier-league,2023,Burnley
2023-08-13,Liverpool,Home,1,True,True,premier-league,2023,Chelsea
2023-08-20,West Ham,Away,1,True,True,premier-league,2023,Chelsea
2023-08-25,Luton,Home,3,True,True,premier-league,2023,Chelsea
2023-09-02,Nott'm Forest,Home,0,True,True,premier-league,2023,Chelsea
2023-09-17,Bournemouth,Away,0,True,True,premier-league,2023,Chelsea
2023-09-24,Aston Villa,Home,0,True,True,premier-league,2023,Chelsea
2023-10-02,Fulham,Away,2,True,True,premier-league,2023,Chelsea
2023-10-07,Burnley,Away,4,True,True,premier-league,2023,Chelsea
2023-10-21,Arsenal,Home,2,True,True,premier-league,2023,Chelsea
2023-10-28,Brentford,Home,0,True,True,premier-league,2023,Chelsea
2023-11-06,Tottenham,Away,4,True,True,premier-league,2023,Chelsea
2023-11-12,Man City,Home,4,True,True,premier-league,2023,Chelsea
2023-11-25,Newcastle,Away,1,True,True,premier-league,2023,Chelsea
2023-12-03,Brighton,Home,3,True,True,premier-league,2023,Chelsea
2023-12-06,Man United,Away,1,True,True,premier-league,2023,Chelsea
2023-12-10,Everton,Away,0,True,True,premier-league,2023,Chelsea
2023-12-16,Sheffield United,Home,2,True,True,premier-league,2023,Chelsea
2023-12-24,Wolves,Away,1,True,True,premier-league,2023,Chelsea
2023-12-27,Crystal Palace,Home,2,True,True,premier-league,2023,Chelsea
2023-12-30,Luton,Away,3,True,True,premier-league,2023,Chelsea
2024-01-13,Fulham,Home,1,True,True,premier-league,2023,Chelsea
2024-01-31,Liverpool,Away,1,True,True,premier-league,2023,Chelsea
2024-02-04,Wolves,Home,2,True,True,premier-league,2023,Chelsea
2024-02-12,Crystal Palace,Away,3,True,True,premier-league,2023,Chelsea
2024-02-17,Man City,Away,1,True,True,premier-league,2023,Chelsea
2024-03-02,Brentford,Away,2,True,True,premier-league,2023,Chelsea
2024-03-11,Newcastle,Home,3,True,True,premier-league,2023,Chelsea
2024-03-30,Burnley,Home,2,True,True,premier-league,2023,Chelsea
2024-04-04,Man United,Home,4,True,True,premier-league,2023,Chelsea
2024-04-07,Sheffield United,Away,2,True,True,premier-league,2023,Chelsea
2024-04-15,Everton,Home,6,True,True,premier-league,2023,Chelsea
2024-04-23,Arsenal,Away,0,True,True,premier-league,2023,Chelsea
2024-04-27,Aston Villa,Away,2,True,True,premier-league,2023,Chelsea
2024-05-02,Tottenham,Home,2,True,True,premier-league,2023,Chelsea
2024-05-05,West Ham,Home,5,True,True,premier-league,2023,Chelsea
2024-05-11,Nott'm Forest,Away,3,True,True,premier-league,2023,Chelsea
2024-05-15,Brighton,Away,2,True,True,premier-league,2023,Chelsea
2024-05-19,Bournemouth,Home,2,True,True,premier-league,2023,Chelsea
2023-08-12,Sheffield United,Away,1,True,True,premier-league,2023,Crystal Palace
2023-08-21,Arsenal,Home,0,True,True,premier-league,2023,Crystal Palace
2023-08-26,Brentford,Away,1,True,True,premier-league,2023,Crystal Palace
2023-09-03,Wolves,Home,3,True,True,premier-league,2023,Crystal Palace
2023-09-16,Aston Villa,Away,1,True,True,premier-league,2023,Crystal Palace
2023-09-23,Fulham,Home,0,True,True,premier-league,2023,Crystal Palace
2023-09-30,Man United,Away,1,True,True,premier-league,2023,Crystal Palace
2023-10-07,Nott'm Forest,Home,0,True,True,premier-league,2023,Crystal Palace
2023-10-21,Newcastle,Away,0,True,True,premier-league,2023,Crystal Palace
2023-10-27,Tottenham,Home,1,True,True,premier-league,2023,Crystal Palace
2023-11-04,Burnley,Away,2,True,True,premier-league,2023,Crystal Palace
2023-11-11,Everton,Home,2,True,True,premier-league,2023,Crystal Palace
2023-11-25,Luton,Away,1,True,True,premier-league,2023,Crystal Palace
2023-12-03,West Ham,Away,1,True,True,premier-league,2023,Crystal Palace
2023-12-06,Bournemouth,Home,0,True,True,premier-league,2023,Crystal Palace
2023-12-09,Liverpool,Home,1,True,True,premier-league,2023,Crystal Palace
2023-12-16,Man City,Away,2,True,True,premier-league,2023,Crystal Palace
2023-12-21,Brighton,Home,1,True,True,premier-league,2023,Crystal Palace
2023-12-27,Chelsea,Away,1,True,True,premier-league,2023,Crystal Palace
2023-12-30,Brentford,Home,3,True,True,premier-league,2023,Crystal Palace
2024-01-20,Arsenal,Away,0,True,True,premier-league,2023,Crystal Palace
2024-01-30,Sheffield United,Home,3,True,True,premier-league,2023,Crystal Palace
2024-02-03,Brighton,Away,1,True,True,premier-league,2023,Crystal Palace
2024-02-12,Chelsea,Home,1,True,True,premier-league,2023,Crystal Palace
2024-02-19,Everton,Away,1,True,True,premier-league,2023,Crystal Palace
2024-02-24,Burnley,Home,3,True,True,premier-league,2023,Crystal Palace
2024-03-02,Tottenham,Away,1,True,True,premier-league,2023,Crystal Palace
2024-03-09,Luton,Home,1,True,True,premier-league,2023,Crystal Palace
2024-03-30,Nott'm Forest,Away,1,True,True,premier-league,2023,Crystal Palace
2024-04-02,Bournemouth,Away,0,True,True,premier-league,2023,Crystal Palace
2024-04-06,Man City,Home,2,True,True,premier-league,2023,Crystal Palace
2024-04-14,Liverpool,Away,1,True,True,premier-league,2023,Crystal Palace
2024-04-21,West Ham,Home,5,True,True,premier-league,2023,Crystal Palace
2024-04-24,Newcastle,Home,2,True,True,premier-league,2023,Crystal Palace
2024-04-27,Fulham,Away,1,True,True,premier-league,2023,Crystal Palace
2024-05-06,Man United,Home,4,True,True,premier-league,2023,Crystal Palace
2024-05-11,Wolves,Away,3,True,True,premier-league,2023,Crystal Palace
2024-05-19,Aston Villa,Home,5,True,True,premier-league,2023,Crystal Palace
2023-08-12,Fulham,Home,0,True,True,premier-league,2023,Everton
2023-08-20,Aston Villa,Away,0,True,True,premier-league,2023,Everton
2023-08-26,Wolves,Home,0,True,True,premier-league,2023,Everton
2023-09-02,Sheffield United,Away,2,True,True,premier-league,2023,Everton
2023-09-17,Arsenal,Home,0,True,True,premier-league,2023,Everton
2023-09-23,Brentford,Away,3,True,True,premier-league,2023,Everton
2023-09-30,Luton,Home,1,True,True,premier-league,2023,Everton
2023-10-07,Bournemouth,Home,3,True,True,premier-league,2023,Everton
2023-10-21,Liverpool,Away,0,True,True,premier-league,2023,Everton
2023-10-29,West Ham,Away,1,True,True,premier-league,2023,Everton
2023-11-04,Brighton,Home,1,True,True,premier-league,2023,Everton
2023-11-11,Crystal Palace,Away,3,True,True,premier-league,2023,Everton
2023-11-26,Man United,Home,0,True,True,premier-league,2023,Everton
2023-12-02,Nott'm Forest,Away,1,True,True,premier-league,2023,Everton
2023-12-07,Newcastle,Home,3,True,True,premier-league,2023,Everton
2023-12-10,Chelsea,Home,2,True,True,premier-league,2023,Everton
2023-12-16,Burnley,Away,2,True,True,premier-league,2023,Everton
2023-12-23,Tottenham,Away,1,True,True,premier-league,2023,Everton
2023-12-27,Man City,Home,1,True,True,premier-league,2023,Everton
2023-12-30,Wolves,Away,0,True,True,premier-league,2023,Everton
2024-01-14,Aston Villa,Home,0,True,True,premier-league,2023,Everton
2024-01-30,Fulham,Away,0,True,True,premier-league,2023,Everton
2024-02-03,Tottenham,Home,2,True,True,premier-league,2023,Everton
2024-02-10,Man City,Away,0,True,True,premier-league,2023,Everton
2024-02-19,Crystal Palace,Home,1,True,True,premier-league,2023,Everton
2024-02-24,Brighton,Away,1,True,True,premier-league,2023,Everton
2024-03-02,West Ham,Home,1,True,True,premier-league,2023,Everton
2024-03-09,Man United,Away,0,True,True,premier-league,2023,Everton
2024-03-30,Bournemouth,Away,1,True,True,premier-league,2023,Everton
2024-04-02,Newcastle,Away,1,True,True,premier-league,2023,Everton
2024-04-06,Burnley,Home,1,True,True,premier-league,2023,Everton
2024-04-15,Chelsea,Away,0,True,True,premier-league,2023,Everton
2024-04-21,Nott'm Forest,Home,2,True,True,premier-league,2023,Everton
2024-04-24,Liverpool,Home,2,True,True,premier-league,2023,Everton
2024-04-27,Brentford,Home,1,True,True,premier-league,2023,Everton
2024-05-03,Luton,Away,1,True,True,premier-league,2023,Everton
2024-05-11,Sheffield United,Home,1,True,True,premier-league,2023,Everton
2024-05-19,Arsenal,Away,1,True,True,premier-league,2023,Everton
2023-08-12,Everton,Away,1,True,True,premier-league,2023,Fulham
2023-08-19,Brentford,Home,0,True,True,premier-league,2023,Fulham
2023-08-26,Arsenal,Away,2,True,True,premier-league,2023,Fulham
2023-09-02,Man City,Away,1,True,True,premier-league,2023,Fulham
2023-09-16,Luton,Home,1,True,True,premier-league,2023,Fulham
2023-09-23,Crystal Palace,Away,0,True,True,premier-league,2023,Fulham
2023-10-02,Chelsea,Home,0,True,True,premier-league,2023,Fulham
2023-10-07,Sheffield United,Home,3,True,True,premier-league,2023,Fulham
2023-10-23,Tottenham,Away,0,True,True,premier-league,2023,Fulham
2023-10-29,Brighton,Away,1,True,True,premier-league,2023,Fulham
2023-11-04,Man United,Home,0,True,True,premier-league,2023,Fulham
2023-11-12,Aston Villa,Away,1,True,True,premier-league,2023,Fulham
2023-11-27,Wolves,Home,3,True,True,premier-league,2023,Fulham
2023-12-03,Liverpool,Away,3,True,True,premier-league,2023,Fulham
2023-12-06,Nott'm Forest,Home,5,True,True,premier-league,2023,Fulham
2023-12-10,West Ham,Home,5,True,True,premier-league,2023,Fulham
2023-12-16,Newcastle,Away,0,True,True,premier-league,2023,Fulham
2023-12-23,Burnley,Home,0,True,True,premier-league,2023,Fulham
2023-12-26,Bournemouth,Away,0,True,True,premier-league,2023,Fulham
2023-12-31,Arsenal,Home,2,True,True,premier-league,2023,Fulham
2024-01-13,Chelsea,Away,0,True,True,premier-league,2023,Fulham
2024-01-30,Everton,Home,0,True,True,premier-league,2023,Fulham
2024-02-03,Burnley,Away,2,True,True,premier-league,2023,Fulham
2024-02-10,Bournemouth,Home,3,True,True,premier-league,2023,Fulham
2024-02-17,Aston Villa,Home,1,True,True,premier-league,2023,Fulham
2024-02-24,Man United,Away,2,True,True,premier-league,2023,Fulham
2024-03-02,Brighton,Home,3,True,True,premier-league,2023,Fulham
2024-03-09,Wolves,Away,1,True,True,premier-league,2023,Fulham
2024-03-16,Tottenham,Home,3,True,True,premier-league,2023,Fulham
2024-03-30,Sheffield United,Away,3,True,True,premier-league,2023,Fulham
2024-04-02,Nott'm Forest,Away,1,True,True,premier-league,2023,Fulham
2024-04-06,Newcastle,Home,0,True,True,premier-league,2023,Fulham
2024-04-14,West Ham,Away,2,True,True,premier-league,2023,Fulham
2024-04-21,Liverpool,Home,1,True,True,premier-league,2023,Fulham
2024-04-27,Crystal Palace,Home,1,True,True,premier-league,2023,Fulham
2024-05-04,Brentford,Away,0,True,True,premier-league,2023,Fulham
2024-05-11,Man City,Home,0,True,True,premier-league,2023,Fulham
2024-05-19,Luton,Away,4,True,True,premier-league,2023,Fulham
2023-08-13,Chelsea,Away,1,True,True,premier-league,2023,Liverpool
2023-08-19,Bournemouth,Home,3,True,True,premier-league,2023,Liverpool
2023-08-27,Newcastle,Away,2,True,True,premier-league,2023,Liverpool
2023-09-03,Aston Villa,Home,3,True,True,premier-league,2023,Liverpool
2023-09-16,Wolves,Away,3,True,True,premier-league,2023,Liverpool
2023-09-24,West Ham,Home,3,True,True,premier-league,2023,Liverpool
2023-09-30,Tottenham,Away,1,True,True,premier-league,2023,Liverpool
2023-10-08,Brighton,Away,2,True,True,premier-league,2023,Liverpool
2023-10-21,Everton,Home,2,True,True,premier-league,2023,Liverpool
2023-10-29,Nott'm Forest,Home,3,True,True,premier-league,2023,Liverpool
2023-11-05,Luton,Away,1,True,True,premier-league,2023,Liverpool
2023-11-12,Brentford,Home,3,True,True,premier-league,2023,Liverpool
2023-11-25,Man City,Away,1,True,True,premier-league,2023,Liverpool
2023-12-03,Fulham,Home,4,True,True,premier-league,2023,Liverpool
2023-12-06,Sheffield United,Away,2,True,True,premier-league,2023,Liverpool
2023-12-09,Crystal Palace,Away,2,True,True,premier-league,2023,Liverpool
2023-12-17,Man United,Home,0,True,True,premier-league,2023,Liverpool
2023-12-23,Arsenal,Home,1,True,True,premier-league,2023,Liverpool
2023-12-26,Burnley,Away,2,True,True,premier-league,2023,Liverpool
2024-01-01,Newcastle,Home,4,True,True,premier-league,2023,Liverpool
2024-01-21,Bournemouth,Away,4,True,True,premier-league,2023,Liverpool
2024-01-31,Chelsea,Home,4,True,True,premier-league,2023,Liverpool
2024-02-04,Arsenal,Away,1,True,True,premier-league,2023,Liverpool
2024-02-10,Burnley,Home,3,True,True,premier-league,2023,Liverpool
2024-02-17,Brentford,Away,4,True,True,premier-league,2023,Liverpool
2024-02-21,Luton,Home,4,True,True,premier-league,2023,Liverpool
2024-03-02,Nott'm Forest,Away,1,True,True,premier-league,2023,Liverpool
2024-03-10,Man City,Home,1,True,True,premier-league,2023,Liverpool
2024-03-31,Brighton,Home,2,True,True,premier-league,2023,Liverpool
2024-04-04,Sheffield United,Home,3,True,True,premier-league,2023,Liverpool
2024-04-07,Man United,Away,2,True,True,premier-league,2023,Liverpool
2024-04-14,Crystal Palace,Home,0,True,True,premier-league,2023,Liverpool
2024-04-21,Fulham,Away,3,True,True,premier-league,2023,Liverpool
2024-04-24,Everton,Away,0,True,True,premier-league,2023,Liverpool
2024-04-27,West Ham,Away,2,True,True,premier-league,2023,Liverpool
2024-05-05,Tottenham,Home,4,True,True,premier-league,2023,Liverpool
2024-05-13,Aston Villa,Away,3,True,True,premier-league,2023,Liverpool
2024-05-19,Wolves,Home,2,True,True,premier-league,2023,Liverpool
2023-08-12,Brighton,Away,1,True,True,premier-league,2023,Luton
2023-08-25,Chelsea,Away,0,True,True,premier-league,2023,Luton
2023-09-01,West Ham,Home,1,True,True,premier-league,2023,Luton
2023-09-16,Fulham,Away,0,True,True,premier-league,2023,Luton
2023-09-23,Wolves,Home,1,True,True,premier-league,2023,Luton
2023-09-30,Everton,Away,2,True,True,premier-league,2023,Luton
2023-10-03,Burnley,Home,1,True,True,premier-league,2023,Luton
2023-10-07,Tottenham,Home,0,True,True,premier-league,2023,Luton
2023-10-21,Nott'm Forest,Away,2,True,True,premier-league,2023,Luton
2023-10-29,Aston Villa,Away,1,True,True,premier-league,2023,Luton
2023-11-05,Liverpool,Home,1,True,True,premier-league,2023,Luton
2023-11-11,Man United,Away,0,True,True,premier-league,2023,Luton
2023-11-25,Crystal Palace,Home,2,True,True,premier-league,2023,Luton
2023-12-02,Brentford,Away,1,True,True,premier-league,2023,Luton
2023-12-05,Arsenal,Home,3,True,True,premier-league,2023,Luton
2023-12-10,Man City,Home,1,True,True,premier-league,2023,Luton
2023-12-23,Newcastle,Home,1,True,True,premier-league,2023,Luton
2023-12-26,Sheffield United,Away,3,True,True,premier-league,2023,Luton
2023-12-30,Chelsea,Home,2,True,True,premier-league,2023,Luton
2024-01-12,Burnley,Away,1,True,True,premier-league,2023,Luton
2024-01-30,Brighton,Home,4,True,True,premier-league,2023,Luton
2024-02-03,Newcastle,Away,4,True,True,premier-league,2023,Luton
2024-02-10,Sheffield United,Home,1,True,True,premier-league,2023,Luton
2024-02-18,Man United,Home,1,True,True,premier-league,2023,Luton
2024-02-21,Liverpool,Away,1,True,True,premier-league,2023,Luton
2024-03-02,Aston Villa,Home,2,True,True,premier-league,2023,Luton
2024-03-09,Crystal Palace,Away,1,True,True,premier-league,2023,Luton
2024-03-13,Bournemouth,Away,3,True,True,premier-league,2023,Luton
2024-03-16,Nott'm Forest,Home,1,True,True,premier-league,2023,Luton
2024-03-30,Tottenham,Away,1,True,True,premier-league,2023,Luton
2024-04-03,Arsenal,Away,0,True,True,premier-league,2023,Luton
2024-04-06,Bournemouth,Home,2,True,True,premier-league,2023,Luton
2024-04-13,Man City,Away,1,True,True,premier-league,2023,Luton
2024-04-20,Brentford,Home,1,True,True,premier-league,2023,Luton
2024-04-27,Wolves,Away,1,True,True,premier-league,2023,Luton
2024-05-03,Everton,Home,1,True,True,premier-league,2023,Luton
2024-05-11,West Ham,Away,1,True,True,premier-league,2023,Luton
2024-05-19,Fulham,Home,2,True,True,premier-league,2023,Luton
2023-08-11,Burnley,Away,3,True,True,premier-league,2023,Man City
2023-08-19,Newcastle,Home,1,True,True,premier-league,2023,Man City
2023-08-27,Sheffield United,Away,2,True,True,premier-league,2023,Man City
2023-09-02,Fulham,Home,5,True,True,premier-league,2023,Man City
2023-09-16,West Ham,Away,3,True,True,premier-league,2023,Man City
2023-09-23,Nott'm Forest,Home,2,True,True,premier-league,2023,Man City
2023-09-30,Wolves,Away,1,True,True,premier-league,2023,Man City
2023-10-08,Arsenal,Away,0,True,True,premier-league,2023,Man City
2023-10-21,Brighton,Home,2,True,True,premier-league,2023,Man City
2023-10-29,Man United,Away,3,True,True,premier-league,2023,Man City
2023-11-04,Bournemouth,Home,6,True,True,premier-league,2023,Man City
2023-11-12,Chelsea,Away,4,True,True,premier-league,2023,Man City
2023-11-25,Liverpool,Home,1,True,True,premier-league,2023,Man City
2023-12-03,Tottenham,Home,3,True,True,premier-league,2023,Man City
2023-12-06,Aston Villa,Away,0,True,True,premier-league,2023,Man City
2023-12-10,Luton,Away,2,True,True,premier-league,2023,Man City
2023-12-16,Crystal Palace,Home,2,True,True,premier-league,2023,Man City
2023-12-27,Everton,Away,3,True,True,premier-league,2023,Man City
2023-12-30,Sheffield United,Home,2,True,True,premier-league,2023,Man City
2024-01-13,Newcastle,Away,3,True,True,premier-league,2023,Man City
2024-01-31,Burnley,Home,3,True,True,premier-league,2023,Man City
2024-02-05,Brentford,Away,3,True,True,premier-league,2023,Man City
2024-02-10,Everton,Home,2,True,True,premier-league,2023,Man City
2024-02-17,Chelsea,Home,1,True,True,premier-league,2023,Man City
2024-02-20,Brentford,Home,1,True,True,premier-league,2023,Man City
2024-02-24,Bournemouth,Away,1,True,True,premier-league,2023,Man City
2024-03-03,Man United,Home,3,True,True,premier-league,2023,Man City
2024-03-10,Liverpool,Away,1,True,True,premier-league,2023,Man City
2024-03-31,Arsenal,Home,0,True,True,premier-league,2023,Man City
2024-04-03,Aston Villa,Home,4,True,True,premier-league,2023,Man City
2024-04-06,Crystal Palace,Away,4,True,True,premier-league,2023,Man City
2024-04-13,Luton,Home,5,True,True,premier-league,2023,Man City
2024-04-25,Brighton,Away,4,True,True,premier-league,2023,Man City
2024-04-28,Nott'm Forest,Away,2,True,True,premier-league,2023,Man City
2024-05-04,Wolves,Home,5,True,True,premier-league,2023,Man City
2024-05-11,Fulham,Away,4,True,True,premier-league,2023,Man City
2024-05-14,Tottenham,Away,2,True,True,premier-league,2023,Man City
2024-05-19,West Ham,Home,3,True,True,premier-league,2023,Man City
2023-08-14,Wolves,Home,1,False,False,premier-league,2023,Man United
2023-08-19,Tottenham,Away,0,False,False,premier-league,2023,Man United
2023-08-26,Nott'm Forest,Home,3,False,False,premier-league,2023,Man United
2023-09-03,Arsenal,Away,1,False,False,premier-league,2023,Man United
2023-09-16,Brighton,Home,1,False,False,premier-league,2023,Man United
2023-09-23,Burnley,Away,1,False,False,premier-league,2023,Man United
2023-09-30,Crystal Palace,Home,0,False,False,premier-league,2023,Man United
2023-10-07,Brentford,Home,2,False,False,premier-league,2023,Man United
2023-10-21,Sheffield United,Away,2,False,False,premier-league,2023,Man United
2023-10-29,Man City,Home,0,False,False,premier-league,2023,Man United
2023-11-04,Fulham,Away,1,False,False,premier-league,2023,Man United
2023-11-11,Luton,Home,1,False,False,premier-league,2023,Man United
2023-11-26,Everton,Away,3,False,False,premier-league,2023,Man United
2023-12-02,Newcastle,Away,0,False,False,premier-league,2023,Man United
2023-12-06,Chelsea,Home,2,False,False,premier-league,2023,Man United
2023-12-09,Bournemouth,Home,0,False,False,premier-league,2023,Man United
2023-12-17,Liverpool,Away,0,False,False,premier-league,2023,Man United
2023-12-23,West Ham,Away,0,False,False,premier-league,2023,Man United
2023-12-26,Aston Villa,Home,3,False,False,premier-league,2023,Man United
2023-12-30,Nott'm Forest,Away,1,False,False,premier-league,2023,Man United
2024-01-14,Tottenham,Home,2,False,False,premier-league,2023,Man United
2024-02-01,Wolves,Away,4,False,False,premier-league,2023,Man United
2024-02-04,West Ham,Home,3,False,False,premier-league,2023,Man United
2024-02-11,Aston Villa,Away,2,False,False,premier-league,2023,Man United
2024-02-18,Luton,Away,2,False,False,premier-league,2023,Man United
2024-02-24,Fulham,Home,1,False,False,premier-league,2023,Man United
2024-03-03,Man City,Away,1,False,False,premier-league,2023,Man United
2024-03-09,Everton,Home,2,False,False,premier-league,2023,Man United
2024-03-30,Brentford,Away,1,False,False,premier-league,2023,Man United
2024-04-04,Chelsea,Away,3,False,False,premier-league,2023,Man United
2024-04-07,Liverpool,Home,2,False,False,premier-league,2023,Man United
2024-04-13,Bournemouth,Away,2,False,False,premier-league,2023,Man United
2024-04-24,Sheffield United,Home,4,False,False,premier-league,2023,Man United
2024-04-27,Burnley,Home,1,False,False,premier-league,2023,Man United
2024-05-06,Crystal Palace,Away,0,False,False,premier-league,2023,Man United
2024-05-12,Arsenal,Home,0,False,False,premier-league,2023,Man United
2024-05-15,Newcastle,Home,3,False,False,premier-league,2023,Man United
2024-05-19,Brighton,Away,2,False,False,premier-league,2023,Man United
2023-08-12,Aston Villa,Home,5,True,True,premier-league,2023,Newcastle
2023-08-19,Man City,Away,0,True,True,premier-league,2023,Newcastle
2023-08-27,Liverpool,Home,1,True,True,premier-league,2023,Newcastle
2023-09-02,Brighton,Away,1,True,True,premier-league,2023,Newcastle
2023-09-16,Brentford,Home,1,True,True,premier-league,2023,Newcastle
2023-09-24,Sheffield United,Away,8,True,True,premier-league,2023,Newcastle
2023-09-30,Burnley,Home,2,True,True,premier-league,2023,Newcastle
2023-10-08,West Ham,Away,2,True,True,premier-league,2023,Newcastle
2023-10-21,Crystal Palace,Home,4,True,True,premier-league,2023,Newcastle
2023-10-28,Wolves,Away,2,True,True,premier-league,2023,Newcastle
2023-11-04,Arsenal,Home,1,True,True,premier-league,2023,Newcastle
2023-11-11,Bournemouth,Away,0,True,True,premier-league,2023,Newcastle
2023-11-25,Chelsea,Home,4,True,True,premier-league,2023,Newcastle
2023-12-02,Man United,Home,1,True,True,premier-league,2023,Newcastle
2023-12-07,Everton,Away,0,True,True,premier-league,2023,Newcastle
2023-12-10,Tottenham,Away,1,True,True,premier-league,2023,Newcastle
2023-12-16,Fulham,Home,3,True,True,premier-league,2023,Newcastle
2023-12-23,Luton,Away,0,True,True,premier-league,2023,Newcastle
2023-12-26,Nott'm Forest,Home,1,True,True,premier-league,2023,Newcastle
2024-01-01,Liverpool,Away,2,True,True,premier-league,2023,Newcastle
2024-01-13,Man City,Home,2,True,True,premier-league,2023,Newcastle
2024-01-30,Aston Villa,Away,3,True,True,premier-league,2023,Newcastle
2024-02-03,Luton,Home,4,True,True,premier-league,2023,Newcastle
2024-02-10,Nott'm Forest,Away,3,True,True,premier-league,2023,Newcastle
2024-02-17,Bournemouth,Home,2,True,True,premier-league,2023,Newcastle
2024-02-24,Arsenal,Away,1,True,True,premier-league,2023,Newcastle
2024-03-02,Wolves,Home,3,True,True,premier-league,2023,Newcastle
2024-03-11,Chelsea,Away,2,True,True,premier-league,2023,Newcastle
2024-03-30,West Ham,Home,4,True,True,premier-league,2023,Newcastle
2024-04-02,Everton,Home,1,True,True,premier-league,2023,Newcastle
2024-04-06,Fulham,Away,1,True,True,premier-league,2023,Newcastle
2024-04-13,Tottenham,Home,4,True,True,premier-league,2023,Newcastle
2024-04-24,Crystal Palace,Away,0,True,True,premier-league,2023,Newcastle
2024-04-27,Sheffield United,Home,5,True,True,premier-league,2023,Newcastle
2024-05-04,Burnley,Away,4,True,True,premier-league,2023,Newcastle
2024-05-11,Brighton,Home,1,True,True,premier-league,2023,Newcastle
2024-05-15,Man United,Away,2,True,True,premier-league,2023,Newcastle
2024-05-19,Brentford,Away,4,True,True,premier-league,2023,Newcastle
2023-08-12,Arsenal,Away,1,True,True,premier-league,2023,Nott'm Forest
2023-08-18,Sheffield United,Home,2,True,True,premier-league,2023,Nott'm Forest
2023-08-26,Man United,Away,2,True,True,premier-league,2023,Nott'm Forest
2023-09-02,Chelsea,Away,1,True,True,premier-league,2023,Nott'm Forest
2023-09-18,Burnley,Home,1,True,True,premier-league,2023,Nott'm Forest
2023-09-23,Man City,Away,0,True,True,premier-league,2023,Nott'm Forest
2023-10-01,Brentford,Home,1,True,True,premier-league,2023,Nott'm Forest
2023-10-07,Crystal Palace,Away,0,True,True,premier-league,2023,Nott'm Forest
2023-10-21,Luton,Home,2,True,True,premier-league,2023,Nott'm Forest
2023-10-29,Liverpool,Away,0,True,True,premier-league,2023,Nott'm Forest
2023-11-05,Aston Villa,Home,2,True,True,premier-league,2023,Nott'm Forest
2023-11-12,West Ham,Away,2,True,True,premier-league,2023,Nott'm Forest
2023-11-25,Brighton,Home,2,True,True,premier-league,2023,Nott'm Forest
2023-12-02,Everton,Home,0,True,True,premier-league,2023,Nott'm Forest
2023-12-06,Fulham,Away,0,True,True,premier-league,2023,Nott'm Forest
2023-12-09,Wolves,Away,1,True,True,premier-league,2023,Nott'm Forest
2023-12-15,Tottenham,Home,0,True,True,premier-league,2023,Nott'm Forest
2023-12-23,Bournemouth,Home,2,True,True,premier-league,2023,Nott'm Forest
2023-12-26,Newcastle,Away,3,True,True,premier-league,2023,Nott'm Forest
2023-12-30,Man United,Home,2,True,True,premier-league,2023,Nott'm Forest
2024-01-20,Brentford,Away,2,True,True,premier-league,2023,Nott'm Forest
2024-01-30,Arsenal,Home,1,True,True,premier-league,2023,Nott'm Forest
2024-02-04,Bournemouth,Away,1,True,True,premier-league,2023,Nott'm Forest
2024-02-10,Newcastle,Home,2,True,True,premier-league,2023,Nott'm Forest
2024-02-17,West Ham,Home,2,True,True,premier-league,2023,Nott'm Forest
2024-02-24,Aston Villa,Away,2,True,True,premier-league,2023,Nott'm Forest
2024-03-02,Liverpool,Home,0,True,True,premier-league,2023,Nott'm Forest
2024-03-10,Brighton,Away,0,True,True,premier-league,2023,Nott'm Forest
2024-03-16,Luton,Away,1,True,True,premier-league,2023,Nott'm Forest
2024-03-30,Crystal Palace,Home,1,True,True,premier-league,2023,Nott'm Forest
2024-04-02,Fulham,Home,3,True,True,premier-league,2023,Nott'm Forest
2024-04-07,Tottenham,Away,1,True,True,premier-league,2023,Nott'm Forest
2024-04-13,Wolves,Home,2,True,True,premier-league,2023,Nott'm Forest
2024-04-21,Everton,Away,0,True,True,premier-league,2023,Nott'm Forest
2024-04-28,Man City,Home,0,True,True,premier-league,2023,Nott'm Forest
2024-05-04,Sheffield United,Away,3,True,True,premier-league,2023,Nott'm Forest
2024-05-11,Chelsea,Home,2,True,True,premier-league,2023,Nott'm Forest
2024-05-19,Burnley,Away,2,True,True,premier-league,2023,Nott'm Forest
2023-08-12,Crystal Palace,Home,0,True,True,premier-league,2023,Sheffield United
2023-08-18,Nott'm Forest,Away,1,True,True,premier-league,2023,Sheffield United
2023-08-27,Man City,Home,1,True,True,premier-league,2023,Sheffield United
2023-09-02,Everton,Home,2,True,True,premier-league,2023,Sheffield United
2023-09-16,Tottenham,Away,1,True,True,premier-league,2023,Sheffield United
2023-09-24,Newcastle,Home,0,True,True,premier-league,2023,Sheffield United
2023-09-30,West Ham,Away,0,True,True,premier-league,2023,Sheffield United
2023-10-07,Fulham,Away,1,True,True,premier-league,2023,Sheffield United
2023-10-21,Man United,Home,1,True,True,premier-league,2023,Sheffield United
2023-10-28,Arsenal,Away,0,True,True,premier-league,2023,Sheffield United
2023-11-04,Wolves,Home,2,True,True,premier-league,2023,Sheffield United
2023-11-12,Brighton,Away,1,True,True,premier-league,2023,Sheffield United
2023-11-25,Bournemouth,Home,1,True,True,premier-league,2023,Sheffield United
2023-12-02,Burnley,Away,0,True,True,premier-league,2023,Sheffield United
2023-12-06,Liverpool,Home,0,True,True,premier-league,2023,Sheffield United
2023-12-09,Brentford,Home,1,True,True,premier-league,2023,Sheffield United
2023-12-16,Chelsea,Away,0,True,True,premier-league,2023,Sheffield United
2023-12-22,Aston Villa,Away,1,True,True,premier-league,2023,Sheffield United
2023-12-26,Luton,Home,2,True,True,premier-league,2023,Sheffield United
2023-12-30,Man City,Away,0,True,True,premier-league,2023,Sheffield United
2024-01-21,West Ham,Home,2,True,True,premier-league,2023,Sheffield United
2024-01-30,Crystal Palace,Away,2,True,True,premier-league,2023,Sheffield United
2024-02-03,Aston Villa,Home,0,True,True,premier-league,2023,Sheffield United
2024-02-10,Luton,Away,3,True,True,premier-league,2023,Sheffield United
2024-02-18,Brighton,Home,0,True,True,premier-league,2023,Sheffield United
2024-02-25,Wolves,Away,0,True,True,premier-league,2023,Sheffield United
2024-03-04,Arsenal,Home,0,True,True,premier-league,2023,Sheffield United
2024-03-09,Bournemouth,Away,2,True,True,premier-league,2023,Sheffield United
2024-03-30,Fulham,Home,3,True,True,premier-league,2023,Sheffield United
2024-04-04,Liverpool,Away,1,True,True,premier-league,2023,Sheffield United
2024-04-07,Chelsea,Home,2,True,True,premier-league,2023,Sheffield United
2024-04-13,Brentford,Away,0,True,True,premier-league,2023,Sheffield United
2024-04-20,Burnley,Home,1,True,True,premier-league,2023,Sheffield United
2024-04-24,Man United,Away,2,True,True,premier-league,2023,Sheffield United
2024-04-27,Newcastle,Away,1,True,True,premier-league,2023,Sheffield United
2024-05-04,Nott'm Forest,Home,1,True,True,premier-league,2023,Sheffield United
2024-05-11,Everton,Away,0,True,True,premier-league,2023,Sheffield United
2024-05-19,Tottenham,Home,0,True,True,premier-league,2023,Sheffield United
2023-08-13,Brentford,Away,2,True,True,premier-league,2023,Tottenham
2023-08-19,Man United,Home,2,True,True,premier-league,2023,Tottenham
2023-08-26,Bournemouth,Away,2,True,True,premier-league,2023,Tottenham
2023-09-02,Burnley,Away,5,True,True,premier-league,2023,Tottenham
2023-09-16,Sheffield United,Home,2,True,True,premier-league,2023,Tottenham
2023-09-24,Arsenal,Away,2,True,True,premier-league,2023,Tottenham
2023-09-30,Liverpool,Home,2,True,True,premier-league,2023,Tottenham
2023-10-07,Luton,Away,1,True,True,premier-league,2023,Tottenham
2023-10-23,Fulham,Home,2,True,True,premier-league,2023,Tottenham
2023-10-27,Crystal Palace,Away,2,True,True,premier-league,2023,Tottenham
2023-11-06,Chelsea,Home,1,True,True,premier-league,2023,Tottenham
2023-11-11,Wolves,Away,1,True,True,premier-league,2023,Tottenham
2023-11-26,Aston Villa,Home,1,True,True,premier-league,2023,Tottenham
2023-12-03,Man City,Away,3,True,True,premier-league,2023,Tottenham
2023-12-07,West Ham,Home,1,True,True,premier-league,2023,Tottenham
2023-12-10,Newcastle,Home,4,True,True,premier-league,2023,Tottenham
2023-12-15,Nott'm Forest,Away,2,True,True,premier-league,2023,Tottenham
2023-12-23,Everton,Home,2,True,True,premier-league,2023,Tottenham
2023-12-28,Brighton,Away,2,True,True,premier-league,2023,Tottenham
2023-12-31,Bournemouth,Home,3,True,True,premier-league,2023,Tottenham
2024-01-14,Man United,Away,2,True,True,premier-league,2023,Tottenham
2024-01-31,Brentford,Home,3,True,True,premier-league,2023,Tottenham
2024-02-03,Everton,Away,2,True,True,premier-league,2023,Tottenham
2024-02-10,Brighton,Home,2,True,True,premier-league,2023,Tottenham
2024-02-17,Wolves,Home,1,True,True,premier-league,2023,Tottenham
2024-03-02,Crystal Palace,Home,3,True,True,premier-league,2023,Tottenham
2024-03-10,Aston Villa,Away,4,True,True,premier-league,2023,Tottenham
2024-03-16,Fulham,Away,0,True,True,premier-league,2023,Tottenham
2024-03-30,Luton,Home,2,True,True,premier-league,2023,Tottenham
2024-04-02,West Ham,Away,1,True,True,premier-league,2023,Tottenham
2024-04-07,Nott'm Forest,Home,3,True,True,premier-league,2023,Tottenham
2024-04-13,Newcastle,Away,0,True,True,premier-league,2023,Tottenham
2024-04-28,Arsenal,Home,2,True,True,premier-league,2023,Tottenham
2024-05-02,Chelsea,Away,0,True,True,premier-league,2023,Tottenham
2024-05-05,Liverpool,Away,2,True,True,premier-league,2023,Tottenham
2024-05-11,Burnley,Home,2,True,True,premier-league,2023,Tottenham
2024-05-14,Man City,Home,0,True,True,premier-league,2023,Tottenham
2024-05-19,Sheffield United,Away,3,True,True,premier-league,2023,Tottenham
2023-08-12,Bournemouth,Away,1,True,True,premier-league,2023,West Ham
2023-08-20,Chelsea,Home,3,True,True,premier-league,2023,West Ham
2023-08-26,Brighton,Away,3,True,True,premier-league,2023,West Ham
2023-09-01,Luton,Away,2,True,True,premier-league,2023,West Ham
2023-09-16,Man City,Home,1,True,True,premier-league,2023,West Ham
2023-09-24,Liverpool,Away,1,True,True,premier-league,2023,West Ham
2023-09-30,Sheffield United,Home,2,True,True,premier-league,2023,West Ham
2023-10-08,Newcastle,Home,2,True,True,premier-league,2023,West Ham
2023-10-22,Aston Villa,Away,1,True,True,premier-league,2023,West Ham
2023-10-29,Everton,Home,0,True,True,premier-league,2023,West Ham
2023-11-04,Brentford,Away,2,True,True,premier-league,2023,West Ham
2023-11-12,Nott'm Forest,Home,3,True,True,premier-league,2023,West Ham
2023-11-25,Burnley,Away,2,True,True,premier-league,2023,West Ham
2023-12-03,Crystal Palace,Home,1,True,True,premier-league,2023,West Ham
2023-12-07,Tottenham,Away,2,True,True,premier-league,2023,West Ham
2023-12-10,Fulham,Away,0,True,True,premier-league,2023,West Ham
2023-12-17,Wolves,Home,3,True,True,premier-league,2023,West Ham
2023-12-23,Man United,Home,2,True,True,premier-league,2023,West Ham
2023-12-28,Arsenal,Away,2,True,True,premier-league,2023,West Ham
2024-01-02,Brighton,Home,0,True,True,premier-league,2023,West Ham
2024-01-21,Sheffield United,Away,2,True,True,premier-league,2023,West Ham
2024-02-01,Bournemouth,Home,1,True,True,premier-league,2023,West Ham
2024-02-04,Man United,Away,0,True,True,premier-league,2023,West Ham
2024-02-11,Arsenal,Home,0,True,True,premier-league,2023,West Ham
2024-02-17,Nott'm Forest,Away,0,True,True,premier-league,2023,West Ham
2024-02-26,Brentford,Home,4,True,True,premier-league,2023,West Ham
2024-03-02,Everton,Away,3,True,True,premier-league,2023,West Ham
2024-03-10,Burnley,Home,2,True,True,premier-league,2023,West Ham
2024-03-17,Aston Villa,Home,1,True,True,premier-league,2023,West Ham
2024-03-30,Newcastle,Away,3,True,True,premier-league,2023,West Ham
2024-04-02,Tottenham,Home,1,True,True,premier-league,2023,West Ham
2024-04-06,Wolves,Away,2,True,True,premier-league,2023,West Ham
2024-04-14,Fulham,Home,0,True,True,premier-league,2023,West Ham
2024-04-21,Crystal Palace,Away,2,True,True,premier-league,2023,West Ham
2024-04-27,Liverpool,Home,2,True,True,premier-league,2023,West Ham
2024-05-05,Chelsea,Away,0,True,True,premier-league,2023,West Ham
2024-05-11,Luton,Home,3,True,True,premier-league,2023,West Ham
2024-05-19,Man City,Away,1,True,True,premier-league,2023,West Ham
2023-08-14,Man United,Away,0,True,True,premier-league,2023,Wolves
2023-08-19,Brighton,Home,1,True,True,premier-league,2023,Wolves
2023-08-26,Everton,Away,1,True,True,premier-league,2023,Wolves
2023-09-03,Crystal Palace,Away,2,True,True,premier-league,2023,Wolves
2023-09-16,Liverpool,Home,1,True,True,premier-league,2023,Wolves
2023-09-23,Luton,Away,1,True,True,premier-league,2023,Wolves
2023-09-30,Man City,Home,2,True,True,premier-league,2023,Wolves
2023-10-08,Aston Villa,Home,1,True,True,premier-league,2023,Wolves
2023-10-21,Bournemouth,Away,2,True,True,premier-league,2023,Wolves
2023-10-28,Newcastle,Home,2,True,True,premier-league,2023,Wolves
2023-11-04,Sheffield United,Away,1,True,True,premier-league,2023,Wolves
2023-11-11,Tottenham,Home,2,True,True,premier-league,2023,Wolves
2023-11-27,Fulham,Away,2,True,True,premier-league,2023,Wolves
2023-12-02,Arsenal,Away,1,True,True,premier-league,2023,Wolves
2023-12-05,Burnley,Home,1,True,True,premier-league,2023,Wolves
2023-12-09,Nott'm Forest,Home,1,True,True,premier-league,2023,Wolves
2023-12-17,West Ham,Away,0,True,True,premier-league,2023,Wolves
2023-12-24,Chelsea,Home,2,True,True,premier-league,2023,Wolves
2023-12-27,Brentford,Away,4,True,True,premier-league,2023,Wolves
2023-12-30,Everton,Home,3,True,True,premier-league,2023,Wolves
2024-01-22,Brighton,Away,0,True,True,premier-league,2023,Wolves
2024-02-01,Man United,Home,3,True,True,premier-league,2023,Wolves
2024-02-04,Chelsea,Away,4,True,True,premier-league,2023,Wolves
2024-02-10,Brentford,Home,0,True,True,premier-league,2023,Wolves
2024-02-17,Tottenham,Away,2,True,True,premier-league,2023,Wolves
2024-02-25,Sheffield United,Home,1,True,True,premier-league,2023,Wolves
2024-03-02,Newcastle,Away,0,True,True,premier-league,2023,Wolves
2024-03-09,Fulham,Home,2,True,True,premier-league,2023,Wolves
2024-03-30,Aston Villa,Away,0,True,True,premier-league,2023,Wolves
2024-04-02,Burnley,Away,1,True,True,premier-league,2023,Wolves
2024-04-06,West Ham,Home,1,True,True,premier-league,2023,Wolves
2024-04-13,Nott'm Forest,Away,2,True,True,premier-league,2023,Wolves
2024-04-20,Arsenal,Home,0,True,True,premier-league,2023,Wolves
2024-04-24,Bournemouth,Home,0,True,True,premier-league,2023,Wolves
2024-04-27,Luton,Home,2,True,True,premier-league,2023,Wolves
2024-05-04,Man City,Away,1,True,True,premier-league,2023,Wolves
2024-05-11,Crystal Palace,Home,1,True,True,premier-league,2023,Wolves
2024-05-19,Liverpool,Away,0,True,True,premier-league,2023,Wolves
2024-08-17,Wolves,Home,2,True,True,premier-league,2024,Arsenal
2024-08-24,Aston Villa,Away,2,True,True,premier-league,2024,Arsenal
2024-08-31,Brighton,Home,1,True,True,premier-league,2024,Arsenal
2024-09-15,Tottenham,Away,1,True,True,premier-league,2024,Arsenal
2024-09-22,Man City,Away,2,True,True,premier-league,2024,Arsenal
2024-09-28,Leicester,Home,4,True,True,premier-league,2024,Arsenal
2024-10-05,Southampton,Home,3,True,True,premier-league,2024,Arsenal
2024-10-19,Bournemouth,Away,0,True,True,premier-league,2024,Arsenal
2024-10-27,Liverpool,Home,2,True,True,premier-league,2024,Arsenal
2024-11-02,Newcastle,Away,0,True,True,premier-league,2024,Arsenal
2024-11-10,Chelsea,Away,1,True,True,premier-league,2024,Arsenal
2024-11-23,Nott'm Forest,Home,3,True,True,premier-league,2024,Arsenal
2024-11-30,West Ham,Away,5,True,True,premier-league,2024,Arsenal
2024-12-04,Man United,Home,2,True,True,premier-league,2024,Arsenal
2024-12-08,Fulham,Away,1,True,True,premier-league,2024,Arsenal
2024-12-14,Everton,Home,0,True,True,premier-league,2024,Arsenal
2024-12-21,Crystal Palace,Away,5,True,True,premier-league,2024,Arsenal
2024-12-27,Ipswich,Home,1,True,True,premier-league,2024,Arsenal
2025-01-01,Brentford,Away,3,True,True,premier-league,2024,Arsenal
2025-01-04,Brighton,Away,1,True,True,premier-league,2024,Arsenal
2025-01-15,Tottenham,Home,2,True,True,premier-league,2024,Arsenal
2025-01-18,Aston Villa,Home,2,True,True,premier-league,2024,Arsenal
2025-01-25,Wolves,Away,1,True,True,premier-league,2024,Arsenal
2025-02-02,Man City,Home,5,True,True,premier-league,2024,Arsenal
2025-02-15,Leicester,Away,2,True,True,premier-league,2024,Arsenal
2025-02-22,West Ham,Home,0,True,True,premier-league,2024,Arsenal
2025-02-26,Nott'm Forest,Away,0,True,True,premier-league,2024,Arsenal
2025-03-09,Man United,Away,1,True,True,premier-league,2024,Arsenal
2025-03-16,Chelsea,Home,1,True,True,premier-league,2024,Arsenal
2025-04-01,Fulham,Home,2,True,True,premier-league,2024,Arsenal
2025-04-05,Everton,Away,1,True,True,premier-league,2024,Arsenal
2025-04-12,Brentford,Home,1,True,True,premier-league,2024,Arsenal
2025-04-20,Ipswich,Away,4,True,True,premier-league,2024,Arsenal
2025-04-23,Crystal Palace,Home,2,True,True,premier-league,2024,Arsenal
2025-05-03,Bournemouth,Home,1,True,True,premier-league,2024,Arsenal
2025-05-11,Liverpool,Away,2,True,True,premier-league,2024,Arsenal
2025-05-18,Newcastle,Home,1,True,True,premier-league,2024,Arsenal
2025-05-25,Southampton,Away,2,True,True,premier-league,2024,Arsenal
2024-08-17,West Ham,Away,2,True,True,premier-league,2024,Aston Villa
2024-08-24,Arsenal,Home,0,True,True,premier-league,2024,Aston Villa
2024-08-31,Leicester,Away,2,True,True,premier-league,2024,Aston Villa
2024-09-14,Everton,Home,3,True,True,premier-league,2024,Aston Villa
2024-09-21,Wolves,Home,3,True,True,premier-league,2024,Aston Villa
2024-09-29,Ipswich,Away,2,True,True,premier-league,2024,Aston Villa
2024-10-06,Man United,Home,0,True,True,premier-league,2024,Aston Villa
2024-10-19,Fulham,Away,3,True,True,premier-league,2024,Aston Villa
2024-10-26,Bournemouth,Home,1,True,True,premier-league,2024,Aston Villa
2024-11-03,Tottenham,Away,1,True,True,premier-league,2024,Aston Villa
2024-11-09,Liverpool,Away,0,True,True,premier-league,2024,Aston Villa
2024-11-23,Crystal Palace,Home,2,True,True,premier-league,2024,Aston Villa
2024-12-01,Chelsea,Away,0,True,True,premier-league,2024,Aston Villa
2024-12-04,Brentford,Home,3,True,True,premier-league,2024,Aston Villa
2024-12-07,Southampton,Home,1,True,True,premier-league,2024,Aston Villa
2024-12-14,Nott'm Forest,Away,1,True,True,premier-league,2024,Aston Villa
2024-12-21,Man City,Home,2,True,True,premier-league,2024,Aston Villa
2024-12-26,Newcastle,Away,0,True,True,premier-league,2024,Aston Villa
2024-12-30,Brighton,Home,2,True,True,premier-league,2024,Aston Villa
2025-01-04,Leicester,Home,2,True,True,premier-league,2024,Aston Villa
2025-01-15,Everton,Away,1,True,True,premier-league,2024,Aston Villa
2025-01-18,Arsenal,Away,2,True,True,premier-league,2024,Aston Villa
2025-01-26,West Ham,Home,1,True,True,premier-league,2024,Aston Villa
2025-02-01,Wolves,Away,0,True,True,premier-league,2024,Aston Villa
2025-02-15,Ipswich,Home,1,True,True,premier-league,2024,Aston Villa
2025-02-19,Liverpool,Home,2,True,True,premier-league,2024,Aston Villa
2025-02-22,Chelsea,Home,2,True,True,premier-league,2024,Aston Villa
2025-02-25,Crystal Palace,Away,1,True,True,premier-league,2024,Aston Villa
2025-03-08,Brentford,Away,1,True,True,premier-league,2024,Aston Villa
2025-04-02,Brighton,Away,3,True,True,premier-league,2024,Aston Villa
2025-04-05,Nott'm Forest,Home,2,True,True,premier-league,2024,Aston Villa
2025-04-12,Southampton,Away,3,True,True,premier-league,2024,Aston Villa
2025-04-19,Newcastle,Home,4,True,True,premier-league,2024,Aston Villa
2025-04-22,Man City,Away,1,True,True,premier-league,2024,Aston Villa
2025-05-03,Fulham,Home,1,True,True,premier-league,2024,Aston Villa
2025-05-10,Bournemouth,Away,1,True,True,premier-league,2024,Aston Villa
2025-05-16,Tottenham,Home,2,True,True,premier-league,2024,Aston Villa
2025-05-25,Man United,Away,0,True,True,premier-league,2024,Aston Villa
2024-08-17,Nott'm Forest,Away,1,True,True,premier-league,2024,Bournemouth
2024-08-25,Newcastle,Home,1,True,True,premier-league,2024,Bournemouth
2024-08-31,Everton,Away,3,True,True,premier-league,2024,Bournemouth
2024-09-14,Chelsea,Home,0,True,True,premier-league,2024,Bournemouth
2024-09-21,Liverpool,Away,0,True,True,premier-league,2024,Bournemouth
2024-09-30,Southampton,Home,3,True,True,premier-league,2024,Bournemouth
2024-10-05,Leicester,Away,0,True,True,premier-league,2024,Bournemouth
2024-10-19,Arsenal,Home,2,True,True,premier-league,2024,Bournemouth
2024-10-26,Aston Villa,Away,1,True,True,premier-league,2024,Bournemouth
2024-11-02,Man City,Home,2,True,True,premier-league,2024,Bournemouth
2024-11-09,Brentford,Away,2,True,True,premier-league,2024,Bournemouth
2024-11-23,Brighton,Home,1,True,True,premier-league,2024,Bournemouth
2024-11-30,Wolves,Away,4,True,True,premier-league,2024,Bournemouth
2024-12-05,Tottenham,Home,1,True,True,premier-league,2024,Bournemouth
2024-12-08,Ipswich,Away,2,True,True,premier-league,2024,Bournemouth
2024-12-16,West Ham,Home,1,True,True,premier-league,2024,Bournemouth
2024-12-22,Man United,Away,3,True,True,premier-league,2024,Bournemouth
2024-12-26,Crystal Palace,Home,0,True,True,premier-league,2024,Bournemouth
2024-12-29,Fulham,Away,2,True,True,premier-league,2024,Bournemouth
2025-01-04,Everton,Home,1,True,True,premier-league,2024,Bournemouth
2025-01-14,Chelsea,Away,2,True,True,premier-league,2024,Bournemouth
2025-01-18,Newcastle,Away,4,True,True,premier-league,2024,Bournemouth
2025-01-25,Nott'm Forest,Home,5,True,True,premier-league,2024,Bournemouth
2025-02-01,Liverpool,Home,0,True,True,premier-league,2024,Bournemouth
2025-02-15,Southampton,Away,3,True,True,premier-league,2024,Bournemouth
2025-02-22,Wolves,Home,0,True,True,premier-league,2024,Bournemouth
2025-02-25,Brighton,Away,1,True,True,premier-league,2024,Bournemouth
2025-03-09,Tottenham,Away,2,True,True,premier-league,2024,Bournemouth
2025-03-15,Brentford,Home,1,True,True,premier-league,2024,Bournemouth
2025-04-02,Ipswich,Home,1,True,True,premier-league,2024,Bournemouth
2025-04-05,West Ham,Away,2,True,True,premier-league,2024,Bournemouth
2025-04-14,Fulham,Home,1,True,True,premier-league,2024,Bournemouth
2025-04-19,Crystal Palace,Away,0,True,True,premier-league,2024,Bournemouth
2025-04-27,Man United,Home,1,True,True,premier-league,2024,Bournemouth
2025-05-03,Arsenal,Away,2,True,True,premier-league,2024,Bournemouth
2025-05-10,Aston Villa,Home,0,True,True,premier-league,2024,Bournemouth
2025-05-20,Man City,Away,1,True,True,premier-league,2024,Bournemouth
2025-05-25,Leicester,Home,2,True,True,premier-league,2024,Bournemouth
2024-08-18,Crystal Palace,Home,2,True,True,premier-league,2024,Brentford
2024-08-25,Liverpool,Away,0,True,True,premier-league,2024,Brentford
2024-08-31,Southampton,Home,3,True,True,premier-league,2024,Brentford
2024-09-14,Man City,Away,1,True,True,premier-league,2024,Brentford
2024-09-21,Tottenham,Away,1,True,True,premier-league,2024,Brentford
2024-09-28,West Ham,Home,1,True,True,premier-league,2024,Brentford
2024-10-05,Wolves,Home,5,True,True,premier-league,2024,Brentford
2024-10-19,Man United,Away,1,True,True,premier-league,2024,Brentford
2024-10-26,Ipswich,Home,4,True,True,premier-league,2024,Brentford
2024-11-04,Fulham,Away,1,True,True,premier-league,2024,Brentford
2024-11-09,Bournemouth,Home,3,True,True,premier-league,2024,Brentford
2024-11-23,Everton,Away,0,True,True,premier-league,2024,Brentford
2024-11-30,Leicester,Home,4,True,True,premier-league,2024,Brentford
2024-12-04,Aston Villa,Away,1,True,True,premier-league,2024,Brentford
2024-12-07,Newcastle,Home,4,True,True,premier-league,2024,Brentford
2024-12-15,Chelsea,Away,1,True,True,premier-league,2024,Brentford
2024-12-21,Nott'm Forest,Home,0,False,False,premier-league,2024,Brentford
2024-12-27,Brighton,Away,0,True,True,premier-league,2024,Brentford
2025-01-01,Arsenal,Home,1,True,True,premier-league,2024,Brentford
2025-01-04,Southampton,Away,5,True,True,premier-league,2024,Brentford
2025-01-14,Man City,Home,2,True,True,premier-league,2024,Brentford
2025-01-18,Liverpool,Home,0,True,True,premier-league,2024,Brentford
2025-01-26,Crystal Palace,Away,2,True,True,premier-league,2024,Brentford
2025-02-02,Tottenham,Home,0,True,True,premier-league,2024,Brentford
2025-02-15,West Ham,Away,1,True,True,premier-league,2024,Brentford
2025-02-21,Leicester,Away,4,True,True,premier-league,2024,Brentford
2025-02-26,Everton,Home,1,True,True,premier-league,2024,Brentford
2025-03-08,Aston Villa,Home,0,True,True,premier-league,2024,Brentford
2025-03-15,Bournemouth,Away,2,True,True,premier-league,2024,Brentford
2025-04-02,Newcastle,Away,1,True,True,premier-league,2024,Brentford
2025-04-06,Chelsea,Home,0,True,True,premier-league,2024,Brentford
2025-04-12,Arsenal,Away,1,True,True,premier-league,2024,Brentford
2025-04-19,Brighton,Home,4,True,True,premier-league,2024,Brentford
2025-05-01,Nott'm Forest,Away,2,True,True,premier-league,2024,Brentford
2025-05-04,Man United,Home,4,True,True,premier-league,2024,Brentford
2025-05-10,Ipswich,Away,1,True,True,premier-league,2024,Brentford
2025-05-18,Fulham,Home,2,True,True,premier-league,2024,Brentford
2025-05-25,Wolves,Away,1,True,True,premier-league,2024,Brentford
2024-08-17,Everton,Away,3,True,True,premier-league,2024,Brighton
2024-08-24,Man United,Home,2,True,True,premier-league,2024,Brighton
2024-08-31,Arsenal,Away,1,True,True,premier-league,2024,Brighton
2024-09-14,Ipswich,Home,0,True,True,premier-league,2024,Brighton
2024-09-22,Nott'm Forest,Home,2,True,True,premier-league,2024,Brighton
2024-09-28,Chelsea,Away,2,True,True,premier-league,2024,Brighton
2024-10-06,Tottenham,Home,3,True,True,premier-league,2024,Brighton
2024-10-19,Newcastle,Away,1,True,True,premier-league,2024,Brighton
2024-10-26,Wolves,Home,2,True,True,premier-league,2024,Brighton
2024-11-02,Liverpool,Away,1,True,True,premier-league,2024,Brighton
2024-11-09,Man City,Home,2,True,True,premier-league,2024,Brighton
2024-11-23,Bournemouth,Away,2,True,True,premier-league,2024,Brighton
2024-11-29,Southampton,Home,1,True,True,premier-league,2024,Brighton
2024-12-05,Fulham,Away,1,True,True,premier-league,2024,Brighton
2024-12-08,Leicester,Away,2,True,True,premier-league,2024,Brighton
2024-12-15,Crystal Palace,Home,1,True,True,premier-league,2024,Brighton
2024-12-21,West Ham,Away,1,True,True,premier-league,2024,Brighton
2024-12-27,Brentford,Home,0,True,True,premier-league,2024,Brighton
2024-12-30,Aston Villa,Away,2,True,True,premier-league,2024,Brighton
2025-01-04,Arsenal,Home,1,True,True,premier-league,2024,Brighton
2025-01-16,Ipswich,Away,2,True,True,premier-league,2024,Brighton
2025-01-19,Man United,Away,3,True,True,premier-league,2024,Brighton
2025-01-25,Everton,Home,0,True,True,premier-league,2024,Brighton
2025-02-01,Nott'm Forest,Away,0,True,True,premier-league,2024,Brighton
2025-02-14,Chelsea,Home,3,True,True,premier-league,2024,Brighton
2025-02-22,Southampton,Away,4,True,True,premier-league,2024,Brighton
2025-02-25,Bournemouth,Home,2,True,True,premier-league,2024,Brighton
2025-03-08,Fulham,Home,2,True,True,premier-league,2024,Brighton
2025-03-15,Man City,Away,2,True,True,premier-league,2024,Brighton
2025-04-02,Aston Villa,Home,0,True,True,premier-league,2024,Brighton
2025-04-05,Crystal Palace,Away,1,True,True,premier-league,2024,Brighton
2025-04-12,Leicester,Home,2,True,True,premier-league,2024,Brighton
2025-04-19,Brentford,Away,2,True,True,premier-league,2024,Brighton
2025-04-26,West Ham,Home,3,True,True,premier-league,2024,Brighton
2025-05-04,Newcastle,Home,1,True,True,premier-league,2024,Brighton
2025-05-10,Wolves,Away,2,True,True,premier-league,2024,Brighton
2025-05-19,Liverpool,Home,3,True,True,premier-league,2024,Brighton
2025-05-25,Tottenham,Away,4,True,True,premier-league,2024,Brighton
2024-08-18,Man City,Home,0,True,True,premier-league,2024,Chelsea
2024-08-25,Wolves,Away,6,True,True,premier-league,2024,Chelsea
2024-09-01,Crystal Palace,Home,1,True,True,premier-league,2024,Chelsea
2024-09-14,Bournemouth,Away,1,True,True,premier-league,2024,Chelsea
2024-09-21,West Ham,Away,3,True,True,premier-league,2024,Chelsea
2024-09-28,Brighton,Home,4,True,True,premier-league,2024,Chelsea
2024-10-06,Nott'm Forest,Home,1,True,True,premier-league,2024,Chelsea
2024-10-20,Liverpool,Away,1,True,True,premier-league,2024,Chelsea
2024-10-27,Newcastle,Home,2,True,True,premier-league,2024,Chelsea
2024-11-03,Man United,Away,1,True,True,premier-league,2024,Chelsea
2024-11-10,Arsenal,Home,1,True,True,premier-league,2024,Chelsea
2024-11-23,Leicester,Away,2,True,True,premier-league,2024,Chelsea
2024-12-01,Aston Villa,Home,3,True,True,premier-league,2024,Chelsea
2024-12-04,Southampton,Away,5,True,True,premier-league,2024,Chelsea
2024-12-08,Tottenham,Away,4,True,True,premier-league,2024,Chelsea
2024-12-15,Brentford,Home,2,True,True,premier-league,2024,Chelsea
2024-12-22,Everton,Away,0,True,True,premier-league,2024,Chelsea
2024-12-26,Fulham,Home,1,True,True,premier-league,2024,Chelsea
2024-12-30,Ipswich,Away,0,True,True,premier-league,2024,Chelsea
2025-01-04,Crystal Palace,Away,1,True,True,premier-league,2024,Chelsea
2025-01-14,Bournemouth,Home,2,True,True,premier-league,2024,Chelsea
2025-01-20,Wolves,Home,3,True,True,premier-league,2024,Chelsea
2025-01-25,Man City,Away,1,True,True,premier-league,2024,Chelsea
2025-02-03,West Ham,Home,2,True,True,premier-league,2024,Chelsea
2025-02-14,Brighton,Away,0,True,True,premier-league,2024,Chelsea
2025-02-22,Aston Villa,Away,1,True,True,premier-league,2024,Chelsea
2025-02-25,Southampton,Home,4,True,True,premier-league,2024,Chelsea
2025-03-09,Leicester,Home,1,True,True,premier-league,2024,Chelsea
2025-03-16,Arsenal,Away,0,True,True,premier-league,2024,Chelsea
2025-04-03,Tottenham,Home,1,True,True,premier-league,2024,Chelsea
2025-04-06,Brentford,Away,0,True,True,premier-league,2024,Chelsea
2025-04-13,Ipswich,Home,2,True,True,premier-league,2024,Chelsea
2025-04-20,Fulham,Away,2,True,True,premier-league,2024,Chelsea
2025-04-26,Everton,Home,1,True,True,premier-league,2024,Chelsea
2025-05-04,Liverpool,Home,3,True,True,premier-league,2024,Chelsea
2025-05-11,Newcastle,Away,0,True,True,premier-league,2024,Chelsea
2025-05-16,Man United,Home,1,True,True,premier-league,2024,Chelsea
2025-05-25,Nott'm Forest,Away,1,True,True,premier-league,2024,Chelsea
2024-08-18,Brentford,Away,1,True,True,premier-league,2024,Crystal Palace
2024-08-24,West Ham,Home,0,True,True,premier-league,2024,Crystal Palace
2024-09-01,Chelsea,Away,1,True,True,premier-league,2024,Crystal Palace
2024-09-14,Leicester,Home,2,True,True,premier-league,2024,Crystal Palace
2024-09-21,Man United,Home,0,True,True,premier-league,2024,Crystal Palace
2024-09-28,Everton,Away,1,True,True,premier-league,2024,Crystal Palace
2024-10-05,Liverpool,Home,0,True,True,premier-league,2024,Crystal Palace
2024-10-21,Nott'm Forest,Away,0,True,True,premier-league,2024,Crystal Palace
2024-10-27,Tottenham,Home,1,True,True,premier-league,2024,Crystal Palace
2024-11-02,Wolves,Away,2,True,True,premier-league,2024,Crystal Palace
2024-11-09,Fulham,Home,0,True,True,premier-league,2024,Crystal Palace
2024-11-23,Aston Villa,Away,2,True,True,premier-league,2024,Crystal Palace
2024-11-30,Newcastle,Home,1,True,True,premier-league,2024,Crystal Palace
2024-12-03,Ipswich,Away,1,True,True,premier-league,2024,Crystal Palace
2024-12-07,Man City,Home,2,True,True,premier-league,2024,Crystal Palace
2024-12-15,Brighton,Away,3,True,True,premier-league,2024,Crystal Palace
2024-12-21,Arsenal,Home,1,True,True,premier-league,2024,Crystal Palace
2024-12-26,Bournemouth,Away,0,True,True,premier-league,2024,Crystal Palace
2024-12-29,Southampton,Home,2,True,True,premier-league,2024,Crystal Palace
2025-01-04,Chelsea,Home,1,True,True,premier-league,2024,Crystal Palace
2025-01-15,Leicester,Away,2,True,True,premier-league,2024,Crystal Palace
2025-01-18,West Ham,Away,2,True,True,premier-league,2024,Crystal Palace
2025-01-26,Brentford,Home,1,True,True,premier-league,2024,Crystal Palace
2025-02-02,Man United,Away,2,True,True,premier-league,2024,Crystal Palace
2025-02-15,Everton,Home,1,True,True,premier-league,2024,Crystal Palace
2025-02-22,Fulham,Away,2,True,True,premier-league,2024,Crystal Palace
2025-02-25,Aston Villa,Home,4,True,True,premier-league,2024,Crystal Palace
2025-03-08,Ipswich,Home,1,True,True,premier-league,2024,Crystal Palace
2025-04-02,Southampton,Away,1,True,True,premier-league,2024,Crystal Palace
2025-04-05,Brighton,Home,2,True,True,premier-league,2024,Crystal Palace
2025-04-12,Man City,Away,2,True,True,premier-league,2024,Crystal Palace
2025-04-16,Newcastle,Away,0,True,True,premier-league,2024,Crystal Palace
2025-04-19,Bournemouth,Home,0,True,True,premier-league,2024,Crystal Palace
2025-04-23,Arsenal,Away,2,True,True,premier-league,2024,Crystal Palace
2025-05-05,Nott'm Forest,Home,1,True,True,premier-league,2024,Crystal Palace
2025-05-11,Tottenham,Away,2,True,True,premier-league,2024,Crystal Palace
2025-05-20,Wolves,Home,4,True,True,premier-league,2024,Crystal Palace
2025-05-25,Liverpool,Away,1,True,True,premier-league,2024,Crystal Palace
2024-08-17,Brighton,Home,0,True,True,premier-league,2024,Everton
2024-08-24,Tottenham,Away,0,True,True,premier-league,2024,Everton
2024-08-31,Bournemouth,Home,2,True,True,premier-league,2024,Everton
2024-09-14,Aston Villa,Away,2,True,True,premier-league,2024,Everton
2024-09-21,Leicester,Away,1,True,True,premier-league,2024,Everton
2024-09-28,Crystal Palace,Home,2,True,True,premier-league,2024,Everton
2024-10-05,Newcastle,Home,0,True,True,premier-league,2024,Everton
2024-10-19,Ipswich,Away,2,True,True,premier-league,2024,Everton
2024-10-26,Fulham,Home,1,True,True,premier-league,2024,Everton
2024-11-02,Southampton,Away,0,True,True,premier-league,2024,Everton
2024-11-09,West Ham,Away,0,True,True,premier-league,2024,Everton
2024-11-23,Brentford,Home,0,True,True,premier-league,2024,Everton
2024-12-01,Man United,Away,0,True,True,premier-league,2024,Everton
2024-12-04,Wolves,Home,4,True,True,premier-league,2024,Everton
2024-12-14,Arsenal,Away,0,True,True,premier-league,2024,Everton
2024-12-22,Chelsea,Home,0,True,True,premier-league,2024,Everton
2024-12-26,Man City,Away,1,True,True,premier-league,2024,Everton
2024-12-29,Nott'm Forest,Home,0,True,True,premier-league,2024,Everton
2025-01-04,Bournemouth,Away,0,True,True,premier-league,2024,Everton
2025-01-15,Aston Villa,Home,0,True,True,premier-league,2024,Everton
2025-01-19,Tottenham,Home,3,True,True,premier-league,2024,Everton
2025-01-25,Brighton,Away,1,True,True,premier-league,2024,Everton
2025-02-01,Leicester,Home,4,True,True,premier-league,2024,Everton
2025-02-12,Liverpool,Home,2,True,True,premier-league,2024,Everton
2025-02-15,Crystal Palace,Away,2,True,True,premier-league,2024,Everton
2025-02-22,Man United,Home,2,True,True,premier-league,2024,Everton
2025-02-26,Brentford,Away,1,True,True,premier-league,2024,Everton
2025-03-08,Wolves,Away,1,True,True,premier-league,2024,Everton
2025-03-15,West Ham,Home,1,True,True,premier-league,2024,Everton
2025-04-02,Liverpool,Away,0,True,True,premier-league,2024,Everton
2025-04-05,Arsenal,Home,1,True,True,premier-league,2024,Everton
2025-04-12,Nott'm Forest,Away,1,True,True,premier-league,2024,Everton
2025-04-19,Man City,Home,0,True,True,premier-league,2024,Everton
2025-04-26,Chelsea,Away,0,True,True,premier-league,2024,Everton
2025-05-03,Ipswich,Home,2,True,True,premier-league,2024,Everton
2025-05-10,Fulham,Away,3,True,True,premier-league,2024,Everton
2025-05-18,Southampton,Home,2,True,True,premier-league,2024,Everton
2025-05-25,Newcastle,Away,1,True,True,premier-league,2024,Everton
2024-08-16,Man United,Away,0,True,True,premier-league,2024,Fulham
2024-08-24,Leicester,Home,2,True,True,premier-league,2024,Fulham
2024-08-31,Ipswich,Away,1,True,True,premier-league,2024,Fulham
2024-09-14,West Ham,Home,1,True,True,premier-league,2024,Fulham
2024-09-21,Newcastle,Home,3,True,True,premier-league,2024,Fulham
2024-09-28,Nott'm Forest,Away,1,True,True,premier-league,2024,Fulham
2024-10-05,Man City,Away,2,True,True,premier-league,2024,Fulham
2024-10-19,Aston Villa,Home,1,True,True,premier-league,2024,Fulham
2024-10-26,Everton,Away,1,True,True,premier-league,2024,Fulham
2024-11-04,Brentford,Home,2,True,True,premier-league,2024,Fulham
2024-11-09,Crystal Palace,Away,2,True,True,premier-league,2024,Fulham
2024-11-23,Wolves,Home,1,True,True,premier-league,2024,Fulham
2024-12-01,Tottenham,Away,1,True,True,premier-league,2024,Fulham
2024-12-05,Brighton,Home,3,True,True,premier-league,2024,Fulham
2024-12-08,Arsenal,Home,1,True,True,premier-league,2024,Fulham
2024-12-14,Liverpool,Away,2,True,True,premier-league,2024,Fulham
2024-12-22,Southampton,Home,0,True,True,premier-league,2024,Fulham
2024-12-26,Chelsea,Away,2,True,True,premier-league,2024,Fulham
2024-12-29,Bournemouth,Home,2,True,True,premier-league,2024,Fulham
2025-01-05,Ipswich,Home,2,True,True,premier-league,2024,Fulham
2025-01-14,West Ham,Away,2,True,True,premier-league,2024,Fulham
2025-01-18,Leicester,Away,2,True,True,premier-league,2024,Fulham
2025-01-26,Man United,Home,0,True,True,premier-league,2024,Fulham
2025-02-01,Newcastle,Away,2,True,True,premier-league,2024,Fulham
2025-02-15,Nott'm Forest,Home,2,True,True,premier-league,2024,Fulham
2025-02-22,Crystal Palace,Home,0,True,True,premier-league,2024,Fulham
2025-02-25,Wolves,Away,2,True,True,premier-league,2024,Fulham
2025-03-08,Brighton,Away,1,True,True,premier-league,2024,Fulham
2025-03-16,Tottenham,Home,2,True,True,premier-league,2024,Fulham
2025-04-01,Arsenal,Away,1,True,True,premier-league,2024,Fulham
2025-04-06,Liverpool,Home,3,True,True,premier-league,2024,Fulham
2025-04-14,Bournemouth,Away,0,True,True,premier-league,2024,Fulham
2025-04-20,Chelsea,Home,1,True,True,premier-league,2024,Fulham
2025-04-26,Southampton,Away,2,True,True,premier-league,2024,Fulham
2025-05-03,Aston Villa,Away,0,True,True,premier-league,2024,Fulham
2025-05-10,Everton,Home,1,True,True,premier-league,2024,Fulham
2025-05-18,Brentford,Away,3,True,True,premier-league,2024,Fulham
2025-05-25,Man City,Home,0,True,True,premier-league,2024,Fulham
2024-08-17,Liverpool,Home,0,True,True,premier-league,2024,Ipswich
2024-08-24,Man City,Away,1,True,True,premier-league,2024,Ipswich
2024-08-31,Fulham,Home,1,True,True,premier-league,2024,Ipswich
2024-09-14,Brighton,Away,0,True,True,premier-league,2024,Ipswich
2024-09-21,Southampton,Away,1,True,True,premier-league,2024,Ipswich
2024-09-29,Aston Villa,Home,2,True,True,premier-league,2024,Ipswich
2024-10-05,West Ham,Away,1,True,True,premier-league,2024,Ipswich
2024-10-19,Everton,Home,0,True,True,premier-league,2024,Ipswich
2024-10-26,Brentford,Away,3,True,True,premier-league,2024,Ipswich
2024-11-02,Leicester,Home,1,True,True,premier-league,2024,Ipswich
2024-11-10,Tottenham,Away,2,True,True,premier-league,2024,Ipswich
2024-11-24,Man United,Home,1,True,True,premier-league,2024,Ipswich
2024-11-30,Nott'm Forest,Away,0,True,True,premier-league,2024,Ipswich
2024-12-03,Crystal Palace,Home,0,True,True,premier-league,2024,Ipswich
2024-12-08,Bournemouth,Home,1,True,True,premier-league,2024,Ipswich
2024-12-14,Wolves,Away,2,True,True,premier-league,2024,Ipswich
2024-12-21,Newcastle,Home,0,True,True,premier-league,2024,Ipswich
2024-12-27,Arsenal,Away,0,True,True,premier-league,2024,Ipswich
2024-12-30,Chelsea,Home,2,True,True,premier-league,2024,Ipswich
2025-01-05,Fulham,Away,2,True,True,premier-league,2024,Ipswich
2025-01-16,Brighton,Home,0,True,True,premier-league,2024,Ipswich
2025-01-19,Man City,Home,0,True,True,premier-league,2024,Ipswich
2025-01-25,Liverpool,Away,1,True,True,premier-league,2024,Ipswich
2025-02-01,Southampton,Home,1,True,True,premier-league,2024,Ipswich
2025-02-15,Aston Villa,Away,1,True,True,premier-league,2024,Ipswich
2025-02-22,Tottenham,Home,1,True,True,premier-league,2024,Ipswich
2025-02-26,Man United,Away,2,True,True,premier-league,2024,Ipswich
2025-03-08,Crystal Palace,Away,0,True,True,premier-league,2024,Ipswich
2025-03-15,Nott'm Forest,Home,2,True,True,premier-league,2024,Ipswich
2025-04-02,Bournemouth,Away,2,True,True,premier-league,2024,Ipswich
2025-04-05,Wolves,Home,1,True,True,premier-league,2024,Ipswich
2025-04-13,Chelsea,Away,2,True,True,premier-league,2024,Ipswich
2025-04-20,Arsenal,Home,0,True,True,premier-league,2024,Ipswich
2025-04-26,Newcastle,Away,0,True,True,premier-league,2024,Ipswich
2025-05-03,Everton,Away,2,True,True,premier-league,2024,Ipswich
2025-05-10,Brentford,Home,0,True,True,premier-league,2024,Ipswich
2025-05-18,Leicester,Away,0,True,True,premier-league,2024,Ipswich
2025-05-25,West Ham,Home,1,True,True,premier-league,2024,Ipswich
2024-08-19,Tottenham,Home,1,True,True,premier-league,2024,Leicester
2024-08-24,Fulham,Away,1,True,True,premier-league,2024,Leicester
2024-08-31,Aston Villa,Home,1,True,True,premier-league,2024,Leicester
2024-09-14,Crystal Palace,Away,2,True,True,premier-league,2024,Leicester
2024-09-21,Everton,Home,1,True,True,premier-league,2024,Leicester
2024-09-28,Arsenal,Away,2,True,True,premier-league,2024,Leicester
2024-10-05,Bournemouth,Home,1,True,True,premier-league,2024,Leicester
2024-10-19,Southampton,Away,3,True,True,premier-league,2024,Leicester
2024-10-25,Nott'm Forest,Home,1,True,True,premier-league,2024,Leicester
2024-11-02,Ipswich,Away,1,True,True,premier-league,2024,Leicester
2024-11-10,Man United,Away,0,True,True,premier-league,2024,Leicester
2024-11-23,Chelsea,Home,1,True,True,premier-league,2024,Leicester
2024-11-30,Brentford,Away,1,True,True,premier-league,2024,Leicester
2024-12-03,West Ham,Home,3,True,True,premier-league,2024,Leicester
2024-12-08,Brighton,Home,2,True,True,premier-league,2024,Leicester
2024-12-14,Newcastle,Away,0,True,True,premier-league,2024,Leicester
2024-12-22,Wolves,Home,0,True,True,premier-league,2024,Leicester
2024-12-26,Liverpool,Away,1,True,True,premier-league,2024,Leicester
2024-12-29,Man City,Home,0,True,True,premier-league,2024,Leicester
2025-01-04,Aston Villa,Away,1,True,True,premier-league,2024,Leicester
2025-01-15,Crystal Palace,Home,0,True,True,premier-league,2024,Leicester
2025-01-18,Fulham,Home,0,True,True,premier-league,2024,Leicester
2025-01-26,Tottenham,Away,2,True,True,premier-league,2024,Leicester
2025-02-01,Everton,Away,0,True,True,premier-league,2024,Leicester
2025-02-15,Arsenal,Home,0,True,True,premier-league,2024,Leicester
2025-02-21,Brentford,Home,0,True,True,premier-league,2024,Leicester
2025-02-27,West Ham,Away,0,True,True,premier-league,2024,Leicester
2025-03-09,Chelsea,Away,0,True,True,premier-league,2024,Leicester
2025-03-16,Man United,Home,0,True,True,premier-league,2024,Leicester
2025-04-02,Man City,Away,0,True,True,premier-league,2024,Leicester
2025-04-07,Newcastle,Home,0,True,True,premier-league,2024,Leicester
2025-04-12,Brighton,Away,2,True,True,premier-league,2024,Leicester
2025-04-20,Liverpool,Home,0,True,True,premier-league,2024,Leicester
2025-04-26,Wolves,Away,0,True,True,premier-league,2024,Leicester
2025-05-03,Southampton,Home,2,True,True,premier-league,2024,Leicester
2025-05-11,Nott'm Forest,Away,2,True,True,premier-league,2024,Leicester
2025-05-18,Ipswich,Home,2,True,True,premier-league,2024,Leicester
2025-05-25,Bournemouth,Away,0,True,True,premier-league,2024,Leicester
2024-08-17,Ipswich,Away,2,True,True,premier-league,2024,Liverpool
2024-08-25,Brentford,Home,2,True,True,premier-league,2024,Liverpool
2024-09-01,Man United,Away,3,True,True,premier-league,2024,Liverpool
2024-09-14,Nott'm Forest,Home,0,True,True,premier-league,2024,Liverpool
2024-09-21,Bournemouth,Home,3,True,True,premier-league,2024,Liverpool
2024-09-28,Wolves,Away,2,True,True,premier-league,2024,Liverpool
2024-10-05,Crystal Palace,Away,1,True,True,premier-league,2024,Liverpool
2024-10-20,Chelsea,Home,2,True,True,premier-league,2024,Liverpool
2024-10-27,Arsenal,Away,2,True,True,premier-league,2024,Liverpool
2024-11-02,Brighton,Home,2,True,True,premier-league,2024,Liverpool
2024-11-09,Aston Villa,Home,2,True,True,premier-league,2024,Liverpool
2024-11-24,Southampton,Away,3,True,True,premier-league,2024,Liverpool
2024-12-01,Man City,Home,2,True,True,premier-league,2024,Liverpool
2024-12-04,Newcastle,Away,3,True,True,premier-league,2024,Liverpool
2024-12-14,Fulham,Home,2,True,True,premier-league,2024,Liverpool
2024-12-22,Tottenham,Away,6,True,True,premier-league,2024,Liverpool
2024-12-26,Leicester,Home,3,True,True,premier-league,2024,Liverpool
2024-12-29,West Ham,Away,5,True,True,premier-league,2024,Liverpool
2025-01-05,Man United,Home,2,True,True,premier-league,2024,Liverpool
2025-01-14,Nott'm Forest,Away,1,True,True,premier-league,2024,Liverpool
2025-01-18,Brentford,Away,2,True,True,premier-league,2024,Liverpool
2025-01-25,Ipswich,Home,4,True,True,premier-league,2024,Liverpool
2025-02-01,Bournemouth,Away,2,True,True,premier-league,2024,Liverpool
2025-02-12,Everton,Away,2,True,True,premier-league,2024,Liverpool
2025-02-16,Wolves,Home,2,True,True,premier-league,2024,Liverpool
2025-02-19,Aston Villa,Away,2,True,True,premier-league,2024,Liverpool
2025-02-23,Man City,Away,2,True,True,premier-league,2024,Liverpool
2025-02-26,Newcastle,Home,2,True,True,premier-league,2024,Liverpool
2025-03-08,Southampton,Home,3,True,True,premier-league,2024,Liverpool
2025-04-02,Everton,Home,1,True,True,premier-league,2024,Liverpool
2025-04-06,Fulham,Away,2,True,True,premier-league,2024,Liverpool
2025-04-13,West Ham,Home,2,True,True,premier-league,2024,Liverpool
2025-04-20,Leicester,Away,1,True,True,premier-league,2024,Liverpool
2025-04-27,Tottenham,Home,5,True,True,premier-league,2024,Liverpool
2025-05-04,Chelsea,Away,1,True,True,premier-league,2024,Liverpool
2025-05-11,Arsenal,Home,2,True,True,premier-league,2024,Liverpool
2025-05-19,Brighton,Away,2,True,True,premier-league,2024,Liverpool
2025-05-25,Crystal Palace,Home,1,True,True,premier-league,2024,Liverpool
2024-08-18,Chelsea,Away,2,True,True,premier-league,2024,Man City
2024-08-24,Ipswich,Home,4,True,True,premier-league,2024,Man City
2024-08-31,West Ham,Away,3,True,True,premier-league,2024,Man City
2024-09-14,Brentford,Home,2,True,True,premier-league,2024,Man City
2024-09-22,Arsenal,Home,2,True,True,premier-league,2024,Man City
2024-09-28,Newcastle,Away,1,True,True,premier-league,2024,Man City
2024-10-05,Fulham,Home,3,True,True,premier-league,2024,Man City
2024-10-20,Wolves,Away,2,True,True,premier-league,2024,Man City
2024-10-26,Southampton,Home,1,True,True,premier-league,2024,Man City
2024-11-02,Bournemouth,Away,1,True,True,premier-league,2024,Man City
2024-11-09,Brighton,Away,1,True,True,premier-league,2024,Man City
2024-11-23,Tottenham,Home,0,True,True,premier-league,2024,Man City
2024-12-01,Liverpool,Away,0,True,True,premier-league,2024,Man City
2024-12-04,Nott'm Forest,Home,3,True,True,premier-league,2024,Man City
2024-12-07,Crystal Palace,Away,2,True,True,premier-league,2024,Man City
2024-12-15,Man United,Home,1,True,True,premier-league,2024,Man City
2024-12-21,Aston Villa,Away,1,True,True,premier-league,2024,Man City
2024-12-26,Everton,Home,1,True,True,premier-league,2024,Man City
2024-12-29,Leicester,Away,2,True,True,premier-league,2024,Man City
2025-01-04,West Ham,Home,4,True,True,premier-league,2024,Man City
2025-01-14,Brentford,Away,2,True,True,premier-league,2024,Man City
2025-01-19,Ipswich,Away,6,True,True,premier-league,2024,Man City
2025-01-25,Chelsea,Home,3,True,True,premier-league,2024,Man City
2025-02-02,Arsenal,Away,1,True,True,premier-league,2024,Man City
2025-02-15,Newcastle,Home,4,True,True,premier-league,2024,Man City
2025-02-23,Liverpool,Home,0,True,True,premier-league,2024,Man City
2025-02-26,Tottenham,Away,1,True,True,premier-league,2024,Man City
2025-03-08,Nott'm Forest,Away,0,True,True,premier-league,2024,Man City
2025-03-15,Brighton,Home,2,True,True,premier-league,2024,Man City
2025-04-02,Leicester,Home,2,True,True,premier-league,2024,Man City
2025-04-06,Man United,Away,0,True,True,premier-league,2024,Man City
2025-04-12,Crystal Palace,Home,5,True,True,premier-league,2024,Man City
2025-04-19,Everton,Away,2,True,True,premier-league,2024,Man City
2025-04-22,Aston Villa,Home,2,True,True,premier-league,2024,Man City
2025-05-02,Wolves,Home,1,True,True,premier-league,2024,Man City
2025-05-10,Southampton,Away,0,True,True,premier-league,2024,Man City
2025-05-20,Bournemouth,Home,3,True,True,premier-league,2024,Man City
2025-05-25,Fulham,Away,2,True,True,premier-league,2024,Man City
2024-08-16,Fulham,Home,1,False,False,premier-league,2024,Man United
2024-08-24,Brighton,Away,1,False,False,premier-league,2024,Man United
2024-09-01,Liverpool,Home,0,False,False,premier-league,2024,Man United
2024-09-14,Southampton,Away,3,False,False,premier-league,2024,Man United
2024-09-21,Crystal Palace,Away,0,False,False,premier-league,2024,Man United
2024-09-29,Tottenham,Home,0,False,False,premier-league,2024,Man United
2024-10-06,Aston Villa,Away,0,False,False,premier-league,2024,Man United
2024-10-19,Brentford,Home,2,False,False,premier-league,2024,Man United
2024-10-27,West Ham,Away,1,False,False,premier-league,2024,Man United
2024-11-03,Chelsea,Home,1,False,False,premier-league,2024,Man United
2024-11-10,Leicester,Home,3,False,False,premier-league,2024,Man United
2024-11-24,Ipswich,Away,1,False,False,premier-league,2024,Man United
2024-12-01,Everton,Home,4,False,False,premier-league,2024,Man United
2024-12-04,Arsenal,Away,0,False,False,premier-league,2024,Man United
2024-12-07,Nott'm Forest,Home,2,False,False,premier-league,2024,Man United
2024-12-15,Man City,Away,2,False,False,premier-league,2024,Man United
2024-12-22,Bournemouth,Home,0,False,False,premier-league,2024,Man United
2024-12-26,Wolves,Away,0,False,False,premier-league,2024,Man United
2024-12-30,Newcastle,Home,0,False,False,premier-league,2024,Man United
2025-01-05,Liverpool,Away,2,False,False,premier-league,2024,Man United
2025-01-16,Southampton,Home,3,False,False,premier-league,2024,Man United
2025-01-19,Brighton,Home,1,False,False,premier-league,2024,Man United
2025-01-26,Fulham,Away,1,False,False,premier-league,2024,Man United
2025-02-02,Crystal Palace,Home,0,False,False,premier-league,2024,Man United
2025-02-16,Tottenham,Away,0,False,False,premier-league,2024,Man United
2025-02-22,Everton,Away,2,False,False,premier-league,2024,Man United
2025-02-26,Ipswich,Home,3,False,False,premier-league,2024,Man United
2025-03-09,Arsenal,Home,1,False,False,premier-league,2024,Man United
2025-03-16,Leicester,Away,3,False,False,premier-league,2024,Man United
2025-04-01,Nott'm Forest,Away,0,False,False,premier-league,2024,Man United
2025-04-06,Man City,Home,0,False,False,premier-league,2024,Man United
2025-04-13,Newcastle,Away,1,False,False,premier-league,2024,Man United
2025-04-20,Wolves,Home,0,False,False,premier-league,2024,Man United
2025-04-27,Bournemouth,Away,1,False,False,premier-league,2024,Man United
2025-05-04,Brentford,Away,3,False,False,premier-league,2024,Man United
2025-05-11,West Ham,Home,0,False,False,premier-league,2024,Man United
2025-05-16,Chelsea,Away,0,False,False,premier-league,2024,Man United
2025-05-25,Aston Villa,Home,2,False,False,premier-league,2024,Man United
2024-08-17,Southampton,Home,1,True,True,premier-league,2024,Newcastle
2024-08-25,Bournemouth,Away,1,True,True,premier-league,2024,Newcastle
2024-09-01,Tottenham,Home,2,True,True,premier-league,2024,Newcastle
2024-09-15,Wolves,Away,2,True,True,premier-league,2024,Newcastle
2024-09-21,Fulham,Away,1,True,True,premier-league,2024,Newcastle
2024-09-28,Man City,Home,1,True,True,premier-league,2024,Newcastle
2024-10-05,Everton,Away,0,True,True,premier-league,2024,Newcastle
2024-10-19,Brighton,Home,0,True,True,premier-league,2024,Newcastle
2024-10-27,Chelsea,Away,1,True,True,premier-league,2024,Newcastle
2024-11-02,Arsenal,Home,1,True,True,premier-league,2024,Newcastle
2024-11-10,Nott'm Forest,Away,3,True,True,premier-league,2024,Newcastle
2024-11-25,West Ham,Home,0,True,True,premier-league,2024,Newcastle
2024-11-30,Crystal Palace,Away,1,True,True,premier-league,2024,Newcastle
2024-12-04,Liverpool,Home,3,True,True,premier-league,2024,Newcastle
2024-12-07,Brentford,Away,2,True,True,premier-league,2024,Newcastle
2024-12-14,Leicester,Home,4,True,True,premier-league,2024,Newcastle
2024-12-21,Ipswich,Away,4,True,True,premier-league,2024,Newcastle
2024-12-26,Aston Villa,Home,3,True,True,premier-league,2024,Newcastle
2024-12-30,Man United,Away,2,True,True,premier-league,2024,Newcastle
2025-01-04,Tottenham,Away,2,True,True,premier-league,2024,Newcastle
2025-01-15,Wolves,Home,3,True,True,premier-league,2024,Newcastle
2025-01-18,Bournemouth,Home,1,True,True,premier-league,2024,Newcastle
2025-01-25,Southampton,Away,3,True,True,premier-league,2024,Newcastle
2025-02-01,Fulham,Home,1,True,True,premier-league,2024,Newcastle
2025-02-15,Man City,Away,0,True,True,premier-league,2024,Newcastle
2025-02-23,Nott'm Forest,Home,4,True,True,premier-league,2024,Newcastle
2025-02-26,Liverpool,Away,0,True,True,premier-league,2024,Newcastle
2025-03-10,West Ham,Away,1,True,True,premier-league,2024,Newcastle
2025-04-02,Brentford,Home,2,True,True,premier-league,2024,Newcastle
2025-04-07,Leicester,Away,3,True,True,premier-league,2024,Newcastle
2025-04-13,Man United,Home,4,True,True,premier-league,2024,Newcastle
2025-04-16,Crystal Palace,Home,5,True,True,premier-league,2024,Newcastle
2025-04-19,Aston Villa,Away,1,True,True,premier-league,2024,Newcastle
2025-04-26,Ipswich,Home,3,True,True,premier-league,2024,Newcastle
2025-05-04,Brighton,Away,1,True,True,premier-league,2024,Newcastle
2025-05-11,Chelsea,Home,2,True,True,premier-league,2024,Newcastle
2025-05-18,Arsenal,Away,0,True,True,premier-league,2024,Newcastle
2025-05-25,Everton,Home,0,True,True,premier-league,2024,Newcastle
2024-08-17,Bournemouth,Home,1,True,True,premier-league,2024,Nott'm Forest
2024-08-24,Southampton,Away,1,True,True,premier-league,2024,Nott'm Forest
2024-08-31,Wolves,Home,1,True,True,premier-league,2024,Nott'm Forest
2024-09-14,Liverpool,Away,1,True,True,premier-league,2024,Nott'm Forest
2024-09-22,Brighton,Away,2,True,True,premier-league,2024,Nott'm Forest
2024-09-28,Fulham,Home,0,True,True,premier-league,2024,Nott'm Forest
2024-10-06,Chelsea,Away,1,True,True,premier-league,2024,Nott'm Forest
2024-10-21,Crystal Palace,Home,1,True,True,premier-league,2024,Nott'm Forest
2024-10-25,Leicester,Away,3,True,True,premier-league,2024,Nott'm Forest
2024-11-02,West Ham,Home,3,True,True,premier-league,2024,Nott'm Forest
2024-11-10,Newcastle,Home,1,True,True,premier-league,2024,Nott'm Forest
2024-11-23,Arsenal,Away,0,True,True,premier-league,2024,Nott'm Forest
2024-11-30,Ipswich,Home,1,True,True,premier-league,2024,Nott'm Forest
2024-12-04,Man City,Away,0,True,True,premier-league,2024,Nott'm Forest
2024-12-07,Man United,Away,3,True,True,premier-league,2024,Nott'm Forest
2024-12-14,Aston Villa,Home,2,True,True,premier-league,2024,Nott'm Forest
2024-12-21,Brentford,Away,2,True,True,premier-league,2024,Nott'm Forest
2024-12-26,Tottenham,Home,1,True,True,premier-league,2024,Nott'm Forest
2024-12-29,Everton,Away,2,True,True,premier-league,2024,Nott'm Forest
2025-01-06,Wolves,Away,3,True,True,premier-league,2024,Nott'm Forest
2025-01-14,Liverpool,Home,1,True,True,premier-league,2024,Nott'm Forest
2025-01-19,Southampton,Home,3,True,True,premier-league,2024,Nott'm Forest
2025-01-25,Bournemouth,Away,0,True,True,premier-league,2024,Nott'm Forest
2025-02-01,Brighton,Home,7,True,True,premier-league,2024,Nott'm Forest
2025-02-15,Fulham,Away,1,True,True,premier-league,2024,Nott'm Forest
2025-02-23,Newcastle,Away,3,True,True,premier-league,2024,Nott'm Forest
2025-02-26,Arsenal,Home,0,True,True,premier-league,2024,Nott'm Forest
2025-03-08,Man City,Home,1,True,True,premier-league,2024,Nott'm Forest
2025-03-15,Ipswich,Away,4,True,True,premier-league,2024,Nott'm Forest
2025-04-01,Man United,Home,1,True,True,premier-league,2024,Nott'm Forest
2025-04-05,Aston Villa,Away,1,True,True,premier-league,2024,Nott'm Forest
2025-04-12,Everton,Home,0,True,True,premier-league,2024,Nott'm Forest
2025-04-21,Tottenham,Away,2,True,True,premier-league,2024,Nott'm Forest
2025-05-01,Brentford,Home,0,True,True,premier-league,2024,Nott'm Forest
2025-05-05,Crystal Palace,Away,1,True,True,premier-league,2024,Nott'm Forest
2025-05-11,Leicester,Home,2,True,True,premier-league,2024,Nott'm Forest
2025-05-18,West Ham,Away,2,True,True,premier-league,2024,Nott'm Forest
2025-05-25,Chelsea,Home,0,True,True,premier-league,2024,Nott'm Forest
2024-08-17,Newcastle,Away,0,True,True,premier-league,2024,Southampton
2024-08-24,Nott'm Forest,Home,0,True,True,premier-league,2024,Southampton
2024-08-31,Brentford,Away,1,True,True,premier-league,2024,Southampton
2024-09-14,Man United,Home,0,True,True,premier-league,2024,Southampton
2024-09-21,Ipswich,Home,1,True,True,premier-league,2024,Southampton
2024-09-30,Bournemouth,Away,1,True,True,premier-league,2024,Southampton
2024-10-05,Arsenal,Away,1,True,True,premier-league,2024,Southampton
2024-10-19,Leicester,Home,2,True,True,premier-league,2024,Southampton
2024-10-26,Man City,Away,0,True,True,premier-league,2024,Southampton
2024-11-02,Everton,Home,1,True,True,premier-league,2024,Southampton
2024-11-09,Wolves,Away,0,True,True,premier-league,2024,Southampton
2024-11-24,Liverpool,Home,2,True,True,premier-league,2024,Southampton
2024-11-29,Brighton,Away,1,True,True,premier-league,2024,Southampton
2024-12-04,Chelsea,Home,1,True,True,premier-league,2024,Southampton
2024-12-07,Aston Villa,Away,0,True,True,premier-league,2024,Southampton
2024-12-15,Tottenham,Home,0,True,True,premier-league,2024,Southampton
2024-12-22,Fulham,Away,0,True,True,premier-league,2024,Southampton
2024-12-26,West Ham,Home,0,True,True,premier-league,2024,Southampton
2024-12-29,Crystal Palace,Away,1,True,True,premier-league,2024,Southampton
2025-01-04,Brentford,Home,0,True,True,premier-league,2024,Southampton
2025-01-16,Man United,Away,1,True,True,premier-league,2024,Southampton
2025-01-19,Nott'm Forest,Away,2,True,True,premier-league,2024,Southampton
2025-01-25,Newcastle,Home,1,True,True,premier-league,2024,Southampton
2025-02-01,Ipswich,Away,2,True,True,premier-league,2024,Southampton
2025-02-15,Bournemouth,Home,1,True,True,premier-league,2024,Southampton
2025-02-22,Brighton,Home,0,True,True,premier-league,2024,Southampton
2025-02-25,Chelsea,Away,0,True,True,premier-league,2024,Southampton
2025-03-08,Liverpool,Away,1,True,True,premier-league,2024,Southampton
2025-03-15,Wolves,Home,1,True,True,premier-league,2024,Southampton
2025-04-02,Crystal Palace,Home,1,True,True,premier-league,2024,Southampton
2025-04-06,Tottenham,Away,1,True,True,premier-league,2024,Southampton
2025-04-12,Aston Villa,Home,0,True,True,premier-league,2024,Southampton
2025-04-19,West Ham,Away,1,True,True,premier-league,2024,Southampton
2025-04-26,Fulham,Home,1,True,True,premier-league,2024,Southampton
2025-05-03,Leicester,Away,0,True,True,premier-league,2024,Southampton
2025-05-10,Man City,Home,0,True,True,premier-league,2024,Southampton
2025-05-18,Everton,Away,0,True,True,premier-league,2024,Southampton
2025-05-25,Arsenal,Home,1,True,True,premier-league,2024,Southampton
2024-08-19,Leicester,Away,1,True,True,premier-league,2024,Tottenham
2024-08-24,Everton,Home,4,True,True,premier-league,2024,Tottenham
2024-09-01,Newcastle,Away,1,True,True,premier-league,2024,Tottenham
2024-09-15,Arsenal,Home,0,True,True,premier-league,2024,Tottenham
2024-09-21,Brentford,Home,3,True,True,premier-league,2024,Tottenham
2024-09-29,Man United,Away,3,True,True,premier-league,2024,Tottenham
2024-10-06,Brighton,Away,2,True,True,premier-league,2024,Tottenham
2024-10-19,West Ham,Home,4,True,True,premier-league,2024,Tottenham
2024-10-27,Crystal Palace,Away,0,True,True,premier-league,2024,Tottenham
2024-11-03,Aston Villa,Home,4,True,True,premier-league,2024,Tottenham
2024-11-10,Ipswich,Home,1,True,True,premier-league,2024,Tottenham
2024-11-23,Man City,Away,4,True,True,premier-league,2024,Tottenham
2024-12-01,Fulham,Home,1,True,True,premier-league,2024,Tottenham
2024-12-05,Bournemouth,Away,0,True,True,premier-league,2024,Tottenham
2024-12-08,Chelsea,Home,3,True,True,premier-league,2024,Tottenham
2024-12-15,Southampton,Away,5,True,True,premier-league,2024,Tottenham
2024-12-22,Liverpool,Home,3,True,True,premier-league,2024,Tottenham
2024-12-26,Nott'm Forest,Away,0,True,True,premier-league,2024,Tottenham
2024-12-29,Wolves,Home,2,True,True,premier-league,2024,Tottenham
2025-01-04,Newcastle,Home,1,True,True,premier-league,2024,Tottenham
2025-01-15,Arsenal,Away,1,True,True,premier-league,2024,Tottenham
2025-01-19,Everton,Away,2,True,True,premier-league,2024,Tottenham
2025-01-26,Leicester,Home,1,True,True,premier-league,2024,Tottenham
2025-02-02,Brentford,Away,2,True,True,premier-league,2024,Tottenham
2025-02-16,Man United,Home,1,True,True,premier-league,2024,Tottenham
2025-02-22,Ipswich,Away,4,True,True,premier-league,2024,Tottenham
2025-02-26,Man City,Home,0,True,True,premier-league,2024,Tottenham
2025-03-09,Bournemouth,Home,2,True,True,premier-league,2024,Tottenham
2025-03-16,Fulham,Away,0,True,True,premier-league,2024,Tottenham
2025-04-03,Chelsea,Away,0,True,True,premier-league,2024,Tottenham
2025-04-06,Southampton,Home,3,True,True,premier-league,2024,Tottenham
2025-04-13,Wolves,Away,2,True,True,premier-league,2024,Tottenham
2025-04-21,Nott'm Forest,Home,1,True,True,premier-league,2024,Tottenham
2025-04-27,Liverpool,Away,1,True,True,premier-league,2024,Tottenham
2025-05-04,West Ham,Away,1,True,True,premier-league,2024,Tottenham
2025-05-11,Crystal Palace,Home,0,True,True,premier-league,2024,Tottenham
2025-05-16,Aston Villa,Away,0,True,True,premier-league,2024,Tottenham
2025-05-25,Brighton,Home,1,True,True,premier-league,2024,Tottenham
2024-08-17,Aston Villa,Home,1,True,True,premier-league,2024,West Ham
2024-08-24,Crystal Palace,Away,2,True,True,premier-league,2024,West Ham
2024-08-31,Man City,Home,1,True,True,premier-league,2024,West Ham
2024-09-14,Fulham,Away,1,True,True,premier-league,2024,West Ham
2024-09-21,Chelsea,Home,0,True,True,premier-league,2024,West Ham
2024-09-28,Brentford,Away,1,True,True,premier-league,2024,West Ham
2024-10-05,Ipswich,Home,4,True,True,premier-league,2024,West Ham
2024-10-19,Tottenham,Away,1,True,True,premier-league,2024,West Ham
2024-10-27,Man United,Home,2,True,True,premier-league,2024,West Ham
2024-11-02,Nott'm Forest,Away,0,True,True,premier-league,2024,West Ham
2024-11-09,Everton,Home,0,True,True,premier-league,2024,West Ham
2024-11-25,Newcastle,Away,2,True,True,premier-league,2024,West Ham
2024-11-30,Arsenal,Home,2,True,True,premier-league,2024,West Ham
2024-12-03,Leicester,Away,1,True,True,premier-league,2024,West Ham
2024-12-09,Wolves,Home,2,True,True,premier-league,2024,West Ham
2024-12-16,Bournemouth,Away,1,True,True,premier-league,2024,West Ham
2024-12-21,Brighton,Home,1,True,True,premier-league,2024,West Ham
2024-12-26,Southampton,Away,1,True,True,premier-league,2024,West Ham
2024-12-29,Liverpool,Home,0,True,True,premier-league,2024,West Ham
2025-01-04,Man City,Away,1,True,True,premier-league,2024,West Ham
2025-01-14,Fulham,Home,3,False,False,premier-league,2024,West Ham
2025-01-18,Crystal Palace,Home,0,True,True,premier-league,2024,West Ham
2025-01-26,Aston Villa,Away,1,True,True,premier-league,2024,West Ham
2025-02-03,Chelsea,Away,1,True,True,premier-league,2024,West Ham
2025-02-15,Brentford,Home,0,True,True,premier-league,2024,West Ham
2025-02-22,Arsenal,Away,1,True,True,premier-league,2024,West Ham
2025-02-27,Leicester,Home,2,True,True,premier-league,2024,West Ham
2025-03-10,Newcastle,Home,0,True,True,premier-league,2024,West Ham
2025-03-15,Everton,Away,1,True,True,premier-league,2024,West Ham
2025-04-01,Wolves,Away,0,True,True,premier-league,2024,West Ham
2025-04-05,Bournemouth,Home,2,True,True,premier-league,2024,West Ham
2025-04-13,Liverpool,Away,1,True,True,premier-league,2024,West Ham
2025-04-19,Southampton,Home,1,True,True,premier-league,2024,West Ham
2025-04-26,Brighton,Away,2,True,True,premier-league,2024,West Ham
2025-05-04,Tottenham,Home,1,True,True,premier-league,2024,West Ham
2025-05-11,Man United,Away,2,True,True,premier-league,2024,West Ham
2025-05-18,Nott'm Forest,Home,1,True,True,premier-league,2024,West Ham
2025-05-25,Ipswich,Away,3,True,True,premier-league,2024,West Ham
2024-08-17,Arsenal,Away,0,True,True,premier-league,2024,Wolves
2024-08-25,Chelsea,Home,2,True,True,premier-league,2024,Wolves
2024-08-31,Nott'm Forest,Away,1,True,True,premier-league,2024,Wolves
2024-09-15,Newcastle,Home,1,True,True,premier-league,2024,Wolves
2024-09-21,Aston Villa,Away,1,True,True,premier-league,2024,Wolves
2024-09-28,Liverpool,Home,1,True,True,premier-league,2024,Wolves
2024-10-05,Brentford,Away,3,True,True,premier-league,2024,Wolves
2024-10-20,Man City,Home,1,True,True,premier-league,2024,Wolves
2024-10-26,Brighton,Away,2,True,True,premier-league,2024,Wolves
2024-11-02,Crystal Palace,Home,2,True,True,premier-league,2024,Wolves
2024-11-09,Southampton,Home,2,True,True,premier-league,2024,Wolves
2024-11-23,Fulham,Away,4,True,True,premier-league,2024,Wolves
2024-11-30,Bournemouth,Home,2,True,True,premier-league,2024,Wolves
2024-12-04,Everton,Away,0,True,True,premier-league,2024,Wolves
2024-12-09,West Ham,Away,1,True,True,premier-league,2024,Wolves
2024-12-14,Ipswich,Home,1,True,True,premier-league,2024,Wolves
2024-12-22,Leicester,Away,3,True,True,premier-league,2024,Wolves
2024-12-26,Man United,Home,2,True,True,premier-league,2024,Wolves
2024-12-29,Tottenham,Away,2,True,True,premier-league,2024,Wolves
2025-01-06,Nott'm Forest,Home,0,True,True,premier-league,2024,Wolves
2025-01-15,Newcastle,Away,0,True,True,premier-league,2024,Wolves
2025-01-20,Chelsea,Away,1,True,True,premier-league,2024,Wolves
2025-01-25,Arsenal,Home,0,True,True,premier-league,2024,Wolves
2025-02-01,Aston Villa,Home,2,True,True,premier-league,2024,Wolves
2025-02-16,Liverpool,Away,1,True,True,premier-league,2024,Wolves
2025-02-22,Bournemouth,Away,1,True,True,premier-league,2024,Wolves
2025-02-25,Fulham,Home,1,True,True,premier-league,2024,Wolves
2025-03-08,Everton,Home,1,True,True,premier-league,2024,Wolves
2025-03-15,Southampton,Away,2,True,True,premier-league,2024,Wolves
2025-04-01,West Ham,Home,1,True,True,premier-league,2024,Wolves
2025-04-05,Ipswich,Away,2,True,True,premier-league,2024,Wolves
2025-04-13,Tottenham,Home,4,True,True,premier-league,2024,Wolves
2025-04-20,Man United,Away,1,True,True,premier-league,2024,Wolves
2025-04-26,Leicester,Home,3,True,True,premier-league,2024,Wolves
2025-05-02,Man City,Away,0,True,True,premier-league,2024,Wolves
2025-05-10,Brighton,Home,0,True,True,premier-league,2024,Wolves
2025-05-20,Crystal Palace,Away,2,True,True,premier-league,2024,Wolves
2025-05-25,Brentford,Home,1,True,True,premier-league,2024,Wolves
2025-08-17,Man United,Away,1,True,True,premier-league,2025,Arsenal
2025-08-23,Leeds,Home,5,True,True,premier-league,2025,Arsenal
2025-08-31,Liverpool,Away,0,True,True,premier-league,2025,Arsenal
2025-09-13,Nott'm Forest,Home,3,True,True,premier-league,2025,Arsenal
2025-09-21,Man City,Home,1,True,True,premier-league,2025,Arsenal
2025-09-28,Newcastle,Away,2,True,True,premier-league,2025,Arsenal
2025-10-04,West Ham,Home,2,True,True,premier-league,2025,Arsenal
2025-10-18,Fulham,Away,1,True,True,premier-league,2025,Arsenal
2025-10-26,Crystal Palace,Home,1,True,True,premier-league,2025,Arsenal
2025-11-01,Burnley,Away,2,True,True,premier-league,2025,Arsenal
2025-11-08,Sunderland,Away,2,True,True,premier-league,2025,Arsenal
2025-11-23,Tottenham,Home,4,True,True,premier-league,2025,Arsenal
2025-11-30,Chelsea,Away,1,True,True,premier-league,2025,Arsenal
2025-12-03,Brentford,Home,2,True,True,premier-league,2025,Arsenal
2025-12-06,Aston Villa,Away,1,True,True,premier-league,2025,Arsenal
2025-12-13,Wolves,Home,2,True,True,premier-league,2025,Arsenal
2025-12-20,Everton,Away,1,True,True,premier-league,2025,Arsenal
2025-12-27,Brighton,Home,2,True,True,premier-league,2025,Arsenal
2025-12-30,Aston Villa,Home,4,True,True,premier-league,2025,Arsenal
2026-01-03,Bournemouth,Away,3,True,True,premier-league,2025,Arsenal
2026-01-08,Liverpool,Home,0,True,True,premier-league,2025,Arsenal
2026-01-17,Nott'm Forest,Away,0,True,True,premier-league,2025,Arsenal
2026-01-25,Man United,Home,2,True,True,premier-league,2025,Arsenal
2026-01-31,Leeds,Away,4,True,True,premier-league,2025,Arsenal
2026-02-07,Sunderland,Home,3,True,True,premier-league,2025,Arsenal
2026-02-12,Brentford,Away,1,True,True,premier-league,2025,Arsenal
2026-02-18,Wolves,Away,2,True,True,premier-league,2025,Arsenal
2026-02-22,Tottenham,Away,4,True,True,premier-league,2025,Arsenal
2026-03-01,Chelsea,Home,2,True,True,premier-league,2025,Arsenal
2026-03-04,Brighton,Away,1,True,True,premier-league,2025,Arsenal
2026-03-14,Everton,Home,2,True,True,premier-league,2025,Arsenal
2026-04-11,Bournemouth,Home,1,True,True,premier-league,2025,Arsenal
2026-04-19,Man City,Away,1,True,True,premier-league,2025,Arsenal
2026-04-25,Newcastle,Home,1,True,True,premier-league,2025,Arsenal
2026-05-02,Fulham,Home,3,True,True,premier-league,2025,Arsenal
2026-05-10,West Ham,Away,1,True,True,premier-league,2025,Arsenal
2026-05-18,Burnley,Home,1,True,True,premier-league,2025,Arsenal
2026-05-24,Crystal Palace,Away,2,True,True,premier-league,2025,Arsenal
2025-08-16,Newcastle,Home,0,True,True,premier-league,2025,Aston Villa
2025-08-23,Brentford,Away,0,True,True,premier-league,2025,Aston Villa
2025-08-31,Crystal Palace,Home,0,True,True,premier-league,2025,Aston Villa
2025-09-13,Everton,Away,0,True,True,premier-league,2025,Aston Villa
2025-09-21,Sunderland,Away,1,True,True,premier-league,2025,Aston Villa
2025-09-28,Fulham,Home,3,True,True,premier-league,2025,Aston Villa
2025-10-05,Burnley,Home,2,True,True,premier-league,2025,Aston Villa
2025-10-19,Tottenham,Away,2,True,True,premier-league,2025,Aston Villa
2025-10-26,Man City,Home,1,True,True,premier-league,2025,Aston Villa
2025-11-01,Liverpool,Away,0,True,True,premier-league,2025,Aston Villa
2025-11-09,Bournemouth,Home,4,True,True,premier-league,2025,Aston Villa
2025-11-23,Leeds,Away,2,True,True,premier-league,2025,Aston Villa
2025-11-30,Wolves,Home,1,True,True,premier-league,2025,Aston Villa
2025-12-03,Brighton,Away,4,True,True,premier-league,2025,Aston Villa
2025-12-06,Arsenal,Home,2,True,True,premier-league,2025,Aston Villa
2025-12-14,West Ham,Away,3,True,True,premier-league,2025,Aston Villa
2025-12-21,Man United,Home,2,True,True,premier-league,2025,Aston Villa
2025-12-27,Chelsea,Away,2,True,True,premier-league,2025,Aston Villa
2025-12-30,Arsenal,Away,1,True,True,premier-league,2025,Aston Villa
2026-01-03,Nott'm Forest,Home,3,True,True,premier-league,2025,Aston Villa
2026-01-07,Crystal Palace,Away,0,True,True,premier-league,2025,Aston Villa
2026-01-18,Everton,Home,0,True,True,premier-league,2025,Aston Villa
2026-01-25,Newcastle,Away,2,True,True,premier-league,2025,Aston Villa
2026-02-01,Brentford,Home,0,True,True,premier-league,2025,Aston Villa
2026-02-07,Bournemouth,Away,1,True,True,premier-league,2025,Aston Villa
2026-02-11,Brighton,Home,1,True,True,premier-league,2025,Aston Villa
2026-02-21,Leeds,Home,1,True,True,premier-league,2025,Aston Villa
2026-02-27,Wolves,Away,0,True,True,premier-league,2025,Aston Villa
2026-03-04,Chelsea,Home,1,True,True,premier-league,2025,Aston Villa
2026-03-15,Man United,Away,1,True,True,premier-league,2025,Aston Villa
2026-03-22,West Ham,Home,2,True,True,premier-league,2025,Aston Villa
2026-04-12,Nott'm Forest,Away,1,True,True,premier-league,2025,Aston Villa
2026-04-19,Sunderland,Home,4,True,True,premier-league,2025,Aston Villa
2026-04-25,Fulham,Away,0,True,True,premier-league,2025,Aston Villa
2026-05-03,Tottenham,Home,1,True,True,premier-league,2025,Aston Villa
2026-05-10,Burnley,Away,2,True,True,premier-league,2025,Aston Villa
2026-05-15,Liverpool,Home,4,True,True,premier-league,2025,Aston Villa
2026-05-24,Man City,Away,2,True,True,premier-league,2025,Aston Villa
2025-08-15,Liverpool,Away,2,True,True,premier-league,2025,Bournemouth
2025-08-23,Wolves,Home,1,True,True,premier-league,2025,Bournemouth
2025-08-30,Tottenham,Away,1,True,True,premier-league,2025,Bournemouth
2025-09-13,Brighton,Home,2,True,True,premier-league,2025,Bournemouth
2025-09-21,Newcastle,Home,0,True,True,premier-league,2025,Bournemouth
2025-09-27,Leeds,Away,2,True,True,premier-league,2025,Bournemouth
2025-10-03,Fulham,Home,3,True,True,premier-league,2025,Bournemouth
2025-10-18,Crystal Palace,Away,3,True,True,premier-league,2025,Bournemouth
2025-10-26,Nott'm Forest,Home,2,True,True,premier-league,2025,Bournemouth
2025-11-02,Man City,Away,1,True,True,premier-league,2025,Bournemouth
2025-11-09,Aston Villa,Away,0,True,True,premier-league,2025,Bournemouth
2025-11-22,West Ham,Home,2,True,True,premier-league,2025,Bournemouth
2025-11-29,Sunderland,Away,2,True,True,premier-league,2025,Bournemouth
2025-12-02,Everton,Home,0,True,True,premier-league,2025,Bournemouth
2025-12-06,Chelsea,Home,0,True,True,premier-league,2025,Bournemouth
2025-12-15,Man United,Away,4,True,True,premier-league,2025,Bournemouth
2025-12-20,Burnley,Home,1,True,True,premier-league,2025,Bournemouth
2025-12-27,Brentford,Away,1,True,True,premier-league,2025,Bournemouth
2025-12-30,Chelsea,Away,2,True,True,premier-league,2025,Bournemouth
2026-01-03,Arsenal,Home,2,True,True,premier-league,2025,Bournemouth
2026-01-07,Tottenham,Home,3,True,True,premier-league,2025,Bournemouth
2026-01-19,Brighton,Away,1,True,True,premier-league,2025,Bournemouth
2026-01-24,Liverpool,Home,3,True,True,premier-league,2025,Bournemouth
2026-01-31,Wolves,Away,2,True,True,premier-league,2025,Bournemouth
2026-02-07,Aston Villa,Home,1,True,True,premier-league,2025,Bournemouth
2026-02-10,Everton,Away,2,True,True,premier-league,2025,Bournemouth
2026-02-21,West Ham,Away,0,True,True,premier-league,2025,Bournemouth
2026-02-28,Sunderland,Home,1,True,True,premier-league,2025,Bournemouth
2026-03-03,Brentford,Home,0,True,True,premier-league,2025,Bournemouth
2026-03-14,Burnley,Away,0,True,True,premier-league,2025,Bournemouth
2026-03-20,Man United,Home,2,True,True,premier-league,2025,Bournemouth
2026-04-11,Arsenal,Away,2,True,True,premier-league,2025,Bournemouth
2026-04-18,Newcastle,Away,2,True,True,premier-league,2025,Bournemouth
2026-04-22,Leeds,Home,2,True,True,premier-league,2025,Bournemouth
2026-05-03,Crystal Palace,Home,3,True,True,premier-league,2025,Bournemouth
2026-05-09,Fulham,Away,1,True,True,premier-league,2025,Bournemouth
2026-05-19,Man City,Home,1,True,True,premier-league,2025,Bournemouth
2026-05-24,Nott'm Forest,Away,1,True,True,premier-league,2025,Bournemouth
2025-08-17,Nott'm Forest,Away,1,True,True,premier-league,2025,Brentford
2025-08-23,Aston Villa,Home,1,True,True,premier-league,2025,Brentford
2025-08-30,Sunderland,Away,1,True,True,premier-league,2025,Brentford
2025-09-13,Chelsea,Home,2,True,True,premier-league,2025,Brentford
2025-09-20,Fulham,Away,1,True,True,premier-league,2025,Brentford
2025-09-27,Man United,Home,3,True,True,premier-league,2025,Brentford
2025-10-05,Man City,Home,0,True,True,premier-league,2025,Brentford
2025-10-20,West Ham,Away,2,True,True,premier-league,2025,Brentford
2025-10-25,Liverpool,Home,3,True,True,premier-league,2025,Brentford
2025-11-01,Crystal Palace,Away,0,True,True,premier-league,2025,Brentford
2025-11-09,Newcastle,Home,3,True,True,premier-league,2025,Brentford
2025-11-22,Brighton,Away,1,True,True,premier-league,2025,Brentford
2025-11-29,Burnley,Home,3,True,True,premier-league,2025,Brentford
2025-12-03,Arsenal,Away,0,True,True,premier-league,2025,Brentford
2025-12-06,Tottenham,Away,0,True,True,premier-league,2025,Brentford
2025-12-14,Leeds,Home,1,True,True,premier-league,2025,Brentford
2025-12-20,Wolves,Away,2,True,True,premier-league,2025,Brentford
2025-12-27,Bournemouth,Home,4,True,True,premier-league,2025,Brentford
2026-01-01,Tottenham,Home,0,True,True,premier-league,2025,Brentford
2026-01-04,Everton,Away,4,True,True,premier-league,2025,Brentford
2026-01-07,Sunderland,Home,3,True,True,premier-league,2025,Brentford
2026-01-17,Chelsea,Away,0,True,True,premier-league,2025,Brentford
2026-01-25,Nott'm Forest,Home,0,True,True,premier-league,2025,Brentford
2026-02-01,Aston Villa,Away,1,True,True,premier-league,2025,Brentford
2026-02-07,Newcastle,Away,3,True,True,premier-league,2025,Brentford
2026-02-12,Arsenal,Home,1,True,True,premier-league,2025,Brentford
2026-02-21,Brighton,Home,0,True,True,premier-league,2025,Brentford
2026-02-28,Burnley,Away,4,True,True,premier-league,2025,Brentford
2026-03-03,Bournemouth,Away,0,True,True,premier-league,2025,Brentford
2026-03-16,Wolves,Home,2,True,True,premier-league,2025,Brentford
2026-03-21,Leeds,Away,0,True,True,premier-league,2025,Brentford
2026-04-11,Everton,Home,2,True,True,premier-league,2025,Brentford
2026-04-18,Fulham,Home,0,True,True,premier-league,2025,Brentford
2026-04-27,Man United,Away,1,True,True,premier-league,2025,Brentford
2026-05-02,West Ham,Home,3,True,True,premier-league,2025,Brentford
2026-05-09,Man City,Away,0,True,True,premier-league,2025,Brentford
2026-05-17,Crystal Palace,Home,2,True,True,premier-league,2025,Brentford
2026-05-24,Liverpool,Away,1,True,True,premier-league,2025,Brentford
2025-08-16,Fulham,Home,1,True,True,premier-league,2025,Brighton
2025-08-24,Everton,Away,0,True,True,premier-league,2025,Brighton
2025-08-31,Man City,Home,2,True,True,premier-league,2025,Brighton
2025-09-13,Bournemouth,Away,1,True,True,premier-league,2025,Brighton
2025-09-20,Tottenham,Home,2,True,True,premier-league,2025,Brighton
2025-09-27,Chelsea,Away,3,True,True,premier-league,2025,Brighton
2025-10-05,Wolves,Away,1,True,True,premier-league,2025,Brighton
2025-10-18,Newcastle,Home,2,True,True,premier-league,2025,Brighton
2025-10-25,Man United,Away,2,True,True,premier-league,2025,Brighton
2025-11-01,Leeds,Home,3,True,True,premier-league,2025,Brighton
2025-11-09,Crystal Palace,Away,0,True,True,premier-league,2025,Brighton
2025-11-22,Brentford,Home,2,True,True,premier-league,2025,Brighton
2025-11-30,Nott'm Forest,Away,2,True,True,premier-league,2025,Brighton
2025-12-03,Aston Villa,Home,3,True,True,premier-league,2025,Brighton
2025-12-07,West Ham,Home,1,True,True,premier-league,2025,Brighton
2025-12-13,Liverpool,Away,0,True,True,premier-league,2025,Brighton
2025-12-20,Sunderland,Home,0,True,True,premier-league,2025,Brighton
2025-12-27,Arsenal,Away,1,True,True,premier-league,2025,Brighton
2025-12-30,West Ham,Away,2,True,True,premier-league,2025,Brighton
2026-01-03,Burnley,Home,2,True,True,premier-league,2025,Brighton
2026-01-07,Man City,Away,1,True,True,premier-league,2025,Brighton
2026-01-19,Bournemouth,Home,1,True,True,premier-league,2025,Brighton
2026-01-24,Fulham,Away,1,True,True,premier-league,2025,Brighton
2026-01-31,Everton,Home,1,True,True,premier-league,2025,Brighton
2026-02-08,Crystal Palace,Home,0,True,True,premier-league,2025,Brighton
2026-02-11,Aston Villa,Away,0,True,True,premier-league,2025,Brighton
2026-02-21,Brentford,Away,2,True,True,premier-league,2025,Brighton
2026-03-01,Nott'm Forest,Home,2,True,True,premier-league,2025,Brighton
2026-03-04,Arsenal,Home,0,True,True,premier-league,2025,Brighton
2026-03-14,Sunderland,Away,1,True,True,premier-league,2025,Brighton
2026-03-21,Liverpool,Home,2,True,True,premier-league,2025,Brighton
2026-04-11,Burnley,Away,2,True,True,premier-league,2025,Brighton
2026-04-18,Tottenham,Away,2,True,True,premier-league,2025,Brighton
2026-04-21,Chelsea,Home,3,True,True,premier-league,2025,Brighton
2026-05-02,Newcastle,Away,1,True,True,premier-league,2025,Brighton
2026-05-09,Wolves,Home,3,True,True,premier-league,2025,Brighton
2026-05-17,Leeds,Away,0,True,True,premier-league,2025,Brighton
2026-05-24,Man United,Home,0,True,True,premier-league,2025,Brighton
2025-08-16,Tottenham,Away,0,False,False,premier-league,2025,Burnley
2025-08-23,Sunderland,Home,2,False,False,premier-league,2025,Burnley
2025-08-30,Man United,Away,2,False,False,premier-league,2025,Burnley
2025-09-14,Liverpool,Home,0,False,False,premier-league,2025,Burnley
2025-09-20,Nott'm Forest,Home,1,False,False,premier-league,2025,Burnley
2025-09-27,Man City,Away,1,False,False,premier-league,2025,Burnley
2025-10-05,Aston Villa,Away,1,False,False,premier-league,2025,Burnley
2025-10-18,Leeds,Home,2,False,False,premier-league,2025,Burnley
2025-10-26,Wolves,Away,3,False,False,premier-league,2025,Burnley
2025-11-01,Arsenal,Home,0,False,False,premier-league,2025,Burnley
2025-11-08,West Ham,Away,2,False,False,premier-league,2025,Burnley
2025-11-22,Chelsea,Home,0,False,False,premier-league,2025,Burnley
2025-11-29,Brentford,Away,1,False,False,premier-league,2025,Burnley
2025-12-03,Crystal Palace,Home,0,False,False,premier-league,2025,Burnley
2025-12-06,Newcastle,Away,1,False,False,premier-league,2025,Burnley
2025-12-13,Fulham,Home,2,False,False,premier-league,2025,Burnley
2025-12-20,Bournemouth,Away,1,False,False,premier-league,2025,Burnley
2025-12-27,Everton,Home,0,False,False,premier-league,2025,Burnley
2025-12-30,Newcastle,Home,1,False,False,premier-league,2025,Burnley
2026-01-03,Brighton,Away,0,False,False,premier-league,2025,Burnley
2026-01-07,Man United,Home,2,False,False,premier-league,2025,Burnley
2026-01-17,Liverpool,Away,1,False,False,premier-league,2025,Burnley
2026-01-24,Tottenham,Home,2,False,False,premier-league,2025,Burnley
2026-02-02,Sunderland,Away,0,False,False,premier-league,2025,Burnley
2026-02-07,West Ham,Home,0,False,False,premier-league,2025,Burnley
2026-02-11,Crystal Palace,Away,3,False,False,premier-league,2025,Burnley
2026-02-21,Chelsea,Away,1,False,False,premier-league,2025,Burnley
2026-02-28,Brentford,Home,3,False,False,premier-league,2025,Burnley
2026-03-03,Everton,Away,0,False,False,premier-league,2025,Burnley
2026-03-14,Bournemouth,Home,0,False,False,premier-league,2025,Burnley
2026-03-21,Fulham,Away,1,False,False,premier-league,2025,Burnley
2026-04-11,Brighton,Home,0,False,False,premier-league,2025,Burnley
2026-04-19,Nott'm Forest,Away,1,False,False,premier-league,2025,Burnley
2026-04-22,Man City,Home,0,False,False,premier-league,2025,Burnley
2026-05-01,Leeds,Away,1,False,False,premier-league,2025,Burnley
2026-05-10,Aston Villa,Home,2,False,False,premier-league,2025,Burnley
2026-05-18,Arsenal,Away,0,False,False,premier-league,2025,Burnley
2026-05-24,Wolves,Home,1,False,False,premier-league,2025,Burnley
2025-08-17,Crystal Palace,Home,0,True,True,premier-league,2025,Chelsea
2025-08-22,West Ham,Away,5,True,True,premier-league,2025,Chelsea
2025-08-30,Fulham,Home,2,True,True,premier-league,2025,Chelsea
2025-09-13,Brentford,Away,2,True,True,premier-league,2025,Chelsea
2025-09-20,Man United,Away,1,True,True,premier-league,2025,Chelsea
2025-09-27,Brighton,Home,1,True,True,premier-league,2025,Chelsea
2025-10-04,Liverpool,Home,2,True,True,premier-league,2025,Chelsea
2025-10-18,Nott'm Forest,Away,3,True,True,premier-league,2025,Chelsea
2025-10-25,Sunderland,Home,1,True,True,premier-league,2025,Chelsea
2025-11-01,Tottenham,Away,1,True,True,premier-league,2025,Chelsea
2025-11-08,Wolves,Home,3,True,True,premier-league,2025,Chelsea
2025-11-22,Burnley,Away,2,True,True,premier-league,2025,Chelsea
2025-11-30,Arsenal,Home,1,True,True,premier-league,2025,Chelsea
2025-12-03,Leeds,Away,1,True,True,premier-league,2025,Chelsea
2025-12-06,Bournemouth,Away,0,True,True,premier-league,2025,Chelsea
2025-12-13,Everton,Home,2,True,True,premier-league,2025,Chelsea
2025-12-20,Newcastle,Away,2,True,True,premier-league,2025,Chelsea
2025-12-27,Aston Villa,Home,1,True,True,premier-league,2025,Chelsea
2025-12-30,Bournemouth,Home,2,True,True,premier-league,2025,Chelsea
2026-01-04,Man City,Away,1,True,True,premier-league,2025,Chelsea
2026-01-07,Fulham,Away,1,True,True,premier-league,2025,Chelsea
2026-01-17,Brentford,Home,2,True,True,premier-league,2025,Chelsea
2026-01-25,Crystal Palace,Away,3,True,True,premier-league,2025,Chelsea
2026-01-31,West Ham,Home,3,True,True,premier-league,2025,Chelsea
2026-02-07,Wolves,Away,3,True,True,premier-league,2025,Chelsea
2026-02-10,Leeds,Home,2,True,True,premier-league,2025,Chelsea
2026-02-21,Burnley,Home,1,True,True,premier-league,2025,Chelsea
2026-03-01,Arsenal,Away,1,True,True,premier-league,2025,Chelsea
2026-03-04,Aston Villa,Away,4,True,True,premier-league,2025,Chelsea
2026-03-14,Newcastle,Home,0,True,True,premier-league,2025,Chelsea
2026-03-21,Everton,Away,0,True,True,premier-league,2025,Chelsea
2026-04-12,Man City,Home,0,True,True,premier-league,2025,Chelsea
2026-04-18,Man United,Home,0,True,True,premier-league,2025,Chelsea
2026-04-21,Brighton,Away,0,True,True,premier-league,2025,Chelsea
2026-05-04,Nott'm Forest,Home,1,True,True,premier-league,2025,Chelsea
2026-05-09,Liverpool,Away,1,True,True,premier-league,2025,Chelsea
2026-05-19,Tottenham,Home,2,True,True,premier-league,2025,Chelsea
2026-05-24,Sunderland,Away,1,True,True,premier-league,2025,Chelsea
2025-08-17,Chelsea,Away,0,True,True,premier-league,2025,Crystal Palace
2025-08-24,Nott'm Forest,Home,1,True,True,premier-league,2025,Crystal Palace
2025-08-31,Aston Villa,Away,3,True,True,premier-league,2025,Crystal Palace
2025-09-13,Sunderland,Home,0,True,True,premier-league,2025,Crystal Palace
2025-09-20,West Ham,Away,2,True,True,premier-league,2025,Crystal Palace
2025-09-27,Liverpool,Home,2,True,True,premier-league,2025,Crystal Palace
2025-10-05,Everton,Away,1,True,True,premier-league,2025,Crystal Palace
2025-10-18,Bournemouth,Home,3,True,True,premier-league,2025,Crystal Palace
2025-10-26,Arsenal,Away,0,True,True,premier-league,2025,Crystal Palace
2025-11-01,Brentford,Home,2,True,True,premier-league,2025,Crystal Palace
2025-11-09,Brighton,Home,0,True,True,premier-league,2025,Crystal Palace
2025-11-22,Wolves,Away,2,True,True,premier-league,2025,Crystal Palace
2025-11-30,Man United,Home,1,True,True,premier-league,2025,Crystal Palace
2025-12-03,Burnley,Away,1,True,True,premier-league,2025,Crystal Palace
2025-12-07,Fulham,Away,2,True,True,premier-league,2025,Crystal Palace
2025-12-14,Man City,Home,0,True,True,premier-league,2025,Crystal Palace
2025-12-20,Leeds,Away,1,True,True,premier-league,2025,Crystal Palace
2025-12-28,Tottenham,Home,0,True,True,premier-league,2025,Crystal Palace
2026-01-01,Fulham,Home,1,True,True,premier-league,2025,Crystal Palace
2026-01-04,Newcastle,Away,0,True,True,premier-league,2025,Crystal Palace
2026-01-07,Aston Villa,Home,0,True,True,premier-league,2025,Crystal Palace
2026-01-17,Sunderland,Away,1,True,True,premier-league,2025,Crystal Palace
2026-01-25,Chelsea,Home,1,True,True,premier-league,2025,Crystal Palace
2026-02-01,Nott'm Forest,Away,1,True,True,premier-league,2025,Crystal Palace
2026-02-08,Brighton,Away,1,True,True,premier-league,2025,Crystal Palace
2026-02-11,Burnley,Home,2,True,True,premier-league,2025,Crystal Palace
2026-02-22,Wolves,Home,1,True,True,premier-league,2025,Crystal Palace
2026-03-01,Man United,Away,1,True,True,premier-league,2025,Crystal Palace
2026-03-05,Tottenham,Away,3,True,True,premier-league,2025,Crystal Palace
2026-03-15,Leeds,Home,0,True,True,premier-league,2025,Crystal Palace
2026-04-12,Newcastle,Home,2,True,True,premier-league,2025,Crystal Palace
2026-04-20,West Ham,Home,0,True,True,premier-league,2025,Crystal Palace
2026-04-25,Liverpool,Away,1,True,True,premier-league,2025,Crystal Palace
2026-05-03,Bournemouth,Away,0,True,True,premier-league,2025,Crystal Palace
2026-05-10,Everton,Home,2,True,True,premier-league,2025,Crystal Palace
2026-05-13,Man City,Away,0,True,True,premier-league,2025,Crystal Palace
2026-05-17,Brentford,Away,2,True,True,premier-league,2025,Crystal Palace
2026-05-24,Arsenal,Home,1,True,True,premier-league,2025,Crystal Palace
2025-08-18,Leeds,Away,0,True,True,premier-league,2025,Everton
2025-08-24,Brighton,Home,2,True,True,premier-league,2025,Everton
2025-08-30,Wolves,Away,3,True,True,premier-league,2025,Everton
2025-09-13,Aston Villa,Home,0,True,True,premier-league,2025,Everton
2025-09-20,Liverpool,Away,1,True,True,premier-league,2025,Everton
2025-09-29,West Ham,Home,1,True,True,premier-league,2025,Everton
2025-10-05,Crystal Palace,Home,2,True,True,premier-league,2025,Everton
2025-10-18,Man City,Away,0,True,True,premier-league,2025,Everton
2025-10-26,Tottenham,Home,0,True,True,premier-league,2025,Everton
2025-11-03,Sunderland,Away,1,True,True,premier-league,2025,Everton
2025-11-08,Fulham,Home,2,True,True,premier-league,2025,Everton
2025-11-24,Man United,Away,1,True,True,premier-league,2025,Everton
2025-11-29,Newcastle,Home,1,True,True,premier-league,2025,Everton
2025-12-02,Bournemouth,Away,1,True,True,premier-league,2025,Everton
2025-12-06,Nott'm Forest,Home,3,True,True,premier-league,2025,Everton
2025-12-13,Chelsea,Away,0,True,True,premier-league,2025,Everton
2025-12-20,Arsenal,Home,0,True,True,premier-league,2025,Everton
2025-12-27,Burnley,Away,0,True,True,premier-league,2025,Everton
2025-12-30,Nott'm Forest,Away,2,True,True,premier-league,2025,Everton
2026-01-04,Brentford,Home,2,True,True,premier-league,2025,Everton
2026-01-07,Wolves,Home,1,True,True,premier-league,2025,Everton
2026-01-18,Aston Villa,Away,1,True,True,premier-league,2025,Everton
2026-01-26,Leeds,Home,1,True,True,premier-league,2025,Everton
2026-01-31,Brighton,Away,1,True,True,premier-league,2025,Everton
2026-02-07,Fulham,Away,2,True,True,premier-league,2025,Everton
2026-02-10,Bournemouth,Home,1,False,False,premier-league,2025,Everton
2026-02-23,Man United,Home,0,True,True,premier-league,2025,Everton
2026-02-28,Newcastle,Away,3,True,True,premier-league,2025,Everton
2026-03-03,Burnley,Home,2,True,True,premier-league,2025,Everton
2026-03-14,Arsenal,Away,0,True,True,premier-league,2025,Everton
2026-03-21,Chelsea,Home,3,True,True,premier-league,2025,Everton
2026-04-11,Brentford,Away,2,True,True,premier-league,2025,Everton
2026-04-19,Liverpool,Home,1,True,True,premier-league,2025,Everton
2026-04-25,West Ham,Away,1,True,True,premier-league,2025,Everton
2026-05-04,Man City,Home,3,True,True,premier-league,2025,Everton
2026-05-10,Crystal Palace,Away,2,True,True,premier-league,2025,Everton
2026-05-17,Sunderland,Home,1,True,True,premier-league,2025,Everton
2026-05-24,Tottenham,Away,0,True,True,premier-league,2025,Everton
2025-08-16,Brighton,Away,1,True,True,premier-league,2025,Fulham
2025-08-24,Man United,Home,1,True,True,premier-league,2025,Fulham
2025-08-30,Chelsea,Away,0,True,True,premier-league,2025,Fulham
2025-09-13,Leeds,Home,1,True,True,premier-league,2025,Fulham
2025-09-20,Brentford,Home,3,True,True,premier-league,2025,Fulham
2025-09-28,Aston Villa,Away,1,True,True,premier-league,2025,Fulham
2025-10-03,Bournemouth,Away,1,True,True,premier-league,2025,Fulham
2025-10-18,Arsenal,Home,0,True,True,premier-league,2025,Fulham
2025-10-25,Newcastle,Away,1,True,True,premier-league,2025,Fulham
2025-11-01,Wolves,Home,3,True,True,premier-league,2025,Fulham
2025-11-08,Everton,Away,0,True,True,premier-league,2025,Fulham
2025-11-22,Sunderland,Home,1,True,True,premier-league,2025,Fulham
2025-11-29,Tottenham,Away,2,True,True,premier-league,2025,Fulham
2025-12-02,Man City,Home,4,True,True,premier-league,2025,Fulham
2025-12-07,Crystal Palace,Home,1,True,True,premier-league,2025,Fulham
2025-12-13,Burnley,Away,3,True,True,premier-league,2025,Fulham
2025-12-22,Nott'm Forest,Home,1,True,True,premier-league,2025,Fulham
2025-12-27,West Ham,Away,1,True,True,premier-league,2025,Fulham
2026-01-01,Crystal Palace,Away,1,True,True,premier-league,2025,Fulham
2026-01-04,Liverpool,Home,2,True,True,premier-league,2025,Fulham
2026-01-07,Chelsea,Home,2,True,True,premier-league,2025,Fulham
2026-01-17,Leeds,Away,0,True,True,premier-league,2025,Fulham
2026-01-24,Brighton,Home,2,True,True,premier-league,2025,Fulham
2026-02-01,Man United,Away,2,True,True,premier-league,2025,Fulham
2026-02-07,Everton,Home,1,True,True,premier-league,2025,Fulham
2026-02-11,Man City,Away,0,True,True,premier-league,2025,Fulham
2026-02-22,Sunderland,Away,3,True,True,premier-league,2025,Fulham
2026-03-01,Tottenham,Home,2,True,True,premier-league,2025,Fulham
2026-03-04,West Ham,Home,0,True,True,premier-league,2025,Fulham
2026-03-15,Nott'm Forest,Away,0,True,True,premier-league,2025,Fulham
2026-03-21,Burnley,Home,3,True,True,premier-league,2025,Fulham
2026-04-11,Liverpool,Away,0,True,True,premier-league,2025,Fulham
2026-04-18,Brentford,Away,0,True,True,premier-league,2025,Fulham
2026-04-25,Aston Villa,Home,1,True,True,premier-league,2025,Fulham
2026-05-02,Arsenal,Away,0,True,True,premier-league,2025,Fulham
2026-05-09,Bournemouth,Home,0,True,True,premier-league,2025,Fulham
2026-05-17,Wolves,Away,1,True,True,premier-league,2025,Fulham
2026-05-24,Newcastle,Home,2,True,True,premier-league,2025,Fulham
2025-08-18,Everton,Home,1,True,True,premier-league,2025,Leeds
2025-08-23,Arsenal,Away,0,True,True,premier-league,2025,Leeds
2025-08-30,Newcastle,Home,0,True,True,premier-league,2025,Leeds
2025-09-13,Fulham,Away,0,True,True,premier-league,2025,Leeds
2025-09-20,Wolves,Away,3,True,True,premier-league,2025,Leeds
2025-09-27,Bournemouth,Home,2,True,True,premier-league,2025,Leeds
2025-10-04,Tottenham,Home,1,True,True,premier-league,2025,Leeds
2025-10-18,Burnley,Away,0,True,True,premier-league,2025,Leeds
2025-10-24,West Ham,Home,2,True,True,premier-league,2025,Leeds
2025-11-01,Brighton,Away,0,True,True,premier-league,2025,Leeds
2025-11-09,Nott'm Forest,Away,1,True,True,premier-league,2025,Leeds
2025-11-23,Aston Villa,Home,1,True,True,premier-league,2025,Leeds
2025-11-29,Man City,Away,2,True,True,premier-league,2025,Leeds
2025-12-03,Chelsea,Home,3,True,True,premier-league,2025,Leeds
2025-12-06,Liverpool,Home,3,True,True,premier-league,2025,Leeds
2025-12-14,Brentford,Away,1,True,True,premier-league,2025,Leeds
2025-12-20,Crystal Palace,Home,4,True,True,premier-league,2025,Leeds
2025-12-28,Sunderland,Away,1,True,True,premier-league,2025,Leeds
2026-01-01,Liverpool,Away,0,True,True,premier-league,2025,Leeds
2026-01-04,Man United,Home,1,True,True,premier-league,2025,Leeds
2026-01-07,Newcastle,Away,3,True,True,premier-league,2025,Leeds
2026-01-17,Fulham,Home,1,True,True,premier-league,2025,Leeds
2026-01-26,Everton,Away,1,True,True,premier-league,2025,Leeds
2026-01-31,Arsenal,Home,0,True,True,premier-league,2025,Leeds
2026-02-06,Nott'm Forest,Home,3,True,True,premier-league,2025,Leeds
2026-02-10,Chelsea,Away,2,True,True,premier-league,2025,Leeds
2026-02-21,Aston Villa,Away,1,True,True,premier-league,2025,Leeds
2026-02-28,Man City,Home,0,True,True,premier-league,2025,Leeds
2026-03-03,Sunderland,Home,0,True,True,premier-league,2025,Leeds
2026-03-15,Crystal Palace,Away,0,True,True,premier-league,2025,Leeds
2026-03-21,Brentford,Home,0,True,True,premier-league,2025,Leeds
2026-04-13,Man United,Away,2,True,True,premier-league,2025,Leeds
2026-04-18,Wolves,Home,3,True,True,premier-league,2025,Leeds
2026-04-22,Bournemouth,Away,2,True,True,premier-league,2025,Leeds
2026-05-01,Burnley,Home,3,True,True,premier-league,2025,Leeds
2026-05-11,Tottenham,Away,1,True,True,premier-league,2025,Leeds
2026-05-17,Brighton,Home,1,True,True,premier-league,2025,Leeds
2026-05-24,West Ham,Away,0,True,True,premier-league,2025,Leeds
2025-08-15,Bournemouth,Home,4,True,True,premier-league,2025,Liverpool
2025-08-25,Newcastle,Away,3,True,True,premier-league,2025,Liverpool
2025-08-31,Arsenal,Home,1,True,True,premier-league,2025,Liverpool
2025-09-14,Burnley,Away,1,True,True,premier-league,2025,Liverpool
2025-09-20,Everton,Home,2,True,True,premier-league,2025,Liverpool
2025-09-27,Crystal Palace,Away,1,True,True,premier-league,2025,Liverpool
2025-10-04,Chelsea,Away,1,True,True,premier-league,2025,Liverpool
2025-10-19,Man United,Home,1,True,True,premier-league,2025,Liverpool
2025-10-25,Brentford,Away,2,True,True,premier-league,2025,Liverpool
2025-11-01,Aston Villa,Home,2,True,True,premier-league,2025,Liverpool
2025-11-09,Man City,Away,0,True,True,premier-league,2025,Liverpool
2025-11-22,Nott'm Forest,Home,0,True,True,premier-league,2025,Liverpool
2025-11-30,West Ham,Away,2,True,True,premier-league,2025,Liverpool
2025-12-03,Sunderland,Home,1,True,True,premier-league,2025,Liverpool
2025-12-06,Leeds,Away,3,True,True,premier-league,2025,Liverpool
2025-12-13,Brighton,Home,2,True,True,premier-league,2025,Liverpool
2025-12-20,Tottenham,Away,2,True,True,premier-league,2025,Liverpool
2025-12-27,Wolves,Home,2,True,True,premier-league,2025,Liverpool
2026-01-01,Leeds,Home,0,True,True,premier-league,2025,Liverpool
2026-01-04,Fulham,Away,2,True,True,premier-league,2025,Liverpool
2026-01-08,Arsenal,Away,0,True,True,premier-league,2025,Liverpool
2026-01-17,Burnley,Home,1,True,True,premier-league,2025,Liverpool
2026-01-24,Bournemouth,Away,2,True,True,premier-league,2025,Liverpool
2026-01-31,Newcastle,Home,4,True,True,premier-league,2025,Liverpool
2026-02-08,Man City,Home,1,True,True,premier-league,2025,Liverpool
2026-02-11,Sunderland,Away,1,True,True,premier-league,2025,Liverpool
2026-02-22,Nott'm Forest,Away,1,True,True,premier-league,2025,Liverpool
2026-02-28,West Ham,Home,5,True,True,premier-league,2025,Liverpool
2026-03-03,Wolves,Away,1,True,True,premier-league,2025,Liverpool
2026-03-15,Tottenham,Home,1,True,True,premier-league,2025,Liverpool
2026-03-21,Brighton,Away,1,True,True,premier-league,2025,Liverpool
2026-04-11,Fulham,Home,2,True,True,premier-league,2025,Liverpool
2026-04-19,Everton,Away,2,True,True,premier-league,2025,Liverpool
2026-04-25,Crystal Palace,Home,3,True,True,premier-league,2025,Liverpool
2026-05-03,Man United,Away,2,True,True,premier-league,2025,Liverpool
2026-05-09,Chelsea,Home,1,True,True,premier-league,2025,Liverpool
2026-05-15,Aston Villa,Away,2,True,True,premier-league,2025,Liverpool
2026-05-24,Brentford,Home,1,True,True,premier-league,2025,Liverpool
2025-08-16,Wolves,Away,4,True,True,premier-league,2025,Man City
2025-08-23,Tottenham,Home,0,True,True,premier-league,2025,Man City
2025-08-31,Brighton,Away,1,True,True,premier-league,2025,Man City
2025-09-14,Man United,Home,3,True,True,premier-league,2025,Man City
2025-09-21,Arsenal,Away,1,True,True,premier-league,2025,Man City
2025-09-27,Burnley,Home,5,True,True,premier-league,2025,Man City
2025-10-05,Brentford,Away,1,True,True,premier-league,2025,Man City
2025-10-18,Everton,Home,2,True,True,premier-league,2025,Man City
2025-10-26,Aston Villa,Away,0,True,True,premier-league,2025,Man City
2025-11-02,Bournemouth,Home,3,True,True,premier-league,2025,Man City
2025-11-09,Liverpool,Home,3,True,True,premier-league,2025,Man City
2025-11-22,Newcastle,Away,1,True,True,premier-league,2025,Man City
2025-11-29,Leeds,Home,3,True,True,premier-league,2025,Man City
2025-12-02,Fulham,Away,5,True,True,premier-league,2025,Man City
2025-12-06,Sunderland,Home,3,True,True,premier-league,2025,Man City
2025-12-14,Crystal Palace,Away,3,True,True,premier-league,2025,Man City
2025-12-20,West Ham,Home,3,True,True,premier-league,2025,Man City
2025-12-27,Nott'm Forest,Away,2,True,True,premier-league,2025,Man City
2026-01-01,Sunderland,Away,0,True,True,premier-league,2025,Man City
2026-01-04,Chelsea,Home,1,True,True,premier-league,2025,Man City
2026-01-07,Brighton,Home,1,True,True,premier-league,2025,Man City
2026-01-17,Man United,Away,0,True,True,premier-league,2025,Man City
2026-01-24,Wolves,Home,2,True,True,premier-league,2025,Man City
2026-02-01,Tottenham,Away,2,True,True,premier-league,2025,Man City
2026-02-08,Liverpool,Away,2,True,True,premier-league,2025,Man City
2026-02-11,Fulham,Home,3,True,True,premier-league,2025,Man City
2026-02-21,Newcastle,Home,2,True,True,premier-league,2025,Man City
2026-02-28,Leeds,Away,1,True,True,premier-league,2025,Man City
2026-03-04,Nott'm Forest,Home,2,True,True,premier-league,2025,Man City
2026-03-14,West Ham,Away,1,True,True,premier-league,2025,Man City
2026-04-12,Chelsea,Away,3,True,True,premier-league,2025,Man City
2026-04-19,Arsenal,Home,2,True,True,premier-league,2025,Man City
2026-04-22,Burnley,Away,1,True,True,premier-league,2025,Man City
2026-05-04,Everton,Away,3,True,True,premier-league,2025,Man City
2026-05-09,Brentford,Home,3,True,True,premier-league,2025,Man City
2026-05-13,Crystal Palace,Home,3,True,True,premier-league,2025,Man City
2026-05-19,Bournemouth,Away,1,True,True,premier-league,2025,Man City
2026-05-24,Aston Villa,Home,1,True,True,premier-league,2025,Man City
2025-08-17,Arsenal,Home,0,False,False,premier-league,2025,Man United
2025-08-24,Fulham,Away,1,False,False,premier-league,2025,Man United
2025-08-30,Burnley,Home,3,False,False,premier-league,2025,Man United
2025-09-14,Man City,Away,0,False,False,premier-league,2025,Man United
2025-09-20,Chelsea,Home,2,False,False,premier-league,2025,Man United
2025-09-27,Brentford,Away,1,False,False,premier-league,2025,Man United
2025-10-04,Sunderland,Home,2,False,False,premier-league,2025,Man United
2025-10-19,Liverpool,Away,2,False,False,premier-league,2025,Man United
2025-10-25,Brighton,Home,4,False,False,premier-league,2025,Man United
2025-11-01,Nott'm Forest,Away,2,False,False,premier-league,2025,Man United
2025-11-08,Tottenham,Away,2,False,False,premier-league,2025,Man United
2025-11-24,Everton,Home,0,False,False,premier-league,2025,Man United
2025-11-30,Crystal Palace,Away,2,False,False,premier-league,2025,Man United
2025-12-04,West Ham,Home,1,False,False,premier-league,2025,Man United
2025-12-08,Wolves,Away,4,False,False,premier-league,2025,Man United
2025-12-15,Bournemouth,Home,4,False,False,premier-league,2025,Man United
2025-12-21,Aston Villa,Away,1,False,False,premier-league,2025,Man United
2025-12-26,Newcastle,Home,1,False,False,premier-league,2025,Man United
2025-12-30,Wolves,Home,1,False,False,premier-league,2025,Man United
2026-01-04,Leeds,Away,1,False,False,premier-league,2025,Man United
2026-01-07,Burnley,Away,2,False,False,premier-league,2025,Man United
2026-01-17,Man City,Home,2,False,False,premier-league,2025,Man United
2026-01-25,Arsenal,Away,3,False,False,premier-league,2025,Man United
2026-02-01,Fulham,Home,3,False,False,premier-league,2025,Man United
2026-02-07,Tottenham,Home,2,False,False,premier-league,2025,Man United
2026-02-10,West Ham,Away,1,False,False,premier-league,2025,Man United
2026-02-23,Everton,Away,1,False,False,premier-league,2025,Man United
2026-03-01,Crystal Palace,Home,2,False,False,premier-league,2025,Man United
2026-03-04,Newcastle,Away,1,False,False,premier-league,2025,Man United
2026-03-15,Aston Villa,Home,3,False,False,premier-league,2025,Man United
2026-03-20,Bournemouth,Away,2,False,False,premier-league,2025,Man United
2026-04-13,Leeds,Home,1,False,False,premier-league,2025,Man United
2026-04-18,Chelsea,Away,1,False,False,premier-league,2025,Man United
2026-04-27,Brentford,Home,2,False,False,premier-league,2025,Man United
2026-05-03,Liverpool,Home,3,False,False,premier-league,2025,Man United
2026-05-09,Sunderland,Away,0,False,False,premier-league,2025,Man United
2026-05-17,Nott'm Forest,Home,3,False,False,premier-league,2025,Man United
2026-05-24,Brighton,Away,3,False,False,premier-league,2025,Man United
2025-08-16,Aston Villa,Away,0,True,True,premier-league,2025,Newcastle
2025-08-25,Liverpool,Home,2,True,True,premier-league,2025,Newcastle
2025-08-30,Leeds,Away,0,True,True,premier-league,2025,Newcastle
2025-09-13,Wolves,Home,1,True,True,premier-league,2025,Newcastle
2025-09-21,Bournemouth,Away,0,True,True,premier-league,2025,Newcastle
2025-09-28,Arsenal,Home,1,True,True,premier-league,2025,Newcastle
2025-10-05,Nott'm Forest,Home,2,True,True,premier-league,2025,Newcastle
2025-10-18,Brighton,Away,1,True,True,premier-league,2025,Newcastle
2025-10-25,Fulham,Home,2,True,True,premier-league,2025,Newcastle
2025-11-02,West Ham,Away,1,True,True,premier-league,2025,Newcastle
2025-11-09,Brentford,Away,1,True,True,premier-league,2025,Newcastle
2025-11-22,Man City,Home,2,True,True,premier-league,2025,Newcastle
2025-11-29,Everton,Away,4,True,True,premier-league,2025,Newcastle
2025-12-02,Tottenham,Home,2,True,True,premier-league,2025,Newcastle
2025-12-06,Burnley,Home,2,True,True,premier-league,2025,Newcastle
2025-12-14,Sunderland,Away,0,True,True,premier-league,2025,Newcastle
2025-12-20,Chelsea,Home,2,True,True,premier-league,2025,Newcastle
2025-12-26,Man United,Away,0,True,True,premier-league,2025,Newcastle
2025-12-30,Burnley,Away,3,True,True,premier-league,2025,Newcastle
2026-01-04,Crystal Palace,Home,2,True,True,premier-league,2025,Newcastle
2026-01-07,Leeds,Home,4,True,True,premier-league,2025,Newcastle
2026-01-18,Wolves,Away,0,True,True,premier-league,2025,Newcastle
2026-01-25,Aston Villa,Home,0,True,True,premier-league,2025,Newcastle
2026-01-31,Liverpool,Away,1,True,True,premier-league,2025,Newcastle
2026-02-07,Brentford,Home,2,True,True,premier-league,2025,Newcastle
2026-02-10,Tottenham,Away,2,True,True,premier-league,2025,Newcastle
2026-02-21,Man City,Away,1,True,True,premier-league,2025,Newcastle
2026-02-28,Everton,Home,2,True,True,premier-league,2025,Newcastle
2026-03-04,Man United,Home,2,True,True,premier-league,2025,Newcastle
2026-03-14,Chelsea,Away,1,True,True,premier-league,2025,Newcastle
2026-03-22,Sunderland,Home,1,True,True,premier-league,2025,Newcastle
2026-04-12,Crystal Palace,Away,1,True,True,premier-league,2025,Newcastle
2026-04-18,Bournemouth,Home,1,True,True,premier-league,2025,Newcastle
2026-04-25,Arsenal,Away,0,True,True,premier-league,2025,Newcastle
2026-05-02,Brighton,Home,3,True,True,premier-league,2025,Newcastle
2026-05-10,Nott'm Forest,Away,1,True,True,premier-league,2025,Newcastle
2026-05-17,West Ham,Home,3,True,True,premier-league,2025,Newcastle
2026-05-24,Fulham,Away,0,True,True,premier-league,2025,Newcastle
2025-08-17,Brentford,Home,3,True,True,premier-league,2025,Nott'm Forest
2025-08-24,Crystal Palace,Away,1,True,True,premier-league,2025,Nott'm Forest
2025-08-31,West Ham,Home,0,True,True,premier-league,2025,Nott'm Forest
2025-09-13,Arsenal,Away,0,True,True,premier-league,2025,Nott'm Forest
2025-09-20,Burnley,Away,1,True,True,premier-league,2025,Nott'm Forest
2025-09-27,Sunderland,Home,0,True,True,premier-league,2025,Nott'm Forest
2025-10-05,Newcastle,Away,0,True,True,premier-league,2025,Nott'm Forest
2025-10-18,Chelsea,Home,0,True,True,premier-league,2025,Nott'm Forest
2025-10-26,Bournemouth,Away,0,True,True,premier-league,2025,Nott'm Forest
2025-11-01,Man United,Home,2,True,True,premier-league,2025,Nott'm Forest
2025-11-09,Leeds,Home,3,True,True,premier-league,2025,Nott'm Forest
2025-11-22,Liverpool,Away,3,True,True,premier-league,2025,Nott'm Forest
2025-11-30,Brighton,Home,0,True,True,premier-league,2025,Nott'm Forest
2025-12-03,Wolves,Away,1,True,True,premier-league,2025,Nott'm Forest
2025-12-06,Everton,Away,0,True,True,premier-league,2025,Nott'm Forest
2025-12-14,Tottenham,Home,3,True,True,premier-league,2025,Nott'm Forest
2025-12-22,Fulham,Away,0,True,True,premier-league,2025,Nott'm Forest
2025-12-27,Man City,Home,1,True,True,premier-league,2025,Nott'm Forest
2025-12-30,Everton,Home,0,True,True,premier-league,2025,Nott'm Forest
2026-01-03,Aston Villa,Away,1,True,True,premier-league,2025,Nott'm Forest
2026-01-06,West Ham,Away,2,True,True,premier-league,2025,Nott'm Forest
2026-01-17,Arsenal,Home,0,True,True,premier-league,2025,Nott'm Forest
2026-01-25,Brentford,Away,2,True,True,premier-league,2025,Nott'm Forest
2026-02-01,Crystal Palace,Home,1,True,True,premier-league,2025,Nott'm Forest
2026-02-06,Leeds,Away,1,True,True,premier-league,2025,Nott'm Forest
2026-02-11,Wolves,Home,0,True,True,premier-league,2025,Nott'm Forest
2026-02-22,Liverpool,Home,0,True,True,premier-league,2025,Nott'm Forest
2026-03-01,Brighton,Away,1,True,True,premier-league,2025,Nott'm Forest
2026-03-04,Man City,Away,2,True,True,premier-league,2025,Nott'm Forest
2026-03-15,Fulham,Home,0,True,True,premier-league,2025,Nott'm Forest
2026-03-22,Tottenham,Away,3,True,True,premier-league,2025,Nott'm Forest
2026-04-12,Aston Villa,Home,1,True,True,premier-league,2025,Nott'm Forest
2026-04-19,Burnley,Home,4,True,True,premier-league,2025,Nott'm Forest
2026-04-24,Sunderland,Away,5,True,True,premier-league,2025,Nott'm Forest
2026-05-04,Chelsea,Away,3,True,True,premier-league,2025,Nott'm Forest
2026-05-10,Newcastle,Home,1,True,True,premier-league,2025,Nott'm Forest
2026-05-17,Man United,Away,2,True,True,premier-league,2025,Nott'm Forest
2026-05-24,Bournemouth,Home,1,True,True,premier-league,2025,Nott'm Forest
2025-08-16,West Ham,Home,3,True,True,premier-league,2025,Sunderland
2025-08-23,Burnley,Away,0,True,True,premier-league,2025,Sunderland
2025-08-30,Brentford,Home,2,True,True,premier-league,2025,Sunderland
2025-09-13,Crystal Palace,Away,0,True,True,premier-league,2025,Sunderland
2025-09-21,Aston Villa,Home,1,True,True,premier-league,2025,Sunderland
2025-09-27,Nott'm Forest,Away,1,True,True,premier-league,2025,Sunderland
2025-10-04,Man United,Away,0,True,True,premier-league,2025,Sunderland
2025-10-18,Wolves,Home,2,True,True,premier-league,2025,Sunderland
2025-10-25,Chelsea,Away,2,True,True,premier-league,2025,Sunderland
2025-11-03,Everton,Home,1,True,True,premier-league,2025,Sunderland
2025-11-08,Arsenal,Home,2,True,True,premier-league,2025,Sunderland
2025-11-22,Fulham,Away,0,True,True,premier-league,2025,Sunderland
2025-11-29,Bournemouth,Home,3,True,True,premier-league,2025,Sunderland
2025-12-03,Liverpool,Away,1,True,True,premier-league,2025,Sunderland
2025-12-06,Man City,Away,0,True,True,premier-league,2025,Sunderland
2025-12-14,Newcastle,Home,1,True,True,premier-league,2025,Sunderland
2025-12-20,Brighton,Away,0,True,True,premier-league,2025,Sunderland
2025-12-28,Leeds,Home,1,True,True,premier-league,2025,Sunderland
2026-01-01,Man City,Home,0,True,True,premier-league,2025,Sunderland
2026-01-04,Tottenham,Away,1,True,True,premier-league,2025,Sunderland
2026-01-07,Brentford,Away,0,True,True,premier-league,2025,Sunderland
2026-01-17,Crystal Palace,Home,2,True,True,premier-league,2025,Sunderland
2026-01-24,West Ham,Away,1,True,True,premier-league,2025,Sunderland
2026-02-02,Burnley,Home,3,True,True,premier-league,2025,Sunderland
2026-02-07,Arsenal,Away,0,True,True,premier-league,2025,Sunderland
2026-02-11,Liverpool,Home,0,True,True,premier-league,2025,Sunderland
2026-02-22,Fulham,Home,1,True,True,premier-league,2025,Sunderland
2026-02-28,Bournemouth,Away,1,True,True,premier-league,2025,Sunderland
2026-03-03,Leeds,Away,1,True,True,premier-league,2025,Sunderland
2026-03-14,Brighton,Home,0,True,True,premier-league,2025,Sunderland
2026-03-22,Newcastle,Away,2,True,True,premier-league,2025,Sunderland
2026-04-12,Tottenham,Home,1,True,True,premier-league,2025,Sunderland
2026-04-19,Aston Villa,Away,3,True,True,premier-league,2025,Sunderland
2026-04-24,Nott'm Forest,Home,0,True,True,premier-league,2025,Sunderland
2026-05-02,Wolves,Away,1,True,True,premier-league,2025,Sunderland
2026-05-09,Man United,Home,0,True,True,premier-league,2025,Sunderland
2026-05-17,Everton,Away,3,True,True,premier-league,2025,Sunderland
2026-05-24,Chelsea,Home,2,True,True,premier-league,2025,Sunderland
2025-08-16,Burnley,Home,3,True,True,premier-league,2025,Tottenham
2025-08-23,Man City,Away,2,True,True,premier-league,2025,Tottenham
2025-08-30,Bournemouth,Home,0,True,True,premier-league,2025,Tottenham
2025-09-13,West Ham,Away,3,True,True,premier-league,2025,Tottenham
2025-09-20,Brighton,Away,2,True,True,premier-league,2025,Tottenham
2025-09-27,Wolves,Home,1,True,True,premier-league,2025,Tottenham
2025-10-04,Leeds,Away,2,True,True,premier-league,2025,Tottenham
2025-10-19,Aston Villa,Home,1,True,True,premier-league,2025,Tottenham
2025-10-26,Everton,Away,3,True,True,premier-league,2025,Tottenham
2025-11-01,Chelsea,Home,0,True,True,premier-league,2025,Tottenham
2025-11-08,Man United,Home,2,True,True,premier-league,2025,Tottenham
2025-11-23,Arsenal,Away,1,True,True,premier-league,2025,Tottenham
2025-11-29,Fulham,Home,1,True,True,premier-league,2025,Tottenham
2025-12-02,Newcastle,Away,2,True,True,premier-league,2025,Tottenham
2025-12-06,Brentford,Home,2,True,True,premier-league,2025,Tottenham
2025-12-14,Nott'm Forest,Away,0,True,True,premier-league,2025,Tottenham
2025-12-20,Liverpool,Home,1,True,True,premier-league,2025,Tottenham
2025-12-28,Crystal Palace,Away,1,True,True,premier-league,2025,Tottenham
2026-01-01,Brentford,Away,0,True,True,premier-league,2025,Tottenham
2026-01-04,Sunderland,Home,1,True,True,premier-league,2025,Tottenham
2026-01-07,Bournemouth,Away,2,True,True,premier-league,2025,Tottenham
2026-01-17,West Ham,Home,1,True,True,premier-league,2025,Tottenham
2026-01-24,Burnley,Away,2,True,True,premier-league,2025,Tottenham
2026-02-01,Man City,Home,2,True,True,premier-league,2025,Tottenham
2026-02-07,Man United,Away,0,True,True,premier-league,2025,Tottenham
2026-02-10,Newcastle,Home,1,True,True,premier-league,2025,Tottenham
2026-02-22,Arsenal,Home,1,True,True,premier-league,2025,Tottenham
2026-03-01,Fulham,Away,1,True,True,premier-league,2025,Tottenham
2026-03-05,Crystal Palace,Home,1,True,True,premier-league,2025,Tottenham
2026-03-15,Liverpool,Away,1,True,True,premier-league,2025,Tottenham
2026-03-22,Nott'm Forest,Home,0,True,True,premier-league,2025,Tottenham
2026-04-12,Sunderland,Away,0,True,True,premier-league,2025,Tottenham
2026-04-18,Brighton,Home,2,True,True,premier-league,2025,Tottenham
2026-04-25,Wolves,Away,1,True,True,premier-league,2025,Tottenham
2026-05-03,Aston Villa,Away,2,True,True,premier-league,2025,Tottenham
2026-05-11,Leeds,Home,1,True,True,premier-league,2025,Tottenham
2026-05-19,Chelsea,Away,1,True,True,premier-league,2025,Tottenham
2026-05-24,Everton,Home,1,True,True,premier-league,2025,Tottenham
2025-08-16,Sunderland,Away,0,True,True,premier-league,2025,West Ham
2025-08-22,Chelsea,Home,1,True,True,premier-league,2025,West Ham
2025-08-31,Nott'm Forest,Away,3,True,True,premier-league,2025,West Ham
2025-09-13,Tottenham,Home,0,True,True,premier-league,2025,West Ham
2025-09-20,Crystal Palace,Home,1,True,True,premier-league,2025,West Ham
2025-09-29,Everton,Away,1,True,True,premier-league,2025,West Ham
2025-10-04,Arsenal,Away,0,True,True,premier-league,2025,West Ham
2025-10-20,Brentford,Home,0,True,True,premier-league,2025,West Ham
2025-10-24,Leeds,Away,1,True,True,premier-league,2025,West Ham
2025-11-02,Newcastle,Home,3,True,True,premier-league,2025,West Ham
2025-11-08,Burnley,Home,3,True,True,premier-league,2025,West Ham
2025-11-22,Bournemouth,Away,2,True,True,premier-league,2025,West Ham
2025-11-30,Liverpool,Home,0,True,True,premier-league,2025,West Ham
2025-12-04,Man United,Away,1,True,True,premier-league,2025,West Ham
2025-12-07,Brighton,Away,1,True,True,premier-league,2025,West Ham
2025-12-14,Aston Villa,Home,2,True,True,premier-league,2025,West Ham
2025-12-20,Man City,Away,0,True,True,premier-league,2025,West Ham
2025-12-27,Fulham,Home,0,True,True,premier-league,2025,West Ham
2025-12-30,Brighton,Home,2,True,True,premier-league,2025,West Ham
2026-01-03,Wolves,Away,0,True,True,premier-league,2025,West Ham
2026-01-06,Nott'm Forest,Home,1,True,True,premier-league,2025,West Ham
2026-01-17,Tottenham,Away,2,True,True,premier-league,2025,West Ham
2026-01-24,Sunderland,Home,3,True,True,premier-league,2025,West Ham
2026-01-31,Chelsea,Away,2,True,True,premier-league,2025,West Ham
2026-02-07,Burnley,Away,2,True,True,premier-league,2025,West Ham
2026-02-10,Man United,Home,1,True,True,premier-league,2025,West Ham
2026-02-21,Bournemouth,Home,0,True,True,premier-league,2025,West Ham
2026-02-28,Liverpool,Away,2,True,True,premier-league,2025,West Ham
2026-03-04,Fulham,Away,1,True,True,premier-league,2025,West Ham
2026-03-14,Man City,Home,1,True,True,premier-league,2025,West Ham
2026-03-22,Aston Villa,Away,0,True,True,premier-league,2025,West Ham
2026-04-10,Wolves,Home,4,True,True,premier-league,2025,West Ham
2026-04-20,Crystal Palace,Away,0,True,True,premier-league,2025,West Ham
2026-04-25,Everton,Home,2,True,True,premier-league,2025,West Ham
2026-05-02,Brentford,Away,0,True,True,premier-league,2025,West Ham
2026-05-10,Arsenal,Home,0,True,True,premier-league,2025,West Ham
2026-05-17,Newcastle,Away,1,True,True,premier-league,2025,West Ham
2026-05-24,Leeds,Home,3,True,True,premier-league,2025,West Ham
2025-08-16,Man City,Home,0,True,True,premier-league,2025,Wolves
2025-08-23,Bournemouth,Away,0,True,True,premier-league,2025,Wolves
2025-08-30,Everton,Home,2,True,True,premier-league,2025,Wolves
2025-09-13,Newcastle,Away,0,True,True,premier-league,2025,Wolves
2025-09-20,Leeds,Home,1,True,True,premier-league,2025,Wolves
2025-09-27,Tottenham,Away,1,True,True,premier-league,2025,Wolves
2025-10-05,Brighton,Home,1,True,True,premier-league,2025,Wolves
2025-10-18,Sunderland,Away,0,True,True,premier-league,2025,Wolves
2025-10-26,Burnley,Home,2,True,True,premier-league,2025,Wolves
2025-11-01,Fulham,Away,0,True,True,premier-league,2025,Wolves
2025-11-08,Chelsea,Away,0,True,True,premier-league,2025,Wolves
2025-11-22,Crystal Palace,Home,0,True,True,premier-league,2025,Wolves
2025-11-30,Aston Villa,Away,0,True,True,premier-league,2025,Wolves
2025-12-03,Nott'm Forest,Home,0,True,True,premier-league,2025,Wolves
2025-12-08,Man United,Home,1,True,True,premier-league,2025,Wolves
2025-12-13,Arsenal,Away,1,True,True,premier-league,2025,Wolves
2025-12-20,Brentford,Home,0,True,True,premier-league,2025,Wolves
2025-12-27,Liverpool,Away,1,True,True,premier-league,2025,Wolves
2025-12-30,Man United,Away,1,True,True,premier-league,2025,Wolves
2026-01-03,West Ham,Home,3,True,True,premier-league,2025,Wolves
2026-01-07,Everton,Away,1,True,True,premier-league,2025,Wolves
2026-01-18,Newcastle,Home,0,True,True,premier-league,2025,Wolves
2026-01-24,Man City,Away,0,True,True,premier-league,2025,Wolves
2026-01-31,Bournemouth,Home,0,True,True,premier-league,2025,Wolves
2026-02-07,Chelsea,Home,1,True,True,premier-league,2025,Wolves
2026-02-11,Nott'm Forest,Away,0,True,True,premier-league,2025,Wolves
2026-02-18,Arsenal,Home,2,True,True,premier-league,2025,Wolves
2026-02-22,Crystal Palace,Away,0,True,True,premier-league,2025,Wolves
2026-02-27,Aston Villa,Home,2,True,True,premier-league,2025,Wolves
2026-03-03,Liverpool,Home,2,True,True,premier-league,2025,Wolves
2026-03-16,Brentford,Away,2,True,True,premier-league,2025,Wolves
2026-04-10,West Ham,Away,0,True,True,premier-league,2025,Wolves
2026-04-18,Leeds,Away,0,True,True,premier-league,2025,Wolves
2026-04-25,Tottenham,Home,0,True,True,premier-league,2025,Wolves
2026-05-02,Sunderland,Home,1,True,True,premier-league,2025,Wolves
2026-05-09,Brighton,Away,0,True,True,premier-league,2025,Wolves
2026-05-17,Fulham,Home,1,True,True,premier-league,2025,Wolves
2026-05-24,Burnley,Away,1,True,True,premier-league,2025,Wolves
2026-08-21,Coventry,Home,3,True,True,premier-league,2026,Arsenal
2026-08-31,Aston Villa,Away,1,True,True,premier-league,2026,Arsenal
2026-09-06,Chelsea,Home,2,True,True,premier-league,2026,Arsenal
2026-09-12,Sunderland,Away,2,True,True,premier-league,2026,Arsenal
2026-09-19,Brighton,Away,0,True,True,premier-league,2026,Arsenal
2026-08-23,Brighton,Away,0,True,True,premier-league,2026,Aston Villa
2026-08-31,Arsenal,Home,0,True,True,premier-league,2026,Aston Villa
2026-09-05,Hull,Away,0,True,True,premier-league,2026,Aston Villa
2026-09-12,Nott'm Forest,Home,1,True,True,premier-league,2026,Aston Villa
2026-09-19,Tottenham,Away,3,True,True,premier-league,2026,Aston Villa
2026-08-23,Man City,Away,1,True,True,premier-league,2026,Bournemouth
2026-08-29,Everton,Home,1,True,True,premier-league,2026,Bournemouth
2026-09-05,Newcastle,Away,2,True,True,premier-league,2026,Bournemouth
2026-09-12,Brentford,Home,2,True,True,premier-league,2026,Bournemouth
2026-09-20,Liverpool,Home,0,True,True,premier-league,2026,Bournemouth
2026-08-22,Tottenham,Home,3,True,True,premier-league,2026,Brentford
2026-08-30,Leeds,Away,1,True,True,premier-league,2026,Brentford
2026-09-05,Sunderland,Home,1,True,True,premier-league,2026,Brentford
2026-09-12,Bournemouth,Away,2,True,True,premier-league,2026,Brentford
2026-09-18,Chelsea,Home,3,True,True,premier-league,2026,Brentford
2026-08-23,Aston Villa,Home,4,True,True,premier-league,2026,Brighton
2026-08-30,Chelsea,Away,3,True,True,premier-league,2026,Brighton
2026-09-05,Leeds,Home,1,True,True,premier-league,2026,Brighton
2026-09-13,Coventry,Away,5,True,True,premier-league,2026,Brighton
2026-09-19,Arsenal,Home,3,True,True,premier-league,2026,Brighton
2026-08-24,Fulham,Away,3,True,True,premier-league,2026,Chelsea
2026-08-30,Brighton,Home,4,True,True,premier-league,2026,Chelsea
2026-09-06,Arsenal,Away,1,True,True,premier-league,2026,Chelsea
2026-09-12,Hull,Home,2,True,True,premier-league,2026,Chelsea
2026-09-18,Brentford,Away,0,True,True,premier-league,2026,Chelsea
2026-08-21,Arsenal,Away,0,True,True,premier-league,2026,Coventry
2026-08-29,Hull,Home,0,True,True,premier-league,2026,Coventry
2026-09-05,Man City,Away,0,True,True,premier-league,2026,Coventry
2026-09-13,Brighton,Home,0,True,True,premier-league,2026,Coventry
2026-09-19,Nott'm Forest,Away,1,True,True,premier-league,2026,Coventry
2026-08-22,Everton,Away,0,True,True,premier-league,2026,Crystal Palace
2026-08-28,Man City,Home,1,True,True,premier-league,2026,Crystal Palace
2026-09-05,Fulham,Away,3,True,True,premier-league,2026,Crystal Palace
2026-09-12,Ipswich,Home,2,True,True,premier-league,2026,Crystal Palace
2026-09-20,Leeds,Away,0,True,True,premier-league,2026,Crystal Palace
2026-08-22,Crystal Palace,Home,2,True,True,premier-league,2026,Everton
2026-08-29,Bournemouth,Away,1,True,True,premier-league,2026,Everton
2026-09-06,Man United,Home,2,True,True,premier-league,2026,Everton
2026-09-12,Tottenham,Away,0,True,True,premier-league,2026,Everton
2026-09-19,Ipswich,Home,1,True,True,premier-league,2026,Everton
2026-08-24,Chelsea,Home,2,True,True,premier-league,2026,Fulham
2026-08-30,Sunderland,Away,0,True,True,premier-league,2026,Fulham
2026-09-05,Crystal Palace,Home,2,True,True,premier-league,2026,Fulham
2026-09-12,Liverpool,Away,0,True,True,premier-league,2026,Fulham
2026-09-20,Man United,Home,1,True,True,premier-league,2026,Fulham
2026-08-22,Man United,Home,2,True,True,premier-league,2026,Hull
2026-08-29,Coventry,Away,1,True,True,premier-league,2026,Hull
2026-09-05,Aston Villa,Home,0,True,True,premier-league,2026,Hull
2026-09-12,Chelsea,Away,2,True,True,premier-league,2026,Hull
2026-09-19,Newcastle,Away,1,True,True,premier-league,2026,Hull
2026-08-22,Sunderland,Home,2,True,True,premier-league,2026,Ipswich
2026-08-30,Man United,Away,2,True,True,premier-league,2026,Ipswich
2026-09-04,Liverpool,Home,0,True,True,premier-league,2026,Ipswich
2026-09-12,Crystal Palace,Away,3,True,True,premier-league,2026,Ipswich
2026-09-19,Everton,Away,0,True,True,premier-league,2026,Ipswich
2026-08-22,Nott'm Forest,Away,1,True,True,premier-league,2026,Leeds
2026-08-30,Brentford,Home,1,True,True,premier-league,2026,Leeds
2026-09-05,Brighton,Away,1,True,True,premier-league,2026,Leeds
2026-09-14,Newcastle,Home,4,True,True,premier-league,2026,Leeds
2026-09-20,Crystal Palace,Home,0,True,True,premier-league,2026,Leeds
2026-08-23,Newcastle,Away,2,True,True,premier-league,2026,Liverpool
2026-08-29,Nott'm Forest,Home,2,True,True,premier-league,2026,Liverpool
2026-09-04,Ipswich,Away,2,True,True,premier-league,2026,Liverpool
2026-09-12,Fulham,Home,0,True,True,premier-league,2026,Liverpool
2026-09-20,Bournemouth,Away,1,True,True,premier-league,2026,Liverpool
2026-08-23,Bournemouth,Home,2,True,True,premier-league,2026,Man City
2026-08-28,Crystal Palace,Away,4,True,True,premier-league,2026,Man City
2026-09-05,Coventry,Home,1,True,True,premier-league,2026,Man City
2026-09-13,Man United,Away,1,True,True,premier-league,2026,Man City
2026-09-20,Sunderland,Home,5,True,True,premier-league,2026,Man City
2026-08-22,Hull,Away,0,False,False,premier-league,2026,Man United
2026-08-30,Ipswich,Home,5,False,False,premier-league,2026,Man United
2026-09-06,Everton,Away,2,False,False,premier-league,2026,Man United
2026-09-13,Man City,Home,0,False,False,premier-league,2026,Man United
2026-09-20,Fulham,Away,1,False,False,premier-league,2026,Man United
2026-08-23,Liverpool,Home,2,True,True,premier-league,2026,Newcastle
2026-08-29,Tottenham,Away,2,True,True,premier-league,2026,Newcastle
2026-09-05,Bournemouth,Home,2,True,True,premier-league,2026,Newcastle
2026-09-14,Leeds,Away,1,True,True,premier-league,2026,Newcastle
2026-09-19,Hull,Home,2,True,True,premier-league,2026,Newcastle
2026-08-22,Leeds,Home,0,True,True,premier-league,2026,Nott'm Forest
2026-08-29,Liverpool,Away,2,True,True,premier-league,2026,Nott'm Forest
2026-09-05,Tottenham,Home,0,True,True,premier-league,2026,Nott'm Forest
2026-09-12,Aston Villa,Away,2,True,True,premier-league,2026,Nott'm Forest
2026-09-19,Coventry,Home,0,True,True,premier-league,2026,Nott'm Forest
2026-08-22,Ipswich,Away,1,True,True,premier-league,2026,Sunderland
2026-08-30,Fulham,Home,1,True,True,premier-league,2026,Sunderland
2026-09-05,Brentford,Away,1,True,True,premier-league,2026,Sunderland
2026-09-12,Arsenal,Home,0,True,True,premier-league,2026,Sunderland
2026-09-20,Man City,Away,3,True,True,premier-league,2026,Sunderland
2026-08-22,Brentford,Away,0,True,True,premier-league,2026,Tottenham
2026-08-29,Newcastle,Home,0,True,True,premier-league,2026,Tottenham
2026-09-05,Nott'm Forest,Away,0,True,True,premier-league,2026,Tottenham
2026-09-12,Everton,Home,0,True,True,premier-league,2026,Tottenham
2026-09-19,Aston Villa,Home,2,True,True,premier-league,2026,Tottenham
